repo_full_name,week_start,total_commits,unique_contributors,new_contributors,cumulative_commits,cumulative_contributors
DemocracyClub/UK-Polling-Stations,2015-02-16,4,1,1,4,1
DemocracyClub/UK-Polling-Stations,2015-02-23,23,1,0,27,1
DemocracyClub/UK-Polling-Stations,2015-03-09,1,1,0,28,1
DemocracyClub/UK-Polling-Stations,2015-03-16,2,2,1,30,2
DemocracyClub/UK-Polling-Stations,2015-03-23,7,2,1,37,3
DemocracyClub/UK-Polling-Stations,2015-03-30,82,2,0,119,3
DemocracyClub/UK-Polling-Stations,2015-04-06,63,2,0,182,3
DemocracyClub/UK-Polling-Stations,2015-04-13,34,2,0,216,3
DemocracyClub/UK-Polling-Stations,2015-04-27,33,3,1,249,4
DemocracyClub/UK-Polling-Stations,2015-05-04,4,2,0,253,4
DemocracyClub/UK-Polling-Stations,2015-09-07,4,1,0,257,4
DemocracyClub/UK-Polling-Stations,2016-01-18,3,1,0,260,4
DemocracyClub/UK-Polling-Stations,2016-01-25,6,1,1,266,5
DemocracyClub/UK-Polling-Stations,2016-02-01,16,3,1,282,6
DemocracyClub/UK-Polling-Stations,2016-02-08,11,2,0,293,6
DemocracyClub/UK-Polling-Stations,2016-02-15,19,2,0,312,6
DemocracyClub/UK-Polling-Stations,2016-02-29,25,3,1,337,7
DemocracyClub/UK-Polling-Stations,2016-03-07,14,4,0,351,7
DemocracyClub/UK-Polling-Stations,2016-03-14,75,5,0,426,7
DemocracyClub/UK-Polling-Stations,2016-03-21,50,4,1,476,8
DemocracyClub/UK-Polling-Stations,2016-03-28,34,2,0,510,8
DemocracyClub/UK-Polling-Stations,2016-04-04,13,3,0,523,8
DemocracyClub/UK-Polling-Stations,2016-04-11,34,3,0,557,8
DemocracyClub/UK-Polling-Stations,2016-04-18,23,2,0,580,8
DemocracyClub/UK-Polling-Stations,2016-04-25,27,2,0,607,8
DemocracyClub/UK-Polling-Stations,2016-05-02,23,3,0,630,8
DemocracyClub/UK-Polling-Stations,2016-05-09,3,1,0,633,8
DemocracyClub/UK-Polling-Stations,2016-05-16,4,3,0,637,8
DemocracyClub/UK-Polling-Stations,2016-05-23,19,2,0,656,8
DemocracyClub/UK-Polling-Stations,2016-05-30,7,2,0,663,8
DemocracyClub/UK-Polling-Stations,2016-06-06,59,3,0,722,8
DemocracyClub/UK-Polling-Stations,2016-06-13,89,3,1,811,9
DemocracyClub/UK-Polling-Stations,2016-06-20,54,3,0,865,9
DemocracyClub/UK-Polling-Stations,2016-07-11,14,2,0,879,9
DemocracyClub/UK-Polling-Stations,2016-07-18,2,1,0,881,9
DemocracyClub/UK-Polling-Stations,2016-08-01,15,1,0,896,9
DemocracyClub/UK-Polling-Stations,2016-08-08,22,1,0,918,9
DemocracyClub/UK-Polling-Stations,2016-08-15,22,1,0,940,9
DemocracyClub/UK-Polling-Stations,2016-09-05,14,2,0,954,9
DemocracyClub/UK-Polling-Stations,2016-09-12,5,1,0,959,9
DemocracyClub/UK-Polling-Stations,2016-09-19,2,1,0,961,9
DemocracyClub/UK-Polling-Stations,2016-10-03,8,2,0,969,9
DemocracyClub/UK-Polling-Stations,2016-10-10,5,3,0,974,9
DemocracyClub/UK-Polling-Stations,2016-10-17,7,3,0,981,9
DemocracyClub/UK-Polling-Stations,2016-10-24,3,1,0,984,9
DemocracyClub/UK-Polling-Stations,2016-10-31,8,2,0,992,9
DemocracyClub/UK-Polling-Stations,2016-11-07,6,2,1,998,10
DemocracyClub/UK-Polling-Stations,2016-11-14,18,3,0,1016,10
DemocracyClub/UK-Polling-Stations,2016-11-21,6,1,0,1022,10
DemocracyClub/UK-Polling-Stations,2016-11-28,1,1,0,1023,10
DemocracyClub/UK-Polling-Stations,2016-12-05,6,2,0,1029,10
DemocracyClub/UK-Polling-Stations,2016-12-12,17,2,0,1046,10
DemocracyClub/UK-Polling-Stations,2016-12-19,3,2,0,1049,10
DemocracyClub/UK-Polling-Stations,2016-12-26,35,1,0,1084,10
DemocracyClub/UK-Polling-Stations,2017-01-02,9,1,0,1093,10
DemocracyClub/UK-Polling-Stations,2017-01-09,17,2,0,1110,10
DemocracyClub/UK-Polling-Stations,2017-01-16,11,2,1,1121,11
DemocracyClub/UK-Polling-Stations,2017-01-23,7,2,0,1128,11
DemocracyClub/UK-Polling-Stations,2017-01-30,6,1,0,1134,11
DemocracyClub/UK-Polling-Stations,2017-02-06,12,3,0,1146,11
DemocracyClub/UK-Polling-Stations,2017-02-13,54,3,0,1200,11
DemocracyClub/UK-Polling-Stations,2017-02-20,6,1,0,1206,11
DemocracyClub/UK-Polling-Stations,2017-02-27,12,2,0,1218,11
DemocracyClub/UK-Polling-Stations,2017-03-06,35,2,0,1253,11
DemocracyClub/UK-Polling-Stations,2017-03-13,48,3,0,1301,11
DemocracyClub/UK-Polling-Stations,2017-03-20,4,2,0,1305,11
DemocracyClub/UK-Polling-Stations,2017-03-27,110,2,0,1415,11
DemocracyClub/UK-Polling-Stations,2017-04-03,58,2,0,1473,11
DemocracyClub/UK-Polling-Stations,2017-04-10,49,2,0,1522,11
DemocracyClub/UK-Polling-Stations,2017-04-17,49,2,0,1571,11
DemocracyClub/UK-Polling-Stations,2017-04-24,50,3,0,1621,11
DemocracyClub/UK-Polling-Stations,2017-05-01,38,2,0,1659,11
DemocracyClub/UK-Polling-Stations,2017-05-08,45,2,0,1704,11
DemocracyClub/UK-Polling-Stations,2017-05-15,81,2,0,1785,11
DemocracyClub/UK-Polling-Stations,2017-05-22,96,3,1,1881,12
DemocracyClub/UK-Polling-Stations,2017-05-29,64,1,0,1945,12
DemocracyClub/UK-Polling-Stations,2017-06-05,49,2,1,1994,13
DemocracyClub/UK-Polling-Stations,2017-06-26,10,2,0,2004,13
DemocracyClub/UK-Polling-Stations,2017-07-03,4,2,0,2008,13
DemocracyClub/UK-Polling-Stations,2017-07-10,13,1,0,2021,13
DemocracyClub/UK-Polling-Stations,2017-07-17,8,2,0,2029,13
DemocracyClub/UK-Polling-Stations,2017-08-07,3,1,0,2032,13
DemocracyClub/UK-Polling-Stations,2017-08-14,2,1,0,2034,13
DemocracyClub/UK-Polling-Stations,2017-08-21,2,2,0,2036,13
DemocracyClub/UK-Polling-Stations,2017-08-28,5,1,0,2041,13
DemocracyClub/UK-Polling-Stations,2017-09-04,19,2,0,2060,13
DemocracyClub/UK-Polling-Stations,2017-09-11,6,2,0,2066,13
DemocracyClub/UK-Polling-Stations,2017-09-18,2,1,0,2068,13
DemocracyClub/UK-Polling-Stations,2017-09-25,23,2,1,2091,14
DemocracyClub/UK-Polling-Stations,2017-10-02,36,2,0,2127,14
DemocracyClub/UK-Polling-Stations,2017-10-23,6,2,0,2133,14
DemocracyClub/UK-Polling-Stations,2017-10-30,28,2,0,2161,14
DemocracyClub/UK-Polling-Stations,2017-11-06,10,2,0,2171,14
DemocracyClub/UK-Polling-Stations,2017-11-13,2,2,0,2173,14
DemocracyClub/UK-Polling-Stations,2017-11-27,53,3,1,2226,15
DemocracyClub/UK-Polling-Stations,2017-12-04,12,3,0,2238,15
DemocracyClub/UK-Polling-Stations,2017-12-11,5,3,0,2243,15
DemocracyClub/UK-Polling-Stations,2017-12-18,7,1,0,2250,15
DemocracyClub/UK-Polling-Stations,2018-01-01,17,2,0,2267,15
DemocracyClub/UK-Polling-Stations,2018-01-08,5,3,0,2272,15
DemocracyClub/UK-Polling-Stations,2018-01-15,2,2,0,2274,15
DemocracyClub/UK-Polling-Stations,2018-02-05,3,2,0,2277,15
DemocracyClub/UK-Polling-Stations,2018-02-19,18,3,0,2295,15
DemocracyClub/UK-Polling-Stations,2018-02-26,19,3,0,2314,15
DemocracyClub/UK-Polling-Stations,2018-03-05,28,2,0,2342,15
DemocracyClub/UK-Polling-Stations,2018-03-12,27,3,0,2369,15
DemocracyClub/UK-Polling-Stations,2018-03-19,77,3,0,2446,15
DemocracyClub/UK-Polling-Stations,2018-03-26,32,2,0,2478,15
DemocracyClub/UK-Polling-Stations,2018-04-02,56,2,0,2534,15
DemocracyClub/UK-Polling-Stations,2018-04-09,46,2,0,2580,15
DemocracyClub/UK-Polling-Stations,2018-04-16,21,2,0,2601,15
DemocracyClub/UK-Polling-Stations,2018-04-23,45,1,0,2646,15
DemocracyClub/UK-Polling-Stations,2018-04-30,50,2,0,2696,15
DemocracyClub/UK-Polling-Stations,2018-05-07,1,1,0,2697,15
DemocracyClub/UK-Polling-Stations,2018-05-14,2,1,0,2699,15
DemocracyClub/UK-Polling-Stations,2018-05-21,1,1,0,2700,15
DemocracyClub/UK-Polling-Stations,2018-06-11,17,2,0,2717,15
DemocracyClub/UK-Polling-Stations,2018-06-18,7,3,1,2724,16
DemocracyClub/UK-Polling-Stations,2018-06-25,13,2,0,2737,16
DemocracyClub/UK-Polling-Stations,2018-07-02,2,2,0,2739,16
DemocracyClub/UK-Polling-Stations,2018-07-09,1,1,0,2740,16
DemocracyClub/UK-Polling-Stations,2018-07-16,2,1,0,2742,16
DemocracyClub/UK-Polling-Stations,2018-07-23,8,1,0,2750,16
DemocracyClub/UK-Polling-Stations,2018-07-30,8,3,1,2758,17
DemocracyClub/UK-Polling-Stations,2018-08-20,6,4,0,2764,17
DemocracyClub/UK-Polling-Stations,2018-08-27,9,2,0,2773,17
DemocracyClub/UK-Polling-Stations,2018-09-03,2,1,0,2775,17
DemocracyClub/UK-Polling-Stations,2018-09-10,6,2,0,2781,17
DemocracyClub/UK-Polling-Stations,2018-09-17,2,1,0,2783,17
DemocracyClub/UK-Polling-Stations,2018-09-24,2,2,0,2785,17
DemocracyClub/UK-Polling-Stations,2018-10-01,1,1,0,2786,17
DemocracyClub/UK-Polling-Stations,2018-10-08,2,1,0,2788,17
DemocracyClub/UK-Polling-Stations,2018-10-15,9,2,0,2797,17
DemocracyClub/UK-Polling-Stations,2018-10-22,12,1,0,2809,17
DemocracyClub/UK-Polling-Stations,2018-10-29,3,2,0,2812,17
DemocracyClub/UK-Polling-Stations,2018-11-05,3,2,0,2815,17
DemocracyClub/UK-Polling-Stations,2018-11-12,5,2,0,2820,17
DemocracyClub/UK-Polling-Stations,2018-11-19,3,2,0,2823,17
DemocracyClub/UK-Polling-Stations,2018-11-26,13,1,0,2836,17
DemocracyClub/UK-Polling-Stations,2018-12-03,8,2,0,2844,17
DemocracyClub/UK-Polling-Stations,2018-12-10,3,2,0,2847,17
DemocracyClub/UK-Polling-Stations,2018-12-17,11,1,0,2858,17
DemocracyClub/UK-Polling-Stations,2018-12-31,10,3,0,2868,17
DemocracyClub/UK-Polling-Stations,2019-01-14,3,2,0,2871,17
DemocracyClub/UK-Polling-Stations,2019-01-21,5,3,0,2876,17
DemocracyClub/UK-Polling-Stations,2019-01-28,15,2,0,2891,17
DemocracyClub/UK-Polling-Stations,2019-02-04,18,2,0,2909,17
DemocracyClub/UK-Polling-Stations,2019-02-11,25,2,0,2934,17
DemocracyClub/UK-Polling-Stations,2019-02-18,37,3,1,2971,18
DemocracyClub/UK-Polling-Stations,2019-02-25,44,3,0,3015,18
DemocracyClub/UK-Polling-Stations,2019-03-04,46,3,0,3061,18
DemocracyClub/UK-Polling-Stations,2019-03-11,52,2,0,3113,18
DemocracyClub/UK-Polling-Stations,2019-03-18,27,1,0,3140,18
DemocracyClub/UK-Polling-Stations,2019-03-25,43,3,0,3183,18
DemocracyClub/UK-Polling-Stations,2019-04-01,62,3,0,3245,18
DemocracyClub/UK-Polling-Stations,2019-04-08,42,3,1,3287,19
DemocracyClub/UK-Polling-Stations,2019-04-15,40,3,0,3327,19
DemocracyClub/UK-Polling-Stations,2019-04-22,63,3,0,3390,19
DemocracyClub/UK-Polling-Stations,2019-04-29,53,3,0,3443,19
DemocracyClub/UK-Polling-Stations,2019-05-06,101,5,1,3544,20
DemocracyClub/UK-Polling-Stations,2019-05-13,101,4,0,3645,20
DemocracyClub/UK-Polling-Stations,2019-05-20,98,3,0,3743,20
DemocracyClub/UK-Polling-Stations,2019-06-10,9,2,0,3752,20
DemocracyClub/UK-Polling-Stations,2019-07-08,7,2,0,3759,20
DemocracyClub/UK-Polling-Stations,2019-07-15,2,2,0,3761,20
DemocracyClub/UK-Polling-Stations,2019-07-22,4,2,0,3765,20
DemocracyClub/UK-Polling-Stations,2019-07-29,7,2,0,3772,20
DemocracyClub/UK-Polling-Stations,2019-08-05,19,2,0,3791,20
DemocracyClub/UK-Polling-Stations,2019-08-12,3,2,0,3794,20
DemocracyClub/UK-Polling-Stations,2019-08-26,1,1,0,3795,20
DemocracyClub/UK-Polling-Stations,2019-09-02,9,2,0,3804,20
DemocracyClub/UK-Polling-Stations,2019-09-09,13,1,0,3817,20
DemocracyClub/UK-Polling-Stations,2019-09-16,3,2,0,3820,20
DemocracyClub/UK-Polling-Stations,2019-09-23,1,1,0,3821,20
DemocracyClub/UK-Polling-Stations,2019-09-30,10,2,0,3831,20
DemocracyClub/UK-Polling-Stations,2019-10-07,8,2,0,3839,20
DemocracyClub/UK-Polling-Stations,2019-10-14,4,2,0,3843,20
DemocracyClub/UK-Polling-Stations,2019-10-28,18,4,1,3861,21
DemocracyClub/UK-Polling-Stations,2019-11-04,61,5,0,3922,21
DemocracyClub/UK-Polling-Stations,2019-11-11,84,5,0,4006,21
DemocracyClub/UK-Polling-Stations,2019-11-18,105,6,1,4111,22
DemocracyClub/UK-Polling-Stations,2019-11-25,95,5,0,4206,22
DemocracyClub/UK-Polling-Stations,2019-12-02,104,5,0,4310,22
DemocracyClub/UK-Polling-Stations,2019-12-09,87,3,0,4397,22
DemocracyClub/UK-Polling-Stations,2020-01-13,3,1,0,4400,22
DemocracyClub/UK-Polling-Stations,2020-01-20,16,1,0,4416,22
DemocracyClub/UK-Polling-Stations,2020-01-27,6,3,0,4422,22
DemocracyClub/UK-Polling-Stations,2020-02-03,16,4,0,4438,22
DemocracyClub/UK-Polling-Stations,2020-02-10,5,2,0,4443,22
DemocracyClub/UK-Polling-Stations,2020-02-17,14,2,0,4457,22
DemocracyClub/UK-Polling-Stations,2020-02-24,15,3,0,4472,22
DemocracyClub/UK-Polling-Stations,2020-03-02,37,3,0,4509,22
DemocracyClub/UK-Polling-Stations,2020-03-09,6,2,0,4515,22
DemocracyClub/UK-Polling-Stations,2020-03-16,5,2,0,4520,22
DemocracyClub/UK-Polling-Stations,2020-03-23,13,4,1,4533,23
DemocracyClub/UK-Polling-Stations,2020-03-30,10,3,0,4543,23
DemocracyClub/UK-Polling-Stations,2020-04-06,2,2,0,4545,23
DemocracyClub/UK-Polling-Stations,2020-04-20,3,1,0,4548,23
DemocracyClub/UK-Polling-Stations,2020-04-27,1,1,0,4549,23
DemocracyClub/UK-Polling-Stations,2020-05-04,4,2,0,4553,23
DemocracyClub/UK-Polling-Stations,2020-05-18,12,3,0,4565,23
DemocracyClub/UK-Polling-Stations,2020-08-03,1,1,0,4566,23
DemocracyClub/UK-Polling-Stations,2020-08-10,12,1,0,4578,23
DemocracyClub/UK-Polling-Stations,2020-08-17,9,1,0,4587,23
DemocracyClub/UK-Polling-Stations,2020-09-28,1,1,0,4588,23
DemocracyClub/UK-Polling-Stations,2020-10-05,4,3,1,4592,24
DemocracyClub/UK-Polling-Stations,2020-10-12,4,2,0,4596,24
DemocracyClub/UK-Polling-Stations,2020-10-26,28,2,0,4624,24
DemocracyClub/UK-Polling-Stations,2020-11-02,1,1,0,4625,24
DemocracyClub/UK-Polling-Stations,2020-11-16,2,1,0,4627,24
DemocracyClub/UK-Polling-Stations,2020-12-14,68,2,0,4695,24
DemocracyClub/UK-Polling-Stations,2020-12-21,4,2,1,4699,25
DemocracyClub/UK-Polling-Stations,2021-01-04,5,2,0,4704,25
DemocracyClub/UK-Polling-Stations,2021-01-11,2,1,0,4706,25
DemocracyClub/UK-Polling-Stations,2021-01-18,17,1,0,4723,25
DemocracyClub/UK-Polling-Stations,2021-01-25,15,2,0,4738,25
DemocracyClub/UK-Polling-Stations,2021-02-08,25,1,0,4763,25
DemocracyClub/UK-Polling-Stations,2021-02-15,20,3,1,4783,26
DemocracyClub/UK-Polling-Stations,2021-02-22,26,3,0,4809,26
DemocracyClub/UK-Polling-Stations,2021-03-01,26,5,0,4835,26
DemocracyClub/UK-Polling-Stations,2021-03-08,20,4,0,4855,26
DemocracyClub/UK-Polling-Stations,2021-03-15,44,4,0,4899,26
DemocracyClub/UK-Polling-Stations,2021-03-22,70,4,0,4969,26
DemocracyClub/UK-Polling-Stations,2021-03-29,82,4,0,5051,26
DemocracyClub/UK-Polling-Stations,2021-04-05,65,5,0,5116,26
DemocracyClub/UK-Polling-Stations,2021-04-12,63,4,0,5179,26
DemocracyClub/UK-Polling-Stations,2021-04-19,66,4,0,5245,26
DemocracyClub/UK-Polling-Stations,2021-04-26,63,6,2,5308,28
DemocracyClub/UK-Polling-Stations,2021-05-03,31,4,0,5339,28
DemocracyClub/UK-Polling-Stations,2021-05-10,5,2,0,5344,28
DemocracyClub/UK-Polling-Stations,2021-06-14,1,1,1,5345,29
DemocracyClub/UK-Polling-Stations,2021-06-21,1,1,1,5346,30
DemocracyClub/UK-Polling-Stations,2021-07-05,4,1,0,5350,30
DemocracyClub/UK-Polling-Stations,2021-08-16,36,3,0,5386,30
DemocracyClub/UK-Polling-Stations,2021-09-13,9,1,0,5395,30
DemocracyClub/UK-Polling-Stations,2021-09-20,4,1,0,5399,30
DemocracyClub/UK-Polling-Stations,2021-09-27,6,2,0,5405,30
DemocracyClub/UK-Polling-Stations,2021-10-18,24,3,0,5429,30
DemocracyClub/UK-Polling-Stations,2021-10-25,6,3,0,5435,30
DemocracyClub/UK-Polling-Stations,2021-11-01,4,2,0,5439,30
DemocracyClub/UK-Polling-Stations,2021-11-08,5,2,0,5444,30
DemocracyClub/UK-Polling-Stations,2021-11-15,3,1,0,5447,30
DemocracyClub/UK-Polling-Stations,2021-11-22,10,2,0,5457,30
DemocracyClub/UK-Polling-Stations,2021-11-29,5,1,0,5462,30
DemocracyClub/UK-Polling-Stations,2021-12-13,2,2,0,5464,30
DemocracyClub/UK-Polling-Stations,2022-01-10,1,1,0,5465,30
DemocracyClub/UK-Polling-Stations,2022-01-17,2,1,0,5467,30
DemocracyClub/UK-Polling-Stations,2022-01-31,10,2,0,5477,30
DemocracyClub/UK-Polling-Stations,2022-02-07,62,4,0,5539,30
DemocracyClub/UK-Polling-Stations,2022-02-14,13,4,0,5552,30
DemocracyClub/UK-Polling-Stations,2022-02-21,6,2,0,5558,30
DemocracyClub/UK-Polling-Stations,2022-02-28,23,4,1,5581,31
DemocracyClub/UK-Polling-Stations,2022-03-07,59,5,0,5640,31
DemocracyClub/UK-Polling-Stations,2022-03-14,47,3,0,5687,31
DemocracyClub/UK-Polling-Stations,2022-03-21,24,3,0,5711,31
DemocracyClub/UK-Polling-Stations,2022-03-28,37,4,0,5748,31
DemocracyClub/UK-Polling-Stations,2022-04-04,51,4,0,5799,31
DemocracyClub/UK-Polling-Stations,2022-04-11,73,5,0,5872,31
DemocracyClub/UK-Polling-Stations,2022-04-18,71,5,0,5943,31
DemocracyClub/UK-Polling-Stations,2022-04-25,15,3,0,5958,31
DemocracyClub/UK-Polling-Stations,2022-05-02,22,4,1,5980,32
DemocracyClub/UK-Polling-Stations,2022-05-30,6,1,0,5986,32
DemocracyClub/UK-Polling-Stations,2022-08-15,1,1,0,5987,32
DemocracyClub/UK-Polling-Stations,2022-09-12,2,2,0,5989,32
DemocracyClub/UK-Polling-Stations,2022-09-26,1,1,0,5990,32
DemocracyClub/UK-Polling-Stations,2022-10-03,4,2,0,5994,32
DemocracyClub/UK-Polling-Stations,2022-10-17,2,2,0,5996,32
DemocracyClub/UK-Polling-Stations,2022-10-24,5,1,0,6001,32
DemocracyClub/UK-Polling-Stations,2022-11-14,52,6,1,6053,33
DemocracyClub/UK-Polling-Stations,2022-11-21,5,3,0,6058,33
DemocracyClub/UK-Polling-Stations,2022-11-28,1,1,0,6059,33
DemocracyClub/UK-Polling-Stations,2022-12-12,2,1,0,6061,33
DemocracyClub/UK-Polling-Stations,2023-01-16,3,2,0,6064,33
DemocracyClub/UK-Polling-Stations,2023-01-23,4,2,0,6068,33
DemocracyClub/UK-Polling-Stations,2023-01-30,5,2,0,6073,33
DemocracyClub/UK-Polling-Stations,2023-02-06,1,1,0,6074,33
DemocracyClub/UK-Polling-Stations,2023-02-13,6,2,0,6080,33
DemocracyClub/UK-Polling-Stations,2023-02-20,78,4,0,6158,33
DemocracyClub/UK-Polling-Stations,2023-02-27,14,4,0,6172,33
DemocracyClub/UK-Polling-Stations,2023-03-06,34,4,0,6206,33
DemocracyClub/UK-Polling-Stations,2023-03-13,30,4,1,6236,34
DemocracyClub/UK-Polling-Stations,2023-03-20,59,7,0,6295,34
DemocracyClub/UK-Polling-Stations,2023-03-27,103,5,0,6398,34
DemocracyClub/UK-Polling-Stations,2023-04-03,30,5,0,6428,34
DemocracyClub/UK-Polling-Stations,2023-04-10,37,4,0,6465,34
DemocracyClub/UK-Polling-Stations,2023-04-17,45,6,0,6510,34
DemocracyClub/UK-Polling-Stations,2023-04-24,71,6,0,6581,34
DemocracyClub/UK-Polling-Stations,2023-05-01,18,5,0,6599,34
DemocracyClub/UK-Polling-Stations,2023-05-08,2,1,0,6601,34
DemocracyClub/UK-Polling-Stations,2023-05-15,1,1,0,6602,34
DemocracyClub/UK-Polling-Stations,2023-05-22,3,3,0,6605,34
DemocracyClub/UK-Polling-Stations,2023-05-29,4,2,0,6609,34
DemocracyClub/UK-Polling-Stations,2023-06-12,3,2,0,6612,34
DemocracyClub/UK-Polling-Stations,2023-06-19,2,2,0,6614,34
DemocracyClub/UK-Polling-Stations,2023-06-26,4,2,0,6618,34
DemocracyClub/UK-Polling-Stations,2023-07-17,1,1,0,6619,34
DemocracyClub/UK-Polling-Stations,2023-07-24,1,1,0,6620,34
DemocracyClub/UK-Polling-Stations,2023-08-07,19,1,0,6639,34
DemocracyClub/UK-Polling-Stations,2023-08-14,10,2,0,6649,34
DemocracyClub/UK-Polling-Stations,2023-08-21,6,3,0,6655,34
DemocracyClub/UK-Polling-Stations,2023-09-04,5,1,0,6660,34
DemocracyClub/UK-Polling-Stations,2023-09-11,3,2,0,6663,34
DemocracyClub/UK-Polling-Stations,2023-09-18,5,1,0,6668,34
DemocracyClub/UK-Polling-Stations,2023-10-02,3,1,0,6671,34
DemocracyClub/UK-Polling-Stations,2023-10-16,10,3,0,6681,34
DemocracyClub/UK-Polling-Stations,2023-10-23,2,2,0,6683,34
DemocracyClub/UK-Polling-Stations,2023-10-30,4,3,0,6687,34
DemocracyClub/UK-Polling-Stations,2023-11-20,3,1,0,6690,34
DemocracyClub/UK-Polling-Stations,2023-12-04,1,1,0,6691,34
DemocracyClub/UK-Polling-Stations,2023-12-11,1,1,0,6692,34
DemocracyClub/UK-Polling-Stations,2023-12-18,1,1,0,6693,34
DemocracyClub/UK-Polling-Stations,2024-01-01,1,1,0,6694,34
DemocracyClub/UK-Polling-Stations,2024-01-29,9,4,1,6703,35
DemocracyClub/UK-Polling-Stations,2024-02-05,25,2,0,6728,35
DemocracyClub/UK-Polling-Stations,2024-02-12,13,3,0,6741,35
DemocracyClub/UK-Polling-Stations,2024-02-19,39,4,0,6780,35
DemocracyClub/UK-Polling-Stations,2024-02-26,66,5,0,6846,35
DemocracyClub/UK-Polling-Stations,2024-03-04,74,5,0,6920,35
DemocracyClub/UK-Polling-Stations,2024-03-11,52,3,0,6972,35
DemocracyClub/UK-Polling-Stations,2024-03-18,73,5,0,7045,35
DemocracyClub/UK-Polling-Stations,2024-03-25,37,4,0,7082,35
DemocracyClub/UK-Polling-Stations,2024-04-01,59,3,0,7141,35
DemocracyClub/UK-Polling-Stations,2024-04-08,39,3,0,7180,35
DemocracyClub/UK-Polling-Stations,2024-04-15,40,5,0,7220,35
DemocracyClub/UK-Polling-Stations,2024-04-22,13,4,0,7233,35
DemocracyClub/UK-Polling-Stations,2024-04-29,40,5,0,7273,35
DemocracyClub/UK-Polling-Stations,2024-05-06,1,1,0,7274,35
DemocracyClub/UK-Polling-Stations,2024-05-13,1,1,0,7275,35
DemocracyClub/UK-Polling-Stations,2024-05-20,16,3,0,7291,35
DemocracyClub/UK-Polling-Stations,2024-05-27,71,5,0,7362,35
DemocracyClub/UK-Polling-Stations,2024-06-03,117,6,0,7479,35
DemocracyClub/UK-Polling-Stations,2024-06-10,95,3,0,7574,35
DemocracyClub/UK-Polling-Stations,2024-06-17,106,4,0,7680,35
DemocracyClub/UK-Polling-Stations,2024-06-24,88,3,0,7768,35
DemocracyClub/UK-Polling-Stations,2024-07-01,44,4,0,7812,35
DemocracyClub/UK-Polling-Stations,2024-07-08,5,2,0,7817,35
DemocracyClub/UK-Polling-Stations,2024-07-29,1,1,0,7818,35
DemocracyClub/UK-Polling-Stations,2024-08-05,9,2,0,7827,35
DemocracyClub/UK-Polling-Stations,2024-08-12,1,1,0,7828,35
DemocracyClub/UK-Polling-Stations,2024-08-19,1,1,0,7829,35
DemocracyClub/UK-Polling-Stations,2024-08-26,1,1,0,7830,35
DemocracyClub/UK-Polling-Stations,2024-09-09,1,1,0,7831,35
DemocracyClub/UK-Polling-Stations,2024-09-16,28,2,0,7859,35
DemocracyClub/UK-Polling-Stations,2024-09-23,2,2,0,7861,35
DemocracyClub/UK-Polling-Stations,2024-09-30,5,2,0,7866,35
DemocracyClub/UK-Polling-Stations,2024-10-07,4,3,0,7870,35
DemocracyClub/UK-Polling-Stations,2024-10-14,2,2,0,7872,35
DemocracyClub/UK-Polling-Stations,2024-10-21,5,3,0,7877,35
DemocracyClub/UK-Polling-Stations,2024-11-04,13,3,0,7890,35
DemocracyClub/UK-Polling-Stations,2024-11-11,12,2,0,7902,35
DemocracyClub/UK-Polling-Stations,2024-11-18,5,2,0,7907,35
DemocracyClub/UK-Polling-Stations,2024-11-25,8,3,0,7915,35
DemocracyClub/UK-Polling-Stations,2024-12-02,4,2,0,7919,35
DemocracyClub/UK-Polling-Stations,2024-12-09,13,3,0,7932,35
DemocracyClub/UK-Polling-Stations,2024-12-16,7,2,0,7939,35
DemocracyClub/UK-Polling-Stations,2025-01-13,1,1,0,7940,35
DemocracyClub/UK-Polling-Stations,2025-01-20,6,1,0,7946,35
DemocracyClub/UK-Polling-Stations,2025-01-27,4,2,0,7950,35
DemocracyClub/UK-Polling-Stations,2025-02-10,6,2,0,7956,35
DemocracyClub/UK-Polling-Stations,2025-02-17,18,3,0,7974,35
DemocracyClub/UK-Polling-Stations,2025-02-24,21,3,0,7995,35
DemocracyClub/UK-Polling-Stations,2025-03-03,15,4,0,8010,35
DemocracyClub/UK-Polling-Stations,2025-03-10,37,4,0,8047,35
DemocracyClub/UK-Polling-Stations,2025-03-17,53,4,0,8100,35
DemocracyClub/UK-Polling-Stations,2025-03-24,33,3,0,8133,35
DemocracyClub/UK-Polling-Stations,2025-03-31,34,3,0,8167,35
DemocracyClub/UK-Polling-Stations,2025-04-07,10,3,0,8177,35
DemocracyClub/UK-Polling-Stations,2025-04-14,15,3,0,8192,35
DemocracyClub/UK-Polling-Stations,2025-04-21,11,3,0,8203,35
DemocracyClub/UK-Polling-Stations,2025-04-28,17,3,0,8220,35
DemocracyClub/UK-Polling-Stations,2025-05-12,2,2,0,8222,35
DemocracyClub/UK-Polling-Stations,2025-05-19,7,2,0,8229,35
DemocracyClub/UK-Polling-Stations,2025-05-26,7,3,0,8236,35
DemocracyClub/UK-Polling-Stations,2025-06-02,15,1,0,8251,35
DemocracyClub/UK-Polling-Stations,2025-06-09,4,1,0,8255,35
DemocracyClub/UK-Polling-Stations,2025-06-16,2,1,0,8257,35
DemocracyClub/UK-Polling-Stations,2025-06-23,23,3,0,8280,35
DemocracyClub/UK-Polling-Stations,2025-07-14,3,2,0,8283,35
DemocracyClub/UK-Polling-Stations,2025-07-21,7,1,0,8290,35
DemocracyClub/UK-Polling-Stations,2025-07-28,3,3,0,8293,35
DemocracyClub/UK-Polling-Stations,2025-08-04,8,3,0,8301,35
DemocracyClub/UK-Polling-Stations,2025-08-11,4,2,0,8305,35
DemocracyClub/UK-Polling-Stations,2025-08-18,3,3,0,8308,35
DemocracyClub/UK-Polling-Stations,2025-08-25,2,1,0,8310,35
DemocracyClub/UK-Polling-Stations,2025-09-01,3,2,0,8313,35
DemocracyClub/UK-Polling-Stations,2025-09-08,1,1,0,8314,35
DemocracyClub/UK-Polling-Stations,2025-09-15,1,1,0,8315,35
DemocracyClub/UK-Polling-Stations,2025-09-22,2,2,0,8317,35
DemocracyClub/UK-Polling-Stations,2025-09-29,3,3,0,8320,35
DemocracyClub/UK-Polling-Stations,2025-10-06,3,1,0,8323,35
DemocracyClub/UK-Polling-Stations,2025-10-13,8,3,0,8331,35
DemocracyClub/UK-Polling-Stations,2025-10-20,2,1,0,8333,35
DemocracyClub/UK-Polling-Stations,2025-11-03,2,2,0,8335,35
DemocracyClub/UK-Polling-Stations,2025-11-10,5,1,0,8340,35
DemocracyClub/UK-Polling-Stations,2025-11-17,3,2,0,8343,35
DemocracyClub/UK-Polling-Stations,2025-11-24,8,1,0,8351,35
DemocracyClub/UK-Polling-Stations,2025-12-01,1,1,0,8352,35
DemocracyClub/UK-Polling-Stations,2025-12-15,4,2,0,8356,35
DemocracyClub/UK-Polling-Stations,2026-01-05,5,2,0,8361,35
DemocracyClub/UK-Polling-Stations,2026-01-12,1,1,0,8362,35
DemocracyClub/UK-Polling-Stations,2026-01-26,5,1,0,8367,35
DemocracyClub/UK-Polling-Stations,2026-02-02,6,3,0,8373,35
DemocracyClub/UK-Polling-Stations,2026-02-09,29,3,0,8402,35
DemocracyClub/UK-Polling-Stations,2026-02-16,17,4,0,8419,35
DemocracyClub/UK-Polling-Stations,2026-02-23,23,3,0,8442,35
DemocracyClub/UK-Polling-Stations,2026-03-02,22,4,0,8464,35
DemocracyClub/UK-Polling-Stations,2026-03-09,39,5,0,8503,35
DemocracyClub/UK-Polling-Stations,2026-03-16,33,4,0,8536,35
DemocracyClub/UK-Polling-Stations,2026-03-23,57,4,0,8593,35
DemocracyClub/UK-Polling-Stations,2026-03-30,65,5,0,8658,35
DemocracyClub/UK-Polling-Stations,2026-04-06,32,4,0,8690,35
DemocracyClub/UK-Polling-Stations,2026-04-13,27,3,0,8717,35
DemocracyClub/WhoCanIVoteFor,2016-03-07,5,1,1,5,1
DemocracyClub/WhoCanIVoteFor,2016-03-21,3,2,1,8,2
DemocracyClub/WhoCanIVoteFor,2016-03-28,5,1,0,13,2
DemocracyClub/WhoCanIVoteFor,2016-04-04,40,2,1,53,3
DemocracyClub/WhoCanIVoteFor,2016-04-11,28,1,0,81,3
DemocracyClub/WhoCanIVoteFor,2016-04-18,6,2,1,87,4
DemocracyClub/WhoCanIVoteFor,2016-04-25,41,3,2,128,6
DemocracyClub/WhoCanIVoteFor,2016-05-02,51,3,0,179,6
DemocracyClub/WhoCanIVoteFor,2016-05-09,1,1,0,180,6
DemocracyClub/WhoCanIVoteFor,2016-05-23,1,1,0,181,6
DemocracyClub/WhoCanIVoteFor,2016-06-06,3,1,0,184,6
DemocracyClub/WhoCanIVoteFor,2016-09-26,3,1,1,187,7
DemocracyClub/WhoCanIVoteFor,2016-10-03,3,1,0,190,7
DemocracyClub/WhoCanIVoteFor,2016-10-17,2,1,0,192,7
DemocracyClub/WhoCanIVoteFor,2016-12-19,1,1,0,193,7
DemocracyClub/WhoCanIVoteFor,2017-02-06,1,1,0,194,7
DemocracyClub/WhoCanIVoteFor,2017-02-13,6,3,1,200,8
DemocracyClub/WhoCanIVoteFor,2017-02-27,27,1,0,227,8
DemocracyClub/WhoCanIVoteFor,2017-03-06,15,1,0,242,8
DemocracyClub/WhoCanIVoteFor,2017-03-20,3,1,0,245,8
DemocracyClub/WhoCanIVoteFor,2017-03-27,1,1,0,246,8
DemocracyClub/WhoCanIVoteFor,2017-04-10,25,2,0,271,8
DemocracyClub/WhoCanIVoteFor,2017-04-24,49,3,0,320,8
DemocracyClub/WhoCanIVoteFor,2017-05-01,8,4,1,328,9
DemocracyClub/WhoCanIVoteFor,2017-05-08,38,4,1,366,10
DemocracyClub/WhoCanIVoteFor,2017-05-15,37,5,1,403,11
DemocracyClub/WhoCanIVoteFor,2017-05-22,58,7,1,461,12
DemocracyClub/WhoCanIVoteFor,2017-05-29,56,3,0,517,12
DemocracyClub/WhoCanIVoteFor,2017-06-05,57,5,0,574,12
DemocracyClub/WhoCanIVoteFor,2017-08-07,7,1,0,581,12
DemocracyClub/WhoCanIVoteFor,2017-08-14,3,2,0,584,12
DemocracyClub/WhoCanIVoteFor,2017-08-21,5,2,0,589,12
DemocracyClub/WhoCanIVoteFor,2017-09-11,1,1,0,590,12
DemocracyClub/WhoCanIVoteFor,2017-09-25,6,2,0,596,12
DemocracyClub/WhoCanIVoteFor,2017-10-30,1,1,0,597,12
DemocracyClub/WhoCanIVoteFor,2017-11-06,1,1,0,598,12
DemocracyClub/WhoCanIVoteFor,2017-11-27,3,2,0,601,12
DemocracyClub/WhoCanIVoteFor,2018-01-01,4,1,0,605,12
DemocracyClub/WhoCanIVoteFor,2018-01-08,3,1,0,608,12
DemocracyClub/WhoCanIVoteFor,2018-02-05,1,1,0,609,12
DemocracyClub/WhoCanIVoteFor,2018-02-12,1,1,0,610,12
DemocracyClub/WhoCanIVoteFor,2018-02-19,1,1,0,611,12
DemocracyClub/WhoCanIVoteFor,2018-02-26,6,1,0,617,12
DemocracyClub/WhoCanIVoteFor,2018-03-12,5,1,0,622,12
DemocracyClub/WhoCanIVoteFor,2018-03-19,1,1,0,623,12
DemocracyClub/WhoCanIVoteFor,2018-03-26,2,2,0,625,12
DemocracyClub/WhoCanIVoteFor,2018-04-16,35,1,0,660,12
DemocracyClub/WhoCanIVoteFor,2018-04-23,17,2,0,677,12
DemocracyClub/WhoCanIVoteFor,2018-04-30,11,2,0,688,12
DemocracyClub/WhoCanIVoteFor,2018-05-07,2,1,0,690,12
DemocracyClub/WhoCanIVoteFor,2018-05-21,3,1,0,693,12
DemocracyClub/WhoCanIVoteFor,2018-05-28,1,1,0,694,12
DemocracyClub/WhoCanIVoteFor,2018-08-06,1,1,0,695,12
DemocracyClub/WhoCanIVoteFor,2018-08-20,4,2,0,699,12
DemocracyClub/WhoCanIVoteFor,2018-08-27,23,2,1,722,13
DemocracyClub/WhoCanIVoteFor,2018-09-10,2,1,0,724,13
DemocracyClub/WhoCanIVoteFor,2018-09-24,7,2,0,731,13
DemocracyClub/WhoCanIVoteFor,2018-10-01,5,2,0,736,13
DemocracyClub/WhoCanIVoteFor,2018-10-08,3,1,0,739,13
DemocracyClub/WhoCanIVoteFor,2018-10-15,4,2,0,743,13
DemocracyClub/WhoCanIVoteFor,2018-10-22,7,1,0,750,13
DemocracyClub/WhoCanIVoteFor,2018-10-29,12,2,0,762,13
DemocracyClub/WhoCanIVoteFor,2018-11-05,4,2,0,766,13
DemocracyClub/WhoCanIVoteFor,2018-11-12,4,3,0,770,13
DemocracyClub/WhoCanIVoteFor,2018-11-19,2,1,0,772,13
DemocracyClub/WhoCanIVoteFor,2018-11-26,1,1,0,773,13
DemocracyClub/WhoCanIVoteFor,2018-12-03,4,1,0,777,13
DemocracyClub/WhoCanIVoteFor,2018-12-10,3,2,0,780,13
DemocracyClub/WhoCanIVoteFor,2018-12-17,12,1,0,792,13
DemocracyClub/WhoCanIVoteFor,2018-12-24,1,1,0,793,13
DemocracyClub/WhoCanIVoteFor,2018-12-31,6,2,0,799,13
DemocracyClub/WhoCanIVoteFor,2019-01-07,4,2,0,803,13
DemocracyClub/WhoCanIVoteFor,2019-01-14,12,2,0,815,13
DemocracyClub/WhoCanIVoteFor,2019-01-21,4,2,0,819,13
DemocracyClub/WhoCanIVoteFor,2019-01-28,2,2,0,821,13
DemocracyClub/WhoCanIVoteFor,2019-02-11,4,2,0,825,13
DemocracyClub/WhoCanIVoteFor,2019-02-25,1,1,0,826,13
DemocracyClub/WhoCanIVoteFor,2019-03-04,3,2,0,829,13
DemocracyClub/WhoCanIVoteFor,2019-03-18,22,2,0,851,13
DemocracyClub/WhoCanIVoteFor,2019-03-25,9,3,0,860,13
DemocracyClub/WhoCanIVoteFor,2019-04-01,5,3,0,865,13
DemocracyClub/WhoCanIVoteFor,2019-04-08,15,4,0,880,13
DemocracyClub/WhoCanIVoteFor,2019-04-15,10,3,0,890,13
DemocracyClub/WhoCanIVoteFor,2019-04-22,31,2,0,921,13
DemocracyClub/WhoCanIVoteFor,2019-04-29,25,5,2,946,15
DemocracyClub/WhoCanIVoteFor,2019-05-06,10,2,0,956,15
DemocracyClub/WhoCanIVoteFor,2019-05-13,8,1,0,964,15
DemocracyClub/WhoCanIVoteFor,2019-05-20,12,1,0,976,15
DemocracyClub/WhoCanIVoteFor,2019-06-10,1,1,0,977,15
DemocracyClub/WhoCanIVoteFor,2019-07-22,2,1,0,979,15
DemocracyClub/WhoCanIVoteFor,2019-07-29,2,2,0,981,15
DemocracyClub/WhoCanIVoteFor,2019-08-05,3,2,1,984,16
DemocracyClub/WhoCanIVoteFor,2019-08-12,7,2,0,991,16
DemocracyClub/WhoCanIVoteFor,2019-08-19,9,1,0,1000,16
DemocracyClub/WhoCanIVoteFor,2019-09-02,1,1,0,1001,16
DemocracyClub/WhoCanIVoteFor,2019-09-09,2,1,0,1003,16
DemocracyClub/WhoCanIVoteFor,2019-09-16,4,2,0,1007,16
DemocracyClub/WhoCanIVoteFor,2019-09-23,5,3,0,1012,16
DemocracyClub/WhoCanIVoteFor,2019-09-30,6,1,0,1018,16
DemocracyClub/WhoCanIVoteFor,2019-10-07,6,2,0,1024,16
DemocracyClub/WhoCanIVoteFor,2019-10-14,1,1,0,1025,16
DemocracyClub/WhoCanIVoteFor,2019-10-21,4,2,0,1029,16
DemocracyClub/WhoCanIVoteFor,2019-10-28,17,4,0,1046,16
DemocracyClub/WhoCanIVoteFor,2019-11-04,20,2,0,1066,16
DemocracyClub/WhoCanIVoteFor,2019-11-11,2,1,0,1068,16
DemocracyClub/WhoCanIVoteFor,2019-11-18,15,1,0,1083,16
DemocracyClub/WhoCanIVoteFor,2019-11-25,25,2,0,1108,16
DemocracyClub/WhoCanIVoteFor,2019-12-02,11,1,0,1119,16
DemocracyClub/WhoCanIVoteFor,2019-12-09,20,1,0,1139,16
DemocracyClub/WhoCanIVoteFor,2020-01-13,2,1,0,1141,16
DemocracyClub/WhoCanIVoteFor,2020-02-10,11,1,0,1152,16
DemocracyClub/WhoCanIVoteFor,2020-02-17,2,1,0,1154,16
DemocracyClub/WhoCanIVoteFor,2020-02-24,2,1,0,1156,16
DemocracyClub/WhoCanIVoteFor,2020-03-16,10,1,0,1166,16
DemocracyClub/WhoCanIVoteFor,2020-04-06,6,1,0,1172,16
DemocracyClub/WhoCanIVoteFor,2020-05-04,1,1,1,1173,17
DemocracyClub/WhoCanIVoteFor,2020-06-01,1,1,0,1174,17
DemocracyClub/WhoCanIVoteFor,2020-07-13,1,1,0,1175,17
DemocracyClub/WhoCanIVoteFor,2020-08-24,1,1,0,1176,17
DemocracyClub/WhoCanIVoteFor,2020-09-21,7,1,0,1183,17
DemocracyClub/WhoCanIVoteFor,2020-09-28,2,2,0,1185,17
DemocracyClub/WhoCanIVoteFor,2020-10-05,1,1,0,1186,17
DemocracyClub/WhoCanIVoteFor,2020-10-12,2,1,0,1188,17
DemocracyClub/WhoCanIVoteFor,2020-11-02,41,3,1,1229,18
DemocracyClub/WhoCanIVoteFor,2020-11-23,1,1,1,1230,19
DemocracyClub/WhoCanIVoteFor,2020-12-14,1,1,0,1231,19
DemocracyClub/WhoCanIVoteFor,2020-12-28,1,1,0,1232,19
DemocracyClub/WhoCanIVoteFor,2021-01-04,17,3,0,1249,19
DemocracyClub/WhoCanIVoteFor,2021-01-11,17,1,1,1266,20
DemocracyClub/WhoCanIVoteFor,2021-01-18,14,5,2,1280,22
DemocracyClub/WhoCanIVoteFor,2021-01-25,12,6,1,1292,23
DemocracyClub/WhoCanIVoteFor,2021-02-01,14,3,0,1306,23
DemocracyClub/WhoCanIVoteFor,2021-02-08,21,4,0,1327,23
DemocracyClub/WhoCanIVoteFor,2021-02-15,15,3,0,1342,23
DemocracyClub/WhoCanIVoteFor,2021-02-22,12,3,0,1354,23
DemocracyClub/WhoCanIVoteFor,2021-03-01,9,5,0,1363,23
DemocracyClub/WhoCanIVoteFor,2021-03-08,12,4,0,1375,23
DemocracyClub/WhoCanIVoteFor,2021-03-15,1,1,0,1376,23
DemocracyClub/WhoCanIVoteFor,2021-03-22,58,5,0,1434,23
DemocracyClub/WhoCanIVoteFor,2021-03-29,24,4,0,1458,23
DemocracyClub/WhoCanIVoteFor,2021-04-05,4,2,0,1462,23
DemocracyClub/WhoCanIVoteFor,2021-04-12,19,6,1,1481,24
DemocracyClub/WhoCanIVoteFor,2021-04-19,54,5,0,1535,24
DemocracyClub/WhoCanIVoteFor,2021-04-26,25,4,0,1560,24
DemocracyClub/WhoCanIVoteFor,2021-05-03,28,4,0,1588,24
DemocracyClub/WhoCanIVoteFor,2021-05-10,12,5,0,1600,24
DemocracyClub/WhoCanIVoteFor,2021-05-24,2,2,0,1602,24
DemocracyClub/WhoCanIVoteFor,2021-05-31,6,3,0,1608,24
DemocracyClub/WhoCanIVoteFor,2021-06-07,6,3,0,1614,24
DemocracyClub/WhoCanIVoteFor,2021-06-14,9,3,0,1623,24
DemocracyClub/WhoCanIVoteFor,2021-06-21,1,1,0,1624,24
DemocracyClub/WhoCanIVoteFor,2021-07-05,24,4,0,1648,24
DemocracyClub/WhoCanIVoteFor,2021-07-12,3,2,0,1651,24
DemocracyClub/WhoCanIVoteFor,2021-07-19,2,1,0,1653,24
DemocracyClub/WhoCanIVoteFor,2021-08-09,2,2,0,1655,24
DemocracyClub/WhoCanIVoteFor,2021-08-16,11,4,0,1666,24
DemocracyClub/WhoCanIVoteFor,2021-09-06,3,2,1,1669,25
DemocracyClub/WhoCanIVoteFor,2021-09-13,51,4,0,1720,25
DemocracyClub/WhoCanIVoteFor,2021-09-20,10,2,0,1730,25
DemocracyClub/WhoCanIVoteFor,2021-09-27,14,3,0,1744,25
DemocracyClub/WhoCanIVoteFor,2021-10-04,3,1,0,1747,25
DemocracyClub/WhoCanIVoteFor,2021-10-18,12,4,0,1759,25
DemocracyClub/WhoCanIVoteFor,2021-10-25,7,1,0,1766,25
DemocracyClub/WhoCanIVoteFor,2021-11-01,21,3,0,1787,25
DemocracyClub/WhoCanIVoteFor,2021-11-08,15,1,0,1802,25
DemocracyClub/WhoCanIVoteFor,2021-11-15,6,1,0,1808,25
DemocracyClub/WhoCanIVoteFor,2021-11-22,4,3,0,1812,25
DemocracyClub/WhoCanIVoteFor,2021-11-29,9,3,0,1821,25
DemocracyClub/WhoCanIVoteFor,2021-12-06,2,1,0,1823,25
DemocracyClub/WhoCanIVoteFor,2021-12-13,10,3,0,1833,25
DemocracyClub/WhoCanIVoteFor,2021-12-20,8,2,0,1841,25
DemocracyClub/WhoCanIVoteFor,2022-01-03,7,2,0,1848,25
DemocracyClub/WhoCanIVoteFor,2022-01-10,4,3,0,1852,25
DemocracyClub/WhoCanIVoteFor,2022-01-17,6,1,0,1858,25
DemocracyClub/WhoCanIVoteFor,2022-01-24,3,2,0,1861,25
DemocracyClub/WhoCanIVoteFor,2022-01-31,2,1,0,1863,25
DemocracyClub/WhoCanIVoteFor,2022-02-07,15,2,0,1878,25
DemocracyClub/WhoCanIVoteFor,2022-02-14,2,1,0,1880,25
DemocracyClub/WhoCanIVoteFor,2022-02-21,6,1,0,1886,25
DemocracyClub/WhoCanIVoteFor,2022-02-28,15,2,0,1901,25
DemocracyClub/WhoCanIVoteFor,2022-03-07,8,2,0,1909,25
DemocracyClub/WhoCanIVoteFor,2022-03-14,7,2,0,1916,25
DemocracyClub/WhoCanIVoteFor,2022-03-21,11,2,0,1927,25
DemocracyClub/WhoCanIVoteFor,2022-03-28,8,1,0,1935,25
DemocracyClub/WhoCanIVoteFor,2022-04-04,53,4,0,1988,25
DemocracyClub/WhoCanIVoteFor,2022-04-11,44,4,1,2032,26
DemocracyClub/WhoCanIVoteFor,2022-04-18,32,3,0,2064,26
DemocracyClub/WhoCanIVoteFor,2022-04-25,36,2,0,2100,26
DemocracyClub/WhoCanIVoteFor,2022-05-02,18,2,0,2118,26
DemocracyClub/WhoCanIVoteFor,2022-05-09,7,3,0,2125,26
DemocracyClub/WhoCanIVoteFor,2022-05-16,5,1,0,2130,26
DemocracyClub/WhoCanIVoteFor,2022-05-23,4,1,0,2134,26
DemocracyClub/WhoCanIVoteFor,2022-05-30,6,2,0,2140,26
DemocracyClub/WhoCanIVoteFor,2022-06-06,1,1,0,2141,26
DemocracyClub/WhoCanIVoteFor,2022-06-13,1,1,0,2142,26
DemocracyClub/WhoCanIVoteFor,2022-06-20,4,1,0,2146,26
DemocracyClub/WhoCanIVoteFor,2022-06-27,3,2,0,2149,26
DemocracyClub/WhoCanIVoteFor,2022-07-04,1,1,0,2150,26
DemocracyClub/WhoCanIVoteFor,2022-07-11,1,1,0,2151,26
DemocracyClub/WhoCanIVoteFor,2022-07-18,1,1,0,2152,26
DemocracyClub/WhoCanIVoteFor,2022-07-25,4,1,0,2156,26
DemocracyClub/WhoCanIVoteFor,2022-08-01,1,1,0,2157,26
DemocracyClub/WhoCanIVoteFor,2022-08-15,1,1,0,2158,26
DemocracyClub/WhoCanIVoteFor,2022-09-12,2,1,1,2160,27
DemocracyClub/WhoCanIVoteFor,2022-09-26,3,1,0,2163,27
DemocracyClub/WhoCanIVoteFor,2022-10-03,1,1,0,2164,27
DemocracyClub/WhoCanIVoteFor,2022-10-10,5,1,0,2169,27
DemocracyClub/WhoCanIVoteFor,2022-10-17,12,1,0,2181,27
DemocracyClub/WhoCanIVoteFor,2022-10-24,2,1,0,2183,27
DemocracyClub/WhoCanIVoteFor,2022-11-21,15,3,0,2198,27
DemocracyClub/WhoCanIVoteFor,2022-11-28,5,2,0,2203,27
DemocracyClub/WhoCanIVoteFor,2022-12-12,13,2,0,2216,27
DemocracyClub/WhoCanIVoteFor,2022-12-26,1,1,0,2217,27
DemocracyClub/WhoCanIVoteFor,2023-01-02,1,1,0,2218,27
DemocracyClub/WhoCanIVoteFor,2023-01-09,7,1,0,2225,27
DemocracyClub/WhoCanIVoteFor,2023-01-16,14,4,1,2239,28
DemocracyClub/WhoCanIVoteFor,2023-01-23,1,1,0,2240,28
DemocracyClub/WhoCanIVoteFor,2023-01-30,6,1,0,2246,28
DemocracyClub/WhoCanIVoteFor,2023-02-06,3,2,0,2249,28
DemocracyClub/WhoCanIVoteFor,2023-02-13,8,2,0,2257,28
DemocracyClub/WhoCanIVoteFor,2023-02-20,13,3,0,2270,28
DemocracyClub/WhoCanIVoteFor,2023-02-27,2,2,0,2272,28
DemocracyClub/WhoCanIVoteFor,2023-03-13,11,3,0,2283,28
DemocracyClub/WhoCanIVoteFor,2023-03-20,13,2,0,2296,28
DemocracyClub/WhoCanIVoteFor,2023-03-27,7,3,0,2303,28
DemocracyClub/WhoCanIVoteFor,2023-04-03,17,4,0,2320,28
DemocracyClub/WhoCanIVoteFor,2023-04-10,2,1,0,2322,28
DemocracyClub/WhoCanIVoteFor,2023-04-17,19,3,0,2341,28
DemocracyClub/WhoCanIVoteFor,2023-04-24,21,4,0,2362,28
DemocracyClub/WhoCanIVoteFor,2023-05-01,33,4,0,2395,28
DemocracyClub/WhoCanIVoteFor,2023-05-08,7,1,0,2402,28
DemocracyClub/WhoCanIVoteFor,2023-05-15,4,3,0,2406,28
DemocracyClub/WhoCanIVoteFor,2023-05-22,13,3,0,2419,28
DemocracyClub/WhoCanIVoteFor,2023-05-29,3,2,0,2422,28
DemocracyClub/WhoCanIVoteFor,2023-06-12,2,1,0,2424,28
DemocracyClub/WhoCanIVoteFor,2023-06-19,3,1,0,2427,28
DemocracyClub/WhoCanIVoteFor,2023-06-26,12,2,0,2439,28
DemocracyClub/WhoCanIVoteFor,2023-07-03,34,4,0,2473,28
DemocracyClub/WhoCanIVoteFor,2023-07-10,8,1,0,2481,28
DemocracyClub/WhoCanIVoteFor,2023-07-17,30,3,0,2511,28
DemocracyClub/WhoCanIVoteFor,2023-07-24,4,2,0,2515,28
DemocracyClub/WhoCanIVoteFor,2023-07-31,9,2,0,2524,28
DemocracyClub/WhoCanIVoteFor,2023-08-14,2,1,0,2526,28
DemocracyClub/WhoCanIVoteFor,2023-08-21,3,1,0,2529,28
DemocracyClub/WhoCanIVoteFor,2023-09-04,1,1,0,2530,28
DemocracyClub/WhoCanIVoteFor,2023-09-11,3,2,0,2533,28
DemocracyClub/WhoCanIVoteFor,2023-09-18,3,2,0,2536,28
DemocracyClub/WhoCanIVoteFor,2023-09-25,8,4,0,2544,28
DemocracyClub/WhoCanIVoteFor,2023-10-02,7,2,0,2551,28
DemocracyClub/WhoCanIVoteFor,2023-10-09,2,2,0,2553,28
DemocracyClub/WhoCanIVoteFor,2023-10-16,2,1,0,2555,28
DemocracyClub/WhoCanIVoteFor,2023-10-23,9,2,0,2564,28
DemocracyClub/WhoCanIVoteFor,2023-10-30,6,3,0,2570,28
DemocracyClub/WhoCanIVoteFor,2023-11-06,5,2,0,2575,28
DemocracyClub/WhoCanIVoteFor,2023-11-13,4,2,0,2579,28
DemocracyClub/WhoCanIVoteFor,2023-11-20,24,2,0,2603,28
DemocracyClub/WhoCanIVoteFor,2023-11-27,7,2,0,2610,28
DemocracyClub/WhoCanIVoteFor,2023-12-04,1,1,0,2611,28
DemocracyClub/WhoCanIVoteFor,2023-12-11,6,2,0,2617,28
DemocracyClub/WhoCanIVoteFor,2024-01-08,1,1,0,2618,28
DemocracyClub/WhoCanIVoteFor,2024-01-15,5,1,0,2623,28
DemocracyClub/WhoCanIVoteFor,2024-01-29,8,2,0,2631,28
DemocracyClub/WhoCanIVoteFor,2024-02-05,1,1,0,2632,28
DemocracyClub/WhoCanIVoteFor,2024-02-12,13,2,0,2645,28
DemocracyClub/WhoCanIVoteFor,2024-02-19,1,1,0,2646,28
DemocracyClub/WhoCanIVoteFor,2024-02-26,11,2,0,2657,28
DemocracyClub/WhoCanIVoteFor,2024-03-18,3,1,0,2660,28
DemocracyClub/WhoCanIVoteFor,2024-03-25,10,1,0,2670,28
DemocracyClub/WhoCanIVoteFor,2024-04-01,6,2,0,2676,28
DemocracyClub/WhoCanIVoteFor,2024-04-08,27,2,0,2703,28
DemocracyClub/WhoCanIVoteFor,2024-04-15,5,2,1,2708,29
DemocracyClub/WhoCanIVoteFor,2024-04-22,24,2,0,2732,29
DemocracyClub/WhoCanIVoteFor,2024-04-29,27,2,0,2759,29
DemocracyClub/WhoCanIVoteFor,2024-05-06,6,3,0,2765,29
DemocracyClub/WhoCanIVoteFor,2024-05-13,5,1,0,2770,29
DemocracyClub/WhoCanIVoteFor,2024-05-20,30,2,0,2800,29
DemocracyClub/WhoCanIVoteFor,2024-05-27,14,4,1,2814,30
DemocracyClub/WhoCanIVoteFor,2024-06-03,33,3,0,2847,30
DemocracyClub/WhoCanIVoteFor,2024-06-10,6,2,0,2853,30
DemocracyClub/WhoCanIVoteFor,2024-06-17,28,2,0,2881,30
DemocracyClub/WhoCanIVoteFor,2024-06-24,24,1,0,2905,30
DemocracyClub/WhoCanIVoteFor,2024-07-01,15,1,0,2920,30
DemocracyClub/WhoCanIVoteFor,2024-07-08,8,2,0,2928,30
DemocracyClub/WhoCanIVoteFor,2024-07-29,2,1,0,2930,30
DemocracyClub/WhoCanIVoteFor,2024-08-05,6,2,0,2936,30
DemocracyClub/WhoCanIVoteFor,2024-08-12,15,1,0,2951,30
DemocracyClub/WhoCanIVoteFor,2024-08-19,16,1,0,2967,30
DemocracyClub/WhoCanIVoteFor,2024-08-26,3,1,0,2970,30
DemocracyClub/WhoCanIVoteFor,2024-09-09,2,2,0,2972,30
DemocracyClub/WhoCanIVoteFor,2024-09-23,2,1,0,2974,30
DemocracyClub/WhoCanIVoteFor,2024-10-07,3,1,0,2977,30
DemocracyClub/WhoCanIVoteFor,2024-10-14,1,1,0,2978,30
DemocracyClub/WhoCanIVoteFor,2024-10-21,1,1,0,2979,30
DemocracyClub/WhoCanIVoteFor,2024-10-28,14,1,0,2993,30
DemocracyClub/WhoCanIVoteFor,2024-11-04,12,1,0,3005,30
DemocracyClub/WhoCanIVoteFor,2024-11-11,10,2,0,3015,30
DemocracyClub/WhoCanIVoteFor,2024-12-02,10,3,0,3025,30
DemocracyClub/WhoCanIVoteFor,2024-12-09,7,1,0,3032,30
DemocracyClub/WhoCanIVoteFor,2024-12-16,4,2,0,3036,30
DemocracyClub/WhoCanIVoteFor,2025-01-13,2,1,0,3038,30
DemocracyClub/WhoCanIVoteFor,2025-01-20,10,3,0,3048,30
DemocracyClub/WhoCanIVoteFor,2025-01-27,4,3,1,3052,31
DemocracyClub/WhoCanIVoteFor,2025-02-03,1,1,0,3053,31
DemocracyClub/WhoCanIVoteFor,2025-02-10,11,1,0,3064,31
DemocracyClub/WhoCanIVoteFor,2025-02-17,16,3,0,3080,31
DemocracyClub/WhoCanIVoteFor,2025-02-24,5,2,0,3085,31
DemocracyClub/WhoCanIVoteFor,2025-03-10,11,2,0,3096,31
DemocracyClub/WhoCanIVoteFor,2025-03-17,2,1,0,3098,31
DemocracyClub/WhoCanIVoteFor,2025-03-24,4,2,0,3102,31
DemocracyClub/WhoCanIVoteFor,2025-03-31,6,2,0,3108,31
DemocracyClub/WhoCanIVoteFor,2025-04-07,24,3,0,3132,31
DemocracyClub/WhoCanIVoteFor,2025-04-14,8,2,0,3140,31
DemocracyClub/WhoCanIVoteFor,2025-04-21,5,1,0,3145,31
DemocracyClub/WhoCanIVoteFor,2025-04-28,11,3,0,3156,31
DemocracyClub/WhoCanIVoteFor,2025-05-05,1,1,0,3157,31
DemocracyClub/WhoCanIVoteFor,2025-05-12,1,1,0,3158,31
DemocracyClub/WhoCanIVoteFor,2025-06-16,10,2,0,3168,31
DemocracyClub/WhoCanIVoteFor,2025-06-23,2,2,0,3170,31
DemocracyClub/WhoCanIVoteFor,2025-07-14,8,1,0,3178,31
DemocracyClub/WhoCanIVoteFor,2025-07-21,15,2,0,3193,31
DemocracyClub/WhoCanIVoteFor,2025-07-28,2,1,0,3195,31
DemocracyClub/WhoCanIVoteFor,2025-08-04,2,1,0,3197,31
DemocracyClub/WhoCanIVoteFor,2025-08-18,10,2,0,3207,31
DemocracyClub/WhoCanIVoteFor,2025-08-25,6,2,0,3213,31
DemocracyClub/WhoCanIVoteFor,2025-09-08,21,4,0,3234,31
DemocracyClub/WhoCanIVoteFor,2025-09-15,2,1,0,3236,31
DemocracyClub/WhoCanIVoteFor,2025-09-22,14,1,0,3250,31
DemocracyClub/WhoCanIVoteFor,2025-09-29,12,3,0,3262,31
DemocracyClub/WhoCanIVoteFor,2025-10-06,5,1,0,3267,31
DemocracyClub/WhoCanIVoteFor,2025-10-13,23,2,0,3290,31
DemocracyClub/WhoCanIVoteFor,2025-10-20,4,1,0,3294,31
DemocracyClub/WhoCanIVoteFor,2025-10-27,7,1,0,3301,31
DemocracyClub/WhoCanIVoteFor,2025-11-10,6,2,0,3307,31
DemocracyClub/WhoCanIVoteFor,2025-11-17,6,1,0,3313,31
DemocracyClub/WhoCanIVoteFor,2025-11-24,1,1,0,3314,31
DemocracyClub/WhoCanIVoteFor,2025-12-01,1,1,0,3315,31
DemocracyClub/WhoCanIVoteFor,2025-12-15,2,1,0,3317,31
DemocracyClub/WhoCanIVoteFor,2026-01-05,1,1,0,3318,31
DemocracyClub/WhoCanIVoteFor,2026-01-12,3,1,0,3321,31
DemocracyClub/WhoCanIVoteFor,2026-01-19,2,1,0,3323,31
DemocracyClub/WhoCanIVoteFor,2026-02-02,2,1,0,3325,31
DemocracyClub/WhoCanIVoteFor,2026-02-16,2,1,0,3327,31
DemocracyClub/WhoCanIVoteFor,2026-02-23,3,1,0,3330,31
DemocracyClub/WhoCanIVoteFor,2026-03-02,11,4,0,3341,31
DemocracyClub/WhoCanIVoteFor,2026-03-09,13,3,0,3354,31
DemocracyClub/WhoCanIVoteFor,2026-03-16,22,2,0,3376,31
DemocracyClub/WhoCanIVoteFor,2026-03-23,9,3,0,3385,31
DemocracyClub/WhoCanIVoteFor,2026-03-30,15,3,0,3400,31
DemocracyClub/WhoCanIVoteFor,2026-04-06,4,1,0,3404,31
DemocracyClub/WhoCanIVoteFor,2026-04-13,27,4,0,3431,31
fvialibre/edia,2022-10-24,3,1,1,3,1
fvialibre/edia,2022-10-31,2,1,0,5,1
fvialibre/edia,2022-11-07,2,1,0,7,1
fvialibre/edia,2022-11-14,3,1,0,10,1
fvialibre/edia,2022-11-21,3,1,0,13,1
fvialibre/edia,2022-12-05,3,1,0,16,1
fvialibre/edia,2022-12-12,7,1,0,23,1
fvialibre/edia,2022-12-19,11,3,2,34,3
fvialibre/edia,2022-12-26,5,2,0,39,3
fvialibre/edia,2023-01-09,4,3,1,43,4
fvialibre/edia,2023-01-16,5,2,0,48,4
fvialibre/edia,2023-01-23,15,2,0,63,4
fvialibre/edia,2023-02-06,7,2,0,70,4
fvialibre/edia,2023-02-13,3,2,0,73,4
fvialibre/edia,2023-03-20,1,1,0,74,4
fvialibre/edia,2023-03-27,2,1,0,76,4
fvialibre/edia,2023-04-03,3,1,0,79,4
fvialibre/edia,2023-09-04,2,1,0,81,4
luftdata/luftdata.se,2018-01-29,14,1,1,14,1
luftdata/luftdata.se,2018-02-05,33,4,3,47,4
luftdata/luftdata.se,2018-02-12,9,3,0,56,4
luftdata/luftdata.se,2018-02-19,27,2,0,83,4
luftdata/luftdata.se,2018-02-26,4,1,0,87,4
luftdata/luftdata.se,2018-03-05,22,2,0,109,4
luftdata/luftdata.se,2018-03-12,3,2,0,112,4
luftdata/luftdata.se,2018-03-19,8,2,0,120,4
luftdata/luftdata.se,2018-04-02,4,2,0,124,4
luftdata/luftdata.se,2018-04-09,3,1,0,127,4
luftdata/luftdata.se,2018-04-30,1,1,0,128,4
luftdata/luftdata.se,2018-05-28,1,1,0,129,4
luftdata/luftdata.se,2018-08-27,2,1,0,131,4
luftdata/luftdata.se,2018-09-10,2,1,0,133,4
luftdata/luftdata.se,2018-10-08,1,1,0,134,4
luftdata/luftdata.se,2018-10-15,1,1,0,135,4
luftdata/luftdata.se,2018-10-29,2,1,0,137,4
luftdata/luftdata.se,2018-11-19,1,1,0,138,4
luftdata/luftdata.se,2018-12-03,4,1,0,142,4
luftdata/luftdata.se,2018-12-10,1,1,0,143,4
luftdata/luftdata.se,2019-01-07,3,1,0,146,4
luftdata/luftdata.se,2019-04-15,2,1,0,148,4
luftdata/luftdata.se,2019-05-06,1,1,0,149,4
luftdata/luftdata.se,2019-05-20,5,1,0,154,4
luftdata/luftdata.se,2019-06-10,2,1,0,156,4
luftdata/luftdata.se,2019-06-17,1,1,0,157,4
luftdata/luftdata.se,2019-08-26,2,1,0,159,4
luftdata/luftdata.se,2020-01-06,9,2,0,168,4
luftdata/luftdata.se,2020-02-17,4,1,0,172,4
luftdata/luftdata.se,2020-04-20,5,1,0,177,4
luftdata/luftdata.se,2020-06-15,1,1,0,178,4
luftdata/luftdata.se,2020-11-30,1,1,0,179,4
luftdata/luftdata.se,2020-12-14,1,1,0,180,4
luftdata/luftdata.se,2021-01-25,4,1,0,184,4
luftdata/luftdata.se,2021-03-08,3,1,0,187,4
luftdata/luftdata.se,2021-04-19,1,1,0,188,4
luftdata/luftdata.se,2022-03-07,1,1,0,189,4
luftdata/luftdata.se,2022-03-14,1,1,0,190,4
luftdata/luftdata.se,2022-04-25,1,1,0,191,4
luftdata/luftdata.se,2022-05-09,1,1,0,192,4
luftdata/luftdata.se,2023-09-25,1,1,0,193,4
luftdata/luftdata.se,2023-10-02,1,1,0,194,4
luftdata/luftdata.se,2023-10-16,2,1,0,196,4
luftdata/luftdata.se,2023-10-23,1,1,0,197,4
luftdata/luftdata.se,2024-04-22,1,1,0,198,4
luftdata/luftdata.se,2024-07-29,4,1,0,202,4
luftdata/luftdata.se,2024-09-02,1,1,0,203,4
luftdata/luftdata.se,2025-04-07,3,1,0,206,4
CodeForAfrica/PromiseTracker,2025-08-11,2,1,1,2,1
CodeForAfrica/PromiseTracker,2025-08-18,14,1,0,16,1
CodeForAfrica/PromiseTracker,2025-08-25,27,1,0,43,1
CodeForAfrica/PromiseTracker,2025-09-01,12,3,2,55,3
CodeForAfrica/PromiseTracker,2025-09-08,35,3,1,90,4
CodeForAfrica/PromiseTracker,2025-09-15,62,2,0,152,4
CodeForAfrica/PromiseTracker,2025-09-22,19,2,0,171,4
CodeForAfrica/PromiseTracker,2025-09-29,25,3,0,196,4
CodeForAfrica/PromiseTracker,2025-10-06,17,1,0,213,4
CodeForAfrica/PromiseTracker,2025-10-13,4,1,0,217,4
CodeForAfrica/PromiseTracker,2025-10-20,3,3,1,220,5
CodeForAfrica/PromiseTracker,2025-10-27,14,3,0,234,5
CodeForAfrica/PromiseTracker,2025-11-03,8,2,0,242,5
CodeForAfrica/PromiseTracker,2025-11-10,28,1,0,270,5
CodeForAfrica/PromiseTracker,2025-11-17,20,1,0,290,5
CodeForAfrica/PromiseTracker,2025-11-24,9,1,0,299,5
CodeForAfrica/PromiseTracker,2025-12-01,7,1,0,306,5
CodeForAfrica/PromiseTracker,2026-01-05,2,1,0,308,5
CodeForAfrica/PromiseTracker,2026-01-19,10,1,0,318,5
CodeForAfrica/PromiseTracker,2026-01-26,3,1,0,321,5
CodeForAfrica/PromiseTracker,2026-02-02,17,1,0,338,5
CodeForAfrica/PromiseTracker,2026-02-09,2,1,0,340,5
CodeForAfrica/PromiseTracker,2026-02-16,13,1,0,353,5
CodeForAfrica/PromiseTracker,2026-02-23,39,3,0,392,5
CodeForAfrica/PromiseTracker,2026-03-02,13,1,0,405,5
CodeForAfrica/PromiseTracker,2026-03-09,18,1,0,423,5
CodeForAfrica/PromiseTracker,2026-03-16,2,2,0,425,5
CodeForAfrica/PromiseTracker,2026-03-23,1,1,0,426,5
CodeForAfrica/PromiseTracker,2026-04-06,4,1,0,430,5
CodeForAfrica/academy.AFRICA,2023-10-09,16,2,2,16,2
CodeForAfrica/academy.AFRICA,2023-10-16,9,2,0,25,2
CodeForAfrica/academy.AFRICA,2023-10-23,21,1,0,46,2
CodeForAfrica/academy.AFRICA,2023-10-30,21,2,0,67,2
CodeForAfrica/academy.AFRICA,2023-11-06,52,2,0,119,2
CodeForAfrica/academy.AFRICA,2023-11-13,47,2,0,166,2
CodeForAfrica/academy.AFRICA,2023-11-20,53,2,0,219,2
CodeForAfrica/academy.AFRICA,2023-11-27,21,2,0,240,2
CodeForAfrica/academy.AFRICA,2023-12-04,57,2,0,297,2
CodeForAfrica/academy.AFRICA,2023-12-11,37,2,0,334,2
CodeForAfrica/academy.AFRICA,2024-01-01,18,2,0,352,2
CodeForAfrica/academy.AFRICA,2024-01-08,13,2,0,365,2
CodeForAfrica/academy.AFRICA,2024-01-15,12,2,0,377,2
CodeForAfrica/academy.AFRICA,2024-02-05,8,1,0,385,2
CodeForAfrica/academy.AFRICA,2024-02-19,3,2,0,388,2
CodeForAfrica/academy.AFRICA,2024-02-26,4,1,0,392,2
CodeForAfrica/academy.AFRICA,2024-03-04,7,1,0,399,2
CodeForAfrica/academy.AFRICA,2024-03-11,7,2,0,406,2
CodeForAfrica/academy.AFRICA,2024-03-18,22,2,0,428,2
CodeForAfrica/academy.AFRICA,2024-03-25,35,2,0,463,2
CodeForAfrica/academy.AFRICA,2024-04-01,21,2,0,484,2
CodeForAfrica/academy.AFRICA,2024-04-08,9,2,0,493,2
CodeForAfrica/academy.AFRICA,2024-04-15,12,2,0,505,2
CodeForAfrica/academy.AFRICA,2024-04-22,13,2,0,518,2
CodeForAfrica/academy.AFRICA,2024-04-29,9,2,0,527,2
CodeForAfrica/academy.AFRICA,2024-05-06,4,2,0,531,2
CodeForAfrica/academy.AFRICA,2024-05-13,7,2,0,538,2
CodeForAfrica/academy.AFRICA,2024-05-20,5,2,0,543,2
CodeForAfrica/academy.AFRICA,2024-05-27,6,2,0,549,2
CodeForAfrica/academy.AFRICA,2024-06-03,1,1,0,550,2
CodeForAfrica/academy.AFRICA,2024-06-17,2,1,0,552,2
CodeForAfrica/academy.AFRICA,2024-08-05,3,2,0,555,2
CodeForAfrica/academy.AFRICA,2024-08-12,8,2,0,563,2
CodeForAfrica/academy.AFRICA,2024-08-26,9,1,0,572,2
CodeForAfrica/academy.AFRICA,2024-09-02,1,1,0,573,2
CodeForAfrica/academy.AFRICA,2024-09-09,5,2,1,578,3
CodeForAfrica/academy.AFRICA,2024-09-16,6,1,0,584,3
CodeForAfrica/academy.AFRICA,2024-09-23,1,1,0,585,3
CodeForAfrica/academy.AFRICA,2024-09-30,4,1,0,589,3
CodeForAfrica/academy.AFRICA,2024-10-14,3,1,0,592,3
CodeForAfrica/academy.AFRICA,2024-10-21,1,1,0,593,3
CodeForAfrica/academy.AFRICA,2024-10-28,1,1,0,594,3
CodeForAfrica/academy.AFRICA,2024-11-04,6,2,0,600,3
CodeForAfrica/academy.AFRICA,2024-11-18,4,1,0,604,3
CodeForAfrica/academy.AFRICA,2024-11-25,11,2,0,615,3
CodeForAfrica/academy.AFRICA,2024-12-02,2,2,1,617,4
CodeForAfrica/academy.AFRICA,2024-12-09,2,1,0,619,4
CodeForAfrica/academy.AFRICA,2025-02-17,7,2,0,626,4
CodeForAfrica/academy.AFRICA,2025-03-10,7,1,0,633,4
CodeForAfrica/academy.AFRICA,2025-03-24,7,1,0,640,4
CodeForAfrica/academy.AFRICA,2025-04-21,9,1,0,649,4
CodeForAfrica/academy.AFRICA,2025-04-28,3,2,0,652,4
CodeForAfrica/academy.AFRICA,2025-05-05,6,2,0,658,4
CodeForAfrica/academy.AFRICA,2025-07-28,11,1,0,669,4
CodeForAfrica/academy.AFRICA,2025-08-04,1,1,0,670,4
CodeForAfrica/academy.AFRICA,2025-10-20,1,1,1,671,5
CodeForAfrica/academy.AFRICA,2025-12-08,4,1,0,675,5
CodeForAfrica/academy.AFRICA,2026-02-02,3,2,0,678,5
CodeForAfrica/academy.AFRICA,2026-02-09,5,1,0,683,5
CodeForAfrica/academy.AFRICA,2026-02-16,4,1,0,687,5
CodeForAfrica/academy.AFRICA,2026-02-23,9,1,0,696,5
CodeForAfrica/academy.AFRICA,2026-03-09,4,1,0,700,5
CodeForAfrica/academy.AFRICA,2026-03-16,2,1,0,702,5
CodeForAfrica/Dominion.AFRICA,2019-07-15,14,2,2,14,2
CodeForAfrica/Dominion.AFRICA,2019-07-22,26,1,0,40,2
CodeForAfrica/Dominion.AFRICA,2019-07-29,29,2,1,69,3
CodeForAfrica/Dominion.AFRICA,2019-08-05,63,4,1,132,4
CodeForAfrica/Dominion.AFRICA,2019-08-12,38,3,0,170,4
CodeForAfrica/Dominion.AFRICA,2019-08-19,45,5,2,215,6
CodeForAfrica/Dominion.AFRICA,2019-08-26,26,5,1,241,7
CodeForAfrica/Dominion.AFRICA,2019-09-02,33,5,0,274,7
CodeForAfrica/Dominion.AFRICA,2019-09-09,23,6,0,297,7
CodeForAfrica/Dominion.AFRICA,2019-09-16,56,5,0,353,7
CodeForAfrica/Dominion.AFRICA,2019-09-23,8,3,0,361,7
CodeForAfrica/Dominion.AFRICA,2019-10-14,12,1,0,373,7
CodeForAfrica/Dominion.AFRICA,2019-10-28,2,1,0,375,7
CodeForAfrica/Dominion.AFRICA,2019-11-04,29,2,0,404,7
CodeForAfrica/Dominion.AFRICA,2019-11-11,16,1,0,420,7
CodeForAfrica/Dominion.AFRICA,2019-11-25,7,2,0,427,7
CodeForAfrica/Dominion.AFRICA,2019-12-02,17,2,0,444,7
CodeForAfrica/Dominion.AFRICA,2020-01-06,18,1,0,462,7
CodeForAfrica/Dominion.AFRICA,2020-01-13,2,1,0,464,7
CodeForAfrica/Dominion.AFRICA,2020-01-27,12,4,0,476,7
CodeForAfrica/Dominion.AFRICA,2020-02-03,1,1,0,477,7
CodeForAfrica/Dominion.AFRICA,2020-03-09,1,1,0,478,7
CodeForAfrica/Dominion.AFRICA,2020-03-23,1,1,0,479,7
CodeForAfrica/Dominion.AFRICA,2020-03-30,1,1,0,480,7
CodeForAfrica/Dominion.AFRICA,2021-03-08,1,1,0,481,7
CodeForAfrica/Dominion.AFRICA,2021-03-29,1,1,0,482,7
CodeForAfrica/Dominion.AFRICA,2021-04-12,6,1,0,488,7
CodeForAfrica/Dominion.AFRICA,2021-04-26,1,1,0,489,7
CodeForAfrica/Dominion.AFRICA,2021-05-10,2,1,0,491,7
CodeForAfrica/Dominion.AFRICA,2021-08-09,22,2,0,513,7
CodeForAfrica/Dominion.AFRICA,2021-12-06,1,1,0,514,7
CodeForAfrica/Dominion.AFRICA,2022-01-10,3,2,0,517,7
CodeForAfrica/Dominion.AFRICA,2022-01-17,1,1,0,518,7
CodeForAfrica/Dominion.AFRICA,2022-02-07,3,2,0,521,7
CodeForAfrica/Dominion.AFRICA,2022-02-14,1,1,0,522,7
CodeForAfrica/Dominion.AFRICA,2022-03-21,2,2,0,524,7
CodeForAfrica/Dominion.AFRICA,2022-05-09,8,1,1,532,8
CodeForAfrica/Dominion.AFRICA,2022-05-23,1,1,0,533,8
CodeForAfrica/Dominion.AFRICA,2022-07-18,2,2,0,535,8
CodeForAfrica/Dominion.AFRICA,2022-12-05,1,1,0,536,8
CodeForAfrica/Dominion.AFRICA,2022-12-12,3,2,0,539,8
CodeForAfrica/Dominion.AFRICA,2023-03-13,2,2,0,541,8
CodeForAfrica/Dominion.AFRICA,2023-07-10,1,1,0,542,8
CodeForAfrica/Dominion.AFRICA,2023-07-17,3,2,0,545,8
CodeForAfrica/Dominion.AFRICA,2024-01-08,6,2,0,551,8
CodeForAfrica/Dominion.AFRICA,2024-03-11,1,1,0,552,8
CodeForAfrica/Dominion.AFRICA,2024-04-01,3,2,0,555,8
CodeForAfrica/Dominion.AFRICA,2024-06-10,1,1,0,556,8
CodeForAfrica/Dominion.AFRICA,2024-06-17,11,1,0,567,8
CodeForAfrica/Dominion.AFRICA,2024-08-26,1,1,0,568,8
CodeForAfrica/Dominion.AFRICA,2024-09-02,3,2,0,571,8
CodeForAfrica/Dominion.AFRICA,2025-09-15,3,1,0,574,8
CodeForAfrica/GenderGap.AFRICA,2017-03-20,1,1,1,1,1
CodeForAfrica/GenderGap.AFRICA,2017-04-03,1,1,1,2,2
CodeForAfrica/GenderGap.AFRICA,2017-04-10,10,1,0,12,2
CodeForAfrica/GenderGap.AFRICA,2017-04-17,2,1,0,14,2
CodeForAfrica/GenderGap.AFRICA,2017-04-24,1,1,0,15,2
CodeForAfrica/GenderGap.AFRICA,2017-05-01,15,1,0,30,2
CodeForAfrica/GenderGap.AFRICA,2017-05-22,2,1,0,32,2
CodeForAfrica/GenderGap.AFRICA,2017-06-12,1,1,0,33,2
CodeForAfrica/GenderGap.AFRICA,2017-06-19,11,1,0,44,2
CodeForAfrica/GenderGap.AFRICA,2017-06-26,5,1,0,49,2
CodeForAfrica/GenderGap.AFRICA,2017-09-18,2,1,1,51,3
CodeForAfrica/GenderGap.AFRICA,2017-09-25,5,1,0,56,3
CodeForAfrica/GenderGap.AFRICA,2017-10-09,4,1,0,60,3
CodeForAfrica/GenderGap.AFRICA,2017-10-23,11,1,0,71,3
CodeForAfrica/GenderGap.AFRICA,2017-10-30,3,1,0,74,3
CodeForAfrica/GenderGap.AFRICA,2017-11-06,6,2,0,80,3
CodeForAfrica/GenderGap.AFRICA,2017-11-13,8,2,0,88,3
CodeForAfrica/GenderGap.AFRICA,2017-11-27,6,1,0,94,3
CodeForAfrica/GenderGap.AFRICA,2018-01-15,28,1,0,122,3
CodeForAfrica/GenderGap.AFRICA,2018-01-22,1,1,0,123,3
CodeForAfrica/GenderGap.AFRICA,2018-01-29,1,1,0,124,3
CodeForAfrica/GenderGap.AFRICA,2018-02-26,2,1,1,126,4
CodeForAfrica/GenderGap.AFRICA,2018-03-05,28,2,0,154,4
CodeForAfrica/GenderGap.AFRICA,2018-03-19,4,2,0,158,4
CodeForAfrica/GenderGap.AFRICA,2018-07-16,18,3,2,176,6
CodeForAfrica/GenderGap.AFRICA,2019-01-07,4,2,1,180,7
CodeForAfrica/GenderGap.AFRICA,2019-05-13,1,1,0,181,7
CodeForAfrica/GenderGap.AFRICA,2019-05-27,2,2,1,183,8
CodeForAfrica/GenderGap.AFRICA,2019-06-03,2,2,0,185,8
CodeForAfrica/GenderGap.AFRICA,2020-02-10,1,1,0,186,8
CodeForAfrica/GenderGap.AFRICA,2020-02-17,1,1,0,187,8
CodeForAfrica/GenderGap.AFRICA,2020-08-31,1,1,0,188,8
CodeForAfrica/GenderGap.AFRICA,2020-12-07,3,2,1,191,9
CodeForAfrica/GenderGap.AFRICA,2021-03-29,1,1,0,192,9
CodeForAfrica/GenderGap.AFRICA,2021-05-10,1,1,0,193,9
CodeForAfrica/GenderGap.AFRICA,2021-08-02,11,2,0,204,9
CodeForAfrica/GenderGap.AFRICA,2021-08-09,2,2,0,206,9
CodeForAfrica/GenderGap.AFRICA,2021-10-04,1,1,0,207,9
CodeForAfrica/GenderGap.AFRICA,2022-01-10,10,5,2,217,11
CodeForAfrica/GenderGap.AFRICA,2022-01-17,2,2,0,219,11
CodeForAfrica/GenderGap.AFRICA,2022-01-24,2,1,0,221,11
CodeForAfrica/GenderGap.AFRICA,2022-01-31,5,2,0,226,11
CodeForAfrica/GenderGap.AFRICA,2022-02-07,1,1,0,227,11
CodeForAfrica/GenderGap.AFRICA,2022-02-14,5,2,0,232,11
CodeForAfrica/GenderGap.AFRICA,2022-10-10,12,2,0,244,11
CodeForAfrica/GenderGap.AFRICA,2022-11-07,1,1,0,245,11
CodeForAfrica/GenderGap.AFRICA,2022-11-14,1,1,0,246,11
CodeForAfrica/GenderGap.AFRICA,2022-11-28,1,1,0,247,11
CodeForAfrica/GenderGap.AFRICA,2022-12-05,1,1,0,248,11
CodeForAfrica/GenderGap.AFRICA,2023-08-28,1,1,0,249,11
CodeForAfrica/GenderGap.AFRICA,2023-09-04,3,2,1,252,12
CodeForAfrica/GenderGap.AFRICA,2024-09-23,1,1,1,253,13
CodeForAfrica/GenderGap.AFRICA,2025-09-01,1,1,0,254,13
CodeForAfrica/openAFRICA,2017-08-28,6,1,1,6,1
CodeForAfrica/openAFRICA,2017-09-04,3,2,1,9,2
CodeForAfrica/openAFRICA,2017-09-11,2,1,0,11,2
CodeForAfrica/openAFRICA,2017-09-18,4,1,0,15,2
CodeForAfrica/openAFRICA,2017-09-25,5,3,1,20,3
CodeForAfrica/openAFRICA,2017-10-23,8,1,0,28,3
CodeForAfrica/openAFRICA,2018-02-05,3,1,0,31,3
CodeForAfrica/openAFRICA,2018-02-12,3,2,1,34,4
CodeForAfrica/openAFRICA,2018-02-19,1,1,0,35,4
CodeForAfrica/openAFRICA,2018-03-19,3,2,0,38,4
CodeForAfrica/openAFRICA,2018-03-26,2,2,0,40,4
CodeForAfrica/openAFRICA,2018-04-02,1,1,0,41,4
CodeForAfrica/openAFRICA,2018-04-16,1,1,0,42,4
CodeForAfrica/openAFRICA,2018-05-28,1,1,0,43,4
CodeForAfrica/openAFRICA,2018-06-04,3,1,0,46,4
CodeForAfrica/openAFRICA,2018-06-11,2,1,0,48,4
CodeForAfrica/openAFRICA,2018-10-15,2,1,0,50,4
CodeForAfrica/openAFRICA,2018-10-22,3,1,0,53,4
CodeForAfrica/openAFRICA,2019-03-25,5,2,0,58,4
CodeForAfrica/openAFRICA,2019-08-12,4,1,0,62,4
CodeForAfrica/openAFRICA,2019-08-19,12,1,0,74,4
CodeForAfrica/openAFRICA,2019-09-02,3,1,0,77,4
CodeForAfrica/openAFRICA,2020-01-27,4,1,0,81,4
CodeForAfrica/openAFRICA,2022-09-26,2,1,1,83,5
CodeForAfrica/openAFRICA,2022-10-24,5,1,0,88,5
CodeForAfrica/openAFRICA,2022-11-07,1,1,0,89,5
CodeForAfrica/openAFRICA,2023-02-27,1,1,1,90,6
CodeForAfrica/openAFRICA,2023-03-20,1,1,0,91,6
CodeForAfrica/openAFRICA,2023-04-03,2,1,0,93,6
CodeForAfrica/openAFRICA,2023-04-10,2,1,0,95,6
CodeForAfrica/openAFRICA,2023-04-17,1,1,0,96,6
CodeForAfrica/openAFRICA,2023-06-12,1,1,0,97,6
CodeForAfrica/openAFRICA,2023-07-24,5,1,0,102,6
CodeForAfrica/openAFRICA,2023-07-31,1,1,1,103,7
CodeForAfrica/openAFRICA,2023-08-07,1,1,0,104,7
CodeForAfrica/openAFRICA,2024-01-29,1,1,0,105,7
CodeForAfrica/openAFRICA,2024-02-05,7,1,0,112,7
CodeForAfrica/openAFRICA,2024-03-18,1,1,0,113,7
CodeForAfrica/openAFRICA,2024-04-01,6,1,0,119,7
CodeForAfrica/openAFRICA,2024-04-22,1,1,0,120,7
CodeForAfrica/openAFRICA,2024-05-27,6,1,0,126,7
CodeForAfrica/openAFRICA,2024-06-03,2,1,0,128,7
CodeForAfrica/openAFRICA,2024-06-10,4,1,0,132,7
CodeForAfrica/openAFRICA,2024-10-21,3,1,0,135,7
CodeForAfrica/openAFRICA,2025-02-17,6,1,0,141,7
CodeForAfrica/openAFRICA,2025-02-24,2,1,0,143,7
CodeForAfrica/openAFRICA,2025-05-26,3,1,0,146,7
CodeForAfrica/openAFRICA,2025-06-02,1,1,0,147,7
CodeForAfrica/openAFRICA,2025-07-14,3,1,0,150,7
CodeForAfrica/openAFRICA,2025-10-13,4,1,1,154,8
CodeForAfrica/outbreak.AFRICA,2020-03-16,18,3,3,18,3
CodeForAfrica/outbreak.AFRICA,2020-03-23,23,4,1,41,4
CodeForAfrica/outbreak.AFRICA,2020-03-30,11,2,0,52,4
CodeForAfrica/outbreak.AFRICA,2020-04-06,31,4,1,83,5
CodeForAfrica/outbreak.AFRICA,2020-04-13,32,3,0,115,5
CodeForAfrica/outbreak.AFRICA,2020-04-20,130,5,1,245,6
CodeForAfrica/outbreak.AFRICA,2020-04-27,94,4,0,339,6
CodeForAfrica/outbreak.AFRICA,2020-05-04,100,4,0,439,6
CodeForAfrica/outbreak.AFRICA,2020-05-11,64,3,0,503,6
CodeForAfrica/outbreak.AFRICA,2020-05-18,73,4,0,576,6
CodeForAfrica/outbreak.AFRICA,2020-05-25,162,3,0,738,6
CodeForAfrica/outbreak.AFRICA,2020-06-01,153,4,0,891,6
CodeForAfrica/outbreak.AFRICA,2020-06-08,48,4,0,939,6
CodeForAfrica/outbreak.AFRICA,2020-06-15,20,2,0,959,6
CodeForAfrica/outbreak.AFRICA,2020-06-22,3,1,0,962,6
CodeForAfrica/outbreak.AFRICA,2020-06-29,10,2,0,972,6
CodeForAfrica/outbreak.AFRICA,2020-07-06,68,2,0,1040,6
CodeForAfrica/outbreak.AFRICA,2020-07-13,54,3,1,1094,7
CodeForAfrica/outbreak.AFRICA,2020-07-20,19,2,0,1113,7
CodeForAfrica/outbreak.AFRICA,2020-07-27,9,1,0,1122,7
CodeForAfrica/outbreak.AFRICA,2020-08-10,33,2,0,1155,7
CodeForAfrica/outbreak.AFRICA,2020-08-17,14,2,0,1169,7
CodeForAfrica/outbreak.AFRICA,2020-08-24,7,2,1,1176,8
CodeForAfrica/outbreak.AFRICA,2020-08-31,7,1,0,1183,8
CodeForAfrica/outbreak.AFRICA,2020-09-07,10,1,0,1193,8
CodeForAfrica/outbreak.AFRICA,2021-02-15,15,3,1,1208,9
CodeForAfrica/outbreak.AFRICA,2021-03-01,6,2,1,1214,10
CodeForAfrica/outbreak.AFRICA,2021-03-08,1,1,0,1215,10
CodeForAfrica/outbreak.AFRICA,2021-03-15,1,1,0,1216,10
CodeForAfrica/outbreak.AFRICA,2021-03-29,2,2,0,1218,10
CodeForAfrica/outbreak.AFRICA,2021-04-12,6,2,0,1224,10
CodeForAfrica/outbreak.AFRICA,2021-05-03,2,1,0,1226,10
CodeForAfrica/outbreak.AFRICA,2021-05-31,1,1,0,1227,10
CodeForAfrica/outbreak.AFRICA,2021-06-07,6,2,0,1233,10
CodeForAfrica/outbreak.AFRICA,2021-08-02,1,1,1,1234,11
CodeForAfrica/outbreak.AFRICA,2021-08-09,1,1,0,1235,11
CodeForAfrica/outbreak.AFRICA,2021-08-23,8,2,0,1243,11
CodeForAfrica/outbreak.AFRICA,2021-08-30,2,2,0,1245,11
CodeForAfrica/outbreak.AFRICA,2021-11-15,1,1,0,1246,11
CodeForAfrica/outbreak.AFRICA,2021-12-06,1,1,0,1247,11
CodeForAfrica/outbreak.AFRICA,2022-01-31,3,1,0,1250,11
CodeForAfrica/outbreak.AFRICA,2022-02-07,15,1,0,1265,11
CodeForAfrica/outbreak.AFRICA,2022-02-14,28,2,0,1293,11
CodeForAfrica/outbreak.AFRICA,2022-02-21,25,1,0,1318,11
CodeForAfrica/outbreak.AFRICA,2022-02-28,2,1,0,1320,11
CodeForAfrica/outbreak.AFRICA,2022-03-21,1,1,0,1321,11
CodeForAfrica/outbreak.AFRICA,2022-03-28,1,1,0,1322,11
CodeForAfrica/outbreak.AFRICA,2022-05-16,2,2,0,1324,11
CodeForAfrica/outbreak.AFRICA,2022-05-30,2,2,0,1326,11
CodeForAfrica/outbreak.AFRICA,2022-07-18,2,2,0,1328,11
CodeForAfrica/outbreak.AFRICA,2022-11-07,2,2,0,1330,11
CodeForAfrica/outbreak.AFRICA,2022-11-14,2,2,0,1332,11
CodeForAfrica/outbreak.AFRICA,2022-12-05,2,2,0,1334,11
CodeForAfrica/outbreak.AFRICA,2023-03-13,2,2,0,1336,11
CodeForAfrica/outbreak.AFRICA,2023-07-03,2,1,1,1338,12
CodeForAfrica/outbreak.AFRICA,2023-07-10,1,1,0,1339,12
CodeForAfrica/outbreak.AFRICA,2023-07-17,3,2,0,1342,12
CodeForAfrica/outbreak.AFRICA,2023-10-16,2,2,0,1344,12
CodeForAfrica/outbreak.AFRICA,2023-11-13,2,2,0,1346,12
CodeForAfrica/outbreak.AFRICA,2025-10-06,6,1,0,1352,12
CodeForAfrica/ui,2019-09-09,22,3,3,22,3
CodeForAfrica/ui,2019-09-16,1,1,0,23,3
CodeForAfrica/ui,2022-02-28,1,1,0,24,3
CodeForAfrica/ui,2022-03-07,46,3,2,70,5
CodeForAfrica/ui,2022-03-14,63,4,0,133,5
CodeForAfrica/ui,2022-03-21,102,3,1,235,6
CodeForAfrica/ui,2022-03-28,79,4,0,314,6
CodeForAfrica/ui,2022-04-04,52,4,0,366,6
CodeForAfrica/ui,2022-04-11,74,4,0,440,6
CodeForAfrica/ui,2022-04-18,51,3,0,491,6
CodeForAfrica/ui,2022-04-25,49,3,0,540,6
CodeForAfrica/ui,2022-05-02,60,4,0,600,6
CodeForAfrica/ui,2022-05-09,101,4,0,701,6
CodeForAfrica/ui,2022-05-16,131,4,0,832,6
CodeForAfrica/ui,2022-05-23,64,5,1,896,7
CodeForAfrica/ui,2022-05-30,103,5,0,999,7
CodeForAfrica/ui,2022-06-06,83,5,0,1082,7
CodeForAfrica/ui,2022-06-13,62,4,0,1144,7
CodeForAfrica/ui,2022-06-20,65,2,0,1209,7
CodeForAfrica/ui,2022-06-27,118,2,0,1327,7
CodeForAfrica/ui,2022-07-04,61,3,1,1388,8
CodeForAfrica/ui,2022-07-11,2121,12,5,3509,13
CodeForAfrica/ui,2022-07-18,137,3,0,3646,13
CodeForAfrica/ui,2022-07-25,97,3,0,3743,13
CodeForAfrica/ui,2022-08-01,136,3,0,3879,13
CodeForAfrica/ui,2022-08-08,73,3,0,3952,13
CodeForAfrica/ui,2022-08-15,64,3,0,4016,13
CodeForAfrica/ui,2022-08-22,63,3,0,4079,13
CodeForAfrica/ui,2022-08-29,89,4,1,4168,14
CodeForAfrica/ui,2022-09-05,60,4,0,4228,14
CodeForAfrica/ui,2022-09-12,5,2,0,4233,14
CodeForAfrica/ui,2022-10-10,10,1,0,4243,14
CodeForAfrica/ui,2022-10-17,13,1,0,4256,14
CodeForAfrica/ui,2022-10-24,6,1,0,4262,14
CodeForAfrica/ui,2022-10-31,30,1,0,4292,14
CodeForAfrica/ui,2022-11-07,32,3,1,4324,15
CodeForAfrica/ui,2022-11-14,68,4,1,4392,16
CodeForAfrica/ui,2022-11-21,13,3,0,4405,16
CodeForAfrica/ui,2022-11-28,9,1,0,4414,16
CodeForAfrica/ui,2022-12-05,40,2,0,4454,16
CodeForAfrica/ui,2022-12-12,13,2,0,4467,16
CodeForAfrica/ui,2023-01-09,50,3,1,4517,17
CodeForAfrica/ui,2023-01-16,111,3,0,4628,17
CodeForAfrica/ui,2023-01-23,98,3,0,4726,17
CodeForAfrica/ui,2023-01-30,89,3,0,4815,17
CodeForAfrica/ui,2023-02-06,83,4,0,4898,17
CodeForAfrica/ui,2023-02-13,67,3,0,4965,17
CodeForAfrica/ui,2023-02-20,104,4,0,5069,17
CodeForAfrica/ui,2023-02-27,182,4,0,5251,17
CodeForAfrica/ui,2023-03-06,62,3,0,5313,17
CodeForAfrica/ui,2023-03-13,80,3,0,5393,17
CodeForAfrica/ui,2023-03-20,114,3,0,5507,17
CodeForAfrica/ui,2023-03-27,85,4,0,5592,17
CodeForAfrica/ui,2023-04-03,17,2,0,5609,17
CodeForAfrica/ui,2023-04-10,13,2,0,5622,17
CodeForAfrica/ui,2023-04-17,11,1,0,5633,17
CodeForAfrica/ui,2023-04-24,43,2,0,5676,17
CodeForAfrica/ui,2023-05-01,37,2,0,5713,17
CodeForAfrica/ui,2023-05-08,44,2,0,5757,17
CodeForAfrica/ui,2023-05-15,34,3,0,5791,17
CodeForAfrica/ui,2023-05-22,210,3,0,6001,17
CodeForAfrica/ui,2023-05-29,49,3,0,6050,17
CodeForAfrica/ui,2023-06-05,34,1,0,6084,17
CodeForAfrica/ui,2023-06-12,67,4,0,6151,17
CodeForAfrica/ui,2023-06-19,64,3,0,6215,17
CodeForAfrica/ui,2023-06-26,77,3,0,6292,17
CodeForAfrica/ui,2023-07-03,72,4,0,6364,17
CodeForAfrica/ui,2023-07-10,49,5,0,6413,17
CodeForAfrica/ui,2023-07-17,69,4,0,6482,17
CodeForAfrica/ui,2023-07-24,86,4,0,6568,17
CodeForAfrica/ui,2023-07-31,132,4,0,6700,17
CodeForAfrica/ui,2023-08-07,28,2,0,6728,17
CodeForAfrica/ui,2023-08-14,15,2,1,6743,18
CodeForAfrica/ui,2023-08-21,27,3,0,6770,18
CodeForAfrica/ui,2023-08-28,45,3,0,6815,18
CodeForAfrica/ui,2023-09-04,92,5,0,6907,18
CodeForAfrica/ui,2023-09-11,81,2,0,6988,18
CodeForAfrica/ui,2023-09-18,125,3,0,7113,18
CodeForAfrica/ui,2023-09-25,116,3,0,7229,18
CodeForAfrica/ui,2023-10-02,89,3,0,7318,18
CodeForAfrica/ui,2023-10-09,34,3,0,7352,18
CodeForAfrica/ui,2023-11-06,15,2,0,7367,18
CodeForAfrica/ui,2023-11-13,3,2,0,7370,18
CodeForAfrica/ui,2023-11-20,6,2,0,7376,18
CodeForAfrica/ui,2023-11-27,19,2,0,7395,18
CodeForAfrica/ui,2023-12-04,55,3,0,7450,18
CodeForAfrica/ui,2023-12-11,8,1,0,7458,18
CodeForAfrica/ui,2024-01-08,6,1,0,7464,18
CodeForAfrica/ui,2024-01-15,18,2,0,7482,18
CodeForAfrica/ui,2024-01-22,16,3,0,7498,18
CodeForAfrica/ui,2024-01-29,5,1,0,7503,18
CodeForAfrica/ui,2024-02-05,5,2,0,7508,18
CodeForAfrica/ui,2024-02-12,12,2,0,7520,18
CodeForAfrica/ui,2024-02-19,9,2,0,7529,18
CodeForAfrica/ui,2024-02-26,13,1,0,7542,18
CodeForAfrica/ui,2024-03-11,12,1,0,7554,18
CodeForAfrica/ui,2024-03-18,12,1,0,7566,18
CodeForAfrica/ui,2024-04-15,7,1,0,7573,18
CodeForAfrica/ui,2024-04-22,2,1,0,7575,18
CodeForAfrica/ui,2024-04-29,3,1,0,7578,18
CodeForAfrica/ui,2024-05-06,23,5,1,7601,19
CodeForAfrica/ui,2024-05-13,25,3,0,7626,19
CodeForAfrica/ui,2024-05-20,26,3,0,7652,19
CodeForAfrica/ui,2024-05-27,33,3,0,7685,19
CodeForAfrica/ui,2024-06-03,53,3,1,7738,20
CodeForAfrica/ui,2024-06-10,42,3,0,7780,20
CodeForAfrica/ui,2024-06-17,128,5,0,7908,20
CodeForAfrica/ui,2024-06-24,110,4,0,8018,20
CodeForAfrica/ui,2024-07-01,72,3,0,8090,20
CodeForAfrica/ui,2024-07-08,45,4,0,8135,20
CodeForAfrica/ui,2024-07-15,90,5,1,8225,21
CodeForAfrica/ui,2024-07-22,29,3,0,8254,21
CodeForAfrica/ui,2024-07-29,100,5,0,8354,21
CodeForAfrica/ui,2024-08-05,61,6,0,8415,21
CodeForAfrica/ui,2024-08-12,43,5,0,8458,21
CodeForAfrica/ui,2024-08-19,67,4,1,8525,22
CodeForAfrica/ui,2024-08-26,45,3,0,8570,22
CodeForAfrica/ui,2024-09-02,67,4,0,8637,22
CodeForAfrica/ui,2024-09-09,37,4,0,8674,22
CodeForAfrica/ui,2024-09-16,73,4,0,8747,22
CodeForAfrica/ui,2024-09-23,47,3,0,8794,22
CodeForAfrica/ui,2024-09-30,39,3,0,8833,22
CodeForAfrica/ui,2024-10-07,60,5,0,8893,22
CodeForAfrica/ui,2024-10-14,159,5,0,9052,22
CodeForAfrica/ui,2024-10-21,107,4,0,9159,22
CodeForAfrica/ui,2024-10-28,56,4,0,9215,22
CodeForAfrica/ui,2024-11-04,50,3,0,9265,22
CodeForAfrica/ui,2024-11-11,47,3,0,9312,22
CodeForAfrica/ui,2024-11-18,29,2,0,9341,22
CodeForAfrica/ui,2024-11-25,37,3,0,9378,22
CodeForAfrica/ui,2024-12-02,39,4,1,9417,23
CodeForAfrica/ui,2024-12-09,19,4,0,9436,23
CodeForAfrica/ui,2025-01-06,15,2,0,9451,23
CodeForAfrica/ui,2025-01-13,16,4,0,9467,23
CodeForAfrica/ui,2025-01-20,9,3,0,9476,23
CodeForAfrica/ui,2025-01-27,26,3,0,9502,23
CodeForAfrica/ui,2025-02-03,15,3,0,9517,23
CodeForAfrica/ui,2025-02-10,3,1,0,9520,23
CodeForAfrica/ui,2025-02-17,9,2,0,9529,23
CodeForAfrica/ui,2025-02-24,16,3,0,9545,23
CodeForAfrica/ui,2025-03-03,25,2,0,9570,23
CodeForAfrica/ui,2025-03-10,23,2,0,9593,23
CodeForAfrica/ui,2025-03-17,13,1,0,9606,23
CodeForAfrica/ui,2025-03-24,34,3,0,9640,23
CodeForAfrica/ui,2025-03-31,2,1,0,9642,23
CodeForAfrica/ui,2025-04-07,4,2,0,9646,23
CodeForAfrica/ui,2025-04-14,33,3,0,9679,23
CodeForAfrica/ui,2025-04-21,25,3,0,9704,23
CodeForAfrica/ui,2025-04-28,5,1,0,9709,23
CodeForAfrica/ui,2025-05-05,36,4,0,9745,23
CodeForAfrica/ui,2025-05-12,86,3,0,9831,23
CodeForAfrica/ui,2025-05-19,62,3,0,9893,23
CodeForAfrica/ui,2025-05-26,77,3,0,9970,23
CodeForAfrica/ui,2025-06-02,34,2,0,10004,23
CodeForAfrica/ui,2025-06-09,97,3,0,10101,23
CodeForAfrica/ui,2025-06-16,68,2,0,10169,23
CodeForAfrica/ui,2025-06-23,20,2,0,10189,23
CodeForAfrica/ui,2025-06-30,39,4,0,10228,23
CodeForAfrica/ui,2025-07-07,18,2,0,10246,23
CodeForAfrica/ui,2025-07-14,1,1,0,10247,23
CodeForAfrica/ui,2025-07-21,6,3,0,10253,23
CodeForAfrica/ui,2025-07-28,6,1,0,10259,23
CodeForAfrica/ui,2025-08-04,16,1,0,10275,23
CodeForAfrica/ui,2025-08-11,40,2,0,10315,23
CodeForAfrica/ui,2025-08-18,32,1,0,10347,23
CodeForAfrica/ui,2025-08-25,7,1,0,10354,23
CodeForAfrica/ui,2025-09-01,11,1,0,10365,23
CodeForAfrica/ui,2025-09-08,4,2,1,10369,24
CodeForAfrica/ui,2025-09-15,41,4,0,10410,24
CodeForAfrica/ui,2025-09-22,11,2,0,10421,24
CodeForAfrica/ui,2025-09-29,15,2,0,10436,24
CodeForAfrica/ui,2025-10-06,16,2,0,10452,24
CodeForAfrica/ui,2025-10-13,16,1,0,10468,24
CodeForAfrica/ui,2025-10-20,4,3,0,10472,24
CodeForAfrica/ui,2025-10-27,34,4,0,10506,24
CodeForAfrica/ui,2025-11-03,8,3,0,10514,24
CodeForAfrica/ui,2025-11-10,18,2,0,10532,24
CodeForAfrica/ui,2025-11-17,10,2,0,10542,24
CodeForAfrica/ui,2025-11-24,23,2,0,10565,24
CodeForAfrica/ui,2025-12-01,17,4,1,10582,25
CodeForAfrica/ui,2025-12-08,3,3,0,10585,25
CodeForAfrica/ui,2026-01-05,5,4,0,10590,25
CodeForAfrica/ui,2026-01-19,6,3,0,10596,25
CodeForAfrica/ui,2026-01-26,8,3,0,10604,25
CodeForAfrica/ui,2026-02-02,7,2,0,10611,25
CodeForAfrica/ui,2026-02-09,5,2,0,10616,25
CodeForAfrica/ui,2026-02-16,5,4,0,10621,25
CodeForAfrica/ui,2026-02-23,19,5,0,10640,25
CodeForAfrica/ui,2026-03-02,16,1,0,10656,25
CodeForAfrica/ui,2026-03-09,37,3,0,10693,25
CodeForAfrica/ui,2026-03-16,42,4,0,10735,25
CodeForAfrica/ui,2026-03-23,20,4,0,10755,25
CodeForAfrica/ui,2026-03-30,44,4,0,10799,25
CodeForAfrica/ui,2026-04-06,42,4,0,10841,25
CodeForAfrica/ui,2026-04-13,22,4,0,10863,25
CodeForAfrica/sensors.AFRICA,2018-03-19,1,1,1,1,1
CodeForAfrica/sensors.AFRICA,2018-03-26,2,2,2,3,3
CodeForAfrica/sensors.AFRICA,2018-04-02,5,3,0,8,3
CodeForAfrica/sensors.AFRICA,2018-04-16,27,2,0,35,3
CodeForAfrica/sensors.AFRICA,2018-04-23,19,2,1,54,4
CodeForAfrica/sensors.AFRICA,2018-05-14,5,2,1,59,5
CodeForAfrica/sensors.AFRICA,2018-05-21,2,1,0,61,5
CodeForAfrica/sensors.AFRICA,2018-08-06,3,2,1,64,6
CodeForAfrica/sensors.AFRICA,2018-08-13,11,2,0,75,6
CodeForAfrica/sensors.AFRICA,2018-08-20,30,2,0,105,6
CodeForAfrica/sensors.AFRICA,2018-08-27,16,2,0,121,6
CodeForAfrica/sensors.AFRICA,2018-09-03,51,2,0,172,6
CodeForAfrica/sensors.AFRICA,2018-09-10,21,2,0,193,6
CodeForAfrica/sensors.AFRICA,2018-09-17,30,2,0,223,6
CodeForAfrica/sensors.AFRICA,2018-09-24,7,2,0,230,6
CodeForAfrica/sensors.AFRICA,2018-10-01,14,3,2,244,8
CodeForAfrica/sensors.AFRICA,2018-10-08,55,3,0,299,8
CodeForAfrica/sensors.AFRICA,2018-10-15,111,4,2,410,10
CodeForAfrica/sensors.AFRICA,2018-10-22,46,4,0,456,10
CodeForAfrica/sensors.AFRICA,2018-10-29,24,3,0,480,10
CodeForAfrica/sensors.AFRICA,2018-11-05,29,3,0,509,10
CodeForAfrica/sensors.AFRICA,2018-11-12,22,3,0,531,10
CodeForAfrica/sensors.AFRICA,2018-11-19,15,2,0,546,10
CodeForAfrica/sensors.AFRICA,2018-11-26,41,2,0,587,10
CodeForAfrica/sensors.AFRICA,2018-12-03,15,2,0,602,10
CodeForAfrica/sensors.AFRICA,2018-12-10,19,2,0,621,10
CodeForAfrica/sensors.AFRICA,2018-12-17,5,2,0,626,10
CodeForAfrica/sensors.AFRICA,2019-01-07,43,2,0,669,10
CodeForAfrica/sensors.AFRICA,2019-01-14,20,2,0,689,10
CodeForAfrica/sensors.AFRICA,2019-01-21,3,2,0,692,10
CodeForAfrica/sensors.AFRICA,2019-01-28,5,2,0,697,10
CodeForAfrica/sensors.AFRICA,2019-02-04,2,1,0,699,10
CodeForAfrica/sensors.AFRICA,2019-02-11,11,1,0,710,10
CodeForAfrica/sensors.AFRICA,2019-02-18,36,2,0,746,10
CodeForAfrica/sensors.AFRICA,2019-02-25,7,2,0,753,10
CodeForAfrica/sensors.AFRICA,2019-03-04,24,3,1,777,11
CodeForAfrica/sensors.AFRICA,2019-03-18,14,4,0,791,11
CodeForAfrica/sensors.AFRICA,2019-03-25,16,3,0,807,11
CodeForAfrica/sensors.AFRICA,2019-04-01,3,2,0,810,11
CodeForAfrica/sensors.AFRICA,2019-04-08,8,2,0,818,11
CodeForAfrica/sensors.AFRICA,2019-04-22,5,1,0,823,11
CodeForAfrica/sensors.AFRICA,2019-04-29,7,3,0,830,11
CodeForAfrica/sensors.AFRICA,2019-05-06,1,1,0,831,11
CodeForAfrica/sensors.AFRICA,2019-05-20,14,4,1,845,12
CodeForAfrica/sensors.AFRICA,2019-05-27,7,3,0,852,12
CodeForAfrica/sensors.AFRICA,2019-06-03,4,1,0,856,12
CodeForAfrica/sensors.AFRICA,2019-06-17,1,1,0,857,12
CodeForAfrica/sensors.AFRICA,2019-06-24,2,2,0,859,12
CodeForAfrica/sensors.AFRICA,2019-07-01,2,1,0,861,12
CodeForAfrica/sensors.AFRICA,2019-07-08,1,1,1,862,13
CodeForAfrica/sensors.AFRICA,2019-07-15,3,2,0,865,13
CodeForAfrica/sensors.AFRICA,2019-09-02,6,2,0,871,13
CodeForAfrica/sensors.AFRICA,2019-09-09,2,1,0,873,13
CodeForAfrica/sensors.AFRICA,2019-10-07,10,1,0,883,13
CodeForAfrica/sensors.AFRICA,2019-10-14,5,2,0,888,13
CodeForAfrica/sensors.AFRICA,2020-02-10,1,1,0,889,13
CodeForAfrica/sensors.AFRICA,2020-02-17,3,2,0,892,13
CodeForAfrica/sensors.AFRICA,2020-02-24,2,1,0,894,13
CodeForAfrica/sensors.AFRICA,2020-03-02,3,2,0,897,13
CodeForAfrica/sensors.AFRICA,2020-03-09,29,3,0,926,13
CodeForAfrica/sensors.AFRICA,2020-03-16,24,2,0,950,13
CodeForAfrica/sensors.AFRICA,2020-03-23,40,3,0,990,13
CodeForAfrica/sensors.AFRICA,2020-03-30,7,1,0,997,13
CodeForAfrica/sensors.AFRICA,2020-04-13,2,2,0,999,13
CodeForAfrica/sensors.AFRICA,2020-11-02,6,3,2,1005,15
CodeForAfrica/sensors.AFRICA,2020-12-07,2,2,0,1007,15
CodeForAfrica/sensors.AFRICA,2021-03-29,5,2,0,1012,15
CodeForAfrica/sensors.AFRICA,2021-05-03,1,1,0,1013,15
CodeForAfrica/sensors.AFRICA,2021-06-14,1,1,0,1014,15
CodeForAfrica/sensors.AFRICA,2021-07-26,2,1,0,1016,15
CodeForAfrica/sensors.AFRICA,2021-08-09,1,1,1,1017,16
CodeForAfrica/sensors.AFRICA,2021-08-23,1,1,0,1018,16
CodeForAfrica/sensors.AFRICA,2021-08-30,2,2,0,1020,16
CodeForAfrica/sensors.AFRICA,2021-09-20,2,2,0,1022,16
CodeForAfrica/sensors.AFRICA,2021-10-25,3,2,0,1025,16
CodeForAfrica/sensors.AFRICA,2022-01-17,1,1,0,1026,16
CodeForAfrica/sensors.AFRICA,2022-01-24,4,2,0,1030,16
CodeForAfrica/sensors.AFRICA,2022-01-31,13,2,0,1043,16
CodeForAfrica/sensors.AFRICA,2022-02-07,7,3,0,1050,16
CodeForAfrica/sensors.AFRICA,2022-02-14,1,1,0,1051,16
CodeForAfrica/sensors.AFRICA,2022-02-21,6,1,0,1057,16
CodeForAfrica/sensors.AFRICA,2022-03-21,1,1,0,1058,16
CodeForAfrica/sensors.AFRICA,2022-03-28,1,1,0,1059,16
CodeForAfrica/sensors.AFRICA,2022-05-09,12,1,1,1071,17
CodeForAfrica/sensors.AFRICA,2022-07-18,2,2,0,1073,17
CodeForAfrica/sensors.AFRICA,2022-08-08,3,2,1,1076,18
CodeForAfrica/sensors.AFRICA,2022-11-07,2,2,0,1078,18
CodeForAfrica/sensors.AFRICA,2022-11-14,2,2,0,1080,18
CodeForAfrica/sensors.AFRICA,2022-11-21,3,1,0,1083,18
CodeForAfrica/sensors.AFRICA,2022-12-05,19,4,2,1102,20
CodeForAfrica/sensors.AFRICA,2022-12-12,13,3,1,1115,21
CodeForAfrica/sensors.AFRICA,2023-03-13,2,2,0,1117,21
CodeForAfrica/sensors.AFRICA,2023-07-10,22,5,1,1139,22
CodeForAfrica/sensors.AFRICA,2023-07-17,2,2,0,1141,22
CodeForAfrica/sensors.AFRICA,2023-07-24,13,2,0,1154,22
CodeForAfrica/sensors.AFRICA,2023-07-31,3,2,0,1157,22
CodeForAfrica/sensors.AFRICA,2023-08-07,5,2,0,1162,22
CodeForAfrica/sensors.AFRICA,2023-08-14,1,1,0,1163,22
CodeForAfrica/sensors.AFRICA,2023-08-21,5,2,0,1168,22
CodeForAfrica/sensors.AFRICA,2023-08-28,3,2,0,1171,22
CodeForAfrica/sensors.AFRICA,2023-09-04,20,2,0,1191,22
CodeForAfrica/sensors.AFRICA,2023-10-16,2,2,0,1193,22
CodeForAfrica/sensors.AFRICA,2023-10-23,2,2,0,1195,22
CodeForAfrica/sensors.AFRICA,2023-11-13,2,2,0,1197,22
CodeForAfrica/sensors.AFRICA,2024-03-25,2,2,0,1199,22
CodeForAfrica/sensors.AFRICA,2024-04-15,1,1,0,1200,22
CodeForAfrica/sensors.AFRICA,2024-05-06,1,1,0,1201,22
CodeForAfrica/sensors.AFRICA,2024-07-15,11,1,0,1212,22
CodeForAfrica/sensors.AFRICA,2024-07-22,1,1,0,1213,22
CodeForAfrica/sensors.AFRICA,2024-07-29,3,2,0,1216,22
CodeForAfrica/sensors.AFRICA,2024-10-21,3,1,1,1219,23
CodeForAfrica/sensors.AFRICA,2024-10-28,9,1,0,1228,23
CodeForAfrica/sensors.AFRICA,2024-11-04,8,2,1,1236,24
CodeForAfrica/sensors.AFRICA,2024-11-11,2,1,0,1238,24
CodeForAfrica/sensors.AFRICA,2024-11-25,2,2,0,1240,24
CodeForAfrica/sensors.AFRICA,2025-08-25,1,1,0,1241,24
CodeForAfrica/sensors.AFRICA,2025-09-15,30,1,0,1271,24
codeforamerica/form-flow,2022-09-19,12,4,4,12,4
codeforamerica/form-flow,2022-09-26,16,5,1,28,5
codeforamerica/form-flow,2022-10-03,11,3,0,39,5
codeforamerica/form-flow,2022-10-10,5,3,0,44,5
codeforamerica/form-flow,2022-10-17,8,6,1,52,6
codeforamerica/form-flow,2022-10-24,9,3,0,61,6
codeforamerica/form-flow,2022-10-31,7,3,0,68,6
codeforamerica/form-flow,2022-11-07,4,3,0,72,6
codeforamerica/form-flow,2022-11-14,13,5,0,85,6
codeforamerica/form-flow,2022-11-28,12,4,0,97,6
codeforamerica/form-flow,2022-12-05,7,3,0,104,6
codeforamerica/form-flow,2022-12-12,17,5,0,121,6
codeforamerica/form-flow,2022-12-19,12,5,2,133,8
codeforamerica/form-flow,2023-01-02,14,5,0,147,8
codeforamerica/form-flow,2023-01-09,7,4,0,154,8
codeforamerica/form-flow,2023-01-16,5,3,0,159,8
codeforamerica/form-flow,2023-01-23,11,5,1,170,9
codeforamerica/form-flow,2023-01-30,12,7,0,182,9
codeforamerica/form-flow,2023-02-06,6,6,1,188,10
codeforamerica/form-flow,2023-02-13,5,5,0,193,10
codeforamerica/form-flow,2023-02-20,1,1,0,194,10
codeforamerica/form-flow,2023-02-27,7,5,0,201,10
codeforamerica/form-flow,2023-03-06,15,7,0,216,10
codeforamerica/form-flow,2023-03-13,5,3,0,221,10
codeforamerica/form-flow,2023-03-20,10,6,0,231,10
codeforamerica/form-flow,2023-03-27,5,4,0,236,10
codeforamerica/form-flow,2023-04-03,6,4,0,242,10
codeforamerica/form-flow,2023-04-10,7,5,0,249,10
codeforamerica/form-flow,2023-04-17,7,5,1,256,11
codeforamerica/form-flow,2023-04-24,11,6,0,267,11
codeforamerica/form-flow,2023-05-01,9,4,0,276,11
codeforamerica/form-flow,2023-05-08,6,2,0,282,11
codeforamerica/form-flow,2023-05-15,19,7,0,301,11
codeforamerica/form-flow,2023-05-22,8,3,0,309,11
codeforamerica/form-flow,2023-05-29,8,5,0,317,11
codeforamerica/form-flow,2023-06-05,9,4,0,326,11
codeforamerica/form-flow,2023-06-12,25,9,0,351,11
codeforamerica/form-flow,2023-06-19,9,5,0,360,11
codeforamerica/form-flow,2023-06-26,15,5,0,375,11
codeforamerica/form-flow,2023-07-03,17,3,0,392,11
codeforamerica/form-flow,2023-07-10,9,5,0,401,11
codeforamerica/form-flow,2023-07-17,19,5,0,420,11
codeforamerica/form-flow,2023-07-24,11,6,1,431,12
codeforamerica/form-flow,2023-07-31,10,6,0,441,12
codeforamerica/form-flow,2023-08-07,4,4,0,445,12
codeforamerica/form-flow,2023-08-14,4,3,1,449,13
codeforamerica/form-flow,2023-08-21,12,5,0,461,13
codeforamerica/form-flow,2023-08-28,9,5,0,470,13
codeforamerica/form-flow,2023-09-04,7,4,0,477,13
codeforamerica/form-flow,2023-09-11,9,5,0,486,13
codeforamerica/form-flow,2023-09-25,33,7,1,519,14
codeforamerica/form-flow,2023-10-02,14,5,0,533,14
codeforamerica/form-flow,2023-10-09,15,6,0,548,14
codeforamerica/form-flow,2023-10-16,4,3,0,552,14
codeforamerica/form-flow,2023-10-23,10,5,1,562,15
codeforamerica/form-flow,2023-10-30,6,6,0,568,15
codeforamerica/form-flow,2023-11-06,5,3,0,573,15
codeforamerica/form-flow,2023-11-13,12,3,0,585,15
codeforamerica/form-flow,2023-11-20,4,3,0,589,15
codeforamerica/form-flow,2023-11-27,27,5,0,616,15
codeforamerica/form-flow,2023-12-04,8,4,0,624,15
codeforamerica/form-flow,2023-12-11,10,6,0,634,15
codeforamerica/form-flow,2023-12-18,7,3,0,641,15
codeforamerica/form-flow,2024-01-01,3,1,0,644,15
codeforamerica/form-flow,2024-01-08,4,2,0,648,15
codeforamerica/form-flow,2024-01-15,2,2,0,650,15
codeforamerica/form-flow,2024-01-22,6,3,0,656,15
codeforamerica/form-flow,2024-01-29,7,5,1,663,16
codeforamerica/form-flow,2024-02-05,2,2,0,665,16
codeforamerica/form-flow,2024-02-12,11,6,0,676,16
codeforamerica/form-flow,2024-02-19,10,3,0,686,16
codeforamerica/form-flow,2024-02-26,1,1,0,687,16
codeforamerica/form-flow,2024-03-04,7,2,0,694,16
codeforamerica/form-flow,2024-03-11,1,1,0,695,16
codeforamerica/form-flow,2024-03-18,4,2,0,699,16
codeforamerica/form-flow,2024-03-25,1,1,0,700,16
codeforamerica/form-flow,2024-04-01,1,1,0,701,16
codeforamerica/form-flow,2024-04-08,3,1,0,704,16
codeforamerica/form-flow,2024-04-15,5,1,0,709,16
codeforamerica/form-flow,2024-04-22,8,3,0,717,16
codeforamerica/form-flow,2024-04-29,4,2,0,721,16
codeforamerica/form-flow,2024-05-06,4,3,0,725,16
codeforamerica/form-flow,2024-05-13,1,1,0,726,16
codeforamerica/form-flow,2024-05-20,1,1,0,727,16
codeforamerica/form-flow,2024-06-03,5,1,0,732,16
codeforamerica/form-flow,2024-06-10,2,2,0,734,16
codeforamerica/form-flow,2024-06-17,1,1,0,735,16
codeforamerica/form-flow,2024-07-15,1,1,0,736,16
codeforamerica/form-flow,2024-07-22,8,3,1,744,17
codeforamerica/form-flow,2024-07-29,9,3,0,753,17
codeforamerica/form-flow,2024-08-19,9,3,0,762,17
codeforamerica/form-flow,2024-08-26,1,1,0,763,17
codeforamerica/form-flow,2024-09-02,5,3,0,768,17
codeforamerica/form-flow,2024-09-16,4,2,0,772,17
codeforamerica/form-flow,2024-10-07,6,3,0,778,17
codeforamerica/form-flow,2024-10-21,6,3,0,784,17
codeforamerica/form-flow,2024-10-28,3,1,0,787,17
codeforamerica/form-flow,2024-11-11,2,1,0,789,17
codeforamerica/form-flow,2024-11-18,4,3,0,793,17
codeforamerica/form-flow,2024-11-25,3,3,0,796,17
codeforamerica/form-flow,2024-12-09,8,4,0,804,17
codeforamerica/form-flow,2024-12-16,9,3,0,813,17
codeforamerica/form-flow,2025-01-06,3,3,0,816,17
codeforamerica/form-flow,2025-01-13,1,1,0,817,17
codeforamerica/form-flow,2025-01-20,3,3,0,820,17
codeforamerica/form-flow,2025-01-27,8,3,0,828,17
codeforamerica/form-flow,2025-02-03,8,3,0,836,17
codeforamerica/form-flow,2025-02-10,12,3,0,848,17
codeforamerica/form-flow,2025-02-17,5,3,0,853,17
codeforamerica/form-flow,2025-02-24,4,3,0,857,17
codeforamerica/form-flow,2025-03-03,3,3,0,860,17
codeforamerica/form-flow,2025-03-10,1,1,0,861,17
codeforamerica/form-flow,2025-03-17,12,4,0,873,17
codeforamerica/form-flow,2025-03-24,2,1,0,875,17
codeforamerica/form-flow,2025-03-31,5,3,0,880,17
codeforamerica/form-flow,2025-04-07,1,1,0,881,17
codeforamerica/form-flow,2025-04-14,7,3,0,888,17
codeforamerica/form-flow,2025-04-21,7,1,0,895,17
codeforamerica/form-flow,2025-04-28,5,1,0,900,17
codeforamerica/form-flow,2025-05-05,5,2,0,905,17
codeforamerica/form-flow,2025-05-12,4,1,0,909,17
codeforamerica/form-flow,2025-05-19,25,4,0,934,17
codeforamerica/form-flow,2025-05-26,6,2,0,940,17
codeforamerica/form-flow,2025-06-02,12,4,0,952,17
codeforamerica/form-flow,2025-06-09,14,4,0,966,17
codeforamerica/form-flow,2025-06-16,15,5,1,981,18
codeforamerica/form-flow,2025-06-23,11,3,0,992,18
codeforamerica/form-flow,2025-06-30,4,1,0,996,18
codeforamerica/form-flow,2025-07-07,10,2,0,1006,18
codeforamerica/form-flow,2025-07-14,12,3,0,1018,18
codeforamerica/form-flow,2025-07-21,8,4,0,1026,18
codeforamerica/form-flow,2025-07-28,3,2,0,1029,18
codeforamerica/form-flow,2025-08-04,10,3,0,1039,18
codeforamerica/form-flow,2025-08-11,4,2,0,1043,18
codeforamerica/form-flow,2025-08-18,6,1,0,1049,18
codeforamerica/form-flow,2025-08-25,9,3,0,1058,18
codeforamerica/form-flow,2025-09-01,5,2,0,1063,18
codeforamerica/form-flow,2025-09-08,4,1,0,1067,18
codeforamerica/form-flow,2025-09-15,10,1,0,1077,18
codeforamerica/form-flow,2025-09-22,7,2,0,1084,18
codeforamerica/form-flow,2025-09-29,9,2,0,1093,18
codeforamerica/form-flow,2025-10-06,3,1,0,1096,18
codeforamerica/form-flow,2025-10-13,8,1,0,1104,18
codeforamerica/form-flow,2025-10-20,8,1,0,1112,18
codeforamerica/form-flow,2025-10-27,8,2,0,1120,18
codeforamerica/form-flow,2025-11-03,16,4,0,1136,18
codeforamerica/form-flow,2025-11-10,14,4,0,1150,18
codeforamerica/form-flow,2025-11-17,15,3,0,1165,18
codeforamerica/form-flow,2025-12-01,20,5,0,1185,18
codeforamerica/form-flow,2025-12-08,21,4,0,1206,18
codeforamerica/form-flow,2025-12-15,17,3,0,1223,18
codeforamerica/form-flow,2025-12-22,6,1,0,1229,18
codeforamerica/form-flow,2026-01-05,12,3,0,1241,18
codeforamerica/form-flow,2026-01-12,8,1,0,1249,18
codeforamerica/form-flow,2026-01-19,7,2,0,1256,18
codeforamerica/form-flow,2026-01-26,24,5,1,1280,19
codeforamerica/form-flow,2026-02-02,1,1,0,1281,19
codeforamerica/form-flow,2026-02-09,4,1,0,1285,19
codeforamerica/form-flow,2026-02-23,8,1,0,1293,19
codeforamerica/form-flow,2026-03-02,7,1,0,1300,19
codeforamerica/form-flow,2026-03-09,3,1,0,1303,19
codeforamerica/form-flow,2026-03-16,10,1,0,1313,19
codeforamerica/form-flow,2026-03-23,4,1,0,1317,19
codeforamerica/form-flow,2026-03-30,11,2,0,1328,19
codeforamerica/form-flow,2026-04-06,4,1,0,1332,19
codeforamerica/vita-min,2019-11-04,13,1,1,13,1
codeforamerica/vita-min,2019-11-11,2,1,0,15,1
codeforamerica/vita-min,2019-12-02,12,2,1,27,2
codeforamerica/vita-min,2019-12-09,13,2,0,40,2
codeforamerica/vita-min,2019-12-16,5,3,1,45,3
codeforamerica/vita-min,2019-12-30,2,2,0,47,3
codeforamerica/vita-min,2020-01-06,11,2,0,58,3
codeforamerica/vita-min,2020-01-13,20,2,0,78,3
codeforamerica/vita-min,2020-01-20,15,2,0,93,3
codeforamerica/vita-min,2020-01-27,22,3,1,115,4
codeforamerica/vita-min,2020-02-03,33,3,0,148,4
codeforamerica/vita-min,2020-02-10,34,3,0,182,4
codeforamerica/vita-min,2020-02-17,42,3,0,224,4
codeforamerica/vita-min,2020-02-24,32,3,0,256,4
codeforamerica/vita-min,2020-03-02,17,3,0,273,4
codeforamerica/vita-min,2020-03-09,14,3,0,287,4
codeforamerica/vita-min,2020-03-16,24,3,0,311,4
codeforamerica/vita-min,2020-03-23,39,3,0,350,4
codeforamerica/vita-min,2020-03-30,34,4,1,384,5
codeforamerica/vita-min,2020-04-06,17,4,0,401,5
codeforamerica/vita-min,2020-04-13,24,4,0,425,5
codeforamerica/vita-min,2020-04-20,104,8,4,529,9
codeforamerica/vita-min,2020-04-27,65,7,1,594,10
codeforamerica/vita-min,2020-05-04,87,7,0,681,10
codeforamerica/vita-min,2020-05-11,43,8,0,724,10
codeforamerica/vita-min,2020-05-18,56,8,0,780,10
codeforamerica/vita-min,2020-05-25,47,8,0,827,10
codeforamerica/vita-min,2020-06-01,24,8,2,851,12
codeforamerica/vita-min,2020-06-08,80,9,1,931,13
codeforamerica/vita-min,2020-06-15,37,8,1,968,14
codeforamerica/vita-min,2020-06-22,49,10,0,1017,14
codeforamerica/vita-min,2020-06-29,39,9,1,1056,15
codeforamerica/vita-min,2020-07-06,32,8,0,1088,15
codeforamerica/vita-min,2020-07-13,25,5,0,1113,15
codeforamerica/vita-min,2020-07-20,7,3,0,1120,15
codeforamerica/vita-min,2020-07-27,13,5,0,1133,15
codeforamerica/vita-min,2020-08-03,29,6,1,1162,16
codeforamerica/vita-min,2020-08-10,19,4,0,1181,16
codeforamerica/vita-min,2020-08-17,27,4,0,1208,16
codeforamerica/vita-min,2020-08-24,22,3,0,1230,16
codeforamerica/vita-min,2020-08-31,22,5,0,1252,16
codeforamerica/vita-min,2020-09-07,25,3,0,1277,16
codeforamerica/vita-min,2020-09-14,21,4,0,1298,16
codeforamerica/vita-min,2020-09-21,34,7,2,1332,18
codeforamerica/vita-min,2020-09-28,26,5,0,1358,18
codeforamerica/vita-min,2020-10-05,44,8,3,1402,21
codeforamerica/vita-min,2020-10-12,36,5,0,1438,21
codeforamerica/vita-min,2020-10-19,17,7,1,1455,22
codeforamerica/vita-min,2020-10-26,34,6,0,1489,22
codeforamerica/vita-min,2020-11-02,13,3,0,1502,22
codeforamerica/vita-min,2020-11-09,23,7,1,1525,23
codeforamerica/vita-min,2020-11-16,19,6,0,1544,23
codeforamerica/vita-min,2020-11-23,14,5,0,1558,23
codeforamerica/vita-min,2020-11-30,19,6,0,1577,23
codeforamerica/vita-min,2020-12-07,32,6,0,1609,23
codeforamerica/vita-min,2020-12-14,44,10,1,1653,24
codeforamerica/vita-min,2020-12-21,13,3,0,1666,24
codeforamerica/vita-min,2021-01-04,22,7,0,1688,24
codeforamerica/vita-min,2021-01-11,46,7,1,1734,25
codeforamerica/vita-min,2021-01-18,41,7,0,1775,25
codeforamerica/vita-min,2021-01-25,59,7,0,1834,25
codeforamerica/vita-min,2021-02-01,51,6,0,1885,25
codeforamerica/vita-min,2021-02-08,74,7,0,1959,25
codeforamerica/vita-min,2021-02-15,37,5,0,1996,25
codeforamerica/vita-min,2021-02-22,50,5,0,2046,25
codeforamerica/vita-min,2021-03-01,49,5,0,2095,25
codeforamerica/vita-min,2021-03-08,29,5,0,2124,25
codeforamerica/vita-min,2021-03-15,23,7,1,2147,26
codeforamerica/vita-min,2021-03-22,54,6,0,2201,26
codeforamerica/vita-min,2021-03-29,30,6,1,2231,27
codeforamerica/vita-min,2021-04-05,49,7,1,2280,28
codeforamerica/vita-min,2021-04-12,33,9,1,2313,29
codeforamerica/vita-min,2021-04-19,20,6,0,2333,29
codeforamerica/vita-min,2021-04-26,18,5,0,2351,29
codeforamerica/vita-min,2021-05-03,36,7,0,2387,29
codeforamerica/vita-min,2021-05-10,37,7,0,2424,29
codeforamerica/vita-min,2021-05-17,24,8,0,2448,29
codeforamerica/vita-min,2021-05-24,19,6,0,2467,29
codeforamerica/vita-min,2021-05-31,8,6,0,2475,29
codeforamerica/vita-min,2021-06-07,15,6,0,2490,29
codeforamerica/vita-min,2021-06-14,44,8,1,2534,30
codeforamerica/vita-min,2021-06-21,10,5,0,2544,30
codeforamerica/vita-min,2021-06-28,51,5,0,2595,30
codeforamerica/vita-min,2021-07-05,27,5,0,2622,30
codeforamerica/vita-min,2021-07-12,53,10,1,2675,31
codeforamerica/vita-min,2021-07-19,60,10,0,2735,31
codeforamerica/vita-min,2021-07-26,38,7,0,2773,31
codeforamerica/vita-min,2021-08-02,55,6,0,2828,31
codeforamerica/vita-min,2021-08-09,82,7,0,2910,31
codeforamerica/vita-min,2021-08-16,57,6,0,2967,31
codeforamerica/vita-min,2021-08-23,40,7,1,3007,32
codeforamerica/vita-min,2021-08-30,29,8,0,3036,32
codeforamerica/vita-min,2021-09-06,32,8,0,3068,32
codeforamerica/vita-min,2021-09-13,50,10,0,3118,32
codeforamerica/vita-min,2021-09-20,43,8,2,3161,34
codeforamerica/vita-min,2021-09-27,25,6,0,3186,34
codeforamerica/vita-min,2021-10-04,16,8,0,3202,34
codeforamerica/vita-min,2021-10-11,20,7,0,3222,34
codeforamerica/vita-min,2021-10-18,43,6,0,3265,34
codeforamerica/vita-min,2021-10-25,17,6,0,3282,34
codeforamerica/vita-min,2021-11-01,29,7,0,3311,34
codeforamerica/vita-min,2021-11-08,18,5,0,3329,34
codeforamerica/vita-min,2021-11-15,26,7,0,3355,34
codeforamerica/vita-min,2021-11-29,19,8,0,3374,34
codeforamerica/vita-min,2021-12-06,25,5,0,3399,34
codeforamerica/vita-min,2021-12-13,17,5,0,3416,34
codeforamerica/vita-min,2021-12-20,21,7,0,3437,34
codeforamerica/vita-min,2022-01-03,9,5,0,3446,34
codeforamerica/vita-min,2022-01-10,13,6,0,3459,34
codeforamerica/vita-min,2022-01-17,30,6,0,3489,34
codeforamerica/vita-min,2022-01-24,31,7,0,3520,34
codeforamerica/vita-min,2022-01-31,32,7,0,3552,34
codeforamerica/vita-min,2022-02-07,33,7,0,3585,34
codeforamerica/vita-min,2022-02-14,39,8,0,3624,34
codeforamerica/vita-min,2022-02-21,16,6,0,3640,34
codeforamerica/vita-min,2022-02-28,20,8,0,3660,34
codeforamerica/vita-min,2022-03-07,25,6,0,3685,34
codeforamerica/vita-min,2022-03-14,34,8,0,3719,34
codeforamerica/vita-min,2022-03-21,21,6,0,3740,34
codeforamerica/vita-min,2022-03-28,15,5,0,3755,34
codeforamerica/vita-min,2022-04-04,25,5,1,3780,35
codeforamerica/vita-min,2022-04-11,27,8,0,3807,35
codeforamerica/vita-min,2022-04-18,43,7,0,3850,35
codeforamerica/vita-min,2022-04-25,58,9,0,3908,35
codeforamerica/vita-min,2022-05-02,42,9,1,3950,36
codeforamerica/vita-min,2022-05-09,56,7,0,4006,36
codeforamerica/vita-min,2022-05-16,23,5,0,4029,36
codeforamerica/vita-min,2022-05-23,23,6,0,4052,36
codeforamerica/vita-min,2022-05-30,16,6,0,4068,36
codeforamerica/vita-min,2022-06-06,12,4,0,4080,36
codeforamerica/vita-min,2022-06-13,17,6,0,4097,36
codeforamerica/vita-min,2022-06-20,23,6,0,4120,36
codeforamerica/vita-min,2022-06-27,23,5,0,4143,36
codeforamerica/vita-min,2022-07-11,17,7,0,4160,36
codeforamerica/vita-min,2022-07-18,29,8,0,4189,36
codeforamerica/vita-min,2022-07-25,17,7,0,4206,36
codeforamerica/vita-min,2022-08-01,13,5,0,4219,36
codeforamerica/vita-min,2022-08-08,9,2,0,4228,36
codeforamerica/vita-min,2022-08-15,12,4,0,4240,36
codeforamerica/vita-min,2022-08-22,14,8,0,4254,36
codeforamerica/vita-min,2022-08-29,8,5,0,4262,36
codeforamerica/vita-min,2022-09-05,19,8,0,4281,36
codeforamerica/vita-min,2022-09-12,16,6,0,4297,36
codeforamerica/vita-min,2022-09-19,15,5,0,4312,36
codeforamerica/vita-min,2022-09-26,24,6,1,4336,37
codeforamerica/vita-min,2022-10-03,23,7,0,4359,37
codeforamerica/vita-min,2022-10-10,16,6,0,4375,37
codeforamerica/vita-min,2022-10-17,17,6,0,4392,37
codeforamerica/vita-min,2022-10-24,25,6,0,4417,37
codeforamerica/vita-min,2022-10-31,7,5,0,4424,37
codeforamerica/vita-min,2022-11-07,22,10,3,4446,40
codeforamerica/vita-min,2022-11-14,19,8,0,4465,40
codeforamerica/vita-min,2022-11-28,13,5,0,4478,40
codeforamerica/vita-min,2022-12-05,7,4,0,4485,40
codeforamerica/vita-min,2022-12-12,10,4,0,4495,40
codeforamerica/vita-min,2022-12-19,5,3,0,4500,40
codeforamerica/vita-min,2023-01-02,6,4,0,4506,40
codeforamerica/vita-min,2023-01-09,13,8,0,4519,40
codeforamerica/vita-min,2023-01-16,19,8,0,4538,40
codeforamerica/vita-min,2023-01-23,25,7,0,4563,40
codeforamerica/vita-min,2023-01-30,20,8,0,4583,40
codeforamerica/vita-min,2023-02-06,8,3,0,4591,40
codeforamerica/vita-min,2023-02-13,13,4,0,4604,40
codeforamerica/vita-min,2023-02-20,19,8,0,4623,40
codeforamerica/vita-min,2023-02-27,14,7,0,4637,40
codeforamerica/vita-min,2023-03-06,23,9,0,4660,40
codeforamerica/vita-min,2023-03-13,10,5,0,4670,40
codeforamerica/vita-min,2023-03-20,11,6,0,4681,40
codeforamerica/vita-min,2023-03-27,7,4,0,4688,40
codeforamerica/vita-min,2023-04-03,10,5,0,4698,40
codeforamerica/vita-min,2023-04-10,6,3,1,4704,41
codeforamerica/vita-min,2023-04-17,10,6,0,4714,41
codeforamerica/vita-min,2023-04-24,4,4,0,4718,41
codeforamerica/vita-min,2023-05-01,14,6,0,4732,41
codeforamerica/vita-min,2023-05-08,2,2,1,4734,42
codeforamerica/vita-min,2023-05-15,3,3,0,4737,42
codeforamerica/vita-min,2023-05-22,11,3,0,4748,42
codeforamerica/vita-min,2023-05-29,6,2,0,4754,42
codeforamerica/vita-min,2023-06-05,3,2,0,4757,42
codeforamerica/vita-min,2023-06-12,10,4,0,4767,42
codeforamerica/vita-min,2023-06-19,9,4,0,4776,42
codeforamerica/vita-min,2023-06-26,4,2,0,4780,42
codeforamerica/vita-min,2023-07-03,7,5,0,4787,42
codeforamerica/vita-min,2023-07-10,6,4,0,4793,42
codeforamerica/vita-min,2023-07-17,4,2,0,4797,42
codeforamerica/vita-min,2023-07-24,4,3,0,4801,42
codeforamerica/vita-min,2023-07-31,6,4,0,4807,42
codeforamerica/vita-min,2023-08-07,12,4,1,4819,43
codeforamerica/vita-min,2023-08-14,11,5,0,4830,43
codeforamerica/vita-min,2023-08-21,5,3,0,4835,43
codeforamerica/vita-min,2023-08-28,6,3,0,4841,43
codeforamerica/vita-min,2023-09-04,1,1,0,4842,43
codeforamerica/vita-min,2023-09-11,8,4,0,4850,43
codeforamerica/vita-min,2023-09-25,14,5,0,4864,43
codeforamerica/vita-min,2023-10-02,13,3,0,4877,43
codeforamerica/vita-min,2023-10-09,6,3,0,4883,43
codeforamerica/vita-min,2023-10-16,7,5,1,4890,44
codeforamerica/vita-min,2023-10-23,33,7,1,4923,45
codeforamerica/vita-min,2023-10-30,25,6,0,4948,45
codeforamerica/vita-min,2023-11-06,16,9,2,4964,47
codeforamerica/vita-min,2023-11-13,34,8,0,4998,47
codeforamerica/vita-min,2023-11-20,16,7,1,5014,48
codeforamerica/vita-min,2023-11-27,33,7,0,5047,48
codeforamerica/vita-min,2023-12-04,26,8,0,5073,48
codeforamerica/vita-min,2023-12-11,31,8,2,5104,50
codeforamerica/vita-min,2023-12-18,48,8,0,5152,50
codeforamerica/vita-min,2023-12-25,9,2,0,5161,50
codeforamerica/vita-min,2024-01-01,24,8,0,5185,50
codeforamerica/vita-min,2024-01-08,50,9,0,5235,50
codeforamerica/vita-min,2024-01-15,46,7,0,5281,50
codeforamerica/vita-min,2024-01-22,50,7,0,5331,50
codeforamerica/vita-min,2024-01-29,51,7,0,5382,50
codeforamerica/vita-min,2024-02-05,41,9,0,5423,50
codeforamerica/vita-min,2024-02-12,34,5,0,5457,50
codeforamerica/vita-min,2024-02-19,11,4,0,5468,50
codeforamerica/vita-min,2024-02-26,28,7,0,5496,50
codeforamerica/vita-min,2024-03-04,30,7,0,5526,50
codeforamerica/vita-min,2024-03-11,22,6,0,5548,50
codeforamerica/vita-min,2024-03-18,35,8,0,5583,50
codeforamerica/vita-min,2024-03-25,19,5,1,5602,51
codeforamerica/vita-min,2024-04-01,16,6,0,5618,51
codeforamerica/vita-min,2024-04-08,34,6,0,5652,51
codeforamerica/vita-min,2024-04-15,7,4,0,5659,51
codeforamerica/vita-min,2024-04-22,8,5,0,5667,51
codeforamerica/vita-min,2024-04-29,2,1,0,5669,51
codeforamerica/vita-min,2024-05-06,4,2,0,5673,51
codeforamerica/vita-min,2024-05-13,5,2,0,5678,51
codeforamerica/vita-min,2024-05-20,14,4,0,5692,51
codeforamerica/vita-min,2024-05-27,1,1,0,5693,51
codeforamerica/vita-min,2024-06-03,17,4,0,5710,51
codeforamerica/vita-min,2024-06-10,11,4,0,5721,51
codeforamerica/vita-min,2024-06-17,7,6,0,5728,51
codeforamerica/vita-min,2024-06-24,8,3,0,5736,51
codeforamerica/vita-min,2024-07-01,9,4,0,5745,51
codeforamerica/vita-min,2024-07-08,28,5,1,5773,52
codeforamerica/vita-min,2024-07-15,11,3,0,5784,52
codeforamerica/vita-min,2024-07-22,28,7,2,5812,54
codeforamerica/vita-min,2024-07-29,13,5,0,5825,54
codeforamerica/vita-min,2024-08-05,24,6,0,5849,54
codeforamerica/vita-min,2024-08-12,9,3,0,5858,54
codeforamerica/vita-min,2024-08-19,10,5,0,5868,54
codeforamerica/vita-min,2024-08-26,13,7,1,5881,55
codeforamerica/vita-min,2024-09-02,15,6,0,5896,55
codeforamerica/vita-min,2024-09-09,22,9,3,5918,58
codeforamerica/vita-min,2024-09-16,14,8,0,5932,58
codeforamerica/vita-min,2024-09-23,20,9,0,5952,58
codeforamerica/vita-min,2024-09-30,23,8,0,5975,58
codeforamerica/vita-min,2024-10-07,26,14,4,6001,62
codeforamerica/vita-min,2024-10-14,24,10,0,6025,62
codeforamerica/vita-min,2024-10-21,20,11,1,6045,63
codeforamerica/vita-min,2024-10-28,30,10,0,6075,63
codeforamerica/vita-min,2024-11-04,18,12,1,6093,64
codeforamerica/vita-min,2024-11-11,27,12,0,6120,64
codeforamerica/vita-min,2024-11-18,31,14,0,6151,64
codeforamerica/vita-min,2024-11-25,23,12,0,6174,64
codeforamerica/vita-min,2024-12-02,84,14,0,6258,64
codeforamerica/vita-min,2024-12-09,67,17,0,6325,64
codeforamerica/vita-min,2024-12-16,53,15,1,6378,65
codeforamerica/vita-min,2024-12-23,26,11,0,6404,65
codeforamerica/vita-min,2024-12-30,4,4,0,6408,65
codeforamerica/vita-min,2025-01-06,34,12,0,6442,65
codeforamerica/vita-min,2025-01-13,41,13,0,6483,65
codeforamerica/vita-min,2025-01-20,50,16,0,6533,65
codeforamerica/vita-min,2025-01-27,51,16,0,6584,65
codeforamerica/vita-min,2025-02-03,41,15,0,6625,65
codeforamerica/vita-min,2025-02-10,41,15,0,6666,65
codeforamerica/vita-min,2025-02-17,31,14,0,6697,65
codeforamerica/vita-min,2025-02-24,33,14,0,6730,65
codeforamerica/vita-min,2025-03-03,36,12,0,6766,65
codeforamerica/vita-min,2025-03-10,30,10,0,6796,65
codeforamerica/vita-min,2025-03-17,28,12,0,6824,65
codeforamerica/vita-min,2025-03-24,19,10,0,6843,65
codeforamerica/vita-min,2025-03-31,20,9,0,6863,65
codeforamerica/vita-min,2025-04-07,34,10,0,6897,65
codeforamerica/vita-min,2025-04-14,33,11,0,6930,65
codeforamerica/vita-min,2025-04-21,22,8,0,6952,65
codeforamerica/vita-min,2025-04-28,12,7,0,6964,65
codeforamerica/vita-min,2025-05-05,5,3,0,6969,65
codeforamerica/vita-min,2025-05-12,3,2,0,6972,65
codeforamerica/vita-min,2025-05-19,3,2,0,6975,65
codeforamerica/vita-min,2025-05-26,5,3,0,6980,65
codeforamerica/vita-min,2025-06-02,2,2,0,6982,65
codeforamerica/vita-min,2025-06-09,6,6,0,6988,65
codeforamerica/vita-min,2025-06-16,3,3,0,6991,65
codeforamerica/vita-min,2025-06-23,3,3,0,6994,65
codeforamerica/vita-min,2025-06-30,2,2,0,6996,65
codeforamerica/vita-min,2025-07-07,5,4,0,7001,65
codeforamerica/vita-min,2025-07-14,2,2,0,7003,65
codeforamerica/vita-min,2025-07-21,6,4,0,7009,65
codeforamerica/vita-min,2025-07-28,3,3,0,7012,65
codeforamerica/vita-min,2025-08-04,2,2,0,7014,65
codeforamerica/vita-min,2025-08-11,3,2,0,7017,65
codeforamerica/vita-min,2025-08-18,2,2,0,7019,65
codeforamerica/vita-min,2025-08-25,3,3,0,7022,65
codeforamerica/vita-min,2025-09-08,2,1,0,7024,65
codeforamerica/vita-min,2025-09-15,3,3,0,7027,65
codeforamerica/vita-min,2025-09-22,14,5,0,7041,65
codeforamerica/vita-min,2025-09-29,9,4,0,7050,65
codeforamerica/vita-min,2025-10-13,8,5,0,7058,65
codeforamerica/vita-min,2025-10-20,8,4,0,7066,65
codeforamerica/vita-min,2025-10-27,4,3,0,7070,65
codeforamerica/vita-min,2025-11-03,1,1,0,7071,65
codeforamerica/vita-min,2025-11-10,4,2,0,7075,65
codeforamerica/vita-min,2025-11-17,7,4,0,7082,65
codeforamerica/vita-min,2025-11-24,2,1,0,7084,65
codeforamerica/vita-min,2025-12-01,4,1,0,7088,65
codeforamerica/vita-min,2025-12-08,8,4,0,7096,65
codeforamerica/vita-min,2025-12-15,4,4,0,7100,65
codeforamerica/vita-min,2025-12-22,2,2,0,7102,65
codeforamerica/vita-min,2026-01-05,3,3,0,7105,65
codeforamerica/vita-min,2026-01-12,14,4,0,7119,65
codeforamerica/vita-min,2026-01-19,9,3,0,7128,65
codeforamerica/vita-min,2026-01-26,4,2,0,7132,65
codeforamerica/vita-min,2026-02-02,8,3,0,7140,65
codeforamerica/vita-min,2026-02-09,8,4,0,7148,65
codeforamerica/vita-min,2026-02-16,9,4,0,7157,65
codeforamerica/vita-min,2026-02-23,3,3,0,7160,65
codeforamerica/vita-min,2026-03-02,9,4,0,7169,65
codeforamerica/vita-min,2026-03-09,10,4,0,7179,65
codeforamerica/vita-min,2026-03-16,8,3,0,7187,65
codeforamerica/vita-min,2026-03-23,10,2,0,7197,65
codeforamerica/vita-min,2026-03-30,5,3,1,7202,66
codeforamerica/vita-min,2026-04-06,11,4,0,7213,66
codeforamerica/vita-min,2026-04-13,8,4,0,7221,66
codeforamerica/tofu-modules-aws-serverless-database,2024-08-05,1,1,1,1,1
codeforamerica/tofu-modules-aws-serverless-database,2024-08-12,1,1,0,2,1
codeforamerica/tofu-modules-aws-serverless-database,2024-10-07,1,1,0,3,1
codeforamerica/tofu-modules-aws-serverless-database,2024-11-11,1,1,0,4,1
codeforamerica/tofu-modules-aws-serverless-database,2024-12-02,3,2,1,7,2
codeforamerica/tofu-modules-aws-serverless-database,2025-03-24,2,1,0,9,2
codeforamerica/tofu-modules-aws-serverless-database,2025-04-21,10,2,0,19,2
codeforamerica/tofu-modules-aws-serverless-database,2025-05-05,3,2,0,22,2
codeforamerica/tofu-modules-aws-serverless-database,2025-07-21,3,2,0,25,2
codeforamerica/tofu-modules-aws-serverless-database,2025-12-15,2,2,0,27,2
codeforamerica/tofu-modules-aws-serverless-database,2026-01-19,4,2,0,31,2
codeforamerica/tofu-modules-aws-serverless-database,2026-02-16,3,3,1,34,3
codeforamerica/tofu-modules-aws-serverless-database,2026-02-23,3,2,0,37,3
codeforamerica/tofu-modules-aws-serverless-database,2026-03-09,2,2,0,39,3
codeforamerica/tofu-modules-aws-serverless-database,2026-03-23,1,1,0,40,3
codeforamerica/tax-benefits-backend,2024-04-08,1,1,1,1,1
codeforamerica/tax-benefits-backend,2024-04-15,2,1,0,3,1
codeforamerica/tax-benefits-backend,2024-04-22,2,1,0,5,1
codeforamerica/tax-benefits-backend,2024-05-06,1,1,0,6,1
codeforamerica/tax-benefits-backend,2024-09-23,1,1,0,7,1
codeforamerica/tax-benefits-backend,2024-09-30,2,1,0,9,1
codeforamerica/tax-benefits-backend,2024-10-14,1,1,0,10,1
codeforamerica/tax-benefits-backend,2024-11-11,3,1,0,13,1
codeforamerica/tax-benefits-backend,2024-11-18,1,1,0,14,1
codeforamerica/tax-benefits-backend,2024-11-25,2,1,0,16,1
codeforamerica/tax-benefits-backend,2024-12-02,1,1,0,17,1
codeforamerica/tax-benefits-backend,2024-12-16,1,1,0,18,1
codeforamerica/tax-benefits-backend,2025-01-06,4,1,0,22,1
codeforamerica/tax-benefits-backend,2025-01-13,3,1,0,25,1
codeforamerica/tax-benefits-backend,2025-01-20,3,1,0,28,1
codeforamerica/tax-benefits-backend,2025-01-27,2,1,0,30,1
codeforamerica/tax-benefits-backend,2025-02-03,1,1,0,31,1
codeforamerica/tax-benefits-backend,2025-03-10,1,1,0,32,1
codeforamerica/tax-benefits-backend,2025-03-17,1,1,0,33,1
codeforamerica/tax-benefits-backend,2025-03-31,1,1,0,34,1
codeforamerica/tax-benefits-backend,2025-06-02,2,2,2,36,3
codeforamerica/tax-benefits-backend,2025-06-09,6,4,1,42,4
codeforamerica/tax-benefits-backend,2025-06-16,3,1,0,45,4
codeforamerica/tax-benefits-backend,2025-06-23,6,1,0,51,4
codeforamerica/tax-benefits-backend,2025-06-30,7,2,0,58,4
codeforamerica/tax-benefits-backend,2025-07-07,1,1,0,59,4
codeforamerica/tax-benefits-backend,2025-07-14,2,1,0,61,4
codeforamerica/tax-benefits-backend,2025-07-21,6,5,2,67,6
codeforamerica/tax-benefits-backend,2025-07-28,8,3,0,75,6
codeforamerica/tax-benefits-backend,2025-08-04,11,5,1,86,7
codeforamerica/tax-benefits-backend,2025-08-11,7,2,0,93,7
codeforamerica/tax-benefits-backend,2025-08-18,2,1,0,95,7
codeforamerica/tax-benefits-backend,2025-08-25,1,1,0,96,7
codeforamerica/tax-benefits-backend,2025-09-01,4,1,0,100,7
codeforamerica/tax-benefits-backend,2025-09-08,7,3,0,107,7
codeforamerica/tax-benefits-backend,2025-09-15,4,1,0,111,7
codeforamerica/tax-benefits-backend,2025-09-22,2,1,0,113,7
codeforamerica/tax-benefits-backend,2025-10-13,1,1,0,114,7
codeforamerica/tax-benefits-backend,2025-10-20,1,1,0,115,7
codeforamerica/tax-benefits-backend,2025-10-27,3,2,1,118,8
codeforamerica/tax-benefits-backend,2025-11-10,1,1,0,119,8
codeforamerica/tax-benefits-backend,2025-11-17,7,2,0,126,8
codeforamerica/tax-benefits-backend,2025-12-01,1,1,0,127,8
codeforamerica/tax-benefits-backend,2025-12-08,6,1,0,133,8
codeforamerica/tax-benefits-backend,2025-12-15,2,1,0,135,8
codeforamerica/tax-benefits-backend,2026-01-12,2,2,0,137,8
codeforamerica/tax-benefits-backend,2026-01-19,4,1,0,141,8
codeforamerica/tax-benefits-backend,2026-01-26,1,1,0,142,8
codeforamerica/tax-benefits-backend,2026-02-02,1,1,0,143,8
codeforamerica/tax-benefits-backend,2026-02-09,4,3,1,147,9
codeforamerica/tax-benefits-backend,2026-02-16,3,2,0,150,9
codeforamerica/tax-benefits-backend,2026-02-23,5,4,0,155,9
codeforamerica/tax-benefits-backend,2026-03-02,6,2,0,161,9
codeforamerica/tax-benefits-backend,2026-03-09,3,2,0,164,9
codeforamerica/tax-benefits-backend,2026-03-16,2,2,0,166,9
codeforamerica/tax-benefits-backend,2026-03-23,6,2,0,172,9
codeforamerica/tax-benefits-backend,2026-03-30,2,1,0,174,9
codeforamerica/tax-benefits-backend,2026-04-06,8,2,0,182,9
codeforamerica/pya,2025-05-19,3,1,1,3,1
codeforamerica/pya,2025-05-26,8,1,0,11,1
codeforamerica/pya,2025-06-02,19,2,1,30,2
codeforamerica/pya,2025-06-09,15,4,2,45,4
codeforamerica/pya,2025-06-16,7,4,1,52,5
codeforamerica/pya,2025-06-23,3,1,0,55,5
codeforamerica/pya,2025-06-30,11,2,0,66,5
codeforamerica/pya,2025-07-07,3,3,0,69,5
codeforamerica/pya,2025-07-14,5,2,0,74,5
codeforamerica/pya,2025-07-21,4,3,0,78,5
codeforamerica/pya,2025-07-28,29,3,0,107,5
codeforamerica/pya,2025-08-04,14,5,0,121,5
codeforamerica/pya,2025-08-11,9,2,0,130,5
codeforamerica/pya,2025-08-18,5,1,0,135,5
codeforamerica/pya,2025-08-25,9,2,0,144,5
codeforamerica/pya,2025-09-01,4,1,0,148,5
codeforamerica/pya,2025-09-08,10,1,0,158,5
codeforamerica/pya,2025-09-15,2,1,0,160,5
codeforamerica/pya,2025-10-20,6,3,2,166,7
codeforamerica/pya,2025-10-27,1,1,0,167,7
codeforamerica/pya,2025-11-10,15,2,1,182,8
codeforamerica/pya,2025-11-17,16,3,0,198,8
codeforamerica/pya,2025-11-24,3,1,0,201,8
codeforamerica/pya,2025-12-01,2,2,0,203,8
codeforamerica/pya,2025-12-08,7,2,0,210,8
codeforamerica/pya,2025-12-15,4,1,0,214,8
codeforamerica/pya,2025-12-22,1,1,0,215,8
codeforamerica/pya,2026-01-12,1,1,0,216,8
codeforamerica/pya,2026-01-19,2,1,0,218,8
codeforamerica/pya,2026-01-26,2,2,0,220,8
codeforamerica/pya,2026-02-09,1,1,0,221,8
codeforamerica/pya,2026-02-16,3,1,0,224,8
codeforamerica/pya,2026-03-02,4,2,0,228,8
codeforamerica/pya,2026-03-09,5,1,0,233,8
codeforamerica/pya,2026-03-16,2,1,0,235,8
codeforamerica/pya,2026-03-23,5,2,1,240,9
codeforamerica/pya,2026-03-30,13,2,0,253,9
codeforamerica/pya,2026-04-06,1,1,0,254,9
codeforamerica/pya,2026-04-13,2,1,0,256,9
codeforamerica/honeycrisp-gem,2018-07-23,5,2,2,5,2
codeforamerica/honeycrisp-gem,2018-07-30,1,1,1,6,3
codeforamerica/honeycrisp-gem,2018-08-06,2,1,0,8,3
codeforamerica/honeycrisp-gem,2018-08-27,1,1,1,9,4
codeforamerica/honeycrisp-gem,2018-09-03,3,1,0,12,4
codeforamerica/honeycrisp-gem,2018-10-01,1,1,0,13,4
codeforamerica/honeycrisp-gem,2018-10-08,3,1,0,16,4
codeforamerica/honeycrisp-gem,2018-10-29,3,1,0,19,4
codeforamerica/honeycrisp-gem,2018-11-05,1,1,1,20,5
codeforamerica/honeycrisp-gem,2018-11-19,2,2,0,22,5
codeforamerica/honeycrisp-gem,2018-11-26,1,1,0,23,5
codeforamerica/honeycrisp-gem,2018-12-03,2,1,0,25,5
codeforamerica/honeycrisp-gem,2018-12-17,5,3,1,30,6
codeforamerica/honeycrisp-gem,2018-12-31,4,3,0,34,6
codeforamerica/honeycrisp-gem,2019-01-07,2,2,0,36,6
codeforamerica/honeycrisp-gem,2019-01-14,5,2,0,41,6
codeforamerica/honeycrisp-gem,2019-01-21,6,2,1,47,7
codeforamerica/honeycrisp-gem,2019-01-28,4,4,2,51,9
codeforamerica/honeycrisp-gem,2019-02-04,6,2,0,57,9
codeforamerica/honeycrisp-gem,2019-02-11,6,3,0,63,9
codeforamerica/honeycrisp-gem,2019-02-25,2,2,0,65,9
codeforamerica/honeycrisp-gem,2019-03-04,2,2,0,67,9
codeforamerica/honeycrisp-gem,2019-03-18,2,1,0,69,9
codeforamerica/honeycrisp-gem,2019-03-25,2,1,0,71,9
codeforamerica/honeycrisp-gem,2019-04-01,3,2,0,74,9
codeforamerica/honeycrisp-gem,2019-05-20,6,2,1,80,10
codeforamerica/honeycrisp-gem,2019-06-03,2,2,1,82,11
codeforamerica/honeycrisp-gem,2019-06-17,2,2,1,84,12
codeforamerica/honeycrisp-gem,2019-06-24,5,3,2,89,14
codeforamerica/honeycrisp-gem,2019-07-01,4,2,0,93,14
codeforamerica/honeycrisp-gem,2019-07-15,4,2,0,97,14
codeforamerica/honeycrisp-gem,2019-07-22,2,1,0,99,14
codeforamerica/honeycrisp-gem,2019-08-26,1,1,0,100,14
codeforamerica/honeycrisp-gem,2019-10-07,8,6,4,108,18
codeforamerica/honeycrisp-gem,2019-10-21,1,1,0,109,18
codeforamerica/honeycrisp-gem,2019-10-28,1,1,0,110,18
codeforamerica/honeycrisp-gem,2019-11-04,2,1,0,112,18
codeforamerica/honeycrisp-gem,2019-11-11,7,4,2,119,20
codeforamerica/honeycrisp-gem,2019-12-09,5,4,1,124,21
codeforamerica/honeycrisp-gem,2019-12-16,4,1,0,128,21
codeforamerica/honeycrisp-gem,2020-01-13,5,1,0,133,21
codeforamerica/honeycrisp-gem,2020-01-27,2,2,1,135,22
codeforamerica/honeycrisp-gem,2020-02-24,3,3,1,138,23
codeforamerica/honeycrisp-gem,2020-05-04,3,1,0,141,23
codeforamerica/honeycrisp-gem,2020-05-18,1,1,0,142,23
codeforamerica/honeycrisp-gem,2020-05-25,18,4,2,160,25
codeforamerica/honeycrisp-gem,2020-06-01,2,2,1,162,26
codeforamerica/honeycrisp-gem,2020-06-15,6,3,0,168,26
codeforamerica/honeycrisp-gem,2020-06-29,6,2,0,174,26
codeforamerica/honeycrisp-gem,2020-08-31,8,3,0,182,26
codeforamerica/honeycrisp-gem,2020-09-14,1,1,0,183,26
codeforamerica/honeycrisp-gem,2020-09-21,1,1,0,184,26
codeforamerica/honeycrisp-gem,2020-10-26,5,2,1,189,27
codeforamerica/honeycrisp-gem,2020-11-09,7,2,0,196,27
codeforamerica/honeycrisp-gem,2020-12-14,4,2,0,200,27
codeforamerica/honeycrisp-gem,2020-12-21,1,1,0,201,27
codeforamerica/honeycrisp-gem,2021-01-04,4,3,0,205,27
codeforamerica/honeycrisp-gem,2021-01-18,1,1,0,206,27
codeforamerica/honeycrisp-gem,2021-01-25,2,2,1,208,28
codeforamerica/honeycrisp-gem,2021-02-01,3,2,0,211,28
codeforamerica/honeycrisp-gem,2021-02-08,2,1,0,213,28
codeforamerica/honeycrisp-gem,2021-02-22,9,3,2,222,30
codeforamerica/honeycrisp-gem,2021-03-01,3,1,0,225,30
codeforamerica/honeycrisp-gem,2021-03-08,1,1,0,226,30
codeforamerica/honeycrisp-gem,2021-03-15,2,2,0,228,30
codeforamerica/honeycrisp-gem,2021-03-22,5,1,0,233,30
codeforamerica/honeycrisp-gem,2021-03-29,32,3,0,265,30
codeforamerica/honeycrisp-gem,2021-05-17,2,1,0,267,30
codeforamerica/honeycrisp-gem,2021-06-14,1,1,1,268,31
codeforamerica/honeycrisp-gem,2021-07-26,1,1,1,269,32
codeforamerica/honeycrisp-gem,2021-08-02,4,3,1,273,33
codeforamerica/honeycrisp-gem,2021-08-16,1,1,0,274,33
codeforamerica/honeycrisp-gem,2021-08-23,2,2,0,276,33
codeforamerica/honeycrisp-gem,2021-09-06,1,1,0,277,33
codeforamerica/honeycrisp-gem,2021-09-13,4,1,0,281,33
codeforamerica/honeycrisp-gem,2022-02-07,2,2,0,283,33
codeforamerica/honeycrisp-gem,2022-05-02,2,2,0,285,33
codeforamerica/honeycrisp-gem,2022-05-09,1,1,0,286,33
codeforamerica/honeycrisp-gem,2022-08-29,3,2,1,289,34
codeforamerica/honeycrisp-gem,2022-09-05,2,1,0,291,34
codeforamerica/honeycrisp-gem,2023-08-21,9,2,1,300,35
codeforamerica/honeycrisp-gem,2024-02-26,9,1,0,309,35
codeforamerica/honeycrisp-gem,2024-03-04,8,3,0,317,35
codeforamerica/honeycrisp-gem,2024-03-11,6,2,0,323,35
codeforamerica/honeycrisp-gem,2024-05-13,4,2,0,327,35
codeforamerica/honeycrisp-gem,2024-05-27,3,1,0,330,35
codeforamerica/honeycrisp-gem,2024-06-03,6,3,1,336,36
codeforamerica/honeycrisp-gem,2024-06-17,3,2,0,339,36
codeforamerica/honeycrisp-gem,2024-06-24,13,1,0,352,36
codeforamerica/honeycrisp-gem,2024-07-08,2,1,0,354,36
codeforamerica/honeycrisp-gem,2024-08-05,2,2,0,356,36
codeforamerica/honeycrisp-gem,2025-01-20,1,1,0,357,36
codeforamerica/honeycrisp-gem,2025-02-03,31,3,1,388,37
codeforamerica/honeycrisp-gem,2025-07-14,21,2,0,409,37
codeforamerica/honeycrisp-gem,2025-07-28,2,1,0,411,37
codeforamerica/honeycrisp-gem,2026-01-05,4,1,1,415,38
codeforamerica/asap_pdf,2025-01-27,9,1,1,9,1
codeforamerica/asap_pdf,2025-02-03,12,1,0,21,1
codeforamerica/asap_pdf,2025-02-10,18,2,1,39,2
codeforamerica/asap_pdf,2025-02-17,29,2,0,68,2
codeforamerica/asap_pdf,2025-02-24,37,3,1,105,3
codeforamerica/asap_pdf,2025-03-03,78,4,1,183,4
codeforamerica/asap_pdf,2025-03-10,2,1,0,185,4
codeforamerica/asap_pdf,2025-03-17,45,4,0,230,4
codeforamerica/asap_pdf,2025-03-24,38,3,0,268,4
codeforamerica/asap_pdf,2025-03-31,44,2,0,312,4
codeforamerica/asap_pdf,2025-04-07,16,2,0,328,4
codeforamerica/asap_pdf,2025-04-14,7,2,0,335,4
codeforamerica/asap_pdf,2025-04-21,5,3,0,340,4
codeforamerica/asap_pdf,2025-04-28,16,3,0,356,4
codeforamerica/asap_pdf,2025-05-05,24,3,0,380,4
codeforamerica/asap_pdf,2025-05-12,26,3,0,406,4
codeforamerica/asap_pdf,2025-05-19,31,3,0,437,4
codeforamerica/asap_pdf,2025-06-02,13,2,0,450,4
codeforamerica/asap_pdf,2025-06-09,2,2,0,452,4
codeforamerica/asap_pdf,2025-06-16,11,2,0,463,4
codeforamerica/asap_pdf,2025-06-23,3,2,0,466,4
codeforamerica/asap_pdf,2025-06-30,18,2,0,484,4
codeforamerica/asap_pdf,2025-07-07,2,2,0,486,4
codeforamerica/asap_pdf,2025-07-14,6,3,0,492,4
codeforamerica/asap_pdf,2025-07-21,16,2,0,508,4
codeforamerica/asap_pdf,2025-07-28,10,3,0,518,4
codeforamerica/asap_pdf,2025-08-04,4,1,0,522,4
codeforamerica/asap_pdf,2025-08-11,28,2,0,550,4
codeforamerica/asap_pdf,2025-08-18,8,1,0,558,4
codeforamerica/asap_pdf,2025-09-01,5,1,0,563,4
codeforamerica/asap_pdf,2025-09-15,6,1,0,569,4
codeforamerica/asap_pdf,2025-09-22,3,1,0,572,4
codeforamerica/asap_pdf,2025-09-29,9,1,0,581,4
codeforamerica/asap_pdf,2025-10-06,2,1,0,583,4
codeforamerica/asap_pdf,2025-10-13,5,1,0,588,4
codeforamerica/asap_pdf,2025-10-27,4,1,0,592,4
codeforamerica/asap_pdf,2026-01-12,5,2,0,597,4
codeforamerica/asap_pdf,2026-01-26,2,1,0,599,4
codeforamerica/asap_pdf,2026-04-06,4,2,1,603,5
codeforamerica/cmr-maryland-eligibility-determination,2025-03-03,1,1,1,1,1
codeforamerica/cmr-maryland-eligibility-determination,2025-03-17,21,1,0,22,1
codeforamerica/cmr-maryland-eligibility-determination,2025-03-24,19,1,0,41,1
codeforamerica/cmr-maryland-eligibility-determination,2025-10-06,2,1,0,43,1
codeforamerica/cmr-maryland-eligibility-determination,2025-10-20,1,1,0,44,1
codeforamerica/cmr-maryland-eligibility-determination,2025-11-24,2,1,0,46,1
codeforamerica/cmr-maryland-eligibility-determination,2025-12-01,2,1,0,48,1
codeforamerica/cmr-maryland-eligibility-determination,2026-01-26,1,1,0,49,1
codeforamerica/document-transfer-service,2024-05-06,3,1,1,3,1
codeforamerica/document-transfer-service,2024-06-17,1,1,0,4,1
codeforamerica/document-transfer-service,2024-07-08,1,1,0,5,1
codeforamerica/document-transfer-service,2024-07-15,2,1,0,7,1
codeforamerica/document-transfer-service,2024-08-05,1,1,0,8,1
codeforamerica/document-transfer-service,2024-08-26,1,1,0,9,1
codeforamerica/document-transfer-service,2024-09-30,1,1,0,10,1
codeforamerica/document-transfer-service,2025-01-27,1,1,0,11,1
codeforamerica/document-transfer-service,2025-06-30,2,1,0,13,1
markov-root/atlas,2026-01-05,3,1,1,3,1
markov-root/atlas,2026-01-26,7,1,0,10,1
markov-root/atlas,2026-02-02,20,2,1,30,2
markov-root/atlas,2026-02-09,2,1,0,32,2
markov-root/atlas,2026-02-16,2,1,0,34,2
markov-root/atlas,2026-02-23,6,1,0,40,2
markov-root/atlas,2026-03-02,1,1,0,41,2
markov-root/atlas,2026-03-23,7,2,1,48,3
fvialibre/heseia-sentence-bias-dataset,2025-05-19,1,1,1,1,1
fvialibre/heseia-sentence-bias-dataset,2025-07-28,6,1,0,7,1
fvialibre/heseia-sentence-bias-dataset,2025-09-08,2,1,0,9,1
codeforjapan/BirdXplorer,2023-09-18,8,1,1,8,1
codeforjapan/BirdXplorer,2023-09-25,15,1,0,23,1
codeforjapan/BirdXplorer,2023-10-02,4,1,0,27,1
codeforjapan/BirdXplorer,2023-10-09,1,1,0,28,1
codeforjapan/BirdXplorer,2023-10-16,7,2,1,35,2
codeforjapan/BirdXplorer,2023-10-23,6,1,0,41,2
codeforjapan/BirdXplorer,2023-10-30,18,4,2,59,4
codeforjapan/BirdXplorer,2023-11-06,2,2,0,61,4
codeforjapan/BirdXplorer,2023-11-13,17,4,0,78,4
codeforjapan/BirdXplorer,2023-11-20,3,1,0,81,4
codeforjapan/BirdXplorer,2023-12-04,2,1,0,83,4
codeforjapan/BirdXplorer,2023-12-11,2,1,0,85,4
codeforjapan/BirdXplorer,2024-02-19,16,2,0,101,4
codeforjapan/BirdXplorer,2024-02-26,1,1,0,102,4
codeforjapan/BirdXplorer,2024-03-11,1,1,0,103,4
codeforjapan/BirdXplorer,2024-03-18,12,1,0,115,4
codeforjapan/BirdXplorer,2024-04-15,14,3,0,129,4
codeforjapan/BirdXplorer,2024-04-22,2,2,0,131,4
codeforjapan/BirdXplorer,2024-04-29,7,1,0,138,4
codeforjapan/BirdXplorer,2024-05-06,4,2,1,142,5
codeforjapan/BirdXplorer,2024-05-13,15,3,0,157,5
codeforjapan/BirdXplorer,2024-05-20,2,1,0,159,5
codeforjapan/BirdXplorer,2024-05-27,20,2,0,179,5
codeforjapan/BirdXplorer,2024-06-03,1,1,0,180,5
codeforjapan/BirdXplorer,2024-06-10,1,1,0,181,5
codeforjapan/BirdXplorer,2024-06-17,1,1,0,182,5
codeforjapan/BirdXplorer,2024-06-24,11,2,0,193,5
codeforjapan/BirdXplorer,2024-07-08,12,3,0,205,5
codeforjapan/BirdXplorer,2024-07-15,2,1,1,207,6
codeforjapan/BirdXplorer,2024-07-22,2,1,0,209,6
codeforjapan/BirdXplorer,2024-07-29,2,1,0,211,6
codeforjapan/BirdXplorer,2024-08-05,25,2,0,236,6
codeforjapan/BirdXplorer,2024-08-12,53,4,1,289,7
codeforjapan/BirdXplorer,2024-08-19,2,1,0,291,7
codeforjapan/BirdXplorer,2024-09-02,1,1,0,292,7
codeforjapan/BirdXplorer,2024-09-16,2,1,0,294,7
codeforjapan/BirdXplorer,2024-09-23,4,1,0,298,7
codeforjapan/BirdXplorer,2024-09-30,20,2,0,318,7
codeforjapan/BirdXplorer,2024-10-07,28,2,0,346,7
codeforjapan/BirdXplorer,2024-10-14,2,1,0,348,7
codeforjapan/BirdXplorer,2024-10-21,12,2,0,360,7
codeforjapan/BirdXplorer,2024-10-28,26,2,0,386,7
codeforjapan/BirdXplorer,2024-12-23,3,1,0,389,7
codeforjapan/BirdXplorer,2025-01-13,6,2,0,395,7
codeforjapan/BirdXplorer,2025-01-20,3,1,0,398,7
codeforjapan/BirdXplorer,2025-01-27,3,1,0,401,7
codeforjapan/BirdXplorer,2025-02-03,3,1,0,404,7
codeforjapan/BirdXplorer,2025-02-17,3,1,0,407,7
codeforjapan/BirdXplorer,2025-03-03,1,1,0,408,7
codeforjapan/BirdXplorer,2025-04-28,9,2,1,417,8
codeforjapan/BirdXplorer,2025-05-12,2,1,0,419,8
codeforjapan/BirdXplorer,2025-05-19,10,1,0,429,8
codeforjapan/BirdXplorer,2025-06-02,13,1,0,442,8
codeforjapan/BirdXplorer,2025-06-09,2,1,0,444,8
codeforjapan/BirdXplorer,2025-06-30,8,1,0,452,8
codeforjapan/BirdXplorer,2025-07-28,3,2,0,455,8
codeforjapan/BirdXplorer,2025-08-18,2,1,0,457,8
codeforjapan/BirdXplorer,2025-08-25,5,1,0,462,8
codeforjapan/BirdXplorer,2025-09-01,7,1,0,469,8
codeforjapan/BirdXplorer,2025-09-08,2,1,0,471,8
codeforjapan/BirdXplorer,2025-09-22,1,1,0,472,8
codeforjapan/BirdXplorer,2025-09-29,10,1,0,482,8
codeforjapan/BirdXplorer,2025-10-06,3,1,0,485,8
codeforjapan/BirdXplorer,2025-10-13,2,1,0,487,8
codeforjapan/BirdXplorer,2025-10-20,16,3,0,503,8
codeforjapan/BirdXplorer,2025-10-27,15,3,0,518,8
codeforjapan/BirdXplorer,2025-11-03,11,1,0,529,8
codeforjapan/BirdXplorer,2025-11-10,1,1,0,530,8
codeforjapan/BirdXplorer,2025-11-17,1,1,0,531,8
codeforjapan/BirdXplorer,2025-12-01,4,1,0,535,8
codeforjapan/BirdXplorer,2025-12-08,9,1,0,544,8
codeforjapan/BirdXplorer,2025-12-15,11,2,0,555,8
codeforjapan/BirdXplorer,2026-01-12,15,1,0,570,8
codeforjapan/BirdXplorer,2026-01-19,8,3,1,578,9
codeforjapan/BirdXplorer,2026-01-26,22,2,0,600,9
codeforjapan/BirdXplorer,2026-02-02,8,2,0,608,9
codeforjapan/BirdXplorer,2026-02-09,5,1,0,613,9
codeforjapan/BirdXplorer,2026-02-16,51,2,0,664,9
codeforjapan/BirdXplorer,2026-02-23,4,1,0,668,9
codeforjapan/BirdXplorer,2026-03-02,5,1,0,673,9
codeforjapan/BirdXplorer,2026-03-09,9,2,0,682,9
codeforjapan/BirdXplorer,2026-03-23,2,1,0,684,9
codeforjapan/BirdXplorer,2026-03-30,9,1,0,693,9
codeforjapan/BirdXplorer,2026-04-06,16,1,0,709,9
codeforjapan/BirdXplorer,2026-04-13,2,1,0,711,9
meshtastic/Meshtastic-Android,2020-01-20,52,1,1,52,1
meshtastic/Meshtastic-Android,2020-01-27,9,1,0,61,1
meshtastic/Meshtastic-Android,2020-02-03,23,1,0,84,1
meshtastic/Meshtastic-Android,2020-02-10,32,1,0,116,1
meshtastic/Meshtastic-Android,2020-02-17,34,1,0,150,1
meshtastic/Meshtastic-Android,2020-02-24,37,1,0,187,1
meshtastic/Meshtastic-Android,2020-03-02,46,1,0,233,1
meshtastic/Meshtastic-Android,2020-03-09,17,1,0,250,1
meshtastic/Meshtastic-Android,2020-03-16,4,1,0,254,1
meshtastic/Meshtastic-Android,2020-03-23,4,1,0,258,1
meshtastic/Meshtastic-Android,2020-03-30,37,1,0,295,1
meshtastic/Meshtastic-Android,2020-04-06,68,1,0,363,1
meshtastic/Meshtastic-Android,2020-04-13,30,1,0,393,1
meshtastic/Meshtastic-Android,2020-04-20,63,1,0,456,1
meshtastic/Meshtastic-Android,2020-04-27,7,1,0,463,1
meshtastic/Meshtastic-Android,2020-05-04,7,1,0,470,1
meshtastic/Meshtastic-Android,2020-05-11,15,1,0,485,1
meshtastic/Meshtastic-Android,2020-05-18,21,2,1,506,2
meshtastic/Meshtastic-Android,2020-05-25,13,1,0,519,2
meshtastic/Meshtastic-Android,2020-06-01,17,1,0,536,2
meshtastic/Meshtastic-Android,2020-06-08,86,2,1,622,3
meshtastic/Meshtastic-Android,2020-06-15,34,3,1,656,4
meshtastic/Meshtastic-Android,2020-06-22,23,3,2,679,6
meshtastic/Meshtastic-Android,2020-06-29,51,2,0,730,6
meshtastic/Meshtastic-Android,2020-07-06,17,1,0,747,6
meshtastic/Meshtastic-Android,2020-07-13,32,3,1,779,7
meshtastic/Meshtastic-Android,2020-07-20,25,3,1,804,8
meshtastic/Meshtastic-Android,2020-07-27,3,1,0,807,8
meshtastic/Meshtastic-Android,2020-08-10,19,3,1,826,9
meshtastic/Meshtastic-Android,2020-08-17,8,2,1,834,10
meshtastic/Meshtastic-Android,2020-08-24,18,1,0,852,10
meshtastic/Meshtastic-Android,2020-08-31,4,1,0,856,10
meshtastic/Meshtastic-Android,2020-09-07,9,1,0,865,10
meshtastic/Meshtastic-Android,2020-09-14,20,4,3,885,13
meshtastic/Meshtastic-Android,2020-09-21,30,5,2,915,15
meshtastic/Meshtastic-Android,2020-09-28,10,3,0,925,15
meshtastic/Meshtastic-Android,2020-10-05,3,1,0,928,15
meshtastic/Meshtastic-Android,2020-10-12,6,2,0,934,15
meshtastic/Meshtastic-Android,2020-10-19,7,1,0,941,15
meshtastic/Meshtastic-Android,2020-10-26,4,1,0,945,15
meshtastic/Meshtastic-Android,2020-11-09,2,1,0,947,15
meshtastic/Meshtastic-Android,2020-11-16,5,1,0,952,15
meshtastic/Meshtastic-Android,2020-11-23,1,1,0,953,15
meshtastic/Meshtastic-Android,2020-12-07,6,1,0,959,15
meshtastic/Meshtastic-Android,2020-12-14,5,1,0,964,15
meshtastic/Meshtastic-Android,2020-12-28,2,1,0,966,15
meshtastic/Meshtastic-Android,2021-01-04,16,1,0,982,15
meshtastic/Meshtastic-Android,2021-01-11,2,1,0,984,15
meshtastic/Meshtastic-Android,2021-01-25,14,2,1,998,16
meshtastic/Meshtastic-Android,2021-02-01,47,2,0,1045,16
meshtastic/Meshtastic-Android,2021-02-08,38,2,0,1083,16
meshtastic/Meshtastic-Android,2021-02-15,21,2,1,1104,17
meshtastic/Meshtastic-Android,2021-02-22,10,3,0,1114,17
meshtastic/Meshtastic-Android,2021-03-01,27,1,0,1141,17
meshtastic/Meshtastic-Android,2021-03-08,6,1,0,1147,17
meshtastic/Meshtastic-Android,2021-03-15,31,3,1,1178,18
meshtastic/Meshtastic-Android,2021-03-22,44,4,1,1222,19
meshtastic/Meshtastic-Android,2021-03-29,20,1,0,1242,19
meshtastic/Meshtastic-Android,2021-04-05,7,2,1,1249,20
meshtastic/Meshtastic-Android,2021-04-12,12,2,0,1261,20
meshtastic/Meshtastic-Android,2021-05-03,7,1,0,1268,20
meshtastic/Meshtastic-Android,2021-05-10,3,1,0,1271,20
meshtastic/Meshtastic-Android,2021-05-24,3,1,0,1274,20
meshtastic/Meshtastic-Android,2021-06-07,5,1,0,1279,20
meshtastic/Meshtastic-Android,2021-06-14,1,1,0,1280,20
meshtastic/Meshtastic-Android,2021-06-21,4,1,0,1284,20
meshtastic/Meshtastic-Android,2021-06-28,1,1,0,1285,20
meshtastic/Meshtastic-Android,2021-07-05,6,2,1,1291,21
meshtastic/Meshtastic-Android,2021-07-19,2,2,2,1293,23
meshtastic/Meshtastic-Android,2021-07-26,12,2,1,1305,24
meshtastic/Meshtastic-Android,2021-08-23,2,1,0,1307,24
meshtastic/Meshtastic-Android,2021-08-30,6,2,0,1313,24
meshtastic/Meshtastic-Android,2021-09-06,2,2,1,1315,25
meshtastic/Meshtastic-Android,2021-11-15,19,2,0,1334,25
meshtastic/Meshtastic-Android,2021-11-22,10,2,1,1344,26
meshtastic/Meshtastic-Android,2021-11-29,2,1,0,1346,26
meshtastic/Meshtastic-Android,2021-12-06,23,2,0,1369,26
meshtastic/Meshtastic-Android,2021-12-13,12,2,0,1381,26
meshtastic/Meshtastic-Android,2021-12-20,8,2,0,1389,26
meshtastic/Meshtastic-Android,2021-12-27,10,2,0,1399,26
meshtastic/Meshtastic-Android,2022-01-03,18,3,0,1417,26
meshtastic/Meshtastic-Android,2022-01-10,11,2,0,1428,26
meshtastic/Meshtastic-Android,2022-01-17,11,3,1,1439,27
meshtastic/Meshtastic-Android,2022-01-24,36,3,1,1475,28
meshtastic/Meshtastic-Android,2022-01-31,39,3,1,1514,29
meshtastic/Meshtastic-Android,2022-02-07,26,3,0,1540,29
meshtastic/Meshtastic-Android,2022-02-14,47,3,0,1587,29
meshtastic/Meshtastic-Android,2022-02-21,33,4,0,1620,29
meshtastic/Meshtastic-Android,2022-02-28,19,3,0,1639,29
meshtastic/Meshtastic-Android,2022-03-07,25,2,0,1664,29
meshtastic/Meshtastic-Android,2022-03-14,6,2,0,1670,29
meshtastic/Meshtastic-Android,2022-03-21,12,2,0,1682,29
meshtastic/Meshtastic-Android,2022-03-28,19,3,1,1701,30
meshtastic/Meshtastic-Android,2022-04-04,20,4,0,1721,30
meshtastic/Meshtastic-Android,2022-04-11,4,2,0,1725,30
meshtastic/Meshtastic-Android,2022-04-18,30,4,0,1755,30
meshtastic/Meshtastic-Android,2022-04-25,8,2,0,1763,30
meshtastic/Meshtastic-Android,2022-05-02,9,3,0,1772,30
meshtastic/Meshtastic-Android,2022-05-16,13,3,0,1785,30
meshtastic/Meshtastic-Android,2022-05-23,5,1,0,1790,30
meshtastic/Meshtastic-Android,2022-05-30,4,1,0,1794,30
meshtastic/Meshtastic-Android,2022-06-06,20,1,0,1814,30
meshtastic/Meshtastic-Android,2022-06-13,15,2,0,1829,30
meshtastic/Meshtastic-Android,2022-06-20,10,1,0,1839,30
meshtastic/Meshtastic-Android,2022-06-27,3,1,0,1842,30
meshtastic/Meshtastic-Android,2022-07-04,2,2,1,1844,31
meshtastic/Meshtastic-Android,2022-07-11,6,1,0,1850,31
meshtastic/Meshtastic-Android,2022-07-18,2,2,0,1852,31
meshtastic/Meshtastic-Android,2022-07-25,13,2,0,1865,31
meshtastic/Meshtastic-Android,2022-08-01,6,1,0,1871,31
meshtastic/Meshtastic-Android,2022-08-08,11,3,2,1882,33
meshtastic/Meshtastic-Android,2022-08-15,17,3,0,1899,33
meshtastic/Meshtastic-Android,2022-08-22,42,4,0,1941,33
meshtastic/Meshtastic-Android,2022-08-29,18,3,0,1959,33
meshtastic/Meshtastic-Android,2022-09-05,20,1,0,1979,33
meshtastic/Meshtastic-Android,2022-09-12,23,1,0,2002,33
meshtastic/Meshtastic-Android,2022-09-19,10,2,0,2012,33
meshtastic/Meshtastic-Android,2022-09-26,12,2,0,2024,33
meshtastic/Meshtastic-Android,2022-10-03,30,2,0,2054,33
meshtastic/Meshtastic-Android,2022-10-10,33,2,0,2087,33
meshtastic/Meshtastic-Android,2022-10-17,13,2,0,2100,33
meshtastic/Meshtastic-Android,2022-10-24,12,2,0,2112,33
meshtastic/Meshtastic-Android,2022-10-31,16,1,0,2128,33
meshtastic/Meshtastic-Android,2022-11-07,6,1,0,2134,33
meshtastic/Meshtastic-Android,2022-11-14,6,1,0,2140,33
meshtastic/Meshtastic-Android,2022-11-21,3,1,0,2143,33
meshtastic/Meshtastic-Android,2022-11-28,10,3,2,2153,35
meshtastic/Meshtastic-Android,2022-12-05,6,1,0,2159,35
meshtastic/Meshtastic-Android,2022-12-12,8,2,1,2167,36
meshtastic/Meshtastic-Android,2022-12-19,6,1,0,2173,36
meshtastic/Meshtastic-Android,2022-12-26,7,1,0,2180,36
meshtastic/Meshtastic-Android,2023-01-02,17,1,0,2197,36
meshtastic/Meshtastic-Android,2023-01-09,14,2,0,2211,36
meshtastic/Meshtastic-Android,2023-01-16,10,1,0,2221,36
meshtastic/Meshtastic-Android,2023-01-23,17,1,0,2238,36
meshtastic/Meshtastic-Android,2023-01-30,19,1,0,2257,36
meshtastic/Meshtastic-Android,2023-02-06,7,1,0,2264,36
meshtastic/Meshtastic-Android,2023-02-13,21,1,0,2285,36
meshtastic/Meshtastic-Android,2023-02-20,15,1,0,2300,36
meshtastic/Meshtastic-Android,2023-02-27,10,1,0,2310,36
meshtastic/Meshtastic-Android,2023-03-06,7,2,1,2317,37
meshtastic/Meshtastic-Android,2023-03-13,7,1,0,2324,37
meshtastic/Meshtastic-Android,2023-03-20,15,1,0,2339,37
meshtastic/Meshtastic-Android,2023-03-27,25,1,0,2364,37
meshtastic/Meshtastic-Android,2023-04-03,21,2,1,2385,38
meshtastic/Meshtastic-Android,2023-04-10,21,1,0,2406,38
meshtastic/Meshtastic-Android,2023-04-17,5,1,0,2411,38
meshtastic/Meshtastic-Android,2023-04-24,10,1,0,2421,38
meshtastic/Meshtastic-Android,2023-05-01,9,1,0,2430,38
meshtastic/Meshtastic-Android,2023-05-08,21,1,0,2451,38
meshtastic/Meshtastic-Android,2023-05-15,13,1,0,2464,38
meshtastic/Meshtastic-Android,2023-05-22,15,1,0,2479,38
meshtastic/Meshtastic-Android,2023-05-29,17,2,1,2496,39
meshtastic/Meshtastic-Android,2023-06-12,7,2,1,2503,40
meshtastic/Meshtastic-Android,2023-06-19,7,1,0,2510,40
meshtastic/Meshtastic-Android,2023-06-26,9,1,0,2519,40
meshtastic/Meshtastic-Android,2023-07-03,21,2,1,2540,41
meshtastic/Meshtastic-Android,2023-07-10,4,2,0,2544,41
meshtastic/Meshtastic-Android,2023-07-17,13,2,0,2557,41
meshtastic/Meshtastic-Android,2023-07-24,14,2,0,2571,41
meshtastic/Meshtastic-Android,2023-07-31,15,1,0,2586,41
meshtastic/Meshtastic-Android,2023-08-07,9,2,1,2595,42
meshtastic/Meshtastic-Android,2023-08-14,7,1,0,2602,42
meshtastic/Meshtastic-Android,2023-08-21,15,2,0,2617,42
meshtastic/Meshtastic-Android,2023-08-28,3,2,1,2620,43
meshtastic/Meshtastic-Android,2023-09-04,28,2,0,2648,43
meshtastic/Meshtastic-Android,2023-09-11,17,2,0,2665,43
meshtastic/Meshtastic-Android,2023-09-18,7,2,0,2672,43
meshtastic/Meshtastic-Android,2023-09-25,23,2,0,2695,43
meshtastic/Meshtastic-Android,2023-10-02,18,2,0,2713,43
meshtastic/Meshtastic-Android,2023-10-09,11,1,0,2724,43
meshtastic/Meshtastic-Android,2023-10-16,14,2,0,2738,43
meshtastic/Meshtastic-Android,2023-10-23,2,2,0,2740,43
meshtastic/Meshtastic-Android,2023-10-30,5,1,0,2745,43
meshtastic/Meshtastic-Android,2023-11-06,7,2,0,2752,43
meshtastic/Meshtastic-Android,2023-11-13,9,3,1,2761,44
meshtastic/Meshtastic-Android,2023-11-20,2,1,0,2763,44
meshtastic/Meshtastic-Android,2023-11-27,10,3,1,2773,45
meshtastic/Meshtastic-Android,2023-12-04,5,2,0,2778,45
meshtastic/Meshtastic-Android,2023-12-11,13,2,0,2791,45
meshtastic/Meshtastic-Android,2023-12-25,10,2,0,2801,45
meshtastic/Meshtastic-Android,2024-01-01,3,1,0,2804,45
meshtastic/Meshtastic-Android,2024-01-08,21,3,1,2825,46
meshtastic/Meshtastic-Android,2024-01-15,10,2,0,2835,46
meshtastic/Meshtastic-Android,2024-01-22,4,2,0,2839,46
meshtastic/Meshtastic-Android,2024-01-29,11,3,0,2850,46
meshtastic/Meshtastic-Android,2024-02-05,14,3,1,2864,47
meshtastic/Meshtastic-Android,2024-02-12,17,4,0,2881,47
meshtastic/Meshtastic-Android,2024-02-19,11,3,0,2892,47
meshtastic/Meshtastic-Android,2024-02-26,18,3,0,2910,47
meshtastic/Meshtastic-Android,2024-03-04,14,3,0,2924,47
meshtastic/Meshtastic-Android,2024-03-11,7,2,1,2931,48
meshtastic/Meshtastic-Android,2024-03-18,9,1,0,2940,48
meshtastic/Meshtastic-Android,2024-03-25,19,4,1,2959,49
meshtastic/Meshtastic-Android,2024-04-01,24,3,0,2983,49
meshtastic/Meshtastic-Android,2024-04-08,5,2,0,2988,49
meshtastic/Meshtastic-Android,2024-04-15,20,4,1,3008,50
meshtastic/Meshtastic-Android,2024-04-22,1,1,0,3009,50
meshtastic/Meshtastic-Android,2024-04-29,22,2,0,3031,50
meshtastic/Meshtastic-Android,2024-05-06,7,1,0,3038,50
meshtastic/Meshtastic-Android,2024-05-13,24,2,0,3062,50
meshtastic/Meshtastic-Android,2024-05-27,8,2,0,3070,50
meshtastic/Meshtastic-Android,2024-06-03,9,1,0,3079,50
meshtastic/Meshtastic-Android,2024-06-10,25,3,1,3104,51
meshtastic/Meshtastic-Android,2024-06-17,3,1,0,3107,51
meshtastic/Meshtastic-Android,2024-06-24,20,2,0,3127,51
meshtastic/Meshtastic-Android,2024-07-01,14,4,2,3141,53
meshtastic/Meshtastic-Android,2024-07-08,19,3,0,3160,53
meshtastic/Meshtastic-Android,2024-07-15,3,1,0,3163,53
meshtastic/Meshtastic-Android,2024-07-22,17,4,0,3180,53
meshtastic/Meshtastic-Android,2024-07-29,18,3,0,3198,53
meshtastic/Meshtastic-Android,2024-08-05,10,3,0,3208,53
meshtastic/Meshtastic-Android,2024-08-12,10,3,1,3218,54
meshtastic/Meshtastic-Android,2024-08-19,18,2,0,3236,54
meshtastic/Meshtastic-Android,2024-08-26,15,3,0,3251,54
meshtastic/Meshtastic-Android,2024-09-02,20,3,0,3271,54
meshtastic/Meshtastic-Android,2024-09-09,33,3,0,3304,54
meshtastic/Meshtastic-Android,2024-09-16,38,5,1,3342,55
meshtastic/Meshtastic-Android,2024-09-23,18,3,0,3360,55
meshtastic/Meshtastic-Android,2024-09-30,33,4,1,3393,56
meshtastic/Meshtastic-Android,2024-10-07,21,5,1,3414,57
meshtastic/Meshtastic-Android,2024-10-14,27,3,0,3441,57
meshtastic/Meshtastic-Android,2024-10-21,25,5,1,3466,58
meshtastic/Meshtastic-Android,2024-10-28,24,3,1,3490,59
meshtastic/Meshtastic-Android,2024-11-04,22,3,0,3512,59
meshtastic/Meshtastic-Android,2024-11-11,20,3,1,3532,60
meshtastic/Meshtastic-Android,2024-11-18,19,4,0,3551,60
meshtastic/Meshtastic-Android,2024-11-25,20,5,3,3571,63
meshtastic/Meshtastic-Android,2024-12-02,18,3,0,3589,63
meshtastic/Meshtastic-Android,2024-12-09,19,5,0,3608,63
meshtastic/Meshtastic-Android,2024-12-16,16,3,1,3624,64
meshtastic/Meshtastic-Android,2024-12-23,3,2,0,3627,64
meshtastic/Meshtastic-Android,2024-12-30,14,3,0,3641,64
meshtastic/Meshtastic-Android,2025-01-06,8,1,0,3649,64
meshtastic/Meshtastic-Android,2025-02-10,43,5,2,3692,66
meshtastic/Meshtastic-Android,2025-02-17,7,3,0,3699,66
meshtastic/Meshtastic-Android,2025-02-24,14,4,0,3713,66
meshtastic/Meshtastic-Android,2025-03-03,13,4,0,3726,66
meshtastic/Meshtastic-Android,2025-03-10,7,3,0,3733,66
meshtastic/Meshtastic-Android,2025-03-17,14,7,3,3747,69
meshtastic/Meshtastic-Android,2025-03-24,19,4,0,3766,69
meshtastic/Meshtastic-Android,2025-03-31,4,2,0,3770,69
meshtastic/Meshtastic-Android,2025-04-14,9,1,0,3779,69
meshtastic/Meshtastic-Android,2025-04-21,13,3,0,3792,69
meshtastic/Meshtastic-Android,2025-04-28,28,5,2,3820,71
meshtastic/Meshtastic-Android,2025-05-05,13,4,0,3833,71
meshtastic/Meshtastic-Android,2025-05-12,22,3,0,3855,71
meshtastic/Meshtastic-Android,2025-05-19,55,6,1,3910,72
meshtastic/Meshtastic-Android,2025-05-26,64,5,1,3974,73
meshtastic/Meshtastic-Android,2025-06-02,44,6,1,4018,74
meshtastic/Meshtastic-Android,2025-06-09,38,7,2,4056,76
meshtastic/Meshtastic-Android,2025-06-16,82,8,0,4138,76
meshtastic/Meshtastic-Android,2025-06-23,51,7,0,4189,76
meshtastic/Meshtastic-Android,2025-06-30,36,7,0,4225,76
meshtastic/Meshtastic-Android,2025-07-07,48,5,1,4273,77
meshtastic/Meshtastic-Android,2025-07-14,27,3,0,4300,77
meshtastic/Meshtastic-Android,2025-07-21,53,5,1,4353,78
meshtastic/Meshtastic-Android,2025-07-28,60,6,2,4413,80
meshtastic/Meshtastic-Android,2025-08-04,33,5,0,4446,80
meshtastic/Meshtastic-Android,2025-08-11,54,6,3,4500,83
meshtastic/Meshtastic-Android,2025-08-18,49,3,0,4549,83
meshtastic/Meshtastic-Android,2025-08-25,70,5,0,4619,83
meshtastic/Meshtastic-Android,2025-09-01,63,7,1,4682,84
meshtastic/Meshtastic-Android,2025-09-08,69,4,0,4751,84
meshtastic/Meshtastic-Android,2025-09-15,49,4,0,4800,84
meshtastic/Meshtastic-Android,2025-09-22,64,5,0,4864,84
meshtastic/Meshtastic-Android,2025-09-29,100,5,0,4964,84
meshtastic/Meshtastic-Android,2025-10-06,71,5,1,5035,85
meshtastic/Meshtastic-Android,2025-10-13,41,5,1,5076,86
meshtastic/Meshtastic-Android,2025-10-20,18,4,1,5094,87
meshtastic/Meshtastic-Android,2025-10-27,33,6,2,5127,89
meshtastic/Meshtastic-Android,2025-11-03,34,4,1,5161,90
meshtastic/Meshtastic-Android,2025-11-10,43,6,0,5204,90
meshtastic/Meshtastic-Android,2025-11-17,50,5,0,5254,90
meshtastic/Meshtastic-Android,2025-11-24,53,5,0,5307,90
meshtastic/Meshtastic-Android,2025-12-01,34,4,0,5341,90
meshtastic/Meshtastic-Android,2025-12-08,63,5,2,5404,92
meshtastic/Meshtastic-Android,2025-12-15,42,10,3,5446,95
meshtastic/Meshtastic-Android,2025-12-22,30,5,1,5476,96
meshtastic/Meshtastic-Android,2025-12-29,30,5,2,5506,98
meshtastic/Meshtastic-Android,2026-01-05,39,3,0,5545,98
meshtastic/Meshtastic-Android,2026-01-12,56,4,1,5601,99
meshtastic/Meshtastic-Android,2026-01-19,46,4,0,5647,99
meshtastic/Meshtastic-Android,2026-01-26,71,4,2,5718,101
meshtastic/Meshtastic-Android,2026-02-02,92,5,1,5810,102
meshtastic/Meshtastic-Android,2026-02-09,46,3,0,5856,102
meshtastic/Meshtastic-Android,2026-02-16,43,4,1,5899,103
meshtastic/Meshtastic-Android,2026-02-23,38,6,2,5937,105
meshtastic/Meshtastic-Android,2026-03-02,57,3,0,5994,105
meshtastic/Meshtastic-Android,2026-03-09,56,2,0,6050,105
meshtastic/Meshtastic-Android,2026-03-16,67,5,3,6117,108
meshtastic/Meshtastic-Android,2026-03-23,53,2,0,6170,108
meshtastic/Meshtastic-Android,2026-03-30,32,3,1,6202,109
meshtastic/Meshtastic-Android,2026-04-06,90,3,0,6292,109
meshtastic/Meshtastic-Android,2026-04-13,76,2,0,6368,109
meshtastic/web,2021-04-05,4,1,1,4,1
meshtastic/web,2021-04-12,2,2,1,6,2
meshtastic/web,2021-04-19,2,1,0,8,2
meshtastic/web,2021-04-26,4,1,0,12,2
meshtastic/web,2021-05-03,7,2,1,19,3
meshtastic/web,2021-05-10,1,1,0,20,3
meshtastic/web,2021-05-24,1,1,0,21,3
meshtastic/web,2021-05-31,3,1,0,24,3
meshtastic/web,2021-06-14,4,1,0,28,3
meshtastic/web,2021-06-21,1,1,0,29,3
meshtastic/web,2021-08-02,11,1,0,40,3
meshtastic/web,2021-08-09,10,3,2,50,5
meshtastic/web,2021-08-16,4,1,0,54,5
meshtastic/web,2021-08-23,11,1,0,65,5
meshtastic/web,2021-09-06,2,1,0,67,5
meshtastic/web,2021-10-04,4,1,0,71,5
meshtastic/web,2021-10-11,1,1,0,72,5
meshtastic/web,2021-10-18,1,1,0,73,5
meshtastic/web,2021-10-25,5,1,0,78,5
meshtastic/web,2021-11-08,12,1,0,90,5
meshtastic/web,2021-11-15,3,1,0,93,5
meshtastic/web,2021-11-22,4,1,0,97,5
meshtastic/web,2021-12-06,9,1,0,106,5
meshtastic/web,2021-12-13,5,1,0,111,5
meshtastic/web,2021-12-20,2,1,1,113,6
meshtastic/web,2021-12-27,6,1,0,119,6
meshtastic/web,2022-01-03,1,1,0,120,6
meshtastic/web,2022-01-10,15,1,0,135,6
meshtastic/web,2022-01-17,2,1,0,137,6
meshtastic/web,2022-01-31,2,1,0,139,6
meshtastic/web,2022-02-07,9,1,0,148,6
meshtastic/web,2022-02-14,20,1,0,168,6
meshtastic/web,2022-02-21,10,1,0,178,6
meshtastic/web,2022-02-28,6,1,0,184,6
meshtastic/web,2022-03-07,6,1,0,190,6
meshtastic/web,2022-03-21,1,1,0,191,6
meshtastic/web,2022-04-04,1,1,0,192,6
meshtastic/web,2022-04-11,1,1,0,193,6
meshtastic/web,2022-05-02,1,1,0,194,6
meshtastic/web,2022-05-09,5,1,0,199,6
meshtastic/web,2022-07-25,4,1,0,203,6
meshtastic/web,2022-08-01,5,1,0,208,6
meshtastic/web,2022-08-08,7,1,0,215,6
meshtastic/web,2022-08-15,9,2,1,224,7
meshtastic/web,2022-08-22,11,1,0,235,7
meshtastic/web,2022-08-29,4,1,0,239,7
meshtastic/web,2022-09-05,2,1,0,241,7
meshtastic/web,2022-09-19,15,1,0,256,7
meshtastic/web,2022-09-26,9,1,0,265,7
meshtastic/web,2022-10-03,19,1,0,284,7
meshtastic/web,2022-10-10,10,4,2,294,9
meshtastic/web,2022-10-17,3,2,0,297,9
meshtastic/web,2022-10-24,11,3,0,308,9
meshtastic/web,2022-10-31,4,1,0,312,9
meshtastic/web,2022-11-14,1,1,0,313,9
meshtastic/web,2022-11-21,2,1,0,315,9
meshtastic/web,2022-11-28,1,1,0,316,9
meshtastic/web,2022-12-05,13,1,0,329,9
meshtastic/web,2022-12-26,17,1,0,346,9
meshtastic/web,2023-01-02,14,2,1,360,10
meshtastic/web,2023-01-09,1,1,0,361,10
meshtastic/web,2023-01-16,5,1,0,366,10
meshtastic/web,2023-01-23,6,1,0,372,10
meshtastic/web,2023-02-06,6,1,0,378,10
meshtastic/web,2023-02-13,8,1,0,386,10
meshtastic/web,2023-02-20,7,1,0,393,10
meshtastic/web,2023-02-27,1,1,0,394,10
meshtastic/web,2023-04-17,4,1,1,398,11
meshtastic/web,2023-06-19,6,1,0,404,11
meshtastic/web,2023-07-03,5,2,1,409,12
meshtastic/web,2023-07-24,4,3,2,413,14
meshtastic/web,2023-08-07,3,1,0,416,14
meshtastic/web,2023-08-21,1,1,0,417,14
meshtastic/web,2023-09-04,4,3,0,421,14
meshtastic/web,2023-09-11,1,1,0,422,14
meshtastic/web,2023-09-25,8,2,0,430,14
meshtastic/web,2023-10-02,1,1,0,431,14
meshtastic/web,2023-10-09,1,1,0,432,14
meshtastic/web,2023-10-16,1,1,0,433,14
meshtastic/web,2023-10-23,5,2,0,438,14
meshtastic/web,2023-10-30,2,2,0,440,14
meshtastic/web,2023-11-13,5,3,0,445,14
meshtastic/web,2023-12-04,1,1,0,446,14
meshtastic/web,2023-12-11,4,1,0,450,14
meshtastic/web,2023-12-25,4,1,0,454,14
meshtastic/web,2024-01-01,4,2,1,458,15
meshtastic/web,2024-01-08,2,2,1,460,16
meshtastic/web,2024-01-15,8,5,1,468,17
meshtastic/web,2024-01-22,5,2,0,473,17
meshtastic/web,2024-02-12,3,2,0,476,17
meshtastic/web,2024-02-19,5,2,1,481,18
meshtastic/web,2024-03-11,3,2,1,484,19
meshtastic/web,2024-03-25,1,1,0,485,19
meshtastic/web,2024-04-22,1,1,0,486,19
meshtastic/web,2024-04-29,3,2,2,489,21
meshtastic/web,2024-05-13,4,2,2,493,23
meshtastic/web,2024-05-20,11,3,2,504,25
meshtastic/web,2024-05-27,11,2,1,515,26
meshtastic/web,2024-06-03,14,2,1,529,27
meshtastic/web,2024-06-10,47,4,1,576,28
meshtastic/web,2024-06-17,19,4,2,595,30
meshtastic/web,2024-06-24,17,1,0,612,30
meshtastic/web,2024-07-01,5,1,0,617,30
meshtastic/web,2024-07-15,1,1,1,618,31
meshtastic/web,2024-07-22,7,2,0,625,31
meshtastic/web,2024-08-05,9,2,1,634,32
meshtastic/web,2024-08-12,1,1,0,635,32
meshtastic/web,2024-08-19,26,3,0,661,32
meshtastic/web,2024-08-26,23,5,3,684,35
meshtastic/web,2024-09-02,25,4,1,709,36
meshtastic/web,2024-09-09,21,1,0,730,36
meshtastic/web,2024-09-16,20,2,0,750,36
meshtastic/web,2024-09-30,7,4,1,757,37
meshtastic/web,2024-10-14,1,1,1,758,38
meshtastic/web,2024-10-28,3,3,2,761,40
meshtastic/web,2024-11-04,14,5,1,775,41
meshtastic/web,2024-11-11,4,1,0,779,41
meshtastic/web,2024-11-18,3,2,0,782,41
meshtastic/web,2024-11-25,2,2,2,784,43
meshtastic/web,2024-12-02,1,1,0,785,43
meshtastic/web,2024-12-09,2,2,0,787,43
meshtastic/web,2024-12-23,2,2,1,789,44
meshtastic/web,2024-12-30,4,3,0,793,44
meshtastic/web,2025-01-06,14,5,1,807,45
meshtastic/web,2025-01-13,7,4,2,814,47
meshtastic/web,2025-01-20,30,4,0,844,47
meshtastic/web,2025-01-27,32,4,1,876,48
meshtastic/web,2025-02-03,30,5,1,906,49
meshtastic/web,2025-02-10,10,3,0,916,49
meshtastic/web,2025-02-17,65,7,2,981,51
meshtastic/web,2025-02-24,49,4,0,1030,51
meshtastic/web,2025-03-03,39,3,1,1069,52
meshtastic/web,2025-03-10,26,3,1,1095,53
meshtastic/web,2025-03-17,32,3,0,1127,53
meshtastic/web,2025-03-24,28,2,1,1155,54
meshtastic/web,2025-03-31,53,4,1,1208,55
meshtastic/web,2025-04-07,20,2,0,1228,55
meshtastic/web,2025-04-14,1,1,1,1229,56
meshtastic/web,2025-04-21,14,2,0,1243,56
meshtastic/web,2025-04-28,16,4,0,1259,56
meshtastic/web,2025-05-05,9,2,0,1268,56
meshtastic/web,2025-05-12,4,2,1,1272,57
meshtastic/web,2025-05-19,3,2,0,1275,57
meshtastic/web,2025-05-26,6,4,2,1281,59
meshtastic/web,2025-06-02,3,2,0,1284,59
meshtastic/web,2025-06-09,6,3,0,1290,59
meshtastic/web,2025-06-16,18,3,1,1308,60
meshtastic/web,2025-06-23,6,1,0,1314,60
meshtastic/web,2025-06-30,1,1,0,1315,60
meshtastic/web,2025-07-07,11,2,0,1326,60
meshtastic/web,2025-07-14,10,3,1,1336,61
meshtastic/web,2025-07-21,8,3,0,1344,61
meshtastic/web,2025-07-28,7,3,1,1351,62
meshtastic/web,2025-08-04,12,4,0,1363,62
meshtastic/web,2025-08-11,11,4,0,1374,62
meshtastic/web,2025-08-18,16,4,0,1390,62
meshtastic/web,2025-08-25,7,4,0,1397,62
meshtastic/web,2025-09-01,13,4,1,1410,63
meshtastic/web,2025-09-08,15,5,0,1425,63
meshtastic/web,2025-09-15,7,3,1,1432,64
meshtastic/web,2025-09-22,2,2,0,1434,64
meshtastic/web,2025-09-29,1,1,0,1435,64
meshtastic/web,2025-10-06,4,2,0,1439,64
meshtastic/web,2025-10-13,15,3,0,1454,64
meshtastic/web,2025-10-20,9,5,1,1463,65
meshtastic/web,2025-10-27,8,5,2,1471,67
meshtastic/web,2025-11-03,10,2,0,1481,67
meshtastic/web,2025-11-10,7,4,1,1488,68
meshtastic/web,2025-11-17,4,3,1,1492,69
meshtastic/web,2025-11-24,6,4,1,1498,70
meshtastic/web,2025-12-01,2,2,1,1500,71
meshtastic/web,2025-12-08,1,1,0,1501,71
meshtastic/web,2026-02-09,3,3,1,1504,72
meshtastic/web,2026-03-02,2,2,0,1506,72
meshtastic/web,2026-03-09,3,2,0,1509,72
meshtastic/web,2026-03-16,3,3,2,1512,74
meshtastic/firmware,2020-01-27,20,1,1,20,1
meshtastic/firmware,2020-02-03,58,1,0,78,1
meshtastic/firmware,2020-02-10,50,2,1,128,2
meshtastic/firmware,2020-02-17,67,1,0,195,2
meshtastic/firmware,2020-02-24,31,3,2,226,4
meshtastic/firmware,2020-03-02,33,1,0,259,4
meshtastic/firmware,2020-03-09,38,4,1,297,5
meshtastic/firmware,2020-03-16,47,2,0,344,5
meshtastic/firmware,2020-03-23,47,2,0,391,5
meshtastic/firmware,2020-03-30,21,1,0,412,5
meshtastic/firmware,2020-04-06,20,4,3,432,8
meshtastic/firmware,2020-04-13,51,1,0,483,8
meshtastic/firmware,2020-04-20,43,1,0,526,8
meshtastic/firmware,2020-04-27,80,1,0,606,8
meshtastic/firmware,2020-05-04,28,3,1,634,9
meshtastic/firmware,2020-05-11,19,3,0,653,9
meshtastic/firmware,2020-05-18,48,4,1,701,10
meshtastic/firmware,2020-05-25,22,1,0,723,10
meshtastic/firmware,2020-06-01,30,1,0,753,10
meshtastic/firmware,2020-06-08,56,5,3,809,13
meshtastic/firmware,2020-06-15,64,4,2,873,15
meshtastic/firmware,2020-06-22,83,6,3,956,18
meshtastic/firmware,2020-06-29,37,6,2,993,20
meshtastic/firmware,2020-07-06,49,3,0,1042,20
meshtastic/firmware,2020-07-13,59,5,1,1101,21
meshtastic/firmware,2020-07-20,33,2,1,1134,22
meshtastic/firmware,2020-07-27,7,3,1,1141,23
meshtastic/firmware,2020-08-03,5,2,0,1146,23
meshtastic/firmware,2020-08-10,30,1,0,1176,23
meshtastic/firmware,2020-08-17,25,1,0,1201,23
meshtastic/firmware,2020-08-24,34,1,0,1235,23
meshtastic/firmware,2020-08-31,22,4,2,1257,25
meshtastic/firmware,2020-09-07,36,3,1,1293,26
meshtastic/firmware,2020-09-14,66,3,1,1359,27
meshtastic/firmware,2020-09-21,60,5,2,1419,29
meshtastic/firmware,2020-09-28,33,4,1,1452,30
meshtastic/firmware,2020-10-05,63,3,0,1515,30
meshtastic/firmware,2020-10-12,75,2,0,1590,30
meshtastic/firmware,2020-10-19,33,2,0,1623,30
meshtastic/firmware,2020-10-26,20,2,0,1643,30
meshtastic/firmware,2020-11-02,10,2,0,1653,30
meshtastic/firmware,2020-11-09,20,3,1,1673,31
meshtastic/firmware,2020-11-16,10,2,0,1683,31
meshtastic/firmware,2020-11-23,22,2,0,1705,31
meshtastic/firmware,2020-11-30,9,2,1,1714,32
meshtastic/firmware,2020-12-07,60,3,0,1774,32
meshtastic/firmware,2020-12-14,19,3,0,1793,32
meshtastic/firmware,2020-12-21,79,4,1,1872,33
meshtastic/firmware,2020-12-28,67,5,2,1939,35
meshtastic/firmware,2021-01-04,51,4,1,1990,36
meshtastic/firmware,2021-01-11,57,3,0,2047,36
meshtastic/firmware,2021-01-18,23,3,1,2070,37
meshtastic/firmware,2021-01-25,42,3,0,2112,37
meshtastic/firmware,2021-02-01,32,2,0,2144,37
meshtastic/firmware,2021-02-08,47,3,0,2191,37
meshtastic/firmware,2021-02-15,59,4,1,2250,38
meshtastic/firmware,2021-02-22,57,5,2,2307,40
meshtastic/firmware,2021-03-01,55,3,0,2362,40
meshtastic/firmware,2021-03-08,56,3,0,2418,40
meshtastic/firmware,2021-03-15,60,3,1,2478,41
meshtastic/firmware,2021-03-22,70,6,2,2548,43
meshtastic/firmware,2021-03-29,37,2,0,2585,43
meshtastic/firmware,2021-04-05,37,3,0,2622,43
meshtastic/firmware,2021-04-12,48,3,0,2670,43
meshtastic/firmware,2021-04-19,6,1,0,2676,43
meshtastic/firmware,2021-04-26,13,3,1,2689,44
meshtastic/firmware,2021-05-03,17,1,0,2706,44
meshtastic/firmware,2021-05-10,3,1,0,2709,44
meshtastic/firmware,2021-05-17,12,2,1,2721,45
meshtastic/firmware,2021-05-24,31,3,0,2752,45
meshtastic/firmware,2021-06-21,5,1,0,2757,45
meshtastic/firmware,2021-06-28,5,2,1,2762,46
meshtastic/firmware,2021-07-05,2,1,0,2764,46
meshtastic/firmware,2021-07-19,10,3,1,2774,47
meshtastic/firmware,2021-07-26,10,3,1,2784,48
meshtastic/firmware,2021-08-02,9,1,0,2793,48
meshtastic/firmware,2021-08-09,12,2,0,2805,48
meshtastic/firmware,2021-08-16,11,1,0,2816,48
meshtastic/firmware,2021-08-30,24,4,3,2840,51
meshtastic/firmware,2021-09-06,16,3,0,2856,51
meshtastic/firmware,2021-09-13,15,4,1,2871,52
meshtastic/firmware,2021-09-20,2,1,0,2873,52
meshtastic/firmware,2021-09-27,3,1,0,2876,52
meshtastic/firmware,2021-10-04,17,4,0,2893,52
meshtastic/firmware,2021-10-11,26,5,2,2919,54
meshtastic/firmware,2021-10-18,13,5,2,2932,56
meshtastic/firmware,2021-10-25,29,4,0,2961,56
meshtastic/firmware,2021-11-01,9,5,2,2970,58
meshtastic/firmware,2021-11-08,4,2,0,2974,58
meshtastic/firmware,2021-11-15,9,2,0,2983,58
meshtastic/firmware,2021-11-22,35,6,2,3018,60
meshtastic/firmware,2021-11-29,64,5,0,3082,60
meshtastic/firmware,2021-12-06,62,5,1,3144,61
meshtastic/firmware,2021-12-13,32,5,1,3176,62
meshtastic/firmware,2021-12-20,21,2,0,3197,62
meshtastic/firmware,2021-12-27,75,8,5,3272,67
meshtastic/firmware,2022-01-03,45,4,2,3317,69
meshtastic/firmware,2022-01-10,74,5,3,3391,72
meshtastic/firmware,2022-01-17,53,7,1,3444,73
meshtastic/firmware,2022-01-24,76,8,1,3520,74
meshtastic/firmware,2022-01-31,9,4,2,3529,76
meshtastic/firmware,2022-02-07,14,6,2,3543,78
meshtastic/firmware,2022-02-14,65,6,0,3608,78
meshtastic/firmware,2022-02-21,70,7,1,3678,79
meshtastic/firmware,2022-02-28,44,5,1,3722,80
meshtastic/firmware,2022-03-07,21,3,1,3743,81
meshtastic/firmware,2022-03-14,36,6,1,3779,82
meshtastic/firmware,2022-03-21,39,4,1,3818,83
meshtastic/firmware,2022-03-28,42,6,2,3860,85
meshtastic/firmware,2022-04-04,21,8,1,3881,86
meshtastic/firmware,2022-04-11,38,4,0,3919,86
meshtastic/firmware,2022-04-18,36,7,2,3955,88
meshtastic/firmware,2022-04-25,53,8,2,4008,90
meshtastic/firmware,2022-05-02,32,6,1,4040,91
meshtastic/firmware,2022-05-09,20,2,0,4060,91
meshtastic/firmware,2022-05-16,43,6,1,4103,92
meshtastic/firmware,2022-05-23,22,3,0,4125,92
meshtastic/firmware,2022-05-30,45,4,0,4170,92
meshtastic/firmware,2022-06-06,35,4,1,4205,93
meshtastic/firmware,2022-06-13,51,4,0,4256,93
meshtastic/firmware,2022-06-20,28,4,0,4284,93
meshtastic/firmware,2022-06-27,11,3,1,4295,94
meshtastic/firmware,2022-07-04,10,3,0,4305,94
meshtastic/firmware,2022-07-11,13,4,1,4318,95
meshtastic/firmware,2022-07-18,6,2,0,4324,95
meshtastic/firmware,2022-07-25,12,5,1,4336,96
meshtastic/firmware,2022-08-01,46,8,1,4382,97
meshtastic/firmware,2022-08-08,70,6,0,4452,97
meshtastic/firmware,2022-08-15,10,3,0,4462,97
meshtastic/firmware,2022-08-22,11,4,1,4473,98
meshtastic/firmware,2022-08-29,16,5,1,4489,99
meshtastic/firmware,2022-09-05,40,5,0,4529,99
meshtastic/firmware,2022-09-12,36,4,0,4565,99
meshtastic/firmware,2022-09-19,53,4,1,4618,100
meshtastic/firmware,2022-09-26,62,7,1,4680,101
meshtastic/firmware,2022-10-03,96,7,0,4776,101
meshtastic/firmware,2022-10-10,62,4,0,4838,101
meshtastic/firmware,2022-10-17,73,4,1,4911,102
meshtastic/firmware,2022-10-24,41,5,2,4952,104
meshtastic/firmware,2022-10-31,114,8,2,5066,106
meshtastic/firmware,2022-11-07,79,5,0,5145,106
meshtastic/firmware,2022-11-14,78,4,0,5223,106
meshtastic/firmware,2022-11-21,104,8,1,5327,107
meshtastic/firmware,2022-11-28,27,4,1,5354,108
meshtastic/firmware,2022-12-05,33,5,0,5387,108
meshtastic/firmware,2022-12-12,42,6,1,5429,109
meshtastic/firmware,2022-12-19,74,4,0,5503,109
meshtastic/firmware,2022-12-26,70,5,1,5573,110
meshtastic/firmware,2023-01-02,54,6,2,5627,112
meshtastic/firmware,2023-01-09,49,4,0,5676,112
meshtastic/firmware,2023-01-16,105,9,3,5781,115
meshtastic/firmware,2023-01-23,89,6,1,5870,116
meshtastic/firmware,2023-01-30,85,3,0,5955,116
meshtastic/firmware,2023-02-06,52,3,0,6007,116
meshtastic/firmware,2023-02-13,24,4,0,6031,116
meshtastic/firmware,2023-02-20,46,6,0,6077,116
meshtastic/firmware,2023-02-27,16,7,2,6093,118
meshtastic/firmware,2023-03-06,40,6,0,6133,118
meshtastic/firmware,2023-03-13,9,6,1,6142,119
meshtastic/firmware,2023-03-20,16,5,0,6158,119
meshtastic/firmware,2023-03-27,34,9,2,6192,121
meshtastic/firmware,2023-04-03,20,5,0,6212,121
meshtastic/firmware,2023-04-10,23,4,0,6235,121
meshtastic/firmware,2023-04-17,12,3,0,6247,121
meshtastic/firmware,2023-04-24,1,1,0,6248,121
meshtastic/firmware,2023-05-01,24,6,0,6272,121
meshtastic/firmware,2023-05-08,27,6,0,6299,121
meshtastic/firmware,2023-05-15,17,4,0,6316,121
meshtastic/firmware,2023-05-22,31,6,0,6347,121
meshtastic/firmware,2023-05-29,21,6,0,6368,121
meshtastic/firmware,2023-06-05,12,5,1,6380,122
meshtastic/firmware,2023-06-12,3,2,0,6383,122
meshtastic/firmware,2023-06-19,7,3,0,6390,122
meshtastic/firmware,2023-06-26,15,6,1,6405,123
meshtastic/firmware,2023-07-03,10,6,2,6415,125
meshtastic/firmware,2023-07-10,8,5,2,6423,127
meshtastic/firmware,2023-07-17,18,8,1,6441,128
meshtastic/firmware,2023-07-24,42,10,1,6483,129
meshtastic/firmware,2023-07-31,40,8,0,6523,129
meshtastic/firmware,2023-08-07,39,7,1,6562,130
meshtastic/firmware,2023-08-14,18,6,0,6580,130
meshtastic/firmware,2023-08-21,23,4,0,6603,130
meshtastic/firmware,2023-08-28,17,4,0,6620,130
meshtastic/firmware,2023-09-04,26,8,0,6646,130
meshtastic/firmware,2023-09-11,7,4,0,6653,130
meshtastic/firmware,2023-09-18,16,9,0,6669,130
meshtastic/firmware,2023-09-25,17,8,2,6686,132
meshtastic/firmware,2023-10-02,15,8,1,6701,133
meshtastic/firmware,2023-10-09,18,10,2,6719,135
meshtastic/firmware,2023-10-16,2,2,0,6721,135
meshtastic/firmware,2023-10-23,3,3,0,6724,135
meshtastic/firmware,2023-10-30,9,6,1,6733,136
meshtastic/firmware,2023-11-06,8,5,0,6741,136
meshtastic/firmware,2023-11-13,33,6,1,6774,137
meshtastic/firmware,2023-11-20,11,5,0,6785,137
meshtastic/firmware,2023-11-27,34,7,0,6819,137
meshtastic/firmware,2023-12-04,18,6,1,6837,138
meshtastic/firmware,2023-12-11,32,5,0,6869,138
meshtastic/firmware,2023-12-18,3,2,0,6872,138
meshtastic/firmware,2023-12-25,15,7,2,6887,140
meshtastic/firmware,2024-01-01,9,6,1,6896,141
meshtastic/firmware,2024-01-08,15,6,1,6911,142
meshtastic/firmware,2024-01-15,14,8,1,6925,143
meshtastic/firmware,2024-01-22,8,5,0,6933,143
meshtastic/firmware,2024-01-29,15,8,1,6948,144
meshtastic/firmware,2024-02-05,25,12,4,6973,148
meshtastic/firmware,2024-02-12,16,9,1,6989,149
meshtastic/firmware,2024-02-19,33,11,1,7022,150
meshtastic/firmware,2024-02-26,27,7,0,7049,150
meshtastic/firmware,2024-03-04,55,10,1,7104,151
meshtastic/firmware,2024-03-11,60,13,3,7164,154
meshtastic/firmware,2024-03-18,37,9,1,7201,155
meshtastic/firmware,2024-03-25,13,7,1,7214,156
meshtastic/firmware,2024-04-01,28,10,3,7242,159
meshtastic/firmware,2024-04-08,33,10,1,7275,160
meshtastic/firmware,2024-04-15,81,15,1,7356,161
meshtastic/firmware,2024-04-22,40,18,8,7396,169
meshtastic/firmware,2024-04-29,44,10,1,7440,170
meshtastic/firmware,2024-05-06,47,13,3,7487,173
meshtastic/firmware,2024-05-13,79,13,1,7566,174
meshtastic/firmware,2024-05-20,34,9,2,7600,176
meshtastic/firmware,2024-05-27,21,10,3,7621,179
meshtastic/firmware,2024-06-03,51,10,2,7672,181
meshtastic/firmware,2024-06-10,56,17,4,7728,185
meshtastic/firmware,2024-06-17,52,11,2,7780,187
meshtastic/firmware,2024-06-24,23,8,1,7803,188
meshtastic/firmware,2024-07-01,19,9,1,7822,189
meshtastic/firmware,2024-07-08,35,11,1,7857,190
meshtastic/firmware,2024-07-15,8,6,0,7865,190
meshtastic/firmware,2024-07-22,35,10,2,7900,192
meshtastic/firmware,2024-07-29,35,11,4,7935,196
meshtastic/firmware,2024-08-05,44,12,1,7979,197
meshtastic/firmware,2024-08-12,84,14,4,8063,201
meshtastic/firmware,2024-08-19,59,15,2,8122,203
meshtastic/firmware,2024-08-26,82,18,4,8204,207
meshtastic/firmware,2024-09-02,57,13,5,8261,212
meshtastic/firmware,2024-09-09,54,14,2,8315,214
meshtastic/firmware,2024-09-16,96,17,7,8411,221
meshtastic/firmware,2024-09-23,161,17,1,8572,222
meshtastic/firmware,2024-09-30,57,14,2,8629,224
meshtastic/firmware,2024-10-07,47,13,0,8676,224
meshtastic/firmware,2024-10-14,31,14,4,8707,228
meshtastic/firmware,2024-10-21,20,11,4,8727,232
meshtastic/firmware,2024-10-28,46,15,3,8773,235
meshtastic/firmware,2024-11-04,36,11,3,8809,238
meshtastic/firmware,2024-11-11,43,11,2,8852,240
meshtastic/firmware,2024-11-18,29,14,2,8881,242
meshtastic/firmware,2024-11-25,23,10,4,8904,246
meshtastic/firmware,2024-12-02,20,11,3,8924,249
meshtastic/firmware,2024-12-09,25,12,1,8949,250
meshtastic/firmware,2024-12-16,29,12,3,8978,253
meshtastic/firmware,2024-12-23,35,13,2,9013,255
meshtastic/firmware,2024-12-30,41,9,2,9054,257
meshtastic/firmware,2025-01-06,46,15,2,9100,259
meshtastic/firmware,2025-01-13,29,11,2,9129,261
meshtastic/firmware,2025-01-20,22,10,1,9151,262
meshtastic/firmware,2025-01-27,7,6,1,9158,263
meshtastic/firmware,2025-02-03,17,12,4,9175,267
meshtastic/firmware,2025-02-10,19,11,2,9194,269
meshtastic/firmware,2025-02-17,21,13,5,9215,274
meshtastic/firmware,2025-02-24,24,10,2,9239,276
meshtastic/firmware,2025-03-03,35,16,4,9274,280
meshtastic/firmware,2025-03-10,22,11,1,9296,281
meshtastic/firmware,2025-03-17,25,12,3,9321,284
meshtastic/firmware,2025-03-24,40,12,2,9361,286
meshtastic/firmware,2025-03-31,33,16,4,9394,290
meshtastic/firmware,2025-04-07,39,16,3,9433,293
meshtastic/firmware,2025-04-14,37,14,3,9470,296
meshtastic/firmware,2025-04-21,7,6,0,9477,296
meshtastic/firmware,2025-04-28,24,11,2,9501,298
meshtastic/firmware,2025-05-05,26,7,0,9527,298
meshtastic/firmware,2025-05-12,30,11,2,9557,300
meshtastic/firmware,2025-05-19,25,11,2,9582,302
meshtastic/firmware,2025-05-26,19,11,3,9601,305
meshtastic/firmware,2025-06-02,21,10,2,9622,307
meshtastic/firmware,2025-06-09,44,16,4,9666,311
meshtastic/firmware,2025-06-16,41,19,8,9707,319
meshtastic/firmware,2025-06-23,26,11,1,9733,320
meshtastic/firmware,2025-06-30,47,18,3,9780,323
meshtastic/firmware,2025-07-07,53,17,3,9833,326
meshtastic/firmware,2025-07-14,33,10,0,9866,326
meshtastic/firmware,2025-07-21,37,12,3,9903,329
meshtastic/firmware,2025-07-28,16,10,3,9919,332
meshtastic/firmware,2025-08-04,17,9,2,9936,334
meshtastic/firmware,2025-08-11,27,11,2,9963,336
meshtastic/firmware,2025-08-18,50,13,3,10013,339
meshtastic/firmware,2025-08-25,41,10,1,10054,340
meshtastic/firmware,2025-09-01,83,22,4,10137,344
meshtastic/firmware,2025-09-08,107,13,3,10244,347
meshtastic/firmware,2025-09-15,116,17,2,10360,349
meshtastic/firmware,2025-09-22,93,16,2,10453,351
meshtastic/firmware,2025-09-29,80,14,1,10533,352
meshtastic/firmware,2025-10-06,66,13,2,10599,354
meshtastic/firmware,2025-10-13,59,19,5,10658,359
meshtastic/firmware,2025-10-20,22,10,1,10680,360
meshtastic/firmware,2025-10-27,25,16,6,10705,366
meshtastic/firmware,2025-11-03,41,17,3,10746,369
meshtastic/firmware,2025-11-10,15,9,0,10761,369
meshtastic/firmware,2025-11-17,50,15,4,10811,373
meshtastic/firmware,2025-11-24,37,11,0,10848,373
meshtastic/firmware,2025-12-01,26,14,4,10874,377
meshtastic/firmware,2025-12-08,53,16,2,10927,379
meshtastic/firmware,2025-12-15,42,11,1,10969,380
meshtastic/firmware,2025-12-22,36,10,0,11005,380
meshtastic/firmware,2025-12-29,39,14,3,11044,383
meshtastic/firmware,2026-01-05,48,15,5,11092,388
meshtastic/firmware,2026-01-12,62,20,3,11154,391
meshtastic/firmware,2026-01-19,35,15,4,11189,395
meshtastic/firmware,2026-01-26,64,18,5,11253,400
meshtastic/firmware,2026-02-02,32,13,3,11285,403
meshtastic/firmware,2026-02-09,53,16,1,11338,404
meshtastic/firmware,2026-02-16,35,14,2,11373,406
meshtastic/firmware,2026-02-23,40,13,1,11413,407
meshtastic/firmware,2026-03-02,54,15,2,11467,409
meshtastic/firmware,2026-03-09,17,8,0,11484,409
meshtastic/firmware,2026-03-16,54,21,8,11538,417
meshtastic/firmware,2026-03-23,33,9,2,11571,419
meshtastic/firmware,2026-03-30,34,14,2,11605,421
meshtastic/firmware,2026-04-06,25,7,0,11630,421
meshtastic/firmware,2026-04-13,61,18,4,11691,425
civiform/civiform,2021-01-04,4,3,3,4,3
civiform/civiform,2021-01-11,5,3,1,9,4
civiform/civiform,2021-01-18,9,4,1,18,5
civiform/civiform,2021-01-25,10,5,1,28,6
civiform/civiform,2021-02-01,9,3,1,37,7
civiform/civiform,2021-02-08,26,7,2,63,9
civiform/civiform,2021-02-15,23,7,0,86,9
civiform/civiform,2021-02-22,31,7,0,117,9
civiform/civiform,2021-03-01,32,7,0,149,9
civiform/civiform,2021-03-08,30,10,3,179,12
civiform/civiform,2021-03-15,23,6,1,202,13
civiform/civiform,2021-03-22,32,10,2,234,15
civiform/civiform,2021-03-29,19,7,0,253,15
civiform/civiform,2021-04-05,44,7,1,297,16
civiform/civiform,2021-04-12,31,9,0,328,16
civiform/civiform,2021-04-19,37,9,1,365,17
civiform/civiform,2021-04-26,40,6,0,405,17
civiform/civiform,2021-05-03,50,8,0,455,17
civiform/civiform,2021-05-10,59,8,0,514,17
civiform/civiform,2021-05-17,52,7,1,566,18
civiform/civiform,2021-05-24,16,7,0,582,18
civiform/civiform,2021-05-31,21,9,2,603,20
civiform/civiform,2021-06-07,28,9,1,631,21
civiform/civiform,2021-06-14,31,9,0,662,21
civiform/civiform,2021-06-21,48,7,0,710,21
civiform/civiform,2021-06-28,29,8,0,739,21
civiform/civiform,2021-07-26,1,1,1,740,22
civiform/civiform,2021-08-02,2,1,1,742,23
civiform/civiform,2021-08-09,7,5,2,749,25
civiform/civiform,2021-08-16,1,1,0,750,25
civiform/civiform,2021-08-23,4,3,0,754,25
civiform/civiform,2021-08-30,4,2,0,758,25
civiform/civiform,2021-09-06,1,1,0,759,25
civiform/civiform,2021-09-13,2,2,0,761,25
civiform/civiform,2021-09-20,1,1,1,762,26
civiform/civiform,2021-09-27,3,3,0,765,26
civiform/civiform,2021-10-04,6,5,0,771,26
civiform/civiform,2021-10-11,2,2,0,773,26
civiform/civiform,2021-10-18,3,3,0,776,26
civiform/civiform,2021-10-25,6,3,0,782,26
civiform/civiform,2021-11-01,6,2,0,788,26
civiform/civiform,2021-11-08,9,4,1,797,27
civiform/civiform,2021-11-15,5,5,1,802,28
civiform/civiform,2021-11-22,3,2,1,805,29
civiform/civiform,2021-11-29,6,3,0,811,29
civiform/civiform,2021-12-06,2,2,0,813,29
civiform/civiform,2021-12-13,4,4,0,817,29
civiform/civiform,2021-12-20,4,1,0,821,29
civiform/civiform,2022-01-03,7,4,1,828,30
civiform/civiform,2022-01-10,9,3,0,837,30
civiform/civiform,2022-01-17,8,3,0,845,30
civiform/civiform,2022-01-24,13,4,0,858,30
civiform/civiform,2022-01-31,12,2,0,870,30
civiform/civiform,2022-02-07,7,5,1,877,31
civiform/civiform,2022-02-14,13,4,0,890,31
civiform/civiform,2022-02-21,17,4,1,907,32
civiform/civiform,2022-02-28,10,4,0,917,32
civiform/civiform,2022-03-07,12,6,1,929,33
civiform/civiform,2022-03-14,36,5,1,965,34
civiform/civiform,2022-03-21,54,7,1,1019,35
civiform/civiform,2022-03-28,44,7,1,1063,36
civiform/civiform,2022-04-04,7,3,1,1070,37
civiform/civiform,2022-04-11,21,8,1,1091,38
civiform/civiform,2022-04-18,22,8,3,1113,41
civiform/civiform,2022-04-25,33,8,2,1146,43
civiform/civiform,2022-05-02,44,11,3,1190,46
civiform/civiform,2022-05-09,27,9,0,1217,46
civiform/civiform,2022-05-16,21,8,0,1238,46
civiform/civiform,2022-05-23,45,11,0,1283,46
civiform/civiform,2022-05-30,35,6,0,1318,46
civiform/civiform,2022-06-06,34,8,0,1352,46
civiform/civiform,2022-06-13,44,9,0,1396,46
civiform/civiform,2022-06-20,22,5,0,1418,46
civiform/civiform,2022-06-27,35,8,1,1453,47
civiform/civiform,2022-07-04,11,5,0,1464,47
civiform/civiform,2022-07-11,39,12,2,1503,49
civiform/civiform,2022-07-18,30,6,0,1533,49
civiform/civiform,2022-07-25,40,8,0,1573,49
civiform/civiform,2022-08-01,33,8,0,1606,49
civiform/civiform,2022-08-08,37,8,0,1643,49
civiform/civiform,2022-08-15,64,8,0,1707,49
civiform/civiform,2022-08-22,38,10,0,1745,49
civiform/civiform,2022-08-29,42,9,0,1787,49
civiform/civiform,2022-09-05,20,7,0,1807,49
civiform/civiform,2022-09-12,35,10,1,1842,50
civiform/civiform,2022-09-19,41,9,0,1883,50
civiform/civiform,2022-09-26,54,8,0,1937,50
civiform/civiform,2022-10-03,15,7,1,1952,51
civiform/civiform,2022-10-10,21,7,0,1973,51
civiform/civiform,2022-10-17,29,5,0,2002,51
civiform/civiform,2022-10-24,25,8,1,2027,52
civiform/civiform,2022-10-31,15,7,0,2042,52
civiform/civiform,2022-11-07,23,7,0,2065,52
civiform/civiform,2022-11-14,30,6,0,2095,52
civiform/civiform,2022-11-21,18,4,0,2113,52
civiform/civiform,2022-11-28,14,4,0,2127,52
civiform/civiform,2022-12-05,16,5,1,2143,53
civiform/civiform,2022-12-12,36,6,0,2179,53
civiform/civiform,2022-12-19,27,5,0,2206,53
civiform/civiform,2022-12-26,13,4,0,2219,53
civiform/civiform,2023-01-02,10,5,0,2229,53
civiform/civiform,2023-01-09,21,9,0,2250,53
civiform/civiform,2023-01-16,11,5,0,2261,53
civiform/civiform,2023-01-23,24,7,2,2285,55
civiform/civiform,2023-01-30,31,10,1,2316,56
civiform/civiform,2023-02-06,28,12,3,2344,59
civiform/civiform,2023-02-13,30,11,1,2374,60
civiform/civiform,2023-02-20,18,6,0,2392,60
civiform/civiform,2023-02-27,25,8,0,2417,60
civiform/civiform,2023-03-06,23,9,0,2440,60
civiform/civiform,2023-03-13,40,9,0,2480,60
civiform/civiform,2023-03-20,26,7,0,2506,60
civiform/civiform,2023-03-27,44,9,0,2550,60
civiform/civiform,2023-04-03,30,8,0,2580,60
civiform/civiform,2023-04-10,31,9,0,2611,60
civiform/civiform,2023-04-17,7,4,0,2618,60
civiform/civiform,2023-04-24,16,6,0,2634,60
civiform/civiform,2023-05-01,53,7,0,2687,60
civiform/civiform,2023-05-08,26,7,0,2713,60
civiform/civiform,2023-05-15,40,9,1,2753,61
civiform/civiform,2023-05-22,44,8,0,2797,61
civiform/civiform,2023-05-29,8,4,0,2805,61
civiform/civiform,2023-06-05,12,7,0,2817,61
civiform/civiform,2023-06-12,41,8,0,2858,61
civiform/civiform,2023-06-19,13,6,1,2871,62
civiform/civiform,2023-06-26,25,8,0,2896,62
civiform/civiform,2023-07-03,20,6,0,2916,62
civiform/civiform,2023-07-10,19,6,2,2935,64
civiform/civiform,2023-07-17,21,10,0,2956,64
civiform/civiform,2023-07-24,26,8,0,2982,64
civiform/civiform,2023-07-31,18,8,0,3000,64
civiform/civiform,2023-08-07,20,9,0,3020,64
civiform/civiform,2023-08-14,23,6,0,3043,64
civiform/civiform,2023-08-21,23,9,0,3066,64
civiform/civiform,2023-08-28,15,5,0,3081,64
civiform/civiform,2023-09-04,22,5,0,3103,64
civiform/civiform,2023-09-11,39,7,0,3142,64
civiform/civiform,2023-09-18,16,7,0,3158,64
civiform/civiform,2023-09-25,18,2,0,3176,64
civiform/civiform,2023-10-02,29,9,0,3205,64
civiform/civiform,2023-10-09,30,10,1,3235,65
civiform/civiform,2023-10-16,9,6,0,3244,65
civiform/civiform,2023-10-23,27,11,0,3271,65
civiform/civiform,2023-10-30,23,9,0,3294,65
civiform/civiform,2023-11-06,19,8,0,3313,65
civiform/civiform,2023-11-13,13,6,0,3326,65
civiform/civiform,2023-11-20,39,6,0,3365,65
civiform/civiform,2023-11-27,35,8,0,3400,65
civiform/civiform,2023-12-04,22,8,0,3422,65
civiform/civiform,2023-12-11,19,8,1,3441,66
civiform/civiform,2023-12-18,43,9,1,3484,67
civiform/civiform,2023-12-25,3,1,0,3487,67
civiform/civiform,2024-01-01,19,5,0,3506,67
civiform/civiform,2024-01-08,51,9,1,3557,68
civiform/civiform,2024-01-15,27,8,0,3584,68
civiform/civiform,2024-01-22,23,9,0,3607,68
civiform/civiform,2024-01-29,56,9,0,3663,68
civiform/civiform,2024-02-05,43,10,0,3706,68
civiform/civiform,2024-02-12,29,10,0,3735,68
civiform/civiform,2024-02-19,33,10,1,3768,69
civiform/civiform,2024-02-26,51,7,0,3819,69
civiform/civiform,2024-03-04,37,12,0,3856,69
civiform/civiform,2024-03-11,44,12,0,3900,69
civiform/civiform,2024-03-18,60,11,0,3960,69
civiform/civiform,2024-03-25,43,8,0,4003,69
civiform/civiform,2024-04-01,38,11,0,4041,69
civiform/civiform,2024-04-08,45,9,1,4086,70
civiform/civiform,2024-04-15,20,8,1,4106,71
civiform/civiform,2024-04-22,28,9,0,4134,71
civiform/civiform,2024-04-29,57,14,0,4191,71
civiform/civiform,2024-05-06,32,9,0,4223,71
civiform/civiform,2024-05-13,19,6,1,4242,72
civiform/civiform,2024-05-20,38,6,1,4280,73
civiform/civiform,2024-05-27,38,10,0,4318,73
civiform/civiform,2024-06-03,47,11,0,4365,73
civiform/civiform,2024-06-10,44,13,0,4409,73
civiform/civiform,2024-06-17,36,10,0,4445,73
civiform/civiform,2024-06-24,49,8,0,4494,73
civiform/civiform,2024-07-01,35,8,0,4529,73
civiform/civiform,2024-07-08,39,8,0,4568,73
civiform/civiform,2024-07-15,42,8,0,4610,73
civiform/civiform,2024-07-22,40,12,1,4650,74
civiform/civiform,2024-07-29,38,9,0,4688,74
civiform/civiform,2024-08-05,50,14,0,4738,74
civiform/civiform,2024-08-12,32,8,0,4770,74
civiform/civiform,2024-08-19,27,8,0,4797,74
civiform/civiform,2024-08-26,30,10,0,4827,74
civiform/civiform,2024-09-02,39,11,0,4866,74
civiform/civiform,2024-09-09,43,12,0,4909,74
civiform/civiform,2024-09-16,43,12,0,4952,74
civiform/civiform,2024-09-23,39,7,0,4991,74
civiform/civiform,2024-09-30,33,10,0,5024,74
civiform/civiform,2024-10-07,25,6,0,5049,74
civiform/civiform,2024-10-14,43,12,2,5092,76
civiform/civiform,2024-10-21,59,10,0,5151,76
civiform/civiform,2024-10-28,42,9,0,5193,76
civiform/civiform,2024-11-04,49,10,1,5242,77
civiform/civiform,2024-11-11,46,10,0,5288,77
civiform/civiform,2024-11-18,27,10,0,5315,77
civiform/civiform,2024-11-25,18,6,1,5333,78
civiform/civiform,2024-12-02,46,12,0,5379,78
civiform/civiform,2024-12-09,17,8,0,5396,78
civiform/civiform,2024-12-16,19,9,0,5415,78
civiform/civiform,2024-12-23,2,2,0,5417,78
civiform/civiform,2024-12-30,8,1,0,5425,78
civiform/civiform,2025-01-06,15,7,0,5440,78
civiform/civiform,2025-01-13,33,10,2,5473,80
civiform/civiform,2025-01-20,35,10,1,5508,81
civiform/civiform,2025-01-27,13,8,0,5521,81
civiform/civiform,2025-02-03,33,9,1,5554,82
civiform/civiform,2025-02-10,20,10,0,5574,82
civiform/civiform,2025-02-17,22,8,1,5596,83
civiform/civiform,2025-02-24,33,9,0,5629,83
civiform/civiform,2025-03-03,64,12,0,5693,83
civiform/civiform,2025-03-10,38,10,1,5731,84
civiform/civiform,2025-03-17,32,11,0,5763,84
civiform/civiform,2025-03-24,48,11,1,5811,85
civiform/civiform,2025-03-31,17,7,0,5828,85
civiform/civiform,2025-04-07,68,11,0,5896,85
civiform/civiform,2025-04-14,17,8,0,5913,85
civiform/civiform,2025-04-21,40,11,0,5953,85
civiform/civiform,2025-04-28,37,11,0,5990,85
civiform/civiform,2025-05-05,36,9,0,6026,85
civiform/civiform,2025-05-12,48,10,1,6074,86
civiform/civiform,2025-05-19,31,10,0,6105,86
civiform/civiform,2025-05-26,51,7,1,6156,87
civiform/civiform,2025-06-02,21,11,1,6177,88
civiform/civiform,2025-06-09,35,12,1,6212,89
civiform/civiform,2025-06-16,31,10,0,6243,89
civiform/civiform,2025-06-23,34,10,0,6277,89
civiform/civiform,2025-06-30,54,11,1,6331,90
civiform/civiform,2025-07-07,25,7,0,6356,90
civiform/civiform,2025-07-14,18,7,0,6374,90
civiform/civiform,2025-07-21,59,10,0,6433,90
civiform/civiform,2025-07-28,24,7,0,6457,90
civiform/civiform,2025-08-04,47,9,0,6504,90
civiform/civiform,2025-08-11,47,13,0,6551,90
civiform/civiform,2025-08-18,19,10,1,6570,91
civiform/civiform,2025-08-25,38,9,1,6608,92
civiform/civiform,2025-09-01,25,8,0,6633,92
civiform/civiform,2025-09-08,15,9,0,6648,92
civiform/civiform,2025-09-15,67,11,1,6715,93
civiform/civiform,2025-09-22,19,7,0,6734,93
civiform/civiform,2025-09-29,8,3,0,6742,93
civiform/civiform,2025-10-06,16,9,1,6758,94
civiform/civiform,2025-10-13,64,6,1,6822,95
civiform/civiform,2025-10-20,25,9,0,6847,95
civiform/civiform,2025-10-27,30,10,0,6877,95
civiform/civiform,2025-11-03,40,11,1,6917,96
civiform/civiform,2025-11-10,41,9,0,6958,96
civiform/civiform,2025-11-17,42,10,0,7000,96
civiform/civiform,2025-11-24,13,7,0,7013,96
civiform/civiform,2025-12-01,62,10,0,7075,96
civiform/civiform,2025-12-08,49,11,0,7124,96
civiform/civiform,2025-12-15,49,9,0,7173,96
civiform/civiform,2025-12-22,11,3,0,7184,96
civiform/civiform,2025-12-29,19,3,0,7203,96
civiform/civiform,2026-01-05,25,10,0,7228,96
civiform/civiform,2026-01-12,50,10,1,7278,97
civiform/civiform,2026-01-19,47,10,0,7325,97
civiform/civiform,2026-01-26,21,8,0,7346,97
civiform/civiform,2026-02-02,40,13,0,7386,97
civiform/civiform,2026-02-09,41,10,0,7427,97
civiform/civiform,2026-02-16,71,9,0,7498,97
civiform/civiform,2026-02-23,56,6,0,7554,97
civiform/civiform,2026-03-02,45,10,0,7599,97
civiform/civiform,2026-03-09,13,5,0,7612,97
civiform/civiform,2026-03-16,24,8,0,7636,97
civiform/civiform,2026-03-23,25,8,0,7661,97
civiform/civiform,2026-03-30,55,8,0,7716,97
civiform/civiform,2026-04-06,14,5,0,7730,97
civiform/civiform,2026-04-13,15,5,0,7745,97
iiab/iiab,2017-05-22,8,2,2,8,2
iiab/iiab,2017-05-29,33,2,1,41,3
iiab/iiab,2017-06-05,16,3,0,57,3
iiab/iiab,2017-06-12,13,3,0,70,3
iiab/iiab,2017-06-19,19,3,1,89,4
iiab/iiab,2017-06-26,6,2,0,95,4
iiab/iiab,2017-07-03,25,3,0,120,4
iiab/iiab,2017-07-10,15,2,0,135,4
iiab/iiab,2017-07-17,17,3,0,152,4
iiab/iiab,2017-08-07,1,1,0,153,4
iiab/iiab,2017-08-14,1,1,0,154,4
iiab/iiab,2017-08-21,6,2,0,160,4
iiab/iiab,2017-08-28,16,4,0,176,4
iiab/iiab,2017-09-04,11,2,0,187,4
iiab/iiab,2017-09-11,24,3,0,211,4
iiab/iiab,2017-09-18,72,4,0,283,4
iiab/iiab,2017-09-25,73,5,1,356,5
iiab/iiab,2017-10-02,25,4,0,381,5
iiab/iiab,2017-10-09,48,4,0,429,5
iiab/iiab,2017-10-16,56,4,0,485,5
iiab/iiab,2017-10-23,221,4,0,706,5
iiab/iiab,2017-10-30,45,2,0,751,5
iiab/iiab,2017-11-06,196,3,1,947,6
iiab/iiab,2017-11-13,128,2,0,1075,6
iiab/iiab,2017-11-20,161,3,0,1236,6
iiab/iiab,2017-11-27,54,3,0,1290,6
iiab/iiab,2017-12-04,118,3,0,1408,6
iiab/iiab,2017-12-11,32,1,0,1440,6
iiab/iiab,2017-12-18,8,1,0,1448,6
iiab/iiab,2017-12-25,52,2,0,1500,6
iiab/iiab,2018-01-01,16,1,0,1516,6
iiab/iiab,2018-01-08,37,1,0,1553,6
iiab/iiab,2018-01-22,1,1,0,1554,6
iiab/iiab,2018-02-05,28,2,0,1582,6
iiab/iiab,2018-02-12,70,2,0,1652,6
iiab/iiab,2018-02-19,5,2,0,1657,6
iiab/iiab,2018-02-26,7,2,0,1664,6
iiab/iiab,2018-03-12,3,2,0,1667,6
iiab/iiab,2018-03-19,36,2,0,1703,6
iiab/iiab,2018-03-26,31,3,0,1734,6
iiab/iiab,2018-04-02,89,4,1,1823,7
iiab/iiab,2018-04-09,5,1,0,1828,7
iiab/iiab,2018-04-16,9,1,0,1837,7
iiab/iiab,2018-04-23,38,3,0,1875,7
iiab/iiab,2018-04-30,48,2,0,1923,7
iiab/iiab,2018-05-07,73,3,0,1996,7
iiab/iiab,2018-05-14,51,4,0,2047,7
iiab/iiab,2018-05-21,27,3,0,2074,7
iiab/iiab,2018-05-28,5,1,0,2079,7
iiab/iiab,2018-06-04,10,1,0,2089,7
iiab/iiab,2018-06-11,14,1,0,2103,7
iiab/iiab,2018-06-18,46,3,0,2149,7
iiab/iiab,2018-06-25,19,2,1,2168,8
iiab/iiab,2018-07-02,35,3,0,2203,8
iiab/iiab,2018-07-09,137,2,0,2340,8
iiab/iiab,2018-07-16,201,3,0,2541,8
iiab/iiab,2018-07-23,64,3,0,2605,8
iiab/iiab,2018-07-30,1,1,0,2606,8
iiab/iiab,2018-08-06,32,3,0,2638,8
iiab/iiab,2018-08-13,161,3,0,2799,8
iiab/iiab,2018-08-20,125,4,0,2924,8
iiab/iiab,2018-08-27,236,4,0,3160,8
iiab/iiab,2018-09-03,125,4,1,3285,9
iiab/iiab,2018-09-10,48,2,0,3333,9
iiab/iiab,2018-09-17,97,3,0,3430,9
iiab/iiab,2018-09-24,54,2,0,3484,9
iiab/iiab,2018-10-01,27,2,0,3511,9
iiab/iiab,2018-10-08,113,4,1,3624,10
iiab/iiab,2018-10-15,129,5,1,3753,11
iiab/iiab,2018-10-22,86,1,0,3839,11
iiab/iiab,2018-10-29,246,4,2,4085,13
iiab/iiab,2018-11-05,14,2,0,4099,13
iiab/iiab,2018-11-12,17,4,1,4116,14
iiab/iiab,2018-11-19,4,3,0,4120,14
iiab/iiab,2018-11-26,20,4,0,4140,14
iiab/iiab,2018-12-03,26,3,0,4166,14
iiab/iiab,2018-12-10,43,2,0,4209,14
iiab/iiab,2018-12-17,1,1,0,4210,14
iiab/iiab,2018-12-24,10,3,0,4220,14
iiab/iiab,2018-12-31,64,3,0,4284,14
iiab/iiab,2019-01-07,79,3,0,4363,14
iiab/iiab,2019-01-14,103,5,0,4466,14
iiab/iiab,2019-01-21,4,1,0,4470,14
iiab/iiab,2019-01-28,132,2,0,4602,14
iiab/iiab,2019-02-04,211,3,0,4813,14
iiab/iiab,2019-02-11,89,5,1,4902,15
iiab/iiab,2019-02-18,14,2,0,4916,15
iiab/iiab,2019-02-25,38,3,0,4954,15
iiab/iiab,2019-03-04,104,2,0,5058,15
iiab/iiab,2019-03-11,23,3,0,5081,15
iiab/iiab,2019-03-18,16,2,0,5097,15
iiab/iiab,2019-03-25,15,3,0,5112,15
iiab/iiab,2019-04-01,25,3,0,5137,15
iiab/iiab,2019-04-08,44,2,0,5181,15
iiab/iiab,2019-04-15,19,2,0,5200,15
iiab/iiab,2019-04-22,42,4,1,5242,16
iiab/iiab,2019-04-29,35,3,0,5277,16
iiab/iiab,2019-05-06,98,4,0,5375,16
iiab/iiab,2019-05-13,67,3,0,5442,16
iiab/iiab,2019-05-20,84,2,0,5526,16
iiab/iiab,2019-05-27,30,2,0,5556,16
iiab/iiab,2019-06-03,12,3,0,5568,16
iiab/iiab,2019-06-10,16,4,0,5584,16
iiab/iiab,2019-06-17,106,5,0,5690,16
iiab/iiab,2019-06-24,25,3,0,5715,16
iiab/iiab,2019-07-01,89,2,0,5804,16
iiab/iiab,2019-07-08,77,3,0,5881,16
iiab/iiab,2019-07-15,45,5,0,5926,16
iiab/iiab,2019-07-22,11,1,0,5937,16
iiab/iiab,2019-07-29,16,2,0,5953,16
iiab/iiab,2019-08-05,18,2,0,5971,16
iiab/iiab,2019-08-12,47,2,0,6018,16
iiab/iiab,2019-08-19,5,2,0,6023,16
iiab/iiab,2019-09-02,158,3,0,6181,16
iiab/iiab,2019-09-09,6,1,0,6187,16
iiab/iiab,2019-09-16,5,1,0,6192,16
iiab/iiab,2019-09-23,55,1,0,6247,16
iiab/iiab,2019-09-30,37,2,0,6284,16
iiab/iiab,2019-10-07,81,3,0,6365,16
iiab/iiab,2019-10-14,43,2,0,6408,16
iiab/iiab,2019-10-21,7,2,0,6415,16
iiab/iiab,2019-10-28,65,3,1,6480,17
iiab/iiab,2019-11-04,11,1,0,6491,17
iiab/iiab,2019-11-11,14,1,0,6505,17
iiab/iiab,2019-11-18,21,2,0,6526,17
iiab/iiab,2019-11-25,132,4,0,6658,17
iiab/iiab,2019-12-02,6,3,0,6664,17
iiab/iiab,2019-12-09,37,4,0,6701,17
iiab/iiab,2019-12-16,100,3,0,6801,17
iiab/iiab,2019-12-23,16,3,0,6817,17
iiab/iiab,2019-12-30,139,4,0,6956,17
iiab/iiab,2020-01-06,171,5,0,7127,17
iiab/iiab,2020-01-13,130,1,0,7257,17
iiab/iiab,2020-01-20,178,3,0,7435,17
iiab/iiab,2020-01-27,119,3,0,7554,17
iiab/iiab,2020-02-03,33,4,0,7587,17
iiab/iiab,2020-02-10,73,3,0,7660,17
iiab/iiab,2020-02-17,24,3,0,7684,17
iiab/iiab,2020-02-24,5,2,0,7689,17
iiab/iiab,2020-03-02,29,2,0,7718,17
iiab/iiab,2020-03-09,30,2,0,7748,17
iiab/iiab,2020-03-16,21,3,0,7769,17
iiab/iiab,2020-03-23,18,2,0,7787,17
iiab/iiab,2020-03-30,24,3,0,7811,17
iiab/iiab,2020-04-06,24,3,0,7835,17
iiab/iiab,2020-04-13,32,4,0,7867,17
iiab/iiab,2020-04-20,35,4,1,7902,18
iiab/iiab,2020-04-27,139,4,0,8041,18
iiab/iiab,2020-05-04,93,2,0,8134,18
iiab/iiab,2020-05-11,33,4,1,8167,19
iiab/iiab,2020-05-18,27,2,0,8194,19
iiab/iiab,2020-05-25,8,2,0,8202,19
iiab/iiab,2020-06-01,26,1,0,8228,19
iiab/iiab,2020-06-08,1,1,0,8229,19
iiab/iiab,2020-06-15,13,1,0,8242,19
iiab/iiab,2020-06-22,8,1,0,8250,19
iiab/iiab,2020-06-29,7,1,0,8257,19
iiab/iiab,2020-07-06,18,3,0,8275,19
iiab/iiab,2020-07-13,8,1,0,8283,19
iiab/iiab,2020-07-20,3,1,0,8286,19
iiab/iiab,2020-07-27,13,2,0,8299,19
iiab/iiab,2020-08-03,41,2,0,8340,19
iiab/iiab,2020-08-10,4,1,0,8344,19
iiab/iiab,2020-08-17,41,3,0,8385,19
iiab/iiab,2020-08-24,62,3,0,8447,19
iiab/iiab,2020-08-31,16,2,0,8463,19
iiab/iiab,2020-09-07,46,4,2,8509,21
iiab/iiab,2020-09-14,28,3,0,8537,21
iiab/iiab,2020-09-21,69,2,0,8606,21
iiab/iiab,2020-09-28,38,1,0,8644,21
iiab/iiab,2020-10-05,42,3,0,8686,21
iiab/iiab,2020-10-12,63,1,0,8749,21
iiab/iiab,2020-10-19,30,3,0,8779,21
iiab/iiab,2020-10-26,59,5,1,8838,22
iiab/iiab,2020-11-02,50,4,1,8888,23
iiab/iiab,2020-11-09,16,1,0,8904,23
iiab/iiab,2020-11-16,4,1,0,8908,23
iiab/iiab,2020-11-23,54,4,0,8962,23
iiab/iiab,2020-11-30,6,1,0,8968,23
iiab/iiab,2020-12-07,5,1,0,8973,23
iiab/iiab,2020-12-14,8,1,0,8981,23
iiab/iiab,2020-12-21,3,1,0,8984,23
iiab/iiab,2020-12-28,3,1,0,8987,23
iiab/iiab,2021-01-18,1,1,0,8988,23
iiab/iiab,2021-01-25,15,1,0,9003,23
iiab/iiab,2021-02-01,12,3,0,9015,23
iiab/iiab,2021-02-15,11,1,0,9026,23
iiab/iiab,2021-02-22,33,3,0,9059,23
iiab/iiab,2021-03-01,24,1,0,9083,23
iiab/iiab,2021-03-08,29,3,0,9112,23
iiab/iiab,2021-03-15,28,2,0,9140,23
iiab/iiab,2021-03-22,15,2,0,9155,23
iiab/iiab,2021-03-29,14,1,0,9169,23
iiab/iiab,2021-04-05,12,1,0,9181,23
iiab/iiab,2021-04-12,82,4,0,9263,23
iiab/iiab,2021-04-19,14,2,0,9277,23
iiab/iiab,2021-04-26,59,5,1,9336,24
iiab/iiab,2021-05-03,21,2,0,9357,24
iiab/iiab,2021-05-10,32,3,0,9389,24
iiab/iiab,2021-05-17,87,3,0,9476,24
iiab/iiab,2021-05-24,45,2,0,9521,24
iiab/iiab,2021-05-31,8,1,0,9529,24
iiab/iiab,2021-06-07,2,1,0,9531,24
iiab/iiab,2021-06-14,30,1,0,9561,24
iiab/iiab,2021-06-21,45,1,0,9606,24
iiab/iiab,2021-06-28,53,3,1,9659,25
iiab/iiab,2021-07-05,55,2,0,9714,25
iiab/iiab,2021-07-12,28,2,1,9742,26
iiab/iiab,2021-07-19,23,2,0,9765,26
iiab/iiab,2021-07-26,179,2,0,9944,26
iiab/iiab,2021-08-02,160,3,0,10104,26
iiab/iiab,2021-08-09,138,3,0,10242,26
iiab/iiab,2021-08-16,68,3,0,10310,26
iiab/iiab,2021-08-23,42,3,0,10352,26
iiab/iiab,2021-08-30,33,2,0,10385,26
iiab/iiab,2021-09-06,8,1,0,10393,26
iiab/iiab,2021-09-13,4,1,0,10397,26
iiab/iiab,2021-09-27,19,3,0,10416,26
iiab/iiab,2021-10-04,3,2,0,10419,26
iiab/iiab,2021-10-11,2,1,0,10421,26
iiab/iiab,2021-10-18,6,2,0,10427,26
iiab/iiab,2021-10-25,49,3,0,10476,26
iiab/iiab,2021-11-01,17,1,0,10493,26
iiab/iiab,2021-11-08,29,3,1,10522,27
iiab/iiab,2021-11-15,10,1,0,10532,27
iiab/iiab,2021-11-22,23,3,0,10555,27
iiab/iiab,2021-11-29,14,1,0,10569,27
iiab/iiab,2021-12-06,7,1,0,10576,27
iiab/iiab,2021-12-13,11,2,0,10587,27
iiab/iiab,2021-12-20,42,2,0,10629,27
iiab/iiab,2021-12-27,16,1,0,10645,27
iiab/iiab,2022-01-03,17,2,1,10662,28
iiab/iiab,2022-01-10,16,1,0,10678,28
iiab/iiab,2022-01-17,5,1,0,10683,28
iiab/iiab,2022-01-24,2,1,0,10685,28
iiab/iiab,2022-01-31,11,2,0,10696,28
iiab/iiab,2022-02-07,3,2,0,10699,28
iiab/iiab,2022-02-14,7,2,0,10706,28
iiab/iiab,2022-02-28,5,2,0,10711,28
iiab/iiab,2022-03-07,13,1,0,10724,28
iiab/iiab,2022-03-14,34,2,0,10758,28
iiab/iiab,2022-03-21,11,3,0,10769,28
iiab/iiab,2022-03-28,53,3,0,10822,28
iiab/iiab,2022-04-04,51,2,0,10873,28
iiab/iiab,2022-04-11,6,1,0,10879,28
iiab/iiab,2022-04-18,27,1,0,10906,28
iiab/iiab,2022-04-25,43,5,2,10949,30
iiab/iiab,2022-05-02,26,2,0,10975,30
iiab/iiab,2022-05-09,9,2,0,10984,30
iiab/iiab,2022-05-16,32,3,0,11016,30
iiab/iiab,2022-05-23,27,2,0,11043,30
iiab/iiab,2022-05-30,5,3,0,11048,30
iiab/iiab,2022-06-06,33,2,0,11081,30
iiab/iiab,2022-06-13,25,4,0,11106,30
iiab/iiab,2022-06-20,24,2,0,11130,30
iiab/iiab,2022-06-27,56,4,1,11186,31
iiab/iiab,2022-07-04,36,3,0,11222,31
iiab/iiab,2022-07-11,45,4,1,11267,32
iiab/iiab,2022-07-18,64,4,1,11331,33
iiab/iiab,2022-07-25,14,3,0,11345,33
iiab/iiab,2022-08-01,23,1,0,11368,33
iiab/iiab,2022-08-08,16,3,0,11384,33
iiab/iiab,2022-08-15,6,1,0,11390,33
iiab/iiab,2022-08-22,7,2,0,11397,33
iiab/iiab,2022-08-29,37,3,0,11434,33
iiab/iiab,2022-09-05,20,2,0,11454,33
iiab/iiab,2022-09-12,4,1,0,11458,33
iiab/iiab,2022-09-19,30,3,0,11488,33
iiab/iiab,2022-09-26,25,1,0,11513,33
iiab/iiab,2022-10-03,36,2,0,11549,33
iiab/iiab,2022-10-10,11,1,0,11560,33
iiab/iiab,2022-10-17,16,1,0,11576,33
iiab/iiab,2022-10-24,10,1,0,11586,33
iiab/iiab,2022-10-31,4,1,0,11590,33
iiab/iiab,2022-11-07,17,1,0,11607,33
iiab/iiab,2022-11-14,7,2,0,11614,33
iiab/iiab,2022-11-21,6,1,0,11620,33
iiab/iiab,2022-11-28,3,1,0,11623,33
iiab/iiab,2022-12-05,2,1,0,11625,33
iiab/iiab,2022-12-19,33,2,0,11658,33
iiab/iiab,2022-12-26,38,2,0,11696,33
iiab/iiab,2023-01-02,12,3,0,11708,33
iiab/iiab,2023-01-09,17,1,0,11725,33
iiab/iiab,2023-01-16,11,1,0,11736,33
iiab/iiab,2023-01-23,2,1,0,11738,33
iiab/iiab,2023-01-30,3,1,0,11741,33
iiab/iiab,2023-02-06,14,1,0,11755,33
iiab/iiab,2023-02-13,3,1,0,11758,33
iiab/iiab,2023-02-20,12,1,0,11770,33
iiab/iiab,2023-02-27,5,1,0,11775,33
iiab/iiab,2023-03-06,4,1,0,11779,33
iiab/iiab,2023-03-13,22,2,0,11801,33
iiab/iiab,2023-03-20,20,2,0,11821,33
iiab/iiab,2023-03-27,44,2,0,11865,33
iiab/iiab,2023-04-03,27,3,0,11892,33
iiab/iiab,2023-04-10,41,3,1,11933,34
iiab/iiab,2023-04-17,32,2,0,11965,34
iiab/iiab,2023-04-24,46,3,0,12011,34
iiab/iiab,2023-05-01,12,1,0,12023,34
iiab/iiab,2023-05-08,6,1,0,12029,34
iiab/iiab,2023-05-15,31,2,1,12060,35
iiab/iiab,2023-05-22,13,2,0,12073,35
iiab/iiab,2023-05-29,4,2,0,12077,35
iiab/iiab,2023-06-05,23,2,0,12100,35
iiab/iiab,2023-06-12,20,1,0,12120,35
iiab/iiab,2023-06-19,12,1,0,12132,35
iiab/iiab,2023-06-26,4,1,0,12136,35
iiab/iiab,2023-07-10,16,1,0,12152,35
iiab/iiab,2023-07-17,5,1,0,12157,35
iiab/iiab,2023-07-24,10,1,0,12167,35
iiab/iiab,2023-07-31,15,1,0,12182,35
iiab/iiab,2023-08-07,13,1,0,12195,35
iiab/iiab,2023-08-14,7,1,0,12202,35
iiab/iiab,2023-08-21,8,1,0,12210,35
iiab/iiab,2023-08-28,8,1,0,12218,35
iiab/iiab,2023-09-04,21,1,0,12239,35
iiab/iiab,2023-09-11,13,1,0,12252,35
iiab/iiab,2023-09-18,5,1,0,12257,35
iiab/iiab,2023-09-25,13,1,0,12270,35
iiab/iiab,2023-10-02,9,1,0,12279,35
iiab/iiab,2023-10-09,18,2,0,12297,35
iiab/iiab,2023-10-16,1,1,0,12298,35
iiab/iiab,2023-10-23,3,1,0,12301,35
iiab/iiab,2023-10-30,13,1,0,12314,35
iiab/iiab,2023-11-06,7,1,0,12321,35
iiab/iiab,2023-11-13,16,1,0,12337,35
iiab/iiab,2023-11-20,7,1,0,12344,35
iiab/iiab,2023-11-27,4,1,0,12348,35
iiab/iiab,2023-12-04,14,1,0,12362,35
iiab/iiab,2023-12-11,16,1,0,12378,35
iiab/iiab,2023-12-18,15,1,0,12393,35
iiab/iiab,2023-12-25,3,1,0,12396,35
iiab/iiab,2024-01-01,17,1,0,12413,35
iiab/iiab,2024-01-08,11,1,0,12424,35
iiab/iiab,2024-01-15,10,2,0,12434,35
iiab/iiab,2024-01-29,2,1,0,12436,35
iiab/iiab,2024-02-05,2,1,0,12438,35
iiab/iiab,2024-02-19,8,1,0,12446,35
iiab/iiab,2024-02-26,9,1,0,12455,35
iiab/iiab,2024-03-04,16,2,0,12471,35
iiab/iiab,2024-03-11,3,1,0,12474,35
iiab/iiab,2024-03-25,5,1,0,12479,35
iiab/iiab,2024-04-08,5,1,0,12484,35
iiab/iiab,2024-04-15,3,1,0,12487,35
iiab/iiab,2024-04-22,2,1,0,12489,35
iiab/iiab,2024-04-29,12,1,0,12501,35
iiab/iiab,2024-05-13,4,1,0,12505,35
iiab/iiab,2024-05-20,4,1,0,12509,35
iiab/iiab,2024-05-27,3,1,0,12512,35
iiab/iiab,2024-06-03,7,1,0,12519,35
iiab/iiab,2024-06-10,5,1,0,12524,35
iiab/iiab,2024-06-17,2,1,0,12526,35
iiab/iiab,2024-06-24,12,1,0,12538,35
iiab/iiab,2024-07-01,2,1,0,12540,35
iiab/iiab,2024-07-08,8,1,0,12548,35
iiab/iiab,2024-07-15,37,1,0,12585,35
iiab/iiab,2024-07-22,7,1,0,12592,35
iiab/iiab,2024-07-29,7,1,0,12599,35
iiab/iiab,2024-08-05,16,1,0,12615,35
iiab/iiab,2024-08-12,3,1,0,12618,35
iiab/iiab,2024-08-19,2,1,0,12620,35
iiab/iiab,2024-09-09,6,1,0,12626,35
iiab/iiab,2024-09-16,9,1,0,12635,35
iiab/iiab,2024-09-23,8,1,0,12643,35
iiab/iiab,2024-09-30,17,2,0,12660,35
iiab/iiab,2024-10-07,10,1,0,12670,35
iiab/iiab,2024-10-14,6,1,0,12676,35
iiab/iiab,2024-10-21,4,2,0,12680,35
iiab/iiab,2024-10-28,2,1,0,12682,35
iiab/iiab,2024-11-04,12,1,0,12694,35
iiab/iiab,2024-11-11,2,1,0,12696,35
iiab/iiab,2024-11-18,4,1,0,12700,35
iiab/iiab,2024-12-02,4,2,0,12704,35
iiab/iiab,2024-12-09,9,1,0,12713,35
iiab/iiab,2024-12-16,25,4,0,12738,35
iiab/iiab,2024-12-23,2,2,1,12740,36
iiab/iiab,2024-12-30,5,2,0,12745,36
iiab/iiab,2025-01-06,9,2,0,12754,36
iiab/iiab,2025-01-13,36,4,0,12790,36
iiab/iiab,2025-01-20,50,3,0,12840,36
iiab/iiab,2025-01-27,53,4,0,12893,36
iiab/iiab,2025-02-03,1,1,0,12894,36
iiab/iiab,2025-02-10,24,3,0,12918,36
iiab/iiab,2025-02-17,6,1,0,12924,36
iiab/iiab,2025-02-24,8,1,0,12932,36
iiab/iiab,2025-03-03,2,2,2,12934,38
iiab/iiab,2025-03-10,15,2,0,12949,38
iiab/iiab,2025-03-17,15,4,0,12964,38
iiab/iiab,2025-03-24,33,2,0,12997,38
iiab/iiab,2025-03-31,22,2,0,13019,38
iiab/iiab,2025-04-07,19,2,0,13038,38
iiab/iiab,2025-04-14,7,1,0,13045,38
iiab/iiab,2025-04-21,12,2,0,13057,38
iiab/iiab,2025-04-28,12,2,0,13069,38
iiab/iiab,2025-05-05,10,2,0,13079,38
iiab/iiab,2025-05-12,10,3,1,13089,39
iiab/iiab,2025-05-19,5,1,0,13094,39
iiab/iiab,2025-05-26,4,1,0,13098,39
iiab/iiab,2025-06-09,2,1,0,13100,39
iiab/iiab,2025-06-23,8,2,0,13108,39
iiab/iiab,2025-06-30,32,4,0,13140,39
iiab/iiab,2025-07-07,3,2,0,13143,39
iiab/iiab,2025-07-14,15,2,0,13158,39
iiab/iiab,2025-07-21,2,1,0,13160,39
iiab/iiab,2025-08-11,2,1,0,13162,39
iiab/iiab,2025-08-18,8,4,1,13170,40
iiab/iiab,2025-08-25,40,5,0,13210,40
iiab/iiab,2025-09-01,7,2,0,13217,40
iiab/iiab,2025-09-08,12,2,0,13229,40
iiab/iiab,2025-09-15,6,1,0,13235,40
iiab/iiab,2025-09-22,12,2,0,13247,40
iiab/iiab,2025-09-29,34,3,1,13281,41
iiab/iiab,2025-10-06,16,2,0,13297,41
iiab/iiab,2025-10-13,4,1,1,13301,42
iiab/iiab,2025-10-20,42,4,0,13343,42
iiab/iiab,2025-10-27,35,4,0,13378,42
iiab/iiab,2025-11-03,23,3,0,13401,42
iiab/iiab,2025-11-10,58,4,0,13459,42
iiab/iiab,2025-11-17,27,4,0,13486,42
iiab/iiab,2025-11-24,44,3,0,13530,42
iiab/iiab,2025-12-01,23,2,0,13553,42
iiab/iiab,2025-12-08,64,3,0,13617,42
iiab/iiab,2025-12-15,74,4,0,13691,42
iiab/iiab,2025-12-22,27,3,0,13718,42
iiab/iiab,2025-12-29,54,4,0,13772,42
iiab/iiab,2026-01-05,56,4,0,13828,42
iiab/iiab,2026-01-12,105,4,0,13933,42
iiab/iiab,2026-01-19,43,5,0,13976,42
iiab/iiab,2026-01-26,17,3,0,13993,42
iiab/iiab,2026-02-02,26,5,0,14019,42
iiab/iiab,2026-02-09,84,4,0,14103,42
iiab/iiab,2026-02-16,12,4,0,14115,42
iiab/iiab,2026-02-23,71,5,0,14186,42
iiab/iiab,2026-03-02,51,6,0,14237,42
iiab/iiab,2026-03-09,97,6,0,14334,42
iiab/iiab,2026-03-16,57,5,0,14391,42
iiab/iiab,2026-03-23,38,3,0,14429,42
iiab/iiab,2026-03-30,7,2,0,14436,42
iiab/iiab,2026-04-06,56,4,0,14492,42
iiab/iiab,2026-04-13,85,5,0,14577,42
