repo_full_name,name,commit_sha,date
CodeForAfrica/Dominion.AFRICA,v0.2.0,8306d5a655f3b4c020e4d8a02fa86abfc1e6ba0d,2019-11-11T07:12:44+00:00
CodeForAfrica/Dominion.AFRICA,v0.1.9,ef4705315251620d0fe5a96efa4ce92f8cac655d,2019-10-30T14:23:54+00:00
CodeForAfrica/Dominion.AFRICA,v0.1.8,b12adc9825adb3a94397e5d8f3c7f9b70e484951,2019-10-17T07:59:20+00:00
CodeForAfrica/Dominion.AFRICA,v0.1.7,1b7d310c21c7713c0c0f1e45487c3be76143cf4e,2019-10-15T15:22:29+00:00
CodeForAfrica/Dominion.AFRICA,v0.1.6,5d9de33cc42b5741afd63f97d0e9d831f2579a63,2019-10-14T13:57:27+00:00
CodeForAfrica/Dominion.AFRICA,v0.1.5,52beaa74d6e74e796302f1324f991e6a24413ed5,2019-09-27T06:55:08+00:00
CodeForAfrica/Dominion.AFRICA,v0.1.4,34a6bedf7c6ae86971a7d58ecf9fa700d92b3577,2019-09-27T05:14:55+00:00
CodeForAfrica/Dominion.AFRICA,v0.1.3,d81f7f1dc2bbe9d7985a99538757ad1bcec70d16,2019-09-17T11:54:47+00:00
CodeForAfrica/Dominion.AFRICA,v0.1.2,3dfb5d8edf8dc0cf3e818cb5723b81025024431d,2019-09-09T15:59:56+00:00
CodeForAfrica/Dominion.AFRICA,v0.1.1,f76da23f2eb27eb5b1bb2f8ffeb7b7d8e56e8e0d,2019-09-02T11:37:04+00:00
CodeForAfrica/PromiseTracker,v1.0,fedaccac89aa9d19d3016b853e0a4a13f99ed3ba,2020-03-24T14:17:21+00:00
CodeForAfrica/PromiseTracker,v1.0-final,b6d1e92e3f2eded013b1ae390323ba59e6dce1a9,2023-03-14T05:27:37+00:00
CodeForAfrica/openAFRICA,v0.1.2,07d8cbca56c4dc9af4d0c0fd2096938054d2ed78,2019-08-19T17:30:45+00:00
CodeForAfrica/openAFRICA,v0.1.1,75afddc89e4d2285cad090724ef2b6ba5eab33ad,2019-08-19T17:29:57+00:00
CodeForAfrica/openAFRICA,v0.1,2cf3ccd81a4d51e89714d78e682b9f4081c87657,2019-03-26T06:41:01+00:00
CodeForAfrica/sensors.AFRICA,v0.4.32,868a08769b5076575ed1af96d7ed50092d5472c0,2025-08-26T12:42:08+00:00
CodeForAfrica/sensors.AFRICA,v0.3.1,bb06b05c833f98d508ccd388346b24c2c709be4d,2019-10-14T08:03:32+00:00
CodeForAfrica/sensors.AFRICA,v0.0.4,44aaa7ef96a901ecb8a01c88eb0830de359e7c75,2018-09-06T18:21:37+00:00
CodeForAfrica/sensors.AFRICA,v0.0.3,89776a8f8fd52e5d353b3a2d52d50ed89a672a24,2018-09-06T17:41:30+00:00
CodeForAfrica/sensors.AFRICA,v0.0.2,3e4489b33ae9af7470d9ae724db7971d91c9e84a,2018-09-06T17:14:11+00:00
CodeForAfrica/sensors.AFRICA,v0.0.1,f83124a3d8ab4dadd2e06c64262757bdc045bcc1,2018-04-21T10:19:53+00:00
CodeforLeipzig/leipziggiesst,v1.0.1,9301ebbef39c1e10d7c7613383670d8d839e9f4e,2020-05-19T09:32:54+00:00
CodeforLeipzig/leipziggiesst,v1.0.0,7c2887839333ea8969b6720c55a76d5b033461ff,2020-05-19T07:46:48+00:00
CodeforLeipzig/leipziggiesst,v1.0.0-rc-1,6f2ebc2c7ff74c8e9c5ecffdae32007aad536d5a,2020-05-11T18:29:44+00:00
VoteIT/voteit_frontend,v0.45.0,7a88723d13458cc958138f05d91025b64a3904ac,2026-06-02T12:57:29+00:00
VoteIT/voteit_frontend,v0.45.rc1,53047b86e0acefa40b457e65ed3670f66403e21a,2026-06-02T09:36:27+00:00
VoteIT/voteit_frontend,v0.45.rc0,52a27213d1aa40c222a926e6460316b9d727738b,2026-05-27T07:45:12+00:00
VoteIT/voteit_frontend,v0.45.beta0,55408ed4fcd65eb51b4c1d417b19af76f7a3ed43,2026-05-26T08:26:09+00:00
VoteIT/voteit_frontend,v0.44.1,d76d627c7d918f918e124070b6803115fe83a97e,2026-05-25T12:40:00+00:00
VoteIT/voteit_frontend,v0.44.0,2b75a10f39545974862b137394f283cf2937ddd7,2026-05-25T08:09:46+00:00
VoteIT/voteit_frontend,v0.44.rc2,1374ce7b2284eec1c98a613cb3f2aeaacf53d610,2026-05-22T12:57:41+00:00
VoteIT/voteit_frontend,v0.44.rc1,33b03e99237f67b18cbb16c3e5f8e9db2af51be0,2026-05-22T12:27:16+00:00
VoteIT/voteit_frontend,v0.44.rc0,c8a89f88fb7e640416ea605bf6ecf0a0054a4e6d,2026-05-22T07:03:05+00:00
VoteIT/voteit_frontend,v0.43.1,5c0f42859537f37917bf4e5ac83b70b31193d898,2026-05-20T11:37:14+00:00
VoteIT/voteit_frontend,v0.43.0,adaf21ca7bf47336bf44d4ee740035881c25c888,2026-05-18T13:10:43+00:00
VoteIT/voteit_frontend,v0.43.rc1,0281d241e5a0032d62837f52e32781b6c7366443,2026-05-12T09:36:21+00:00
VoteIT/voteit_frontend,v0.43.rc0,dd51f4d9515a80d504b5cbf3d6a98b271e5ef520,2026-05-12T08:38:24+00:00
VoteIT/voteit_frontend,v0.40.2,88b62d00560cfe6375ac420bdeea55c1d6bdf70c,2026-04-23T08:05:05+00:00
VoteIT/voteit_frontend,v0.40.1,80bf96eb1376e86a36117ae44d657ff011443277,2026-04-22T17:47:45+00:00
VoteIT/voteit_frontend,v0.40.0,65c2cbe40faac3e55c577b41a887044b6b04c4fc,2026-04-20T14:28:25+00:00
VoteIT/voteit_frontend,v0.40.rc1,839d2903ca87f26e659206c47328461a18dc86c1,2026-04-20T13:50:05+00:00
VoteIT/voteit_frontend,v0.40.rc0,10b89d0cf1aa9e23faab2991b7d6951e48eb7075,2026-04-20T11:47:13+00:00
VoteIT/voteit_frontend,v0.39.5,36cb9e0dfaa2754b634c32f967441ebbca579b70,2026-04-13T10:08:17+00:00
VoteIT/voteit_frontend,v0.39.4,9c88c54423c8522269e4d496b7f0161265ae090b,2026-03-24T21:53:55+00:00
VoteIT/voteit_frontend,v0.39.3,bb9d8e409742151c56962b9a7a9b9b6e6f8d1d9b,2026-03-19T09:36:54+00:00
VoteIT/voteit_frontend,v0.39.2,14c4088ba171aa91aaab1d74d60d1e7399d53b8b,2026-03-16T09:17:57+00:00
VoteIT/voteit_frontend,v0.39.1,7def55c8835a75051639519233b1493e0b911676,2026-03-12T12:46:59+00:00
VoteIT/voteit_frontend,v0.39.0,cb98463b51f543d1cf2cf8b930dba32b9f957440,2026-03-11T09:37:18+00:00
VoteIT/voteit_frontend,v0.39.rc0,5d442e2b73e05c0aca5229b1c8828057a5cee29f,2026-03-06T10:47:45+00:00
VoteIT/voteit_frontend,v0.38.0,7b80d723b0ab3048c2ef32ac1017ffd40ac00377,2025-11-26T14:53:32+00:00
VoteIT/voteit_frontend,v0.38.rc4,bf2ed6150d6d373b53c56766836f0a9423923575,2025-11-26T14:45:10+00:00
VoteIT/voteit_frontend,v0.38.rc3,316cdeb1c12d8155453a01151f30b7451f91a107,2025-11-26T10:59:46+00:00
VoteIT/voteit_frontend,v0.38.rc2,826c6b318bfc2cdfb1c71742735e883d3f37dd15,2025-11-26T08:10:27+00:00
VoteIT/voteit_frontend,v0.38.rc1,dff9413e95b63b43231c2bd97510a4a2d8f8d1ff,2025-10-31T12:32:29+00:00
VoteIT/voteit_frontend,v0.38.rc0,91902bb6922a70210c2f2b2f6020c0e6697cd000,2025-10-30T09:21:16+00:00
VoteIT/voteit_frontend,v0.37.rc0,81af51e511bb74a27f9930af5f0971c7d48d944c,2025-10-30T07:56:29+00:00
VoteIT/voteit_frontend,v0.36.3,2225ffa160ccac4fe8292cf0a57c8a37828d4011,2025-10-22T14:34:41+00:00
VoteIT/voteit_frontend,v0.36.2,e5870f905287845446b5acf7af3d26b04e03313d,2025-10-18T05:52:31+00:00
VoteIT/voteit_frontend,v0.36.1,d7cd836b558f2eeb594eae3ce1fa6d9b12e8ecc9,2025-10-15T14:18:47+00:00
VoteIT/voteit_frontend,v0.36.0,bf0d25885b450e9720e58088f3e21a455ecec1ec,2025-10-14T14:08:40+00:00
VoteIT/voteit_frontend,v0.34.1,9de40f55140467cc037821d286580a5e05eafd1b,2025-10-13T09:00:52+00:00
VoteIT/voteit_frontend,v0.34.1rc1,4394f15bafc9d9ef910db63b186e16b20546725d,2025-10-10T18:54:33+00:00
VoteIT/voteit_frontend,v0.34.0,c6b0288c5732dcc801ddb455976a1b9ae37cfcaa,2025-10-08T09:56:24+00:00
VoteIT/voteit_frontend,v0.34.rc1,4962d3d1432112018899344497f79854ee20af60,2025-10-03T13:56:55+00:00
VoteIT/voteit_frontend,v0.33.2,613b516ab211dfd14521756dae4bad92ddbe6da1,2025-09-23T14:01:13+00:00
VoteIT/voteit_frontend,v0.33.1,814ab09af90d68d3860bb83180e8729a5fed01f8,2025-08-27T11:48:11+00:00
VoteIT/voteit_frontend,v0.33.0,03f3f1236bdc543c5ff15aa62835fd0b6f0b6695,2025-08-26T11:08:45+00:00
VoteIT/voteit_frontend,v0.33.rc2,541474e61d52a51b47ae4db190b9d872d4c922a3,2025-08-26T10:07:18+00:00
VoteIT/voteit_frontend,v0.33.rc1,b9181f9fafe7fb88025101348be635ead0291815,2025-08-25T08:18:55+00:00
VoteIT/voteit_frontend,v0.32.0,2c9b6fb62df9c72e331154d31985668a8c00b356,2025-08-11T14:54:09+00:00
VoteIT/voteit_frontend,v0.32.rc4,1e8e5e5844525b42ecb278b36a856e970b25af87,2025-08-08T14:59:49+00:00
VoteIT/voteit_frontend,v0.32.rc3,bdce1d9cc6f621f220f4bd1d8b0f404d45bb134b,2025-08-08T12:54:38+00:00
VoteIT/voteit_frontend,v0.32.rc2,ae3d90d226f09d9c7dd1e74653f72ed287ae2848,2025-08-06T07:27:43+00:00
VoteIT/voteit_frontend,v0.31.1,a80cb6776f0a6b70079e9650b362bc3c5e89f216,2025-08-06T06:36:59+00:00
VoteIT/voteit_frontend,v0.31.0,8590baf7ef09f9c8f782eae1d6742b5fac81a0c4,2025-06-05T09:04:12+00:00
VoteIT/voteit_frontend,v0.30.3,9098c92fa76cb2ce3bddf84f5a7b2310effc0a4b,2025-06-03T09:38:38+00:00
VoteIT/voteit_frontend,v0.30.2,ac3aa6bc429f41dbbd13bb54c69f220b828bfdb4,2025-05-11T17:06:47+00:00
VoteIT/voteit_frontend,v0.30.1,6154de3490be1a3427996b9574fef774770a8eb2,2025-04-05T06:58:20+00:00
VoteIT/voteit_frontend,v0.30.0,90e6d64a1bd0e6e08c554b14b2c9727b685c8377,2025-04-02T08:38:53+00:00
VoteIT/voteit_frontend,v0.29.5,a983d3c255773927e71a174fbab40f3b7577690f,2025-03-07T13:27:19+00:00
VoteIT/voteit_frontend,v0.29.4,045cccc66f089b54afe1eb6817124ae909dc7aed,2025-02-19T12:52:51+00:00
VoteIT/voteit_frontend,v0.29.3,f2e95cbcdb70188aa2d34b188eb5dd2fa0ee3971,2025-02-18T14:15:18+00:00
VoteIT/voteit_frontend,v0.29.2,1f2eb587457c69527a1323b220db63071e059404,2025-02-11T10:19:22+00:00
VoteIT/voteit_frontend,v0.29.1,e6a22a8f4253ada56d2c4aa72a71abb9ce481696,2025-01-23T09:36:09+00:00
VoteIT/voteit_frontend,v0.29.0,cabacc7641e63b48cf8306331cbc2f1879ea0a43,2024-12-16T12:23:33+00:00
VoteIT/voteit_frontend,v0.26.12,3ec26176f16e83f57c0672f2b5bfba911782cb40,2024-11-08T10:36:03+00:00
VoteIT/voteit_frontend,v0.26.11,10b7c9b5678d7d26ffcf9c37a2fac1f45613ce66,2024-11-07T11:06:17+00:00
VoteIT/voteit_frontend,v0.26.10,6d372185a36467614a5afbee8c5575ea09e36dfd,2024-11-04T09:32:26+00:00
VoteIT/voteit_frontend,v0.26.9,833b5db252e7d7a5b194029e200c7465b2b86f90,2024-10-17T10:31:37+00:00
VoteIT/voteit_frontend,v0.26.8,dbaa4b46be6656ae7f816cab60ce309b989758f1,2024-10-16T13:55:25+00:00
VoteIT/voteit_frontend,v0.26.7,34a24e4fe4f7e277b3c4e4611180f1b704665921,2024-10-07T16:30:33+00:00
VoteIT/voteit_frontend,v0.26.6,0026fdf9ec28b9db84fc6231752250139d713645,2024-09-17T07:57:38+00:00
VoteIT/voteit_frontend,v0.26.5,bc35491a9adcb5e814117e24c735c02d79a102c0,2024-08-27T07:58:23+00:00
VoteIT/voteit_frontend,v0.26.4,a1373b30a204ad1ab29e7c6c9e750bc23b1e5d12,2024-06-05T08:48:38+00:00
VoteIT/voteit_frontend,v0.26.3,9b43187359049150690229e2c9e967dfd77ed517,2024-04-22T13:10:41+00:00
VoteIT/voteit_frontend,v0.26.2,c6a092b84f824edb84a5b7f5bab6ebe6830f5f95,2024-04-02T14:13:34+00:00
VoteIT/voteit_frontend,v0.26.1,945f6c5a61aab2d610fa60e252910160bf78694e,2024-03-25T09:36:27+00:00
VoteIT/voteit_frontend,v0.26.0,86a934c2e04435a9dde9728a175a84800610c71f,2024-03-11T15:35:50+00:00
VoteIT/voteit_frontend,v0.25.3,39496039fe52f134f27bd49000c9c008ff78a123,2024-03-11T13:33:52+00:00
VoteIT/voteit_frontend,v0.25.2,73d6fcb6f9ac413e16ecb8207c25356af93f5941,2024-03-08T12:07:27+00:00
VoteIT/voteit_frontend,v0.25.1,1fe5e185e9df6c51bf772691a174482890fa20ab,2024-03-05T10:53:44+00:00
VoteIT/voteit_frontend,v0.25.0,61b14462971b68390c1710b5cd16e145e05d6676,2024-03-04T08:52:28+00:00
VoteIT/voteit_frontend,v0.24.0,bb5947dd9c3c69db7b1dad24a71a9529f42e32d4,2024-02-29T08:53:02+00:00
VoteIT/voteit_frontend,v0.23.1,f8dcee101b46e4267913e088dc41b748a00ae332,2024-02-22T12:40:10+00:00
VoteIT/voteit_frontend,v0.23.0,8cf37903186409c090368a64da2b86d8c923f0b5,2024-02-20T09:09:28+00:00
VoteIT/voteit_frontend,v0.22.2,300bd8e0fc3aff81f388893310dc3b23a8f80b2d,2024-02-13T15:38:44+00:00
VoteIT/voteit_frontend,v0.22.1,d5760d1b791ebf90038b39e069011912f54acd9c,2024-02-12T13:08:44+00:00
VoteIT/voteit_frontend,v0.22.0,99c336d3fd024d779497f3d0a080eaab45c2630d,2024-02-12T08:47:46+00:00
VoteIT/voteit_frontend,v0.20.2,eae2fbedccb70aa4db306f9a4e9e3969c13b9f3f,2023-11-09T09:30:36+00:00
VoteIT/voteit_frontend,v0.20.1,83c8f9afa1b5671fd135d14caa85ecd1474f2873,2023-11-08T20:14:10+00:00
VoteIT/voteit_frontend,v0.20.0,d9dfd69794cfc6b28d73a2c623ea7fb11f5dfc4f,2023-11-07T09:41:25+00:00
VoteIT/voteit_frontend,v0.19.0,373325d941ea22803196a784c615af8b7bef080c,2023-10-25T11:46:07+00:00
VoteIT/voteit_frontend,v0.18.1,fac3a6810b769cb7a29ad088a9c0f91ac50c51e7,2023-10-18T12:59:28+00:00
VoteIT/voteit_frontend,v0.18.0,26252aac75e38e046ace7df0ac8b2a685ad01752,2023-10-09T10:20:29+00:00
bikespace/bikespace,v2026.03,d96842615e46c8883af32a26e48dab75f2ab2fb0,2026-03-29T14:39:29+00:00
bikespace/bikespace,v2025.12,f98e589b0c67a00a58ca23520c215cf3fb417aec,2025-12-28T17:57:20+00:00
bikespace/bikespace,v2025.10,afeab48a856d81060d1b4646eccbcb931040f404,2025-10-27T22:30:29+00:00
bikespace/bikespace,v2025.07,fb7bafdd6ac196f0b617fd8e22547d7fe7241243,2025-07-22T22:55:05+00:00
bikespace/bikespace,v2.0.1,76544ab8963fc6c81b68b8c71f664abe79388aba,2025-02-03T21:08:56+00:00
bikespace/bikespace,v2.0.0,1bd99c179c5021f3ef7a31a755e051eb4f6f4bfa,2024-10-02T02:26:30+00:00
bikespace/parking-map-data,v2025.12,d6b19a5a505aaac0326606ac95ac865b0c676279,2025-12-10T11:54:58+00:00
bikespace/parking-map-data,v2025.08,f35124148ff9a7b8195342c1ac39f3a74d2fbdb1,2025-09-02T00:57:18+00:00
bikespace/parking-map-data,v2025.07,c50b3ed78baeaf33c19c1dfdc75bc9a400300c19,2025-07-22T23:51:01+00:00
civiform/civiform,v3.30.0,437c8f94d3581982bf253b3436f749b543f93c96,2026-05-25T21:39:36+00:00
civiform/civiform,v3.29.0,e25eadacbc45d2043ba41ca2f317bd292387d598,2026-05-11T23:07:29+00:00
civiform/civiform,v3.28.0,757ef6829ae77d60cb850ef614bc09e80ca90864,2026-05-04T20:54:22+00:00
civiform/civiform,v3.27.0,0b186e90883020463093eeb30f546e2b9747726c,2026-04-13T23:14:23+00:00
civiform/civiform,v3.26.0,ba043eeb7792086fb6213bf41aa133452f6656fc,2026-03-31T21:33:50+00:00
civiform/civiform,v3.25.0,45e374fe64cbcc38f1268cb9d9486a0e6b3c1ead,2026-03-16T21:42:07+00:00
civiform/civiform,v3.24.0,5dad35cc8e0cd2eb5c7134ad3b0e91afac2e7076,2026-03-03T06:59:03+00:00
civiform/civiform,v3.23.0,64260f6118e340e22115c419f264cfb267870535,2026-02-18T07:19:14+00:00
civiform/civiform,v3.22.0,982bffaadd6acdb77074e2b9f5e7992299d2bb89,2026-02-04T00:41:05+00:00
civiform/civiform,v3.21.0,05a7ce182862594144feeb702d3f7692166305e1,2026-01-22T20:05:16+00:00
civiform/civiform,v3.20.0,754bf86e9d1d45ba1eca816f29879a87c4e90403,2026-01-05T22:59:23+00:00
civiform/civiform,v3.19.0,5dac7b431db017af1cf67d9b536d1c1d109e2589,2025-12-10T03:13:26+00:00
civiform/civiform,v3.18.0,d629b4417cf1340ff70a882fbe9835bce4298877,2025-11-18T22:21:49+00:00
civiform/civiform,v3.17.0,aa75830c86fcfd649d9e589c037d89ed659d7b1c,2025-10-28T02:22:38+00:00
civiform/civiform,v3.16.0,c74388b0fda8d8608a1ac222aa1edac6781d11a3,2025-10-14T00:28:02+00:00
civiform/civiform,v3.15.0,cc45bb74df14b29eef232b6e9078abd5f4a1ba46,2025-09-29T22:34:18+00:00
civiform/civiform,v3.14.0,d680d5204f0e022668889b80499feda501fcea9b,2025-09-18T23:20:24+00:00
civiform/civiform,v3.13.0,cd5d88a340a7ac8ee068ccd957e3f4f7664a7f61,2025-09-09T14:59:40+00:00
civiform/civiform,v3.12.0,97f74c87e783134b808c3010c8b6247f6ea502ee,2025-09-02T21:56:08+00:00
civiform/civiform,v3.11.0,7981a123a6263d53277b29590c997152290366eb,2025-08-26T02:31:57+00:00
civiform/civiform,v3.10.0,12ef73627885cbd0c5515ba3e31fbd030b2d928d,2025-08-18T21:23:30+00:00
civiform/civiform,v3.9.0,86a9821cb146841051565863ebb73908c687b032,2025-08-11T21:53:10+00:00
civiform/civiform,v3.8.0,d2c4452dd8733a02ed95a2c5a411c0b7ebd0fc56,2025-08-04T19:03:25+00:00
civiform/civiform,v3.7.0,815bb050e46ccce3fb30cbfed6c25616c442fadb,2025-07-29T22:48:11+00:00
civiform/civiform,v3.6.0,1ecbd9cdca7277e0cbe77d83c524d495bb49abed,2025-07-14T19:30:39+00:00
civiform/civiform,v3.5.0,9606977531367796c83e7ca45c25e141fc797c12,2025-07-03T23:50:15+00:00
civiform/civiform,v3.4.0,dc45d9084aaa5018467b4e8f49ddd9be81055018,2025-06-30T20:32:53+00:00
civiform/civiform,v3.3.0,12ddcd117fa9975f94ae4a6d02bbbcaf8d5cbff0,2025-06-23T23:09:03+00:00
civiform/civiform,v3.2.0,0c2b2709479ab26becfa9c6239b9702d0eb9ffb0,2025-06-16T22:11:00+00:00
civiform/civiform,v3.1.0,315a247f0f9199c89972e1416e2ed76e18f6f17a,2025-06-09T21:19:39+00:00
civiform/civiform,v3.0.0,c2aa139a1acb8229ea73ff2f4cebd46710400fa9,2025-06-03T00:15:11+00:00
civiform/civiform,v2.41.0,2ebf76aa8b88d3e2b604de00bd2480abfa66a83a,2025-05-26T18:47:45+00:00
civiform/civiform,v2.40.0,30d17c850d665c6d36f25db0a4ed5ed95e33f770,2025-05-20T00:07:21+00:00
civiform/civiform,v2.39.0,c48498e02c6e1c8feae840e07462e3f628983686,2025-05-13T15:10:01+00:00
civiform/civiform,v2.38.0,7cb2fa5e6c3cea0a8b606bc53613d072ab9e5418,2025-05-05T23:15:14+00:00
civiform/civiform,v2.37.0,13a241e93ebad0fc6648e28299d64933cfd9bfb7,2025-04-29T01:20:23+00:00
civiform/civiform,v2.36.0,ece58799de900acf370c3b80644e42bd4e37eefa,2025-04-08T04:58:11+00:00
civiform/civiform,v2.35.0,94093c986ba9eeff4168c95002a3c5421d81a5e8,2025-03-31T23:20:03+00:00
civiform/civiform,v2.34.0,0348a49f3989310ff6d6f233f53e55d86ba604e2,2025-03-25T19:04:40+00:00
civiform/civiform,v2.33.0,46d063677d6e863891bdfff1d633730fe79f7b48,2025-03-18T01:33:11+00:00
civiform/civiform,v2.32.0,8d194d91f9015b672b938c1b6b2605cc8630d4f2,2025-03-11T01:30:53+00:00
civiform/civiform,v2.31.0,49ea8d2199344fedb388b74798fa70e45ee04da4,2025-03-04T02:42:15+00:00
civiform/civiform,v2.30.0,c89fe08c2547d55a60b2684fe1971bf569364030,2025-02-25T07:47:11+00:00
civiform/civiform,v2.29.0,e83eed07b4c148ac9dc72650850184435e6515ad,2025-02-18T23:06:51+00:00
civiform/civiform,v2.28.0,b61eed7f4a60ec2922f9371e1e393d301390919d,2025-02-10T19:41:40+00:00
civiform/civiform,v2.27.0,788dabf1240bc45794a8093162aa091009766691,2025-02-04T01:18:05+00:00
civiform/civiform,v2.26.0,523ada102b5846fde838dba68cc39df18c0ae4a8,2025-01-29T15:41:46+00:00
civiform/civiform,v2.25.0,5dffd755695024b3e8f24607e401d1371d8390f0,2025-01-20T21:12:32+00:00
civiform/civiform,v2.24.0,6b329890c05043122879ebb3fabfa0b15cc81513,2025-01-13T23:08:42+00:00
civiform/civiform,v2.23.0,10ffdfdd0be06555136e2f96bf90ecf1a98ed077,2024-12-17T18:08:24+00:00
civiform/civiform,v2.22.0,bffcf9d0ad8c205a2d49421a50e2ed86e8b2fb42,2024-12-02T23:50:15+00:00
civiform/civiform,v2.21.0,c5ba5399e7b99a4d404cdba0cce9fe03b0096682,2024-11-19T14:33:05+00:00
civiform/civiform,v2.20.0,89dd6f7287fae3d90f255879e31039c81375eed8,2024-11-11T20:40:03+00:00
civiform/civiform,v2.19.0,d95073231167af734bf7319e0f1cec61133a6e41,2024-11-05T00:01:51+00:00
civiform/civiform,v2.18.0,b529825dbfe0ace91083f82091e0a5384708f702,2024-10-28T22:42:31+00:00
civiform/civiform,v2.17.0,ff1f74e7cd97beede6c46b16352cf86d5cc8440b,2024-10-22T20:04:32+00:00
civiform/civiform,v2.16.0,c42eafbb49532eda4af2864c8a01853beb57d577,2024-10-15T22:58:12+00:00
civiform/civiform,v2.15.0,809bb4742d18452a774a179c4a2403da6702a6fe,2024-10-07T18:08:07+00:00
civiform/civiform,v2.14.0,75fd16f20c3a11126f696f6e40d094c95908b697,2024-10-01T00:09:08+00:00
civiform/civiform,v2.13.0,d779d97614d67ca08244239731449d400651632d,2024-09-23T23:53:45+00:00
civiform/civiform,v2.12.0,d79716ba1b79ee5be0f30069b22785c84d29a201,2024-09-17T01:04:44+00:00
civiform/civiform,v2.11.0,0b5320528deb14dc9f17f3f77d62551870f14389,2024-09-10T16:54:17+00:00
civiform/civiform,v2.10.0,36abd431c16938b948bbe28a40dde1c853654a8e,2024-09-03T00:25:23+00:00
civiform/civiform,v2.9.0,d0c7e8d433f2ea7c908da6a4b12d5449af80d0de,2024-08-26T22:40:17+00:00
civiform/civiform,v2.8.0,1a21f67dc4975e873423de4bb3e7f2381c61ed13,2024-08-19T23:49:05+00:00
civiform/civiform,v2.7.0,ae45d46797b9c82e13cd1c7519ecbfd45b0ec8dd,2024-08-13T16:22:18+00:00
civiform/civiform,v2.6.0,1df2cb16bfd8b5735ec259c333d510e334412945,2024-08-05T17:15:07+00:00
civiform/civiform,v2.5.0,45cf64b833a42763992fef1167948dc5ba4dff05,2024-07-30T00:16:53+00:00
civiform/civiform,v2.4.3,ed766646d73fe09e615970efc1b0d327f51c1218,2024-07-22T22:50:36+00:00
civiform/civiform,v2.4.2,62426173233f9b17006446c495b6a2eaf0c7b4b4,2024-07-18T01:33:07+00:00
civiform/civiform,v2.4.1,977de5adf2456ce1b484b98673f1de62f92c464c,2024-07-16T15:55:50+00:00
civiform/civiform,v2.4.0,f9c903ff7fe0a3f5bdd959c7cc1e987226523c9a,2024-07-08T22:30:50+00:00
civiform/civiform,v2.3.0,98ca9bac06c7fef5d51edaee24f5cc06839d511c,2024-06-24T20:39:32+00:00
civiform/civiform,v2.2.0,d39150c42a0a9d97842d0ed689383b4e3d087a0a,2024-06-17T22:22:27+00:00
civiform/civiform,v2.1.0,188f44c1a137ae25bac2d77ffe96ef876155c189,2024-06-11T15:11:49+00:00
civiform/civiform,v2.0.2,5f41751eecfc0bba997cc3659b37f17a6fca2edf,2024-06-04T19:43:46+00:00
civiform/civiform,v2.0.1,d99e5be1b5d42edb765aedb9bc423a03e8ae0b9d,2024-05-20T22:29:32+00:00
civiform/civiform,v2.0.0,d41be8e180ebd1dc67665c70f162c65f20602ab4,2024-05-13T22:00:37+00:00
civiform/civiform,v1.63.0,48b3566eb9e50ea0426dadec623126c9ae849aa6,2024-05-06T23:20:42+00:00
civiform/civiform,v1.62.0,19b90dd347af66f8d5ebb5edaefc07a0899815f9,2024-04-29T22:34:13+00:00
civiform/civiform,v1.61.0,347728fb9ea161ab158bcb8b3ba4d54682116cb5,2024-04-24T14:29:30+00:00
civiform/civiform,v1.60.0,89dc15fd55a56faf9245bdfa0127209fd77e3eda,2024-04-16T02:01:01+00:00
civiform/civiform,v1.59.0,60bea30f2ffa29e05716b35418a66c09d07f8ca0,2024-04-12T02:37:09+00:00
civiform/civiform,v1.58.0,b3fc491f47d0106300be662f71e96b02932c55b2,2024-04-09T14:55:23+00:00
civiform/civiform,v1.57.0,c57db49fb04ce0a5fa591be62cc8d6fb7a822903,2024-04-01T21:37:45+00:00
civiform/civiform,v1.56.1,5c07f35a84e8757c8e64e1a7d5461e1b8496dfb7,2024-03-27T00:30:34+00:00
civiform/civiform,v1.56.0,072e83e46df521fe1af09852211dade54b24f8c3,2024-03-18T22:29:55+00:00
civiform/civiform,v1.55.0,86e9a62e2706b53bb7cc6703e2cedf656d107c2c,2024-03-12T00:19:46+00:00
civiform/civiform,v1.54.0,48e578198cfd40301c812c3949320488d5e3eeb2,2024-03-05T22:07:23+00:00
civiform/civiform,v1.53.0,143e548746d6887b8d83fd1df64774d47d6023a9,2024-02-27T18:28:01+00:00
civiform/civiform,v1.52.0,e3487222f59fb3badef2ce31f6c5a407b6076bf7,2024-02-19T21:00:05+00:00
civiform/civiform,v1.51.0,20e7715705d88295f87638a064dce74feb9c8e14,2024-02-13T15:43:27+00:00
civiform/civiform,v1.50.0,d3fec5f31d3d78eba7ee24d352770c91f9887193,2024-02-06T03:23:50+00:00
civiform/civiform,v1.49.0,52485be4476cb5280e962a9e155513b9707b328d,2024-01-30T01:13:17+00:00
civiform/civiform,v1.48.0,ceb257a20b349ce637e46b14083b7c6b7f5314ef,2024-01-23T00:04:46+00:00
civiform/civiform,v1.47.0,bef7daf871cd2c7dd7e846685683562461012a27,2024-01-14T06:48:54+00:00
civiform/civiform,v1.46.0,18cc897b0f3b22be1c0f8544f68cfa47c908d833,2024-01-10T16:46:59+00:00
civiform/civiform,v1.45.0,90a90a19f716dfa7b95d3347fae953460d3b5c6b,2023-12-13T06:32:18+00:00
civiform/civiform,v1.44.0,ea15616a38411c35f0ad7dfc544876ad0487a38f,2023-11-30T17:13:07+00:00
civiform/civiform,v1.43.0,88e5b9c94c80f825a2272d9000a8540811e199a5,2023-11-13T23:24:02+00:00
civiform/civiform,v1.42.0,32bc2499819f2986eb15db46a31bfc7bc4a1cb18,2023-11-07T21:59:52+00:00
civiform/civiform,v1.41.0,2acab680b05daabb77695952893b7e3d1462009b,2023-10-24T23:08:13+00:00
civiform/civiform,v1.40.0,b2fcf283e5ab2684cc426f03eb4f51be545d9b07,2023-10-17T20:36:59+00:00
civiform/civiform,v1.39.0,31b6a08cc0f28c1b627247a533fd2fd0f8540a3e,2023-10-10T22:24:40+00:00
civiform/civiform,v1.38.2,8645d58535b54a1acb182968af989217323827e8,2023-10-03T21:21:39+00:00
civiform/civiform,v1.38.1,e4939efd12cf0e502bbd77c369a3a2236aa3568a,2023-09-26T20:56:51+00:00
civiform/civiform,v1.38.0,6339bd864ed472cbabfc86b7b0563e4a4075c754,2023-09-19T23:59:18+00:00
civiform/civiform,v1.37.0,04cfeea3e08af50c4fa861d59b3e21231f52cd81,2023-09-12T21:55:31+00:00
civiform/civiform,v1.36.0,31404017185643a410adc5abac67ad8826c46c46,2023-09-05T22:23:52+00:00
civiform/civiform,v1.35.0,1b3c139f9b813ead4f53abc7966fc01ea9de7a8c,2023-08-29T22:03:15+00:00
civiform/civiform,v1.34.2,aca35dc91478733a85f95ed526235fa34300838c,2023-08-23T01:41:52+00:00
civiform/civiform,v1.34.1,87d68ddc066bfcdc1897dbeb25fc043889f55775,2023-08-14T23:18:33+00:00
civiform/civiform,v1.34.0,9358f1b66ff84c74f953246520cf86544568dcb9,2023-08-07T23:42:22+00:00
civiform/civiform,v1.33.0,677aa45de6c46b042116840dc271b39c9f9a83cc,2023-08-01T22:21:21+00:00
civiform/civiform,v1.32.0,3552b87c213fe3585a184bda3eb4856a05891930,2023-07-26T17:50:21+00:00
civiform/civiform,v1.31.0,3ba75b0f3f555d4866bd2801768bc557c1658e17,2023-06-28T23:11:09+00:00
civiform/civiform,v1.30.1,c70072512b7329d4a8e3a66eb972d5b76a51b54d,2023-06-21T19:49:17+00:00
civiform/civiform,v1.30.0,071cf6a09febf0ad6274d7d4921a0a2e26f34ab2,2023-06-14T19:24:58+00:00
civiform/civiform,v1.29.0,3e91b2ae0dc33c773e29d0f18be853fa915fb8b0,2023-06-06T21:15:31+00:00
civiform/civiform,v1.28.0,65c135db94257c738d30d0f96a4b30fed74ad9a1,2023-05-26T17:02:21+00:00
civiform/civiform,v1.27.0,c968373730819249450d32cd0da9f674002d0fe1,2023-05-24T01:10:59+00:00
civiform/civiform,v1.26.0,e2ca8b09a4cebdfcef8ce03b5bc3b74107629e94,2023-05-17T17:37:17+00:00
civiform/civiform,v1.25.0,0f41cfc0e8e036e94f4544e6bddca91230d4f989,2023-05-10T16:06:52+00:00
civiform/civiform,v1.24.0,774ef0453f2a1cd0db0b3789dcc8f9c777d36f09,2023-04-25T21:53:34+00:00
civiform/civiform,v1.23.0,0ed40707f7e79645c1cea546ebf5463f57e15940,2023-04-18T17:12:56+00:00
civiform/civiform,v1.22.0,84e8aefd2c703b91ba7c8d0ebc12d506877ed521,2023-04-13T17:34:11+00:00
civiform/civiform,v1.21.0,8b75f3c07a4bc52e5d6f1fdc6c6104ed1f5867ab,2023-04-12T17:08:00+00:00
civiform/civiform,v1.20.1,847cd234dce4a6cba7cc0cef37eeb20f35aa7dac,2023-04-05T15:58:46+00:00
civiform/civiform,v1.20.0,b54c4ad8f85726e80633f7865d576211139e5eea,2023-03-30T16:17:48+00:00
civiform/civiform,v1.19.0,183a4d634fa53e7c07975ce3f915f1b8f6a4660a,2023-03-21T22:04:30+00:00
civiform/civiform,v1.18.1,8f6e79fbf8423081b270972145faba592d341ad7,2023-03-15T00:10:46+00:00
civiform/civiform,v1.18.0,a51b4a5476bce8bc1ee0460a464e12907a980690,2023-03-08T23:46:30+00:00
civiform/civiform,v1.17.0,a43fb7ab432131c779f12e95f3b158e523465375,2023-03-01T17:28:13+00:00
civiform/civiform,v1.16.0,fbfa634b174c420a8c307f5608eefda799196c2b,2023-02-21T21:53:40+00:00
civiform/civiform,v1.15.0,749660ab4a23599e78d51f4b852bff75fcd2f60b,2023-02-15T03:35:37+00:00
civiform/civiform,v1.14.0,697ecab8a81851ad99c9c5e5f6f15407f48175ff,2023-02-08T07:09:20+00:00
civiform/civiform,v1.13.0,13e4afc6a147081ab0aed974f740ae22137af5bf,2023-02-01T00:53:28+00:00
civiform/civiform,v1.12.0,0c57d5affe8982be3faa8b14468140031295be52,2023-01-24T23:17:48+00:00
civiform/civiform,v1.11.0,95caf4c71e2a2488039e2b01342609bd781ee10b,2023-01-18T19:10:59+00:00
civiform/civiform,v1.10.1,cb7e9cfa3ddb659a43686cf28a308f3e7e5547fa,2023-01-10T23:52:44+00:00
civiform/civiform,v1.10.0,aec64194261e756d979c2496e4c79729a6217943,2022-12-14T07:20:53+00:00
civiform/civiform,v1.9.0,8913d4e2dd915aa655d729914646daa2955a3109,2022-12-08T23:03:23+00:00
civiform/civiform,v1.8.5,2210387c8c39536e0d28f964c145cef13abe892f,2022-12-05T18:32:54+00:00
civiform/civiform,v1.8.4,25835cf86fdce820e548dab7d12bf285fa3cc54f,2022-11-29T18:55:54+00:00
civiform/civiform,v1.8.3,368e9eed604d234eff99de57d90ae71f7d0e0e3b,2022-11-16T01:26:35+00:00
civiform/civiform,v1.8.2,c2f6e8b72b3457f793afee245e7115182c59bb06,2022-11-08T23:27:21+00:00
civiform/civiform,v1.8.1,155db68b580212aec416dfa404778cc6e04b0f33,2022-11-02T15:46:03+00:00
civiform/civiform,v1.8.0,3212badfc745f7bd7b47a450a6adcbdd6d3c9d5f,2022-10-26T15:14:27+00:00
civiform/civiform,v1.7.0,377a3dc86e92ed70c49dcd354cd8496cf984a02b,2022-10-19T01:17:39+00:00
civiform/civiform,v1.6.0,c08f8d230e1d7566973b8fdba18ca1eeb889fdd8,2022-10-11T20:46:57+00:00
civiform/civiform,v1.5.2,2ea852e0cf98aa3da13182c6da820b8fffddcba7,2022-10-03T18:22:30+00:00
civiform/civiform,v1.5.1,5d7c2d5e09b699258994606620023ed9c235208c,2022-09-29T01:24:44+00:00
civiform/civiform,v1.5.0,db5a39a18392beb1b8d1f72dd3fa5dd0bc324f98,2022-09-23T16:15:07+00:00
civiform/civiform,v1.4.0,f220c1f004a12251e8cedb7c295f9c2ab0dfa581,2022-09-13T20:41:00+00:00
civiform/civiform,v1.3.1,29dd8296eefb3e59aad3ad97cb41fa4d9e6a5ef9,2022-09-08T16:44:16+00:00
civiform/civiform,v1.3.0,aca91bd96395db1cec6c10dca268dfd318c0e806,2022-09-06T19:13:35+00:00
civiform/civiform,v1.2.0,dfb8f417b32013f0cab20e266e6d0ea763d58897,2022-08-23T22:12:04+00:00
civiform/civiform,v1.1.0,1cd45abcb0e985f929a5687e72711241e6bb8915,2022-08-09T23:12:36+00:00
civiform/civiform,v1.0.0,40c2c615fcd1c60c3813bdea16f671e9e1703621,2022-07-20T00:44:46+00:00
civiform/civiform,v0.0.0,838b81751fa36600e8d2385144d9e2f5aecc4c9f,2022-07-13T00:05:13+00:00
code-for-magdeburg/StadtratWatch-web,legacy-angular,490f401caace819de03984ebff1747b5f9352f66,2025-06-09T15:32:54+00:00
codeforamerica/form-flow,v0.0.3,c4d1445c309b1d014167f293ade556e64dfd4c08,2023-05-03T14:23:02+00:00
codeforamerica/form-flow,4.0.3,3142e3a2fd148bdea2f145cc7b26be5728b809fa,2026-01-30T17:40:59+00:00
codeforamerica/form-flow,4.0.2,71a368441d31125a8b5d9958b74b582bad361c3f,2026-01-26T15:16:56+00:00
codeforamerica/form-flow,4.0.1,ee9b32c8c33b360aa3688f27f4c53999f3a1a4aa,2026-01-23T15:01:07+00:00
codeforamerica/form-flow,4.0.0,6bfb11651fc3904f9e88d44d802ecbc26fb20a9e,2026-01-09T22:26:56+00:00
codeforamerica/form-flow,3.0.4,23ffe87aab9b65cfa3899c3e35932082203e3e5a,2026-01-06T20:41:23+00:00
codeforamerica/form-flow,3.0.3,d14f136b478d4f6a2954192c53759f1ff5735a12,2026-01-06T20:20:28+00:00
codeforamerica/form-flow,3.0.2,e73c899cd80c4c742355964b1f2bbefd8fca41e5,2025-12-19T20:15:03+00:00
codeforamerica/form-flow,3.0.1,1c929fc95237921b2b3ce7e474af2c681f166ad9,2025-12-16T22:46:53+00:00
codeforamerica/form-flow,3.0.0,b4aaa8221a2937f7520d695b9a2768e1c5c383c5,2025-12-12T15:26:18+00:00
codeforamerica/form-flow,2.2.5,57684f9c8782f156f6281590cf6b997e1cf2f42e,2025-12-11T18:50:14+00:00
codeforamerica/form-flow,2.2.4,160798cbfde087001486bf1c82c36e518f782221,2025-12-08T23:44:01+00:00
codeforamerica/form-flow,2.2.3,ed59f10faa420824f4bfc78932de40dce0fc7d4f,2025-12-08T22:50:07+00:00
codeforamerica/form-flow,2.2.2,3f2bb737306169016e1f031d164e940f74946346,2025-12-05T19:32:37+00:00
codeforamerica/form-flow,2.2.1,848b759b55da91ad4a1a8944572131efcb79632a,2025-12-01T22:56:14+00:00
codeforamerica/form-flow,2.2.0,5a4be3913254800c79f08c688116e7b9b27e282f,2025-11-21T23:42:37+00:00
codeforamerica/form-flow,2.1.1,365325bc47ca2d39773ecd4f4791097438f1eb96,2025-11-18T22:53:21+00:00
codeforamerica/form-flow,2.1.0,bfee79a503d70c24fb981b2d2e890faa10e3f146,2025-11-14T20:12:46+00:00
codeforamerica/form-flow,2.0.2,a0d9dc287b318612dc74d2e8428463687f3e2e2f,2025-11-12T15:33:11+00:00
codeforamerica/form-flow,2.0.1,5793eb2d6e3a5e1ef53e3b2254c697e923ffeb94,2025-11-06T15:44:55+00:00
codeforamerica/form-flow,2.0.0,e3f34bbf811d065d596c7f00adddfd694717ddea,2025-11-06T14:56:39+00:00
codeforamerica/form-flow,1.6.44,0c83a89f53805ad20b183cf5f1610fa3d4012e79,2025-11-03T18:39:30+00:00
codeforamerica/form-flow,1.6.43,131e5df62f3b684483b490cf5445447bdb4313b8,2025-11-03T17:01:58+00:00
codeforamerica/form-flow,1.6.42,f85f10876297abe7196739a4e22258f1e1f9b53e,2025-09-29T14:22:44+00:00
codeforamerica/form-flow,1.6.41,f13ec5046a0bd00edafd4de62c9784bba2f4d763,2025-09-03T13:35:41+00:00
codeforamerica/form-flow,1.6.40,1ef3bd79909c9f19c5e981baefc1b4cab564c0a9,2025-08-26T18:28:58+00:00
codeforamerica/form-flow,1.6.39,3dcc8ecf0e99c0b1b78036761cf5b71e2ae96ac8,2025-08-08T20:11:01+00:00
codeforamerica/form-flow,1.6.38,92ab7bea1f32be90663c2d2d2b002c332b62da71,2025-08-05T21:45:26+00:00
codeforamerica/form-flow,1.6.37,6ac71b5dc33bb604edc50465b2f0237521ab8cdf,2025-07-25T19:08:38+00:00
codeforamerica/form-flow,1.6.36,2a011df3a4f520c8356b5d5424b8b52d6eb23d79,2025-07-18T16:21:54+00:00
codeforamerica/form-flow,1.6.35,41773385e8251249575e172fd0eb40cc87203b20,2025-07-15T23:48:17+00:00
codeforamerica/form-flow,1.6.34,d7116a3b0395cfe1c6ab2b2c0f14944c16f73669,2025-07-14T16:34:50+00:00
codeforamerica/form-flow,1.6.33,9056d5fcb3b059596cb8041f6dea6d54c382a9bb,2025-06-25T21:11:13+00:00
codeforamerica/form-flow,1.6.32,ae823c7f803fd00ab0c7e13bc56c5dd655e261ea,2025-06-25T14:10:18+00:00
codeforamerica/form-flow,1.6.31,47c439b779c18fb376ffa8d2a9d443c88473fe7d,2025-06-16T19:20:09+00:00
codeforamerica/form-flow,1.6.30,90c2b1f8026b59d362c2e2b5011e47851eeea024,2025-06-11T01:41:20+00:00
codeforamerica/form-flow,1.6.29,d7b71a27ef8c0e95061437051734383e27c4648b,2025-06-03T21:58:40+00:00
codeforamerica/form-flow,1.6.28,18a68de08be39ee8faa0f6fd99ca50e6710b2c0b,2025-06-02T18:29:26+00:00
codeforamerica/form-flow,1.6.27,8735892442e695fa4f64daf5537b377501a91cad,2025-05-27T13:33:30+00:00
codeforamerica/form-flow,1.6.26,1d6b485b10ebb1702c9f66e48999243b6470e1a9,2025-05-23T20:51:32+00:00
codeforamerica/form-flow,1.6.25,58698d99a6423df993f819c6e36a1d0b381a9199,2025-05-23T15:23:32+00:00
codeforamerica/form-flow,1.6.24,f2e6172471494e87e886e77387831d2ca2c245d4,2025-05-23T13:31:19+00:00
codeforamerica/form-flow,1.6.23,c08f5889d19873b3f9e9c089166b2fa2d1faf975,2025-04-16T22:01:24+00:00
codeforamerica/form-flow,1.6.22,89cdbb7d68ea06d27932e721f6e1106f0abeef85,2025-03-31T23:21:05+00:00
codeforamerica/form-flow,1.6.21,5370c7e08aea4444c489d178afff96583ebb4356,2025-03-21T14:30:35+00:00
codeforamerica/form-flow,1.6.20,ae4713e13fe89c3d175c50d52c929cd145b8e5cf,2025-03-18T22:52:19+00:00
codeforamerica/form-flow,1.6.19,eb7a4731f152fb388273edfcb27615930ac73292,2025-03-18T17:53:04+00:00
codeforamerica/form-flow,1.6.18,ce2433cd4b4df1ee660d219362b79da071bc2699,2025-03-05T20:26:01+00:00
codeforamerica/form-flow,1.6.17,af6ebefe53e3612de6603e3944ec823eafaa36cf,2025-02-25T01:16:29+00:00
codeforamerica/form-flow,1.6.16,4a79aa721ad2042442e7953225dd3254f9cbbd3a,2025-02-21T14:51:36+00:00
codeforamerica/form-flow,1.6.15,3dbfe6cbb5589491a6ce361d01cea08c227d541a,2025-02-12T21:48:06+00:00
codeforamerica/form-flow,1.6.14,5a6d0e22edda91fc8614844ffe40d2c634215680,2025-02-10T23:38:14+00:00
codeforamerica/form-flow,1.6.13,130f48397504a0d6005a0c843c08ecec976e9289,2025-02-10T22:36:57+00:00
codeforamerica/form-flow,1.6.12,c447b479d977e0c29091aa39a287bb0d5b4225b3,2025-02-10T19:44:36+00:00
codeforamerica/form-flow,1.6.11,fec97480b9d8c997635276fc908323f28b4545b2,2025-02-10T15:37:07+00:00
codeforamerica/form-flow,1.6.10,d799d904531576f936242975ba5d994f9b62f7b7,2025-02-08T03:39:19+00:00
codeforamerica/form-flow,1.6.9,125c7b97afb25e146c8ea67f4962e4a272d1e5b8,2025-02-07T23:35:53+00:00
codeforamerica/form-flow,1.6.8,6eb860728846fdc7b3727feb98666c0a1f97ab56,2025-02-05T22:30:27+00:00
codeforamerica/form-flow,1.6.7,62b1e33330ed4d170c00a523616bae2fff750a3c,2025-01-30T19:28:13+00:00
codeforamerica/form-flow,1.6.6,243107876c80aa06978d41bba02b62daadd67e8f,2025-01-30T16:33:19+00:00
codeforamerica/form-flow,1.6.5,20d8577bf2d36e95a53409f1c692c0d118ccf409,2025-01-28T19:12:49+00:00
codeforamerica/form-flow,1.6.4,ef64f955b8b1ef5ee990992df454074e1d44d92e,2025-01-21T16:57:00+00:00
codeforamerica/form-flow,1.6.3,79dd871a90895f306e18498897b8f9530f40fde2,2025-01-07T20:52:49+00:00
codeforamerica/form-flow,1.6.2,090cc3f26e5795c45706a20c27a4f209d202d71d,2024-12-20T15:59:27+00:00
codeforamerica/form-flow,1.6.1,5f5bd94ebfcd415e0d88dee0ab2b36f4b9228cf8,2024-12-16T18:46:08+00:00
codeforamerica/form-flow,1.6.0,1cb1c8e284c5403992d96a4fd8cd01f0c6247279,2024-12-10T18:45:45+00:00
codeforamerica/form-flow,1.5.2,4b30379e0cd866eced491deb2caea3e21870a912,2024-12-09T17:59:24+00:00
codeforamerica/form-flow,1.5.1,3536ffcdb7f06253e3c819d105bd1dd194e1abbf,2024-12-09T17:08:01+00:00
codeforamerica/form-flow,1.5.0,ca3ee5a137117c8041700bf6e58acdc7dc2e5755,2024-11-26T21:34:34+00:00
codeforamerica/form-flow,1.4.5,724f6fd88aa8f83afa94e502e595336bcc37c2ca,2024-11-20T20:11:13+00:00
codeforamerica/form-flow,1.4.4,871f961de4f12fc0c71da35c08d04745ab7093ae,2024-10-22T17:47:20+00:00
codeforamerica/form-flow,1.4.3,abbbd13c8aa3c077903e5469329f56c0d417790d,2024-10-07T22:37:06+00:00
codeforamerica/form-flow,1.4.2,72e59f32d55267415cd8e2df1ae26d72f0a50653,2024-09-18T20:49:38+00:00
codeforamerica/form-flow,1.4.1,572a59a6408e564c3ebc7aa895779fad2dc87be6,2024-09-18T17:29:15+00:00
codeforamerica/form-flow,1.4.0,44ad306ebcc839255c9a8f034dbe44f0031b00b1,2024-09-05T18:38:50+00:00
codeforamerica/form-flow,1.3.7,e009a6a64c07dcffa19d20abfca7ca8901d3bfb7,2024-07-30T23:25:56+00:00
codeforamerica/form-flow,1.3.6,f31c697c5b48457b30a1b8624231277ca0f6890f,2024-07-30T18:38:02+00:00
codeforamerica/form-flow,1.3.5,c4f1d26937da21bc3cf5607f839fa4696845b46a,2024-07-25T21:26:30+00:00
codeforamerica/form-flow,1.3.4,bb3325e2fe886f3d94dac62213665930ff6f33cd,2024-06-12T18:57:26+00:00
codeforamerica/form-flow,1.3.3,201b8e775f0c129cf652f6f9c38b02b022445094,2024-05-10T22:50:45+00:00
codeforamerica/form-flow,1.3.2,0d4b4aca35b2edb543cb76375ba69c14f85b21da,2024-05-09T22:09:51+00:00
codeforamerica/form-flow,1.3.1,ecda742ca7f128fd8f622559651746239a9d5740,2024-04-26T19:19:01+00:00
codeforamerica/form-flow,1.3.0,1040d277a49ae66cbe45194df7955589f2a22352,2024-03-14T22:44:48+00:00
codeforamerica/form-flow,1.2.0,f0b366e28b86aba2f657f6b61cf083898a2f6957,2024-02-22T23:41:54+00:00
codeforamerica/form-flow,1.1.1,a43f6343db15dc67d6719ca3e47f27a764a34994,2024-02-15T21:12:55+00:00
codeforamerica/form-flow,1.1.0,c7cb8fa34d73a2950a8010099cb25cc37e301e83,2024-01-08T18:34:59+00:00
codeforamerica/form-flow,1.0.0,faf4e9fee0b2f96569f56f4f7a8a35949ea7eb49,2023-12-12T19:04:36+00:00
codeforamerica/form-flow,0.1.0,2f66fb9a3ab599e0cf81ceca1d110b284938467c,2023-12-12T17:37:05+00:00
codeforamerica/form-flow,0.0.17,d438d319b08c413fea952f75fa681ad1a537809f,2023-12-05T22:42:35+00:00
codeforamerica/form-flow,0.0.16,26fc4ccd47d15cebf40d4be62302ce56e0f2dc98,2023-11-30T17:27:15+00:00
codeforamerica/form-flow,0.0.15,5ca800472d8477e7af11531e081261b74587d6bd,2023-11-02T19:23:22+00:00
codeforamerica/form-flow,0.0.14,54f4345e6ac464feca8bde746621346062910b78,2023-10-17T15:25:13+00:00
codeforamerica/form-flow,0.0.13,1bbfd2b2e4ff7de25e852f93193e8054ba953f2c,2023-09-25T18:21:00+00:00
codeforamerica/form-flow,0.0.12,6501d79a954b94eb6aac2038063643f690049370,2023-08-28T23:18:46+00:00
codeforamerica/form-flow,0.0.11,d097eedf1aaa0dff3d1cebafdafcea7e95e7a76c,2023-08-22T23:25:36+00:00
codeforamerica/form-flow,0.0.10,d6432198a87bb53c083254607f1f90cd418f3fae,2023-08-08T22:04:45+00:00
codeforamerica/form-flow,0.0.9,23770ae740fbf0099a019117fdf3b60fc12e8a97,2023-08-01T17:17:01+00:00
codeforamerica/form-flow,0.0.8,613340bc3767b886c48ad845be3bfe9ca5fa2a9b,2023-07-14T22:00:25+00:00
codeforamerica/form-flow,0.0.7.1,19ea42332a471e057a7f986ba6dcc0d6c6fe1d89,2023-08-01T20:16:21+00:00
codeforamerica/form-flow,0.0.7,265beb59dc92793a04429afe0d0d9bf1b584cf88,2023-07-07T18:44:22+00:00
codeforamerica/form-flow,0.0.6,08fd4761c6c30c2168b209d70012b90efa959775,2023-06-26T23:05:21+00:00
codeforamerica/form-flow,0.0.5,3a8695cdc33e336c60666b3c4ecdbe7fa515169f,2023-06-26T18:26:40+00:00
codeforamerica/form-flow,0.0.4,7fd8a1656eac8da5588c7daf8d5f8baf11c9f6a2,2023-05-16T17:34:06+00:00
codeforamerica/form-flow,0.0.2-SNAPSHOT,05c47b85e9f491741772cc4e6c59bc876a88efe1,2023-04-20T22:03:09+00:00
codeforamerica/form-flow,0.0.1-SNAPSHOT,78b1a257b62b41accf079e012c673d0d4da5dbc0,2023-03-23T16:55:03+00:00
codeforamerica/pya,v2.13.0,bce1f995a615b10ee9be151c0945892d2135a9f2,2026-03-05T20:31:12+00:00
codeforamerica/pya,v2.12.0,a81c94948bca4358f10d4b010fea094b0753fc9d,2026-03-03T23:08:17+00:00
codeforamerica/pya,v2.11.1,9a59963ac8c395b3f3152e73a8c482dfb745fa53,2026-01-29T22:07:00+00:00
codeforamerica/pya,v2.11.0,87e88212c5459bcfc2141ff6e171e166a3ef30d8,2026-01-20T22:03:04+00:00
codeforamerica/pya,v2.10.0,38b5d6d8860a689a0970995b8e9aa73335309ef9,2025-12-10T22:45:34+00:00
codeforamerica/pya,v2.9.0,e05a67acca1f819a03f73b14afea9f1e5a3c0f9a,2025-12-09T23:50:13+00:00
codeforamerica/pya,v2.8.0,90104931064b4b1688a19937f7289854656f2a95,2025-12-03T21:44:15+00:00
codeforamerica/pya,v2.7.0,80c0148a1d09f522cc7c18ed6c262b79157f76ad,2025-11-21T00:33:28+00:00
codeforamerica/pya,v2.6.0,1c871ca3f68a030f70c28837fccd0c7267a02184,2025-11-19T23:46:44+00:00
codeforamerica/pya,v2.5.0,6f33e1dcfd35ad37329262caecab0e5d3bc5caa5,2025-11-18T22:27:16+00:00
codeforamerica/pya,v2.4.0,d924892a900cc4b71998e5a05fababa5980f7595,2025-11-18T21:57:24+00:00
codeforamerica/pya,v2.3.0,4dc2a822000832006ca9ee8391bbdc07b9e648b7,2025-11-18T19:32:22+00:00
codeforamerica/pya,v2.2.0,323d441e0089472519b1ae69c4b4bbefc5a76331,2025-11-18T00:18:39+00:00
codeforamerica/pya,v2.1.0,30deb644234002bd15b612416950073e3bf24b68,2025-11-17T20:38:48+00:00
codeforamerica/pya,v2.0.0,5a07e4f31be27c15027f28cb268104513b60e0f6,2025-11-17T20:26:42+00:00
codeforamerica/pya,v1.0.1,67a8fbead26db27d6db04133f643b4cc44c15ad1,2025-10-21T22:34:44+00:00
codeforamerica/pya,v1.0.0,c8942fd77b834734895d3f7becd8998130eadb1f,2025-09-16T23:47:11+00:00
codeforamerica/pya,v0.6.0,9d9bc25baede1938b6d1039a91cd1da67d0d5962,2025-08-26T21:39:08+00:00
codeforamerica/pya,v0.5.1,859ab07959f10949379884d19b8c33c7b428caf7,2025-08-14T20:18:58+00:00
codeforamerica/pya,v0.5.0,c7a9577b8a03cf7587ecd0afdb5473c9b3e655c5,2025-08-11T22:19:33+00:00
codeforamerica/pya,v0.4.0,dcdf471c95f64c66e58738b876a8615615888d4c,2025-08-11T21:23:58+00:00
codeforamerica/pya,v0.3.0,e1fe40f0f5a5b124c3350a5a1351be56405fd97c,2025-08-11T16:55:18+00:00
codeforamerica/pya,v0.2.2,f3f05fd29ff4a1d9a357972ff9ab7ce90cf5492c,2025-07-29T23:11:39+00:00
codeforamerica/pya,v0.2.1,ff76b51925877674eb2849824ce3a26ea79351be,2025-07-29T23:05:24+00:00
codeforamerica/pya,v0.2.0,2bf0fcb9a011538362433b1071032d5e3d8fe7e2,2025-07-29T22:29:55+00:00
codeforamerica/pya,v0.1.5,d212c3a94b641264d4140deffa5a783f2594f564,2025-07-29T22:14:37+00:00
codeforamerica/pya,v0.1.4,70fc9d099450ccce371b3a8e815086989ee432b9,2025-07-29T22:09:58+00:00
codeforamerica/pya,v0.1.3,5fbe0264ae7eef37ba1e99a2d2986cd08650d81d,2025-07-29T22:02:41+00:00
codeforamerica/pya,v0.1.2,3a0f33fa9e68527f9e42118c3cada13c221c700b,2025-07-29T21:54:04+00:00
codeforamerica/pya,v0.1.1,b0aba4f920c0524aa0065deb57a827a8c70c947a,2025-07-29T21:40:47+00:00
codeforamerica/pya,v0.1.0,99409841d80877ce25149a3d2a9c2ddb4c4a2d4d,2025-07-29T21:20:17+00:00
codeforamerica/pya,v0.0.5,201d9c7043b41b37d013f757d1971aebf4f0f2a3,2025-07-29T20:10:22+00:00
codeforamerica/pya,v0.0.4,201d9c7043b41b37d013f757d1971aebf4f0f2a3,2025-07-29T20:10:22+00:00
codeforamerica/pya,v0.0.3,7b3b5fcea88cfee982b23d254c727a0290f2aafe,2025-07-29T19:29:34+00:00
codeforamerica/pya,v0.0.2,672b3bd1a0d2b412d683b0721755353c1f4c00b8,2025-07-29T19:15:10+00:00
codeforamerica/pya,v0.0.1,50a40102588f6b34708ef5ce8f15ff8a5245daf4,2025-07-29T19:09:07+00:00
codeforamerica/vita-min,y,524e6ad08680e1e58daf49f1376940e30e9efca4,2024-11-21T19:25:07+00:00
codeforamerica/vita-min,versuib07.34.40,b07be49b7559a0665331dfc65f56e756c09506b2,2022-05-31T17:39:52+00:00
codeforamerica/vita-min,version-7.71.166,0575615a20dcb4658da8f6d9c6102c1f100cf688,2026-05-26T20:00:46+00:00
codeforamerica/vita-min,version-7.71.165,ad00eec7d28dfffcd3bb9d1c51d3a908917d512b,2026-04-23T15:23:15+00:00
codeforamerica/vita-min,version-7.71.164,823b23c87a5750a876e6aebeb7c257df626a8885,2026-04-20T19:29:40+00:00
codeforamerica/vita-min,version-7.71.163,53abb6116dc8d02a02062879ff847f1ddb972b00,2026-04-18T00:25:38+00:00
codeforamerica/vita-min,version-7.71.162,abc3b0e7d1fa945c8696f9e5575f555d4a2b9699,2026-04-16T21:53:43+00:00
codeforamerica/vita-min,version-7.71.161,970c09434405d0a53cf81cb42d744a4b72325fec,2026-04-14T21:25:57+00:00
codeforamerica/vita-min,version-7.71.160,d58eaa5337df4f05c97fd5e52ef6e38f4740d9b3,2026-04-08T21:20:47+00:00
codeforamerica/vita-min,version-7.71.159,7f4151505038f751d05c0c4716275d32915a4aa9,2026-04-06T22:46:26+00:00
codeforamerica/vita-min,version-7.71.158,caee7ede83667fdc12d3017c53996d27abb08138,2026-04-01T23:54:30+00:00
codeforamerica/vita-min,version-7.71.157,1b3acd6989cdd686322506f496e2318175ce4a00,2026-03-31T21:43:43+00:00
codeforamerica/vita-min,version-7.71.156,0dc7d74aed2c1e783c14c4898b62598f55716c49,2026-03-25T21:21:27+00:00
codeforamerica/vita-min,version-7.71.155,9fac203e9a89a9e9fa4d49c64a14f85a1abd8740,2026-03-19T23:01:11+00:00
codeforamerica/vita-min,version-7.71.154,0308fd6ef2534dcfa287acdebdd7478e66ee2a5c,2026-03-18T22:47:25+00:00
codeforamerica/vita-min,version-7.71.153,9510a2b90902b6b599490902dd4e30fa8b8ec842,2026-03-16T20:32:16+00:00
codeforamerica/vita-min,version-7.71.152,bd1e469f336ee3dad073d45025b2da8528fc10cb,2026-03-13T15:48:37+00:00
codeforamerica/vita-min,version-7.71.151,f2e7a967eb04b0eed2d2cc3458aa16924eb4b0b3,2026-03-12T21:05:50+00:00
codeforamerica/vita-min,version-7.71.150,aa8acb90167773e20fe0657e1886cc68b3364361,2026-03-10T23:06:15+00:00
codeforamerica/vita-min,version-7.71.149,aa8acb90167773e20fe0657e1886cc68b3364361,2026-03-10T23:06:15+00:00
codeforamerica/vita-min,version-7.71.148,aa8acb90167773e20fe0657e1886cc68b3364361,2026-03-10T23:06:15+00:00
codeforamerica/vita-min,version-7.71.147,aa8acb90167773e20fe0657e1886cc68b3364361,2026-03-10T23:06:15+00:00
codeforamerica/vita-min,version-7.71.146,d8178b9a95ddc080421762220dbcd63799833128,2026-02-27T17:58:32+00:00
codeforamerica/vita-min,version-7.71.145,d8178b9a95ddc080421762220dbcd63799833128,2026-02-27T17:58:32+00:00
codeforamerica/vita-min,version-7.71.144,d8178b9a95ddc080421762220dbcd63799833128,2026-02-27T17:58:32+00:00
codeforamerica/vita-min,version-7.71.143,cb3176f760c26cf2de4dcbacb8dbdea4d156abcb,2026-02-19T17:49:52+00:00
codeforamerica/vita-min,version-7.71.142,28054d3d2b06cd4ce7176bd4965409bcf0164797,2026-02-19T00:18:12+00:00
codeforamerica/vita-min,version-7.71.141,a59570c6e976a0a707a18a23f5a7b9c948615399,2026-02-13T22:26:11+00:00
codeforamerica/vita-min,version-7.71.140,e465a8775f4c1eb897551f0f3df7e826815dd4cb,2026-02-11T23:34:03+00:00
codeforamerica/vita-min,version-7.71.139,9ec1af6a0c3738e26af9e6e311cff112602bf17a,2026-02-06T22:00:04+00:00
codeforamerica/vita-min,version-7.71.138,cb0e61bc534e6c80a0dbcd3d3f235b7ec301dd57,2026-02-05T17:30:06+00:00
codeforamerica/vita-min,version-7.71.137,78ae4c7eee6251dc34a6e2c305bb9c0ae16d832e,2026-01-29T02:29:59+00:00
codeforamerica/vita-min,version-7.71.136,068c8abde22bddac069256900f965fef0573c385,2026-01-28T21:18:54+00:00
codeforamerica/vita-min,version-7.71.135,813183412b116664a7eed6cbf0c62cebf6d35bff,2026-01-26T22:09:58+00:00
codeforamerica/vita-min,version-7.71.134,791b9cbfd7e6403ef33f0a6f19abe08d80e7dd7e,2026-01-23T01:15:20+00:00
codeforamerica/vita-min,version-7.71.133,7b77e5b444c66d2b35e77f0a9ee1b09249f58494,2026-01-20T19:49:07+00:00
codeforamerica/vita-min,version-7.71.132,4487b4d1b0b72cc46f7834efd5665b9411c2b726,2026-01-16T16:02:25+00:00
codeforamerica/vita-min,version-7.71.131,659ce0e134a843a5603649d6b482b55b5c53d6fc,2026-01-15T21:29:32+00:00
codeforamerica/vita-min,version-7.71.130,184a074de19a0f02ab113b71ae8c10d92d97795a,2026-01-05T22:49:03+00:00
codeforamerica/vita-min,version-7.71.129,049f7a805ef55404f58e7f707edf0f0c6bbdef8d,2025-12-15T21:15:50+00:00
codeforamerica/vita-min,version-7.71.128,8a1f3699163e285a17ed7734e191f83f84ae9691,2025-11-25T21:45:57+00:00
codeforamerica/vita-min,version-7.71.127,ff589fadc9de78ebc189a5ca0901ddfde0465e18,2025-11-21T17:28:42+00:00
codeforamerica/vita-min,version-7.71.126,2fa88de6e47abdcfc448a91b5fddd64e612e59f0,2025-11-20T00:04:43+00:00
codeforamerica/vita-min,version-7.71.125,2fa88de6e47abdcfc448a91b5fddd64e612e59f0,2025-11-20T00:04:43+00:00
codeforamerica/vita-min,version-7.71.124,3ebc688e3dd48ab30a39317b696546e4810b170a,2025-11-19T17:28:03+00:00
codeforamerica/vita-min,version-7.71.123,fa13a9ca71cbce8a352813004440bc5f28da782f,2025-11-14T00:43:31+00:00
codeforamerica/vita-min,version-7.71.122,66f16bb7c28f9089e6a670f5b853a1a618fbea44,2025-10-31T17:26:49+00:00
codeforamerica/vita-min,version-7.71.121,66f16bb7c28f9089e6a670f5b853a1a618fbea44,2025-10-31T17:26:49+00:00
codeforamerica/vita-min,version-7.71.120,66f16bb7c28f9089e6a670f5b853a1a618fbea44,2025-10-31T17:26:49+00:00
codeforamerica/vita-min,version-7.71.119,7c7b603928af1c40ef90370a7253120b81b5681d,2025-10-23T22:53:59+00:00
codeforamerica/vita-min,version-7.71.118,ee476ba5232450ee86764d2d23a35a0c20879e5c,2025-10-23T19:15:04+00:00
codeforamerica/vita-min,version-7.71.117,9842555c92241edf47fc3ef7f85f589bba02e26c,2025-10-23T16:17:02+00:00
codeforamerica/vita-min,version-7.71.116,b6b4d1cdd129a40da9a01553117b755f0c195405,2025-10-21T20:48:00+00:00
codeforamerica/vita-min,version-7.71.115,f1cb9c865205847faa94a503e1b952d9714f7cdc,2025-10-16T17:07:45+00:00
codeforamerica/vita-min,version-7.71.114,988ba2aa2f8251dd674f5e416b85b2139121e2c2,2025-10-16T00:34:36+00:00
codeforamerica/vita-min,version-7.71.113,0833e30cf3eade461f5397c2c0ac0e42dea0af9d,2025-10-02T16:31:05+00:00
codeforamerica/vita-min,version-7.71.112,41c522aaa14599658449b8adde2b5d0a58a25c01,2025-09-29T20:39:25+00:00
codeforamerica/vita-min,version-7.71.111,17bb816584087dd1dacb0d5080f33ef5fcecd3c6,2025-09-23T16:11:00+00:00
codeforamerica/vita-min,version-7.71.110,b2b72027bf94e9b0f38fdc053188dccb25569436,2025-09-15T21:09:58+00:00
codeforamerica/vita-min,version-7.71.109,b41b4a8ccc8f955867845fd036c7d1cd94a44a56,2025-09-08T16:08:54+00:00
codeforamerica/vita-min,version-7.71.108,d1dc26d370d8dfede03decd573268d1be530620f,2025-08-14T19:47:40+00:00
codeforamerica/vita-min,version-7.71.107,f658bd576df3630393bac075bb34e01e91d3533b,2025-08-07T20:20:38+00:00
codeforamerica/vita-min,version-7.71.106,f452b11a94abb872538c134e4bb14755d31fc4a3,2025-08-04T19:59:49+00:00
codeforamerica/vita-min,version-7.71.105,12ac354294c8c1086fd4a23785eedd2799f6c2b0,2025-07-23T16:31:38+00:00
codeforamerica/vita-min,version-7.71.104,a5ba9d37e24674f6bf047037bb4ddb0cced30150,2025-07-14T17:02:55+00:00
codeforamerica/vita-min,version-7.71.103,03fdf3bbc23e869a9bb40b7e96ad6979de22adf7,2025-07-09T20:18:07+00:00
codeforamerica/vita-min,version-7.71.102,aecfd6c0382788b4b7ecc97ff36a272e29ecc35e,2025-07-02T19:00:06+00:00
codeforamerica/vita-min,version-7.71.101,b04e30a4bb469cd456ccb8ec2817c6bee4f058d8,2025-06-27T17:06:18+00:00
codeforamerica/vita-min,version-7.71.100,22e2a4a59cce92651457b22adc73ee2e7b535304,2025-06-25T18:17:14+00:00
codeforamerica/vita-min,version-7.71.99,51c9c64986eb42ecfdb28dbdcaaaffe65a9926c2,2025-06-12T20:42:51+00:00
codeforamerica/vita-min,version-7.71.98,f53cff368bf5f9b375e70708ec8dd51df9c96d60,2025-06-04T20:19:25+00:00
codeforamerica/vita-min,version-7.71.97,dd169802aad72cd9759c66abbada300804394092,2025-05-30T23:58:35+00:00
codeforamerica/vita-min,version-7.71.96,d7553ed0909aff8ab8b0d9dcdaa25f6ef1934786,2025-05-30T16:16:42+00:00
codeforamerica/vita-min,version-7.71.95,edcdd58bf5a5f94ed2a19ae9b18c9a356bfaa038,2025-05-27T16:39:28+00:00
codeforamerica/vita-min,version-7.71.94,dfb20bc7e80758c1455de76f048b5cdb45f22851,2025-05-21T19:55:20+00:00
codeforamerica/vita-min,version-7.71.93,7b3751b34a312482c57af8503e7a42cb64230e35,2025-05-14T18:53:09+00:00
codeforamerica/vita-min,version-7.71.92,2cfaec60072505a0d59f2db6d7c598fe37256c80,2025-05-06T17:41:03+00:00
codeforamerica/vita-min,version-7.71.91,4fe813ada9ee313fc8fef05a682b64a0dd6c9157,2025-05-05T21:38:39+00:00
codeforamerica/vita-min,version-7.71.90,fc4dcab2e3f6e84782add16ef1390c5d012e1689,2025-05-02T18:01:53+00:00
codeforamerica/vita-min,version-7.71.89,afd0603b0844fcf54bc03c8ebf6966f152a58b95,2025-05-01T17:37:20+00:00
codeforamerica/vita-min,version-7.71.88,54aed3f098532c5cd325be0e288c026b9bb89f06,2025-04-25T20:03:04+00:00
codeforamerica/vita-min,version-7.71.87,411c3e182309ed5277edc251f2a732e089d2a8ef,2025-04-25T18:24:15+00:00
codeforamerica/vita-min,version-7.71.86,1b743650291e528225e1163490c2315c8e40a997,2025-04-23T20:31:20+00:00
codeforamerica/vita-min,version-7.71.85,5933573da28dd0c0b4ec46f589128a5e1489ca4f,2025-04-22T20:08:02+00:00
codeforamerica/vita-min,version-7.71.84,dfd9525391de7de6b87c9b6a7c250e27e36fd689,2025-04-18T21:20:58+00:00
codeforamerica/vita-min,version-7.71.83,31486a92da6528c885d8869e7e91b28d0b81d0ca,2025-04-17T20:35:00+00:00
codeforamerica/vita-min,version-7.71.82,038b00cc6bdedc29b9cff0f849d76cca6299b452,2025-04-16T20:27:29+00:00
codeforamerica/vita-min,version-7.71.81,29016354d179048a9877be3a2318c3f180e9ced2,2025-04-16T16:17:10+00:00
codeforamerica/vita-min,version-7.71.80,b1bd6d2f839b93fec1590254f63d231979ec87be,2025-04-15T19:45:10+00:00
codeforamerica/vita-min,version-7.71.79,ac8381cf13961c30f18ee7c2dd0426f65625f429,2025-04-15T16:26:50+00:00
codeforamerica/vita-min,version-7.71.78,1fffbe615e753357b6212dec023d0bfebfcf8cf7,2025-04-15T00:09:16+00:00
codeforamerica/vita-min,version-7.71.77,e064296305bc64b2da7fb52fd158258a57548eb1,2025-04-14T21:50:38+00:00
codeforamerica/vita-min,version-7.71.76,59ad8aa9c593334f8aec5e3649d7651177ca8ced,2025-04-14T19:54:32+00:00
codeforamerica/vita-min,version-7.71.75,1bab9716f3e3e801f07d12fedc18fdc01446bc1b,2025-04-14T18:39:41+00:00
codeforamerica/vita-min,version-7.71.74,27c2f2aff97dac65d5bfc8e3b8699ae067a94a1c,2025-04-12T21:13:41+00:00
codeforamerica/vita-min,version-7.71.73,ff9d8dceef8c09f622e60ca19853ce3c24c24667,2025-04-12T03:39:00+00:00
codeforamerica/vita-min,version-7.71.72,b3cc722cd3200524b5618b0b8a7cb59d0ef13837,2025-04-11T21:52:55+00:00
codeforamerica/vita-min,version-7.71.71,fd6c87ce26b8d72f2207d009928d9aa10e6e9fda,2025-04-11T19:52:02+00:00
codeforamerica/vita-min,version-7.71.70,39c9ee8698ff999992fb03f0edfd9e62ccc5ca29,2025-04-09T20:37:40+00:00
codeforamerica/vita-min,version-7.71.69,159b510250c2e38a06d137d594eaa652af5fbb76,2025-04-08T22:27:38+00:00
codeforamerica/vita-min,version-7.71.68,9fe5129e91467599d49ca80935caf5aa82c7497f,2025-04-07T21:34:16+00:00
codeforamerica/vita-min,version-7.71.67,8fd639ae0d773dcaf071f30c92fd2a5fe8fa4416,2025-04-04T19:58:54+00:00
codeforamerica/vita-min,version-7.71.66,b74a1fe9cf499e5985967dcab6767865a7e39f1a,2025-04-03T19:24:37+00:00
codeforamerica/vita-min,version-7.71.65,a33993806af0733fa16078a295686c74419b6f63,2025-04-02T19:51:05+00:00
codeforamerica/vita-min,version-7.71.64,a2ba4b6c38df20c58de08c2c539ce05b1601169a,2025-04-01T21:46:17+00:00
codeforamerica/vita-min,version-7.71.63,a9013144136f1c733f6e7dd84153f01f06a54b67,2025-03-31T21:41:08+00:00
codeforamerica/vita-min,version-7.71.62,cf25c8ac3d1bcb1144cbf4191e4c29118430d87c,2025-03-27T22:00:44+00:00
codeforamerica/vita-min,version-7.71.61,5cda8bfd853b529443627386f1a091d5ad0e74aa,2025-03-26T20:24:34+00:00
codeforamerica/vita-min,version-7.71.60,dc823de0513ccfced1f34814401fac58b3bd2cb2,2025-03-25T20:32:17+00:00
codeforamerica/vita-min,version-7.71.59,c1e410b913d0dbaf8d6e4bc87d5fc4d010bbc763,2025-03-21T18:46:32+00:00
codeforamerica/vita-min,version-7.71.58,62a30c3175d3d501337008ce71846442b7bd1d01,2025-03-18T21:28:45+00:00
codeforamerica/vita-min,version-7.71.57,c1148384d52a971a9d73263718e0663820ba1d12,2025-03-13T20:22:44+00:00
codeforamerica/vita-min,version-7.71.56,7da0f31559228d9c75eaa67004de35083d31d2ae,2025-03-11T20:44:21+00:00
codeforamerica/vita-min,version-7.71.55,8e594f2c8f5e4c750341211463a9de2e7a12600e,2025-03-10T22:15:30+00:00
codeforamerica/vita-min,version-7.71.54,9e7c7dd382ff8f46d8ae8f3c25ec0c8f4b84f012,2025-03-10T17:47:52+00:00
codeforamerica/vita-min,version-7.71.53,502c0c6f77b73384e7787aa0252ea18c9d4ea445,2025-03-07T21:59:20+00:00
codeforamerica/vita-min,version-7.71.52,0a72cc68a695f5d39c35453904845121acc2e23e,2025-03-05T21:24:35+00:00
codeforamerica/vita-min,version-7.71.51,ff10d0f652fdb78cf35e7964cbb5618b256a7f8e,2025-03-04T22:44:13+00:00
codeforamerica/vita-min,version-7.71.50,381b81917bde90d16a07b02f28cc79e4036e3fbe,2025-03-04T00:02:46+00:00
codeforamerica/vita-min,version-7.71.49,3276ce4ed7fb59e2337fd42159db79ffe4cef251,2025-02-28T22:15:21+00:00
codeforamerica/vita-min,version-7.71.48,65a186c0812bfe00d8cc55c46f6b88beb727342b,2025-02-28T18:25:11+00:00
codeforamerica/vita-min,version-7.71.47,123f4855a188f9bc8c63286621d00f2ecac201eb,2025-02-27T22:31:58+00:00
codeforamerica/vita-min,version-7.71.46,daa1a2046cd09c86b8fb08f82644db64147aba07,2025-02-27T17:02:39+00:00
codeforamerica/vita-min,version-7.71.45,62c3bda3244b952ae3ef96c6280c05d6244a5286,2025-02-26T16:33:51+00:00
codeforamerica/vita-min,version-7.71.44,d7954cac4e5045eb41f4c021c511882ef50735af,2025-02-21T23:10:41+00:00
codeforamerica/vita-min,version-7.71.43,594b9cf6f6a601892b21f673690bfafceec961fd,2025-02-20T23:05:39+00:00
codeforamerica/vita-min,version-7.71.42,d7016072263509ebff17cd61b7002fb5e56e93d7,2025-02-18T22:05:56+00:00
codeforamerica/vita-min,version-7.71.41,cf4c210589705f4d3e594fd303dd74a7550001e1,2025-02-14T20:07:39+00:00
codeforamerica/vita-min,version-7.71.40,15117ac9fb06447e7af0a2a1dafb39d857396213,2025-02-13T23:54:44+00:00
codeforamerica/vita-min,version-7.71.39,afd9cfa3cd1495278e67111afd476b6f6313cd44,2025-02-12T21:47:03+00:00
codeforamerica/vita-min,version-7.71.38,17fe03ab93392f9db2b4d7fcb3564ba3d5416819,2025-02-12T21:51:02+00:00
codeforamerica/vita-min,version-7.71.37,c75ad162f29742abd773e98eba6e566608530ea3,2025-02-11T17:51:46+00:00
codeforamerica/vita-min,version-7.71.36,9cb3244da6a7ee0aa62fecc1db2341eefc9e6eec,2025-02-10T18:56:12+00:00
codeforamerica/vita-min,version-7.71.35,6474c85f6df4e9e2f6d985b604665a516effa8eb,2025-02-08T02:23:57+00:00
codeforamerica/vita-min,version-7.71.34,1f6e61b213192a4b65d89f6287d033a9930546e6,2025-02-07T23:07:10+00:00
codeforamerica/vita-min,version-7.71.33,f648e30e54a7b19cf2dc49c9341a8229749ac597,2025-02-07T14:52:31+00:00
codeforamerica/vita-min,version-7.71.32,3f04db23c16f3898269fd8bd5406bb15a176110a,2025-02-06T22:23:14+00:00
codeforamerica/vita-min,version-7.71.31,ecce651d63c133f799c5e792e242c8213e63a805,2025-02-04T19:31:47+00:00
codeforamerica/vita-min,version-7.71.30,aff1522f13e5f75398fb6e3026029c6bacec75ee,2025-02-04T17:50:23+00:00
codeforamerica/vita-min,version-7.71.29,ca81b3fb33abbe1c360ad21f9597a5ab981201a8,2025-01-31T23:27:53+00:00
codeforamerica/vita-min,version-7.71.28,399db89841ed7499c2f160f3a3d0cd8e5fbf7be5,2025-01-30T23:25:45+00:00
codeforamerica/vita-min,version-7.71.27,aebaa067b55427ad68ce8420710aff67167117f1,2025-01-30T17:47:49+00:00
codeforamerica/vita-min,version-7.71.26,a25617587fd25e49f53394665fdce85e06314603,2025-01-30T14:51:33+00:00
codeforamerica/vita-min,version-7.71.25,3eab760c7853bf48f33d02ca75cd8d2791c227da,2025-01-29T01:58:46+00:00
codeforamerica/vita-min,version-7.71.24,1d50ab2a75a9c898a02f2d14a8fb01978d95d30d,2025-01-28T19:51:19+00:00
codeforamerica/vita-min,version-7.71.23,da604920eee7df593281810b9b36bcb3be9a9c7f,2025-01-27T21:08:28+00:00
codeforamerica/vita-min,version-7.71.22,0d90b7e25a4ab9925fe0e162265a558f56c08f8a,2025-01-24T22:09:46+00:00
codeforamerica/vita-min,version-7.71.21,4340e8df7ec569e042618e8c0ed3c092fb3117cc,2025-01-23T18:29:42+00:00
codeforamerica/vita-min,version-7.71.20,b0bcace29dd1aeb254d7b747d0d227f2002de27e,2025-01-22T21:45:49+00:00
codeforamerica/vita-min,version-7.71.19,12eb697b6f0473e2ddf94a106281fbe015031245,2025-01-22T19:13:18+00:00
codeforamerica/vita-min,version-7.71.18,d45345ff4dd220b307d9f45c311ac84d82deb68d,2025-01-22T17:16:58+00:00
codeforamerica/vita-min,version-7.71.17,8e19c33b87cc12393105ae1a09d1869fe6df17d9,2025-01-17T23:04:57+00:00
codeforamerica/vita-min,version-7.71.16,e893505c3d8a54b664e4daefbd56a3348f9b6506,2025-01-16T17:15:49+00:00
codeforamerica/vita-min,version-7.71.15,c2c5d0e7148c09bf6bbe5ca92d56cddad281dc2d,2025-01-14T20:52:05+00:00
codeforamerica/vita-min,version-7.71.14,327b6a5daa3d7dac2df1b29cd6038a14737d2929,2025-01-08T20:10:20+00:00
codeforamerica/vita-min,version-7.71.13,65b58369e9b615007f675d6af6af1300b5713c20,2025-01-03T19:34:53+00:00
codeforamerica/vita-min,version-7.71.12,0f4c1941fbd7f7c70e09428c82e031640776a5c1,2024-12-23T21:27:32+00:00
codeforamerica/vita-min,version-7.71.11,5c77360c9d03bc0356b707bedc1adb8c649fd40a,2024-12-20T01:50:33+00:00
codeforamerica/vita-min,version-7.71.10,4c0815365c46e84dc99f4ce422931763114945e2,2024-12-17T18:11:56+00:00
codeforamerica/vita-min,version-7.71.9,55afe48fb9b2e9251d9298d150f06b9e13ab8708,2024-12-11T23:44:35+00:00
codeforamerica/vita-min,version-7.71.8,9294d92b3235314ed4db7e13f215b30f3dc43843,2024-12-10T19:09:29+00:00
codeforamerica/vita-min,version-7.71.7,390648c5de04ce75c43371da37c65716fbe9dd4b,2024-12-09T16:12:58+00:00
codeforamerica/vita-min,version-7.71.6,fb2f100eea19de2356aa7c6cf4fc475a4ae34db8,2024-12-04T17:35:50+00:00
codeforamerica/vita-min,version-7.71.5,0e91274961bd506da2922e5f5e9368804a61f081,2024-11-27T22:37:12+00:00
codeforamerica/vita-min,version-7.71.4,26a7d97012c8b38d0084c6dbd7b42033b69b89d6,2024-11-27T20:13:44+00:00
codeforamerica/vita-min,version-7.71.3,85e51515505dd1089011ae064392f2eda7d159a7,2024-11-22T20:29:25+00:00
codeforamerica/vita-min,version-7.71.2,f678c9de81e8f2a10836076ba635f3bb90c13d39,2024-11-15T16:44:00+00:00
codeforamerica/vita-min,version-7.71.1,2f8054c3f016d59e561808e4fc79e696ea3a04a9,2024-11-08T22:38:16+00:00
codeforamerica/vita-min,version-7.71.0,9c4cbba30dffdad1cf94ba7044ef761f996e887d,2024-11-04T19:58:38+00:00
codeforamerica/vita-min,version-7.70.52,a125acffaaeed89640e7be047b1e219a66af3151,2024-10-29T14:04:19+00:00
codeforamerica/vita-min,version-7.70.51,5ecaef832693376d69cb06ddcb21035c0236858b,2024-10-24T16:19:33+00:00
codeforamerica/vita-min,version-7.70.50,bee569125b3067d60b034a4cedf578e41eca7faa,2024-10-21T17:27:39+00:00
codeforamerica/vita-min,version-7.70.49,72f7cf3086edefb100e7446fbed0519eac25075d,2024-10-17T22:54:22+00:00
codeforamerica/vita-min,version-7.70.48,ac3c353f2149c5cc6e10520d33b0cf8c63073765,2024-10-11T22:01:24+00:00
codeforamerica/vita-min,version-7.70.47,3f7674c1484ec867b4af7b2429d277d00ea2c4b7,2024-10-07T17:08:08+00:00
codeforamerica/vita-min,version-7.70.46,863dbadf854c14771622ef54ecc3e587665c25c1,2024-09-30T18:57:19+00:00
codeforamerica/vita-min,version-7.70.45,8b8587864f29c8ea121f4278d3780efa95559950,2024-09-25T19:20:31+00:00
codeforamerica/vita-min,version-7.70.44,3589a22f4273732bca32a991d0bea42dfee8d36e,2024-09-25T18:32:37+00:00
codeforamerica/vita-min,version-7.70.43,eae4a60b26187d34e16ba3b09d2280627d90a76c,2024-09-16T20:00:36+00:00
codeforamerica/vita-min,version-7.70.42,48faf3273890572fd79576b2d5fcb065cd9247b3,2024-09-12T19:26:17+00:00
codeforamerica/vita-min,version-7.70.41,4ed2f8ab40aa58ae690d70276e0317ba5fd21fa1,2024-09-09T18:19:17+00:00
codeforamerica/vita-min,version-7.70.40,f4ec69f693b1c6bb07610696a08f77bed22d00c9,2024-08-28T18:36:49+00:00
codeforamerica/vita-min,version-7.70.39,4fa88f3c4bf834225a5443a96857315f6a393546,2024-08-22T21:54:11+00:00
codeforamerica/vita-min,version-7.70.38,9422238933fbdffb6c8bc6bf0aed95a2cc2e159f,2024-08-16T16:14:39+00:00
codeforamerica/vita-min,version-7.70.37,e924553da1ba66a51d97ad44769c0ab76d5fcbe6,2024-08-14T17:27:48+00:00
codeforamerica/vita-min,version-7.70.36,bd78afab97d824b65e4b024bc22c54f616762bc1,2024-08-12T23:29:07+00:00
codeforamerica/vita-min,version-7.70.35,9a8510dc6ebe15b6ebecfc6e19feb57278c0a329,2024-08-08T17:27:35+00:00
codeforamerica/vita-min,version-7.70.34,54baa9287ebb2fddcde6c45b9d914d4ef7de987b,2024-08-07T15:14:53+00:00
codeforamerica/vita-min,version-7.70.33,ab20b16e71924ea448f6bc0c79ca8ab57b21adcb,2024-08-05T18:18:23+00:00
codeforamerica/vita-min,version-7.70.32,e7a0280591bc942ebbfeb5e27e7dbae048bbc7b7,2024-08-01T16:07:30+00:00
codeforamerica/vita-min,version-7.70.31,1ee7181539351749fa4787da24be5624db2def52,2024-07-25T16:19:24+00:00
codeforamerica/vita-min,version-7.70.30,e2bf157740b1f2dabea7f8b9a9c6e664e07fd162,2024-07-24T16:47:24+00:00
codeforamerica/vita-min,version-7.70.29,82065de16d9a30003927ce779b23f9760a033983,2024-07-23T18:01:34+00:00
codeforamerica/vita-min,version-7.70.28,e91e95236604c4ba154d494ee2096fd6ef9c7b0f,2024-07-16T19:24:19+00:00
codeforamerica/vita-min,version-7.70.27,0e82f8c35ed494b237591c60eea8a0a51c2513ce,2024-07-12T21:37:27+00:00
codeforamerica/vita-min,version-7.70.26,51a8faaf90c1c29cea5e9fe655c0753647220e99,2024-07-09T13:45:06+00:00
codeforamerica/vita-min,version-7.70.25,4a0e6e6c959806cc630f00c7b16c5823b9b3487c,2024-07-08T20:00:15+00:00
codeforamerica/vita-min,version-7.70.24,a7bcffbbcac89c53c0f60a46c1719bcab4200b91,2024-07-03T00:12:15+00:00
codeforamerica/vita-min,version-7.70.23,3b582c5f93d440923a4153d8e0fb4ce9cc193504,2024-07-01T17:55:09+00:00
codeforamerica/vita-min,version-7.70.22,0082cabb4ce6dba6cf3743118ac8dda11b9a491b,2024-06-18T19:17:00+00:00
codeforamerica/vita-min,version-7.70.21,bb78b7b403b39791c19514fdb899903040494788,2024-06-18T00:12:36+00:00
codeforamerica/vita-min,version-7.70.20,bba4f6570cc7fcf7236baceceb7f98cb253c2fb8,2024-06-13T20:50:42+00:00
codeforamerica/vita-min,version-7.70.19,6dfca2c582c18a3dc22882f738e5040e9d5e4722,2024-06-13T00:35:56+00:00
codeforamerica/vita-min,version-7.70.18,1421982bcdaf6015a14f62d3f3a00fde9dc819ae,2024-06-12T16:29:10+00:00
codeforamerica/vita-min,version-7.70.17,44bb2db821b3a7af99b77766ec294bb496b6461c,2024-06-11T21:14:06+00:00
codeforamerica/vita-min,version-7.70.16,e4acd366a6d7b46beb583c73615b0ff895ebddeb,2024-06-07T21:45:39+00:00
codeforamerica/vita-min,version-7.70.15,384fdcdace530a1071ade19aba426755e5b9f6d5,2024-06-05T23:54:12+00:00
codeforamerica/vita-min,version-7.70.14,2f2987dc1dc9bfe4416393f7be73c7f324810b86,2024-06-05T22:06:31+00:00
codeforamerica/vita-min,version-7.70.13,457c20d6dd2ddec101c54951b3cf2f8074455cf6,2024-05-24T19:03:21+00:00
codeforamerica/vita-min,version-7.70.12,6056696289a2366d28ce5e2025710514ca182118,2024-05-23T17:59:50+00:00
codeforamerica/vita-min,version-7.70.11,f7730202feff72e323ab4be9e71fc24276fe27a4,2024-05-22T18:58:17+00:00
codeforamerica/vita-min,version-7.70.10,ce5367bb7468cc8b8b96d22cdd305139cfdb41b8,2024-05-21T18:29:35+00:00
codeforamerica/vita-min,version-7.70.9,fae8cc186da3db5949c0b4ed84474b0c9ad6afa9,2024-05-10T15:49:51+00:00
codeforamerica/vita-min,version-7.70.8,fc3ba73306cb6e1dbbdd6bdcee23b987e361f767,2024-05-07T22:23:57+00:00
codeforamerica/vita-min,version-7.70.7,c8be6d39468b27d1f3a049e6b0a9fee749e6a4fd,2024-04-22T16:21:25+00:00
codeforamerica/vita-min,version-7.70.6,859af32f5e42c46649528277d916dece2da7a16d,2024-04-19T21:43:09+00:00
codeforamerica/vita-min,version-7.70.5,2d365438129e8b1e170b022e070707ac60d87b4f,2024-04-17T01:43:58+00:00
codeforamerica/vita-min,version-7.70.4,c3755d9d7cbbf43cb453a4069a78c485550afec0,2024-04-16T03:20:49+00:00
codeforamerica/vita-min,version-7.70.3,3025868406da800da456ceffe4b7cac411d0e9b4,2024-04-15T22:51:51+00:00
codeforamerica/vita-min,version-7.70.2,59bb3d1f912e71a9dac4f075756f21e800bd676b,2024-04-13T23:28:46+00:00
codeforamerica/vita-min,version-7.70.1,c4a40117568d5b231a4abfa589ea6f309e9e3d06,2024-04-13T22:10:24+00:00
codeforamerica/vita-min,version-7.70.0,df822e85ba2ed24a826fc39c8cf451052a5f3253,2024-04-12T21:13:27+00:00
codeforamerica/vita-min,version-7.69.50,c957a28e240cadf7026795b9e2b8e6a840d860c9,2024-04-09T16:34:00+00:00
codeforamerica/vita-min,version-7.69.49,1b82e67f231a7876133d364cb795517c6629b63e,2024-04-09T15:26:57+00:00
codeforamerica/vita-min,version-7.69.48,252819ee9758fb9e8c8d42620eaae71caa1cbfd0,2024-04-08T23:06:27+00:00
codeforamerica/vita-min,version-7.69.47,95b9addf65e977e610a9d315c2874e100e205020,2024-04-04T16:34:58+00:00
codeforamerica/vita-min,version-7.69.46,d10839ef03114955ba5c10abb20d4ec50967bf88,2024-04-02T22:45:20+00:00
codeforamerica/vita-min,version-7.69.45,a43bdc6383d99eedba89f82ebf17a6f69ea99060,2024-04-02T18:20:11+00:00
codeforamerica/vita-min,version-7.69.44,c8885559bbc32b88e1b0913360b24a0a56c8f810,2024-04-01T22:57:16+00:00
codeforamerica/vita-min,version-7.69.43,8de1c17e0656f5e0d011bf01aa9006b6d8cecb8a,2024-04-01T16:06:25+00:00
codeforamerica/vita-min,version-7.69.42,ea5c4118b7680b22d2f6ea93085aed4f650bb884,2024-03-29T14:47:23+00:00
codeforamerica/vita-min,version-7.69.41,d342a1803b216580e799a0762e357dc32086fef1,2024-03-27T20:29:56+00:00
codeforamerica/vita-min,version-7.69.40,bc375135a533da0452a96207bbfe455367eeddc4,2024-03-25T21:05:39+00:00
codeforamerica/vita-min,version-7.69.39,636bfe91e72aa0fdd86da0db725cb4c79be506de,2024-03-22T22:29:06+00:00
codeforamerica/vita-min,version-7.69.38,08b025ea77569da5fe6af38411b341744ed4a101,2024-03-22T22:00:46+00:00
codeforamerica/vita-min,version-7.69.37,d24575c964aacc8b2eacb06a265be04eb6ad1dbc,2024-03-21T20:43:52+00:00
codeforamerica/vita-min,version-7.69.36,b9c401e50a52e639e75a1d4fb1f1be0ddb438b7f,2024-03-19T23:34:09+00:00
codeforamerica/vita-min,version-7.69.35,b3df6ca194130b74fb3e32e7983f2f7f6ff50115,2024-03-19T17:25:52+00:00
codeforamerica/vita-min,version-7.69.34,8d0445b8191ddd30f4daa84ae689db327f95cc88,2024-03-18T17:58:21+00:00
codeforamerica/vita-min,version-7.69.33,f9555cc97307da4e30c2c2d48a0bb34f4649edd5,2024-03-18T15:41:38+00:00
codeforamerica/vita-min,version-7.69.32,2111c9b630663c552ed4a52ce14f6a2c30dd4fa7,2024-03-15T14:07:37+00:00
codeforamerica/vita-min,version-7.69.31,54897da45dc55d557ceae34a3f7d83e5f630c534,2024-03-12T21:15:22+00:00
codeforamerica/vita-min,version-7.69.30,cdb10ea7d1afd6944a1b3e906c759500ce6e2912,2024-03-11T21:59:06+00:00
codeforamerica/vita-min,version-7.69.29,e9bcea0caff53b913b0178b20435c5679d523f57,2024-03-08T22:39:45+00:00
codeforamerica/vita-min,version-7.69.28,b51da4cfdc8e1dd1e9df20aecaf93afa5cf9a044,2024-03-07T16:42:59+00:00
codeforamerica/vita-min,version-7.69.27,5ae35024adc7313e8c7a48e1ce075983b341c5e6,2024-03-06T16:39:42+00:00
codeforamerica/vita-min,version-7.69.26,1cc11e0ca209056a1bb2860e439fd66961c28fe7,2024-03-06T01:27:41+00:00
codeforamerica/vita-min,version-7.69.25,1d4b06aef93d3e418e91534c55729cbbfd5db4f6,2024-02-29T21:43:24+00:00
codeforamerica/vita-min,version-7.69.24,624ad1d864306ce285b2a30e969e816251984773,2024-02-27T19:41:41+00:00
codeforamerica/vita-min,version-7.69.23,4b0dacef3fe2b5eaf93c89529c85862b10d0372b,2024-02-23T18:29:38+00:00
codeforamerica/vita-min,version-7.69.22,0a005603406d503912284ebbdef5a68724b61938,2024-02-23T17:57:01+00:00
codeforamerica/vita-min,version-7.69.21,152e1272a9d9b7e4d838982d1f11c8ffc7407e57,2024-02-23T15:56:06+00:00
codeforamerica/vita-min,version-7.69.20,4a3f9edadf5516ab727aa84b2c5660f9fcfc6ae1,2024-02-22T23:25:02+00:00
codeforamerica/vita-min,version-7.69.19,16b67a2a10f3103dfd7858147740c6c80eee3f07,2024-02-21T17:14:11+00:00
codeforamerica/vita-min,version-7.69.18,5be4f1d4e384bbec88bfb26c7576ec7721f7a56e,2024-02-16T23:25:04+00:00
codeforamerica/vita-min,version-7.69.17,eac3e719313d491ae85e5edf40ee286d027652aa,2024-02-16T22:05:29+00:00
codeforamerica/vita-min,version-7.69.16,5daedae587140ff1f944b2231d069de9fd58b1b6,2024-02-14T20:12:34+00:00
codeforamerica/vita-min,version-7.69.15,4c7ad6d49b11e006f87a2fce48fc12de2e6319df,2024-02-09T20:56:49+00:00
codeforamerica/vita-min,version-7.69.14,63737ad6b1b8af90500d58b07d082f91ef26cc0a,2024-02-08T23:46:27+00:00
codeforamerica/vita-min,version-7.69.13,0e44ba347058b9d6e288d8933abeb6996683c1cb,2024-02-08T01:53:39+00:00
codeforamerica/vita-min,version-7.69.12,f261b47fbfcb8e21170c8d41ece65fe8a563f263,2024-02-05T23:14:42+00:00
codeforamerica/vita-min,version-7.69.11,c5180b64001f46fab07a7b08b71688851ce89d07,2024-02-02T00:21:53+00:00
codeforamerica/vita-min,version-7.69.10,a0ff63db1aec8cdeccc71e980552b9003abb87c0,2024-01-31T20:24:45+00:00
codeforamerica/vita-min,version-7.69.9,75bbe734be7a72b310c04a49c0ac47f83351bb3d,2024-01-30T22:09:47+00:00
codeforamerica/vita-min,version-7.69.8,f8c79016b0648ea3894df41a65bea903580ae021,2024-01-25T02:43:56+00:00
codeforamerica/vita-min,version-7.69.7,a419a3c627f71fb88bab619c1a88a9eb7baf479e,2024-01-24T19:49:08+00:00
codeforamerica/vita-min,version-7.69.6,b38562f2458b9aca328544bc35b8326c1826f871,2024-01-24T18:04:16+00:00
codeforamerica/vita-min,version-7.69.5,2dcb37cba96b226f9dcbf57a081969b4c9bae64b,2024-01-23T22:48:36+00:00
codeforamerica/vita-min,version-7.69.4,eb8a1eee044f157e403a2c5642f18081355c7011,2024-01-22T22:22:20+00:00
codeforamerica/vita-min,version-7.69.3,e37907c1b19f0c98c719b7aaaa8f71a51456f4cd,2024-01-22T21:26:09+00:00
codeforamerica/vita-min,version-7.69.2,e9e1b891bafb27f6c7dbbf72b732e1988657c97b,2024-01-22T19:26:49+00:00
codeforamerica/vita-min,version-7.69.1,3a0a4053881e462f71d1489c288bc77f80d28ac3,2023-12-20T19:02:22+00:00
codeforamerica/vita-min,version-7.69.0,94b2b717b741f601fecc72641f6d42658b145f51,2023-11-16T21:56:36+00:00
codeforamerica/vita-min,version-7.68.1,0d548aaf99cbb45fc0e6c486bd08baa232abf03c,2023-10-26T18:16:44+00:00
codeforamerica/vita-min,version-7.68.0,4ece20356732b5d757c839a3e395e9812f9a2e29,2023-10-06T20:40:34+00:00
codeforamerica/vita-min,version-7.67.6,9b25f83df510e498d2b9dfd50e2964a5987d29de,2023-10-20T18:31:49+00:00
codeforamerica/vita-min,version-7.67.5,4e467a01d08385300c7ccc417e123496de14dc3a,2023-10-06T17:43:00+00:00
codeforamerica/vita-min,version-7.67.4,a2779bcf646b3a505fedc47c437bdf9eb2c6fc46,2023-09-28T17:04:17+00:00
codeforamerica/vita-min,version-7.67.3,fc7c81f079f0384747ec854e12d4f60cbfce7359,2023-09-27T21:53:23+00:00
codeforamerica/vita-min,version-7.67.2,1967914ece11e6f850d83c6f34505f449cf93a8e,2023-09-26T16:47:36+00:00
codeforamerica/vita-min,version-7.67.1,5fb04f7e6182aec94b0c0dd885c9d84a0fc6ad57,2023-09-25T20:10:51+00:00
codeforamerica/vita-min,version-7.67.0,a1089e07316c383cc20e980fb26f04e8db0b7695,2023-09-25T19:27:12+00:00
codeforamerica/vita-min,version-7.66.8,5663dcf606ba72ce5bbf069d770a99b28545a36e,2023-08-24T17:09:18+00:00
codeforamerica/vita-min,version-7.66.7,f7e9ac05c805e251580bc1cef15d18dd8e095cc8,2023-08-22T18:34:20+00:00
codeforamerica/vita-min,version-7.66.6,c51fe39fc1c4d13216b5d74eaecc790a071cac10,2023-08-16T21:27:25+00:00
codeforamerica/vita-min,version-7.66.5,d36cbc950addf3fbd8f4e407fb48ccc95a9430a2,2023-08-14T20:51:56+00:00
codeforamerica/vita-min,version-7.66.4,c0d2977ebd4ed2bd029860420241b0d606e281d7,2023-08-10T15:48:28+00:00
codeforamerica/vita-min,version-7.66.3,469945d205bb4b164a4e659201b6b0031eb10492,2023-07-31T20:28:08+00:00
codeforamerica/vita-min,version-7.66.2,9f6ff4521fad52b302569907a82b31da82a3af83,2023-07-24T14:07:55+00:00
codeforamerica/vita-min,version-7.66.1,bee51809a7fd1d37d1509d727606580af771f5ec,2023-07-11T21:56:55+00:00
codeforamerica/vita-min,version-7.66.0,68faec9b363005e9db89cf79bfe0b7850dc98cff,2023-07-06T17:34:46+00:00
codeforamerica/vita-min,version-7.65.5,cf6c334b8834b764c038fc67ff7c9627880dafb2,2023-07-05T17:47:14+00:00
codeforamerica/vita-min,version-7.65.4,336810d82e24d08fc5ec9af3058800f27078d8fe,2023-06-22T18:33:51+00:00
codeforamerica/vita-min,version-7.65.3,a76c5952db326d7ef337bfc08d22fae2ad6efe68,2023-06-15T18:55:10+00:00
codeforamerica/vita-min,version-7.65.2,4a499a7e62d22cc55d3ec9b926252987882b64fa,2023-06-15T18:46:36+00:00
codeforamerica/vita-min,version-7.65.1,74d538109629053a01cad64b2bb747d396bebd98,2023-06-14T21:37:10+00:00
codeforamerica/vita-min,version-7.65.0,1540c8e1e4177b89adc0565205c2e5ab10a8ff5f,2023-06-14T17:38:20+00:00
codeforamerica/vita-min,version-7.64.55,ef3e3f136b054fed9cd50b185b9fbaafb39b8a0e,2023-06-09T23:30:03+00:00
codeforamerica/vita-min,version-7.64.54,7e87f25c3c9d5449e1fb561da7a17e54fcc7c9e3,2023-06-05T20:44:08+00:00
codeforamerica/vita-min,version-7.64.53,cebed92a13e1f76f6f9e9f310bf20e8b0c1db4e6,2023-06-01T18:16:57+00:00
codeforamerica/vita-min,version-7.64.52,830c987281b4f22df5b4e2effc672917945335da,2023-05-26T23:12:00+00:00
codeforamerica/vita-min,version-7.64.51,a23da4ecee18c9e153e7a1f8a121d7f3935618a8,2023-05-30T20:33:29+00:00
codeforamerica/vita-min,version-7.64.50,0a9bbfaadc88371f87a477d6956d0710eca0b2da,2023-05-30T18:38:33+00:00
codeforamerica/vita-min,version-7.64.49,eddde005685f5fb985c76041571b53f3e67dc8a6,2023-05-25T23:08:40+00:00
codeforamerica/vita-min,version-7.64.48,1c24eb919b1d1f77c15cc616d41d0f1ea7c7991f,2023-05-24T18:38:54+00:00
codeforamerica/vita-min,version-7.64.47,7715fd5617bf66767c44e81188a6955324198bd1,2023-05-24T18:47:58+00:00
codeforamerica/vita-min,version-7.64.46,c0362f03ca0936fba8288d5a789fb74e76063a88,2023-05-22T17:51:29+00:00
codeforamerica/vita-min,version-7.64.45,7d09fc00329b6721d75e9507cbddd0027984f57f,2023-05-11T17:49:14+00:00
codeforamerica/vita-min,version-7.64.44,30e15415c08195fa4bb521897483c6ee7d1d2f98,2023-05-10T22:29:52+00:00
codeforamerica/vita-min,version-7.64.43,7ee0ab1d636fc84e51d53ae43583cd73bc730ad9,2023-05-05T18:10:49+00:00
codeforamerica/vita-min,version-7.64.42,7ca836c9f4ca10866b5bb78adbc34fdd5c667db8,2023-05-04T21:51:51+00:00
codeforamerica/vita-min,version-7.64.41,b5b27cb2278ea52194a8d3555cb314b227261b2b,2023-05-03T23:29:29+00:00
codeforamerica/vita-min,version-7.64.40,fc3771c53da65b92eb623289a4bbd4f0aaf31b96,2023-05-03T22:14:47+00:00
codeforamerica/vita-min,version-7.64.39,33ea492933117dd2794ded2a9a9992521d997b18,2023-05-03T21:37:18+00:00
codeforamerica/vita-min,version-7.64.38,8c80aea096690e1dd34cc0efd172f6e33eac586d,2023-05-03T17:33:27+00:00
codeforamerica/vita-min,version-7.64.37,acdef5b04ca35414a7723252bfade03eb85aca66,2023-05-02T20:46:04+00:00
codeforamerica/vita-min,version-7.64.36,b672f03a6633ebb8485fdb7f0cbf41d53033e38a,2023-05-01T22:35:04+00:00
codeforamerica/vita-min,version-7.64.35,e7f4fe5b7f7bdd4f7de7a6ad75940bc0172ac534,2023-05-01T17:26:24+00:00
codeforamerica/vita-min,version-7.64.34,c49b8454e13bf7950fe4caa0caed6e7fef8ab870,2023-04-26T21:06:24+00:00
codeforamerica/vita-min,version-7.64.33,45ce36998685aff4edc2830d3417b02773223591,2023-04-24T17:15:46+00:00
codeforamerica/vita-min,version-7.64.32,ae5884a09cb982beb73d20a1ef2a22a1ec3c4db9,2023-04-24T15:31:00+00:00
codeforamerica/vita-min,version-7.64.31,34a8d851be0775518e73860c5b3fc9dc8a73c4fc,2023-04-20T21:18:34+00:00
codeforamerica/vita-min,version-7.64.30,550ea0482055bb71d35c05412313309dc767e4a4,2023-04-20T20:44:27+00:00
codeforamerica/vita-min,version-7.64.29,10913c6b1a088c0587fba538d0c3d8d02f97dc91,2023-04-14T22:17:06+00:00
codeforamerica/vita-min,version-7.64.28,134138a67be90eff77076e6d033c3417f641378a,2023-04-10T17:51:50+00:00
codeforamerica/vita-min,version-7.64.27,2948fcbcb0a2a86ca333dd3b5098a9c460e9708d,2023-04-07T15:22:30+00:00
codeforamerica/vita-min,version-7.64.26,b10869b90a6c85f1d3bb9e9f0b094855761362e7,2023-04-06T18:00:30+00:00
codeforamerica/vita-min,version-7.64.25,5ebe4bb8ffacb5f4b1a766b2277a7d7284a89b76,2023-04-04T23:09:40+00:00
codeforamerica/vita-min,version-7.64.24,b0c5cefef8f9958f057a82924635a9c1ab6b30de,2023-04-03T22:11:22+00:00
codeforamerica/vita-min,version-7.64.23,2ca9eb8abee6fdced9ee89a9b1afa86965b3c3d2,2023-03-30T22:11:55+00:00
codeforamerica/vita-min,version-7.64.22,aa1b478bdffd2c820cb29251c65c7fc4a235e6d1,2023-03-30T18:05:46+00:00
codeforamerica/vita-min,version-7.64.21,de04ba7b7895ba60607e917a6a085c0697efdaa3,2023-03-30T13:56:19+00:00
codeforamerica/vita-min,version-7.64.20,101d1995ef729dab884b4d39d387cf6df758a7b9,2023-03-28T18:24:55+00:00
codeforamerica/vita-min,version-7.64.19,d63c27c03eded86a37abd88b6df91c2163b7cbde,2023-03-24T17:25:03+00:00
codeforamerica/vita-min,version-7.64.18,92b6f4a2818822a89fadfd90ef88509f9db925fc,2023-03-24T16:01:47+00:00
codeforamerica/vita-min,version-7.64.17,49fdca3a01ad555eaf24ac59a5d0cfdb37fe2aeb,2023-03-22T16:18:10+00:00
codeforamerica/vita-min,version-7.64.16,67a1b4205bbc780a97f01b60829c8b68144934db,2023-03-16T18:11:08+00:00
codeforamerica/vita-min,version-7.64.15,40b5ab56681da029ece5853cd9beee780ca5989c,2023-03-13T19:15:02+00:00
codeforamerica/vita-min,version-7.64.14,05de40c79255fda13d1f0011427dd7511e0cbd3c,2023-03-13T18:41:32+00:00
codeforamerica/vita-min,version-7.64.13,e2e546c1cdd727921fea1bc5cbd62466de63be51,2023-03-06T23:27:00+00:00
codeforamerica/vita-min,version-7.64.12,38fee5705ec99b3e2f91d8af3659c142aaefff68,2023-03-09T23:47:05+00:00
codeforamerica/vita-min,version-7.64.11,b133c01f872a08dc2240250942b4137430023db7,2023-03-09T23:12:56+00:00
codeforamerica/vita-min,version-7.64.10,d2b87c61e4b2695c93e04960d03dddb0fe550f46,2023-03-09T18:09:55+00:00
codeforamerica/vita-min,version-7.64.9,c9021141caec804a4f318a30906f5f0e80c39cce,2023-03-08T21:52:15+00:00
codeforamerica/vita-min,version-7.64.8,8b244fe7ec09cc3ee28fc64158cf1dd08431fffc,2023-03-07T21:24:24+00:00
codeforamerica/vita-min,version-7.64.7,aea019ba6cdf2c2ffb075f0edc2363ad6bfbc766,2023-03-07T20:28:03+00:00
codeforamerica/vita-min,version-7.64.6,f4896e27a7d61a773875d9bf3db7aa2441180f1f,2023-03-03T18:00:49+00:00
codeforamerica/vita-min,version-7.64.5,e8d9ce556cb0a023205783fa3da4ef31697a280f,2023-03-01T23:55:27+00:00
codeforamerica/vita-min,version-7.64.4,5cccae946c983f7192398f9f0528e430c1d1b1ab,2023-02-27T21:49:08+00:00
codeforamerica/vita-min,version-7.64.3,3199bbe30abab4f88a86f9de9135a9e68cd3ad24,2023-02-23T23:30:02+00:00
codeforamerica/vita-min,version-7.64.2,9a5b01950002c13fd4c3c9bc21f524d52ff02e82,2023-02-23T21:11:08+00:00
codeforamerica/vita-min,version-7.64.1,c8f30309b386327c1a9a4d63e7d863d04cc250f5,2023-02-23T19:22:58+00:00
codeforamerica/vita-min,version-7.64.0,a9f10d395a132271ee4082b95ec2c3aae1e790d3,2023-02-23T17:09:02+00:00
codeforamerica/vita-min,version-7.63.26,7277f764b38b056e5fa49b84c23896d62dce06a6,2023-02-22T20:32:39+00:00
codeforamerica/vita-min,version-7.63.25,6017a6e8e2f202fab412b5ddc39f2374ce7f742b,2023-02-13T19:34:29+00:00
codeforamerica/vita-min,version-7.63.24,ea24adc3031a6942c8069e7498ce15a10db2c67a,2023-02-14T21:49:26+00:00
codeforamerica/vita-min,version-7.63.23,92f13f55f18cca3ef1c224c0b355b34787d04c35,2023-02-14T15:56:45+00:00
codeforamerica/vita-min,version-7.63.22,ea27e73f9bf1ced4ab0cea7bb9f3c99e3264447f,2023-02-07T23:47:16+00:00
codeforamerica/vita-min,version-7.63.21,57e51f6fc09894db030cce612b64296d7cc91905,2023-02-06T22:21:52+00:00
codeforamerica/vita-min,version-7.63.20,67932e3bed904660c1da09f8ea53e0e431f33f64,2023-02-03T18:19:13+00:00
codeforamerica/vita-min,version-7.63.19,168e8f7bf03d91b5549674d1e2fed085a48ef43f,2023-02-01T23:33:41+00:00
codeforamerica/vita-min,version-7.63.18,15c45cd3f4e11dcbdd3d96db886a68c91e301128,2023-02-02T16:33:06+00:00
codeforamerica/vita-min,version-7.63.17,0e7b7f15645a12b454d819d5560a25a2d1d4858f,2023-02-01T20:16:59+00:00
codeforamerica/vita-min,version-7.63.16,ccbfeea6939b46fd9fc204a207ea1f5197791092,2023-02-01T20:09:08+00:00
codeforamerica/vita-min,version-7.63.15,42fd0ed9bfe129ba4dde32995bee046a171e782a,2023-02-01T18:15:28+00:00
codeforamerica/vita-min,version-7.63.14,3a06c1ba8e80b742a6e932630a984c343bc2b122,2023-01-31T23:23:30+00:00
codeforamerica/vita-min,version-7.63.13,947cdd1f289656d1f1a9b39a4c59b589b6d23694,2023-01-27T15:18:58+00:00
codeforamerica/vita-min,version-7.63.12,4924f2e3f0d989fd368e8e7e77d2d0c16ffc0175,2023-01-23T16:05:44+00:00
codeforamerica/vita-min,version-7.63.11,25f9916f735cd7ec313f9fc8bba1e1764df2d841,2023-01-24T22:15:52+00:00
codeforamerica/vita-min,version-7.63.10,c066737af2a8dbfbd57ae829b2675c7917fcc4f0,2023-01-24T00:14:55+00:00
codeforamerica/vita-min,version-7.63.9,9ef8077d02905b4905504ca0faaf6f5724c53eb5,2023-01-23T20:42:48+00:00
codeforamerica/vita-min,version-7.63.8,5cac9448f6c81c017d9d341e371885e2b4a34525,2023-01-20T22:07:15+00:00
codeforamerica/vita-min,version-7.63.7,14e0cbb65948a7023aa09dcd4157bad438425adf,2023-01-13T22:52:19+00:00
codeforamerica/vita-min,version-7.63.6,73f2777db2b4d2bf3971b440e85562dcad28ea2f,2023-01-13T21:22:57+00:00
codeforamerica/vita-min,version-7.63.5,704ceb1ed7535afdb2956c621698ca70a14000ed,2023-01-08T07:22:17+00:00
codeforamerica/vita-min,version-7.63.4,27de449958860b1b17599feecfa474ae54b7ac6d,2023-01-04T20:18:29+00:00
codeforamerica/vita-min,version-7.63.3,d354c26d59e71b0fbeb411b74a338bc94dc2a7d8,2022-12-22T00:57:54+00:00
codeforamerica/vita-min,version-7.63.2,c1cc45328178905896c5b9208e2cc8a5d986cc64,2022-12-16T23:07:33+00:00
codeforamerica/vita-min,version-7.63.1,7aa2fe2d0fe69096031ef2aa06757cae36d86c21,2022-12-08T20:43:20+00:00
codeforamerica/vita-min,version-7.63.0,00ea78ec359dcac2edf9e3dd754ebda2aecf38dc,2022-12-05T20:28:28+00:00
codeforamerica/vita-min,version-7.62.72,e48abcad10d323b93eba891ef449ce3dedacaada,2022-11-18T15:28:40+00:00
codeforamerica/vita-min,version-7.62.71,d433ea2057418c1fa1e0920ee2b1015db4957442,2022-11-16T23:19:10+00:00
codeforamerica/vita-min,version-7.62.70,87f193edacbf9e87019e71fa54e9733516708460,2022-11-16T00:05:41+00:00
codeforamerica/vita-min,version-7.62.69,009a985f552cc22b99ad797ba8377926e1777882,2022-11-15T22:27:59+00:00
codeforamerica/vita-min,version-7.62.68,53693a03f9326c2fe060d60cf28afea716678346,2022-11-15T17:36:13+00:00
codeforamerica/vita-min,version-7.62.67,2e326c055a950e56f8638e56520b7d39ba684db3,2022-11-14T20:01:42+00:00
codeforamerica/vita-min,version-7.62.66,e119db89113e545b42f5c7b8d48ca2d11039b315,2022-10-28T20:40:57+00:00
codeforamerica/vita-min,version-7.62.65,51052c0c72bcd430fe3e32a1e1f752755b86bdf0,2022-11-14T18:04:27+00:00
codeforamerica/vita-min,version-7.62.64,6a9e20267d3fe3536a2bc35b28ab8a6c79d38478,2022-11-14T16:32:00+00:00
codeforamerica/vita-min,version-7.62.63,8a2ca77b149a41d66beba6aa60d243d835dbde4b,2022-11-10T23:22:03+00:00
codeforamerica/vita-min,version-7.62.62,a032076c800a8c4bc14ac5ec4aa14514f5ce7281,2022-11-10T17:40:50+00:00
codeforamerica/vita-min,version-7.62.61,1e703b990a4da48b96c89d21a85fd1736310ea8c,2022-11-04T23:20:37+00:00
codeforamerica/vita-min,version-7.62.60,74133fb45c0ece9074dcef6dbad675f33c455f58,2022-11-09T17:38:15+00:00
codeforamerica/vita-min,version-7.62.59,da844d8ac871f66bae2c212bd9d432d0cbd08e4e,2022-11-04T17:14:33+00:00
codeforamerica/vita-min,version-7.62.58,786f51e570e5d4420a0b0125b1e98b407aae8aed,2022-11-02T15:15:02+00:00
codeforamerica/vita-min,version-7.62.57,023a3e207ef13bed354951fec9b2ac0b9c389a6c,2022-11-01T17:14:56+00:00
codeforamerica/vita-min,version-7.62.56,f2ee694deb275e322be5cd35fe83eeb4b4dfe408,2022-10-31T22:19:25+00:00
codeforamerica/vita-min,version-7.62.55,ead2efb4a1f2b1afeb9925def968c2408a6a110c,2022-10-28T20:01:13+00:00
codeforamerica/vita-min,version-7.62.54,6ceacabf3c231b1c01c0c92806c9de25c0fae7cf,2022-10-28T17:18:13+00:00
codeforamerica/vita-min,version-7.62.53,6c4914a57f901177f62a11ddd8caf25c8246ac79,2022-10-28T16:53:44+00:00
codeforamerica/vita-min,version-7.62.52,aa19c8dabdfc9b8e4b03ff6266e4cf3c835a3f05,2022-10-27T22:20:14+00:00
codeforamerica/vita-min,version-7.62.51,f6dddc6aae3c9524cd88efdd0987e98efb8117fe,2022-10-27T18:16:54+00:00
codeforamerica/vita-min,version-7.62.50,d3c3e51085ab9393ff9f057439d25e2aa520475e,2022-10-27T15:23:45+00:00
codeforamerica/vita-min,version-7.62.49,ebab259bb0db9b0fabd8ae77a45be12c9bd8a657,2022-10-26T18:23:24+00:00
codeforamerica/vita-min,version-7.62.48,90047f0cbf6e9a609eeb605147424e2deea3588f,2022-10-26T18:51:16+00:00
codeforamerica/vita-min,version-7.62.47,e97a5678ee01a7dcd33cac5e8a6b88b49065e29f,2022-10-25T21:32:41+00:00
codeforamerica/vita-min,version-7.62.46,ecda29ffc547a7211b0415a7503cd03d4b43b0bc,2022-10-25T18:41:27+00:00
codeforamerica/vita-min,version-7.62.45,d15e5a0a081e0765d503ca7d93e0de2ce8501796,2022-10-21T17:37:41+00:00
codeforamerica/vita-min,version-7.62.44,57a65dc26fd45e71892b07af68023288d164c019,2022-10-21T22:51:32+00:00
codeforamerica/vita-min,version-7.62.43,fe523c965fa9a240ea008cbdce051d6d61977df8,2022-10-20T18:28:48+00:00
codeforamerica/vita-min,version-7.62.42,4e08af4dca05e4f0b8ca7547135fb1a0e314030c,2022-10-19T21:33:59+00:00
codeforamerica/vita-min,version-7.62.41,731f60b7621189e28d13f7b8704564bfc0e449ec,2022-10-18T21:02:43+00:00
codeforamerica/vita-min,version-7.62.40,06328bf341ce2c6f7ce75fa2e958301f82359144,2022-10-18T17:11:53+00:00
codeforamerica/vita-min,version-7.62.39,6a02666cac3e934dd85a6e9c799841b9ab964d4d,2022-10-17T23:14:01+00:00
codeforamerica/vita-min,version-7.62.38,838bc9c3b94e94213ced14f0456f26f85cb507b6,2022-10-17T22:16:41+00:00
codeforamerica/vita-min,version-7.62.37,a2e1e01d4579f19e903bd1f5c0a719e842463948,2022-10-14T23:10:21+00:00
codeforamerica/vita-min,version-7.62.36,86ff3df0d8e907fbc97aad5c6a063ad21cec1893,2022-10-14T17:15:04+00:00
codeforamerica/vita-min,version-7.62.35,6fe671af41e5be534bfbfbb52146e7ce2a56984d,2022-10-13T19:22:50+00:00
codeforamerica/vita-min,version-7.62.34,d08408f2ac582493994d17b2f0836b2393f9c4b2,2022-10-12T22:34:34+00:00
codeforamerica/vita-min,version-7.62.33,66f13211d3dfc854757f73fd1a1da5c50b810155,2022-10-12T22:07:58+00:00
codeforamerica/vita-min,version-7.62.32,b38ef2eaca9ac812e6217eaec8690589e2e9e0f3,2022-10-12T16:19:22+00:00
codeforamerica/vita-min,version-7.62.31,cee55e01121d23eadaa90cc2b76cf0801cdc2851,2022-10-11T21:20:15+00:00
codeforamerica/vita-min,version-7.62.30,0eab07ba5c207b651f37e87703468c91aebce476,2022-10-07T22:49:45+00:00
codeforamerica/vita-min,version-7.62.29,bd8fd2599ffabb151950b9d0e8fe81885abf7a0e,2022-10-07T22:24:38+00:00
codeforamerica/vita-min,version-7.62.28,82a4798dd8f624711a59fd2cd6db5c6025059d6e,2022-10-07T16:47:32+00:00
codeforamerica/vita-min,version-7.62.27,d4207b956fc9d3cf1ef9c867b19d679b2a1145bd,2022-10-06T13:10:21+00:00
codeforamerica/vita-min,version-7.62.26,70227f254e201f532e6e32c6967ef93295478aca,2022-10-05T20:57:59+00:00
codeforamerica/vita-min,version-7.62.25,70227f254e201f532e6e32c6967ef93295478aca,2022-10-05T20:57:59+00:00
codeforamerica/vita-min,version-7.62.24,a2bfd94f9fc972acc70899f316f03734c510acf7,2022-10-04T20:42:56+00:00
codeforamerica/vita-min,version-7.62.23,f75a8bad92141e57e658afb278a4a1320e670e4c,2022-10-03T17:46:35+00:00
codeforamerica/vita-min,version-7.62.22,d5b4b4fceae3ea37ad8d9f2ca0acbcbd4652fa4a,2022-10-03T14:50:31+00:00
codeforamerica/vita-min,version-7.62.21,7c890afb6b820e093312da027d042b069169d528,2022-10-03T12:33:27+00:00
codeforamerica/vita-min,version-7.62.20,9cf82f30c3362cccac42e4010d999c07b6225cd7,2022-10-01T00:19:37+00:00
codeforamerica/vita-min,version-7.62.19,28593626e5a8f73e9d82e982f91f2128a319ca43,2022-09-29T22:42:28+00:00
codeforamerica/vita-min,version-7.62.18,7f50ceb7168b3a25a792538460c01a6f0e1d121e,2022-09-29T20:30:30+00:00
codeforamerica/vita-min,version-7.62.17,d1f1e9b6899bc6a53413f87c03dabaa0a70c4479,2022-09-27T23:01:19+00:00
codeforamerica/vita-min,version-7.62.16,201d91886790e5dbb5dabb6bba432060a27a873d,2022-09-26T21:51:31+00:00
codeforamerica/vita-min,version-7.62.15,8779cd833850049b4189815a694276524c49cf0e,2022-09-26T20:37:56+00:00
codeforamerica/vita-min,version-7.62.14,bd2ec74db96210463aa6f7b1da7bd3d381ac3e41,2022-09-22T16:21:15+00:00
codeforamerica/vita-min,version-7.62.13,bf4528a068284c0ed0b1a2855257d48aa04b0e8b,2022-09-21T23:25:13+00:00
codeforamerica/vita-min,version-7.62.12,aa4b314e6df090ecf45300ff54875d8758fc186c,2022-09-21T22:04:45+00:00
codeforamerica/vita-min,version-7.62.11,2420103b1a6f1663176ecfe52b40878d5a10ba78,2022-09-21T21:46:19+00:00
codeforamerica/vita-min,version-7.62.10,26035ff09e79552e371dd54c7922ee94bb00fb81,2022-09-17T18:12:22+00:00
codeforamerica/vita-min,version-7.62.9,26ef2cc25b97272b9a4375c86d3e482cee5c0aaf,2022-09-16T17:51:44+00:00
codeforamerica/vita-min,version-7.62.8,641b96f4a71387a3c22d5bd44e57650c4a774048,2022-09-14T19:48:23+00:00
codeforamerica/vita-min,version-7.62.7,9fa338784f518b92b121760e8ef076b3e3ad3198,2022-09-14T18:21:24+00:00
codeforamerica/vita-min,version-7.62.6,65f3e58905a18d7f0f5107fe3bfc9ac572239eb2,2022-09-13T18:15:12+00:00
codeforamerica/vita-min,version-7.62.5,66e01788dcd94997d9d3a9f893da6a4374862431,2022-09-13T16:52:40+00:00
codeforamerica/vita-min,version-7.62.4,4f949f6d15303d241c0b078393eb155eea57ab08,2022-09-12T23:42:56+00:00
codeforamerica/vita-min,version-7.62.3,4457fcf976c289608d8b6376e6b10bf6b9f686f5,2022-09-12T23:10:55+00:00
codeforamerica/vita-min,version-7.62.2,be91c501c9aae6dd80c75ee036682a42db1f852e,2022-09-08T22:31:41+00:00
codeforamerica/vita-min,version-7.62.1,8580324db8831abda1fcfd16a2929a318f929c89,2022-08-12T21:52:06+00:00
codeforamerica/vita-min,version-7.62.0,89bcb21f60d6fc1a0fd17602818425ad9df1f8cb,2022-09-07T21:28:00+00:00
codeforamerica/vita-min,version-7.61.35,fb344b6adfe8f340b63c00cca8e3cbd3d96ed107,2022-09-01T14:34:37+00:00
codeforamerica/vita-min,version-7.61.34,d91d7938a8e1420334aae35bcf8ed72c975fe749,2022-08-31T21:45:39+00:00
codeforamerica/vita-min,version-7.61.33,c2aa85c995f8c9d04712ad0fc39f5ef4ee153264,2022-08-29T21:25:27+00:00
codeforamerica/vita-min,version-7.61.32,edd1c64a0e0b1ed787d9a94f42c5ec821877ecb4,2022-08-26T16:14:21+00:00
codeforamerica/vita-min,version-7.61.31,5d16fdb031dd3a57596bca11725c687bca65e773,2022-08-25T21:01:31+00:00
codeforamerica/vita-min,version-7.61.30,82fcfbb60e508fad557bea3d00f448503d34523d,2022-08-25T18:12:06+00:00
codeforamerica/vita-min,version-7.61.29,43054ce6d320963ddb31d9e88d1fb850314f525d,2022-08-22T18:36:25+00:00
codeforamerica/vita-min,version-7.61.28,ba682c8fcbb7f4544b18411821447c81da7767a1,2022-08-22T17:58:33+00:00
codeforamerica/vita-min,version-7.61.27,5b30534c9fa41bac712a3941cff0e8040f914548,2022-08-18T19:50:18+00:00
codeforamerica/vita-min,version-7.61.26,85200931e377a47c175e422b84d0969cde7f83e2,2022-08-17T17:43:31+00:00
codeforamerica/vita-min,version-7.61.25,0fd9f643abf434ce0a33f65933af13a244941d0f,2022-08-16T18:12:22+00:00
codeforamerica/vita-min,version-7.61.24,2b3d0e33995dc610a4bb61d4b152d3cab3498be7,2022-08-15T22:28:11+00:00
codeforamerica/vita-min,version-7.61.23,46f0a194752afc8543bf36ca1d2defca7ee1e47b,2022-08-12T20:57:00+00:00
codeforamerica/vita-min,version-7.61.22,46f0a194752afc8543bf36ca1d2defca7ee1e47b,2022-08-12T20:57:00+00:00
codeforamerica/vita-min,version-7.61.21,80e2a2877c62846d507e3c9cbcd264354e8af397,2022-08-12T19:55:19+00:00
codeforamerica/vita-min,version-7.61.20,d2024a6d3ef0084aa3753d2cd10b13c585d1e903,2022-08-11T23:25:10+00:00
codeforamerica/vita-min,version-7.61.19,c66a9d783e2096885ee5206ec4b67ff35b160cdc,2022-08-11T18:54:37+00:00
codeforamerica/vita-min,version-7.61.18,cd77fc6c1e7d8bd6c002dde3af8b1620556af63c,2022-08-11T18:11:46+00:00
codeforamerica/vita-min,version-7.61.17,c4feb6d3f25acbcd31c39464bf6165cfadd4aaaa,2022-08-10T21:47:53+00:00
codeforamerica/vita-min,version-7.61.16,620baccab65e66dab6b2e9e381f1624156dd98e5,2022-08-10T20:27:48+00:00
codeforamerica/vita-min,version-7.61.15,3e9758340c655701d7c9a7ec80ee857e2aca4f90,2022-08-08T22:43:15+00:00
codeforamerica/vita-min,version-7.61.14,0cc84cde669e7051638739fbc1bb63a3fef015dd,2022-08-04T19:36:52+00:00
codeforamerica/vita-min,version-7.61.13,a3bbd58cf7037ac850e1c0dbcc7cc054643553b9,2022-08-04T19:05:16+00:00
codeforamerica/vita-min,version-7.61.12,f3c447fe36b82a9c88e59f95954745aa360e0f28,2022-08-04T17:13:51+00:00
codeforamerica/vita-min,version-7.61.11,4842b57f3e32506fa23d4126d466901b5e92c7e8,2022-08-03T20:14:28+00:00
codeforamerica/vita-min,version-7.61.10,11294a5e2f72f70366a926b21f0363a758522140,2022-08-03T16:40:15+00:00
codeforamerica/vita-min,version-7.61.9,55267d477535850450a28b641155a4129de31a62,2022-08-03T16:13:54+00:00
codeforamerica/vita-min,version-7.61.8,6865acf24175c76b1334b7305313b6e168790308,2022-08-02T21:15:11+00:00
codeforamerica/vita-min,version-7.61.7,1b64299392fde22793749deefada9b8f0e785a39,2022-08-01T15:02:44+00:00
codeforamerica/vita-min,version-7.61.6,83fbd34f493eab92ae5cbfd42a7a55aa43e3de71,2022-07-28T21:53:57+00:00
codeforamerica/vita-min,version-7.61.5,6f9290065a7c47adf72d077e9dc370a259b99c6d,2022-07-28T19:23:17+00:00
codeforamerica/vita-min,version-7.61.4,1c85186e87da2f2f9f493f2c3a44d9f3f2ea8f90,2022-07-27T23:05:22+00:00
codeforamerica/vita-min,version-7.61.3,3ded201078167f3547eded61e9b2ab770c31aab4,2022-07-26T21:57:30+00:00
codeforamerica/vita-min,version-7.61.2,d6091194e4a4e0f4aaaf3bf13701ce149d02d3ac,2022-07-21T23:26:42+00:00
codeforamerica/vita-min,version-7.61.01,5aaa7f4f3c35378d020594c67916ce6bb2b1fe87,2022-07-21T19:41:39+00:00
codeforamerica/vita-min,version-7.60,cd0c1b5464d6497c46b189166426265194ef6c85,2022-07-21T18:40:50+00:00
codeforamerica/vita-min,version-7.59,a4baa2defccbcc69f4824e6d7072bc51682db761,2022-07-19T23:04:06+00:00
codeforamerica/vita-min,version-7.58,5cb4f426fbca0bf11a83d529a165925d47a25337,2022-07-19T16:23:57+00:00
codeforamerica/vita-min,version-7.57,90f0c734c28b017e38f9507680b51f1dd86e9407,2022-07-15T21:58:08+00:00
codeforamerica/vita-min,version-7.56,de356d145f4d2819bf332ca70586abee84cade6c,2022-07-15T17:19:47+00:00
codeforamerica/vita-min,version-7.55,c156c4694013df0f0a367440b25cf018565b94f4,2022-07-14T14:09:54+00:00
codeforamerica/vita-min,version-7.54,25a6f55a89a65b5f8f12e4defcdba8458fe44807,2022-07-13T23:42:27+00:00
codeforamerica/vita-min,version-7.53,1f3d2d12425ed4d6cb1b5f81d6ca2281d9b99f0f,2022-07-11T22:59:33+00:00
codeforamerica/vita-min,version-7.52,112b616331aef0cb87e9c597433f1669dfe5194e,2022-07-11T20:40:38+00:00
codeforamerica/vita-min,version-7.51,0c6d71041430805d106ce1a959dc0dd69e88d805,2022-07-01T21:26:12+00:00
codeforamerica/vita-min,version-7.50,0e09399c7a5e2f6ae7a2b5d1833647a07877bfff,2022-06-30T23:07:59+00:00
codeforamerica/vita-min,version-7.49,fdbd25ca133f2320b79e10bc40b040d22816cbf3,2022-06-30T22:11:30+00:00
codeforamerica/vita-min,version-7.48,ac56028c746cf52d7f1043110e83e24a7dd8c2f2,2022-06-28T17:01:38+00:00
codeforamerica/vita-min,version-7.47,1860aa8493614e76f6a35ce20af42711f901980b,2022-06-28T00:48:06+00:00
codeforamerica/vita-min,version-7.46,0d7403ea8efc03a3a862fe8854fd3cb652440922,2022-06-27T21:56:17+00:00
codeforamerica/vita-min,version-7.44,d23068bd6f72f4856a0a23b5c07335ad981fc84f,2022-06-24T22:31:48+00:00
codeforamerica/vita-min,version-7.43,a7594caa361f1e6e5fec4485377490e9f4eb57b8,2022-06-22T20:15:12+00:00
codeforamerica/vita-min,version-7.42.01,b1c54a9a46acd43b7c5663f883093807254b5e95,2022-06-21T22:21:17+00:00
codeforamerica/vita-min,version-7.42,9916626a4888da9196e0216500cf7a7bbd3db914,2022-06-17T17:09:12+00:00
codeforamerica/vita-min,version-7.41,ad4bd80d788e1cf2a9750c31d54f845ff6a2d348,2022-06-16T17:48:23+00:00
codeforamerica/vita-min,version-7.40,a81b68268e5bb98b6dc05ce6472feaae7a5ccf67,2022-06-16T16:35:53+00:00
codeforamerica/vita-min,version-7.39,c23a3c0f196c58d663f81f1e445162ce1e516408,2022-06-15T21:58:12+00:00
codeforamerica/vita-min,version-7.38,3e737370ac98b4c51498b5de7ec0065fd27fa811,2022-06-13T20:33:29+00:00
codeforamerica/vita-min,version-7.37,2439fbbf989e05ca734f7a3729338c707fe18537,2022-06-10T19:18:05+00:00
codeforamerica/vita-min,version-7.36,6f69c3b24d7d5bd67029d625e3795a1857308c2f,2022-06-07T22:05:22+00:00
codeforamerica/vita-min,version-7.35,6fb7a253c27a2870b5c1398b6de01a9d0148dc41,2022-06-07T18:31:59+00:00
codeforamerica/vita-min,version-7.34.41,ef1d4ed2c4a85f9f3974ca26b202379c71079b6c,2022-06-01T21:25:02+00:00
codeforamerica/vita-min,version-7.34.40,c726cd29220aca8a630c9a764d51764b0d7d8ffe,2022-05-31T18:45:59+00:00
codeforamerica/vita-min,version-7.34.39,4e20b9859c1fa0f82e9692addc74795c780b8793,2022-05-31T15:45:55+00:00
codeforamerica/vita-min,version-7.34.38,aa16e5f42cb101cef5a33984502f96a383be7566,2022-05-26T19:15:54+00:00
codeforamerica/vita-min,version-7.34.37,eb07187992268f8018e60a84e16427e85af14dec,2022-05-26T15:23:55+00:00
codeforamerica/vita-min,version-7.34.36,027d3ee1e374946b4b7eb67599f607bdaa756075,2022-05-18T22:45:56+00:00
codeforamerica/vita-min,version-7.34.35,8d6b7ffd336144f85806a11d1bdfeee2e612aa5d,2022-05-18T17:08:05+00:00
codeforamerica/vita-min,version-7.34.34,b86b11f3e0b81f70752cca3aa722ce9254924f90,2022-05-16T18:59:49+00:00
codeforamerica/vita-min,version-7.34.33,4160ba6de6564531141a8491cada03359e25df30,2022-05-13T23:17:37+00:00
codeforamerica/vita-min,version-7.34.32,94bab3dede40ea36bb9393f977016cf0dd7969b4,2022-05-13T22:37:51+00:00
codeforamerica/vita-min,version-7.34.31,c9df062d9337255a6673ca1c68e60eca87c85db3,2022-05-13T21:58:38+00:00
codeforamerica/vita-min,version-7.34.30,a49b03077086ad1eee129ab4231382e47e1846d7,2022-05-12T22:28:35+00:00
codeforamerica/vita-min,version-7.34.29,1296e16ced2eeecc5286a56faac1a01febd3cad2,2022-05-12T19:47:49+00:00
codeforamerica/vita-min,version-7.34.28,8131b4ed4e1862a46c8de786f772287e219d270e,2022-05-12T17:08:21+00:00
codeforamerica/vita-min,version-7.34.27,9e3de5a669d756d51ad0eb996b6b13b6459082af,2022-05-12T14:04:31+00:00
codeforamerica/vita-min,version-7.34.26,e3e92aaa142ab311d6c9120742c5235ab1946c86,2022-05-11T20:20:24+00:00
codeforamerica/vita-min,version-7.34.25,d4824fc84a3b5264c80e3bcc1459575faa190356,2022-05-10T18:46:15+00:00
codeforamerica/vita-min,version-7.34.24,422d1a76d5826f64c9de2837051bc33620a3c4bf,2022-05-10T18:49:31+00:00
codeforamerica/vita-min,version-7.34.23,22de62987da05607c398db8a48bbbe0d9f53fc09,2022-05-10T18:30:58+00:00
codeforamerica/vita-min,version-7.34.22,21c6f26f1cb8a1b444e0dfd464fecc0e815c0961,2022-05-10T18:09:22+00:00
codeforamerica/vita-min,version-7.34.21,0e17e523d8cd6e4037a6409e95a3159f02f3e10c,2022-05-09T22:04:31+00:00
codeforamerica/vita-min,version-7.34.20,d24136544d5d2f4846d1d6fc9e5ff2711485bf4c,2022-05-09T19:56:04+00:00
codeforamerica/vita-min,version-7.34.19,928e1d76d80073cb68d5872dbf317a6ce9812dda,2022-05-09T18:03:15+00:00
codeforamerica/vita-min,version-7.34.18,172207b7dff1b614805ff090cc58b95b937bca7c,2022-05-05T20:36:01+00:00
codeforamerica/vita-min,version-7.34.17,527b2a9f800023cbdb6682e78862a5ea1d98823d,2022-05-05T16:02:54+00:00
codeforamerica/vita-min,version-7.34.16,d68db61c788a07dee76a4167971187e3bedae7c9,2022-04-18T18:44:16+00:00
codeforamerica/vita-min,version-7.34.15,6869f4b4458f52508a948730a018ed71af438c60,2022-04-29T17:27:36+00:00
codeforamerica/vita-min,version-7.34.14,eb5ca07bf38c5d1103add1922e9b5eaf5abb86a0,2022-04-26T21:57:27+00:00
codeforamerica/vita-min,version-7.34.13,a32cab60bf941508984aa187c2eec8dd65a94e30,2022-04-25T18:08:29+00:00
codeforamerica/vita-min,version-7.34.12,f3965bf13a507128d685b61ec0c87acbdbe25826,2022-04-21T22:01:43+00:00
codeforamerica/vita-min,version-7.34.11,d3d507faac3268bddb157175695ab6d832101cb7,2022-04-21T18:03:25+00:00
codeforamerica/vita-min,version-7.34.10,28b9b2dab3a9982c89680e58b6bfec38dbc60045,2022-04-18T15:39:06+00:00
codeforamerica/vita-min,version-7.34.9,ce5264c438cfb9a8f50384f295b5fa63405eb55f,2022-04-14T20:51:52+00:00
codeforamerica/vita-min,version-7.34.8,9390c54fa5d3233961d4d1a0cd7fc867c90daecd,2022-04-13T22:55:01+00:00
codeforamerica/vita-min,version-7.34.7,4c60bd26cf40c12976d9123895f41afa67680e1c,2022-04-13T18:29:34+00:00
codeforamerica/vita-min,version-7.34.6,a10a59dd11b023d1a95d3828829cb515966c2b7d,2022-04-12T20:54:27+00:00
codeforamerica/vita-min,version-7.34.5,d993336ade4fc7f74a9f1bdf91ea1afa1248e28b,2022-04-12T21:39:27+00:00
codeforamerica/vita-min,version-7.34.4,9d78c923998a1a29552535e8d0482b2d17c57830,2022-04-12T21:07:33+00:00
codeforamerica/vita-min,version-7.34.3,34344348e21972c1eac8022e768364927471ee4c,2022-04-11T22:19:38+00:00
codeforamerica/vita-min,version-7.34.2,d51673dfcafeacca7e41bc36bf8f87b6cd1668db,2022-04-11T21:38:39+00:00
codeforamerica/vita-min,version-7.34.1,86d9f0ce61a4463d4c1c5a1ad7a185a8d41a14be,2022-04-07T21:23:57+00:00
codeforamerica/vita-min,version-7.34.0,e31ebdf44f4890b2053b64932ef7dcd1902da392,2022-04-06T20:34:09+00:00
codeforamerica/vita-min,version-7.33.8,c71c351bc6659337e7b3b586cd4241d2c9fb4791,2022-04-05T16:49:52+00:00
codeforamerica/vita-min,version-7.33.7,8e088fc7a8823028331a5bfcf3823fe0db057e4b,2022-03-31T20:59:49+00:00
codeforamerica/vita-min,version-7.33.6,cf9b0af2eda4e533f340c5beddf16007f9994d7d,2022-03-31T14:57:50+00:00
codeforamerica/vita-min,version-7.33.5,bc6ce6d114de0545225627466b392915e0f11003,2022-03-30T21:14:12+00:00
codeforamerica/vita-min,version-7.33.4,de7824952ef84dc0b972d046661d37d22cb9cb70,2022-03-30T19:27:34+00:00
codeforamerica/vita-min,version-7.33.3,1155ca5dee07af3ddda5313249ddcd945fdfcfe8,2022-03-30T17:56:04+00:00
codeforamerica/vita-min,version-7.33.2,1a3dd59f9b023d7e536463088de243f4883f3de7,2022-03-24T20:57:08+00:00
codeforamerica/vita-min,version-7.33.1,5b4d593459960ee7601bf5b11f397baeace6c7d9,2022-03-21T23:31:09+00:00
codeforamerica/vita-min,version-7.33.0,013ac75e1cd1aea84fe926f07407956804d18024,2022-03-17T21:52:32+00:00
codeforamerica/vita-min,version-7.32.10,838c2f3f3531395297b405d91e79c05688ba2291,2022-03-16T20:31:01+00:00
codeforamerica/vita-min,version-7.32.9,70058d6d0094006b06e71ac9f8d0a77c5d083591,2022-03-14T17:56:12+00:00
codeforamerica/vita-min,version-7.32.8,497ee7453c42cf704562c635ee5fc33838fb46c8,2022-03-09T20:01:22+00:00
codeforamerica/vita-min,version-7.32.7,6548d04780257e23bd1ed57134c44c54e3193f32,2022-03-09T18:48:29+00:00
codeforamerica/vita-min,version-7.32.6,48841dcf4e06d0dd0fb909ec06aedd1457a0f0ae,2022-03-02T18:48:55+00:00
codeforamerica/vita-min,version-7.32.5,86fb5735b0ec2a5aaefa62d263b6d07287c8745e,2022-03-02T00:02:10+00:00
codeforamerica/vita-min,version-7.32.4,55ae504980fd8887259ccbd89e10597a2baeb7af,2022-02-28T16:38:47+00:00
codeforamerica/vita-min,version-7.32.3,9ffc35115bcaa875bb2001e808c4091ef64233b9,2022-02-24T18:32:25+00:00
codeforamerica/vita-min,version-7.32.2,e7e7b1b68d4cd46a55ca4072ae0855b84faaa387,2022-02-24T23:10:45+00:00
codeforamerica/vita-min,version-7.32.1,a3a150db5154820d093bc896f1c18a9144144b4f,2022-02-17T22:26:14+00:00
codeforamerica/vita-min,version-7.32.0,c3f0696a89a32d7d4075f628ca78b443730b319e,2022-02-18T23:09:37+00:00
codeforamerica/vita-min,version-7.31.3,3b790617f180503949be9008c67f190ef971ab2d,2022-02-18T14:40:41+00:00
codeforamerica/vita-min,version-7.31.2,3caf04353c6ee6d675cd83dd40472cdc29f815ed,2022-02-17T20:28:47+00:00
codeforamerica/vita-min,version-7.31.1,d6d3030adeaf6586810ede50939a27ddc739565b,2022-02-14T21:15:37+00:00
codeforamerica/vita-min,version-7.31.0,c4ef0443c6c655bd87deab642d3ac5a8e10a91f6,2022-02-14T20:06:19+00:00
codeforamerica/vita-min,version-7.30.2,afe3b1c07c652c1ba60ba1c10522c3804467e84c,2022-02-11T22:05:47+00:00
codeforamerica/vita-min,version-7.30.1,caf5b0a59f3fd55105245e0a4f1f1019b270e928,2022-02-09T21:52:38+00:00
codeforamerica/vita-min,version-7.30.0,c480400cb0b406a0a7f147bd2b83048fbe6eeb47,2022-02-09T00:00:44+00:00
codeforamerica/vita-min,version-7.29.5,78ef8892b422a5adf4bf109e8b1ca89f49dfc5e3,2022-02-08T01:29:45+00:00
codeforamerica/vita-min,version-7.29.4,adb1206516a70521eb7ff6256fc7aa34ec9db577,2022-02-04T15:45:53+00:00
codeforamerica/vita-min,version-7.29.3,2468bae4e198b2bbcffc13cb3893a3f23fd2d63e,2022-02-03T23:29:25+00:00
codeforamerica/vita-min,version-7.29.2,e1dcefa646474ec72a0bff0ef4b7d2a1bf68bfd0,2022-02-03T22:02:54+00:00
codeforamerica/vita-min,version-7.29.1,3bb9708569c5c21032d25481d01cb65a09d1d7b2,2022-02-03T17:38:59+00:00
codeforamerica/vita-min,version-7.29.0,4218117a1a6f6ac43343d800801079ce68ddf5f3,2022-02-02T22:37:20+00:00
codeforamerica/vita-min,version-7.28.3,df6dcecf4e0fb6df50552f012cc21758a94b2e34,2022-02-02T17:45:25+00:00
codeforamerica/vita-min,version-7.28.2,eb5a6a3330c7e9867b4dfb68fa64dcd09f06bb9b,2022-02-01T23:42:05+00:00
codeforamerica/vita-min,version-7.28.1,1382e5ef84c1b977d16602455c3586269485e117,2022-01-31T17:06:03+00:00
codeforamerica/vita-min,version-7.28.0,f3356ea1f99c6c703a8fbd0aeb72f2b0eea44fba,2022-01-28T20:01:20+00:00
codeforamerica/vita-min,version-7.27.16,88034b06d707e5eb5d47c3e0df46ed6078947ee8,2022-01-27T23:44:41+00:00
codeforamerica/vita-min,version-7.27.15,4eb8bb1456a983cd74047920de33774cecdd0375,2022-01-27T18:48:02+00:00
codeforamerica/vita-min,version-7.27.14,4783c700e3a350a00f7f4aaa8602da640559fb5d,2022-01-25T23:48:08+00:00
codeforamerica/vita-min,version-7.27.13,f75f06af1d7fd161d4624cf40bb901ae07342dd5,2022-01-25T00:16:38+00:00
codeforamerica/vita-min,version-7.27.12,6d259e81b6db88ff5d37ef01785111c085920b2d,2022-01-24T19:31:17+00:00
codeforamerica/vita-min,version-7.27.11,2ea71d06e5c58b9d5fc1923c7d801ded7e52d884,2022-01-24T18:57:29+00:00
codeforamerica/vita-min,version-7.27.10,16752668575adfa738232e4e66a50086f00bb383,2022-01-24T18:07:11+00:00
codeforamerica/vita-min,version-7.27.9,261eaa7298ace5f7e78c1105cbc5be7fa3746275,2022-01-22T00:40:14+00:00
codeforamerica/vita-min,version-7.27.8,b8a6b060ff344a51949a2f9afd7b11a185c6e86c,2022-01-20T17:43:31+00:00
codeforamerica/vita-min,version-7.27.7,9a237a9e6e0de676cf24afcd4653bb29ce2a6799,2022-01-19T23:51:33+00:00
codeforamerica/vita-min,version-7.27.6,664fd0df0b1a46552d1e3f8223fd18c8f8e615b6,2022-01-19T22:36:35+00:00
codeforamerica/vita-min,version-7.27.5,4134df3f16f4a2ce90aaf2054cbb4ce7490c9c50,2022-01-19T21:07:51+00:00
codeforamerica/vita-min,version-7.27.4,ce76c2b58775dc6aae43e1056cc896d4dfd0e3db,2022-01-14T15:25:40+00:00
codeforamerica/vita-min,version-7.27.3,0ed431322d476b6f0e6fd8f72813e2c62f83f220,2021-12-23T19:13:16+00:00
codeforamerica/vita-min,version-7.27.2,2d8777c0fff4fdc2c8189160d4729cd5955b7c2c,2021-12-23T16:57:53+00:00
codeforamerica/vita-min,version-7.27.1,d2142d8614bc3878b0425d417c94c32e6bfd609d,2021-12-15T20:13:40+00:00
codeforamerica/vita-min,version-7.27.0,3cf1072d7f4759643177d9f38ca0330eb247f253,2021-12-10T16:15:45+00:00
codeforamerica/vita-min,version-7.26.2,36ff5948e3cc4a212798bde3c3b3647474e35c5f,2021-12-07T00:18:25+00:00
codeforamerica/vita-min,version-7.26.1,10140e3d74884daf9baaf7d36fd01dc443251bd5,2021-12-02T22:02:21+00:00
codeforamerica/vita-min,version-7.26.0,2fa7708e8cd3f93cec5fa2a0a72435a32caf67f0,2021-12-01T17:55:38+00:00
codeforamerica/vita-min,version-7.25.0,acb13b54b42ef35fea72620f06a79f429b9b96b9,2021-07-01T00:02:34+00:00
codeforamerica/vita-min,version-7.24.5,0a60911bcd4ea198784cffc2096b2480a1d8f116,2021-10-19T19:46:31+00:00
codeforamerica/vita-min,version-7.24.4,96391ac4f8ffcff0487d73ee22d6c020ef97e400,2021-11-19T06:28:44+00:00
codeforamerica/vita-min,version-7.24.3,0a9aaed6be8530dedeb0494153c2890ec8dd7b20,2021-11-18T22:34:11+00:00
codeforamerica/vita-min,version-7.24.2,b142105b43170022b8b660872c1e64ea438bfcaf,2021-11-18T00:40:34+00:00
codeforamerica/vita-min,version-7.24.1,de70cee752fce5f0b50ffaa7053160f3539fd475,2021-11-17T19:37:12+00:00
codeforamerica/vita-min,version-7.24.0,dbc4bd9843a5e7af94cf20b98641cadb248049f2,2021-11-15T21:15:48+00:00
codeforamerica/vita-min,version-7.23.49,f9bae9bd241672c6b48bc5331212baa7beda58f7,2021-11-16T00:05:06+00:00
codeforamerica/vita-min,version-7.23.48,53a728f8ea0f3b302a1c1415f2445bdfddd78ffc,2021-11-15T22:27:01+00:00
codeforamerica/vita-min,version-7.23.47,f2341797104c2ce5a6704e08af7e1735636d1651,2021-11-13T00:33:39+00:00
codeforamerica/vita-min,version-7.23.46,7f6115d467bc4584d2848990b692ec21f3218953,2021-11-12T23:39:21+00:00
codeforamerica/vita-min,version-7.23.45,543643137b90e3b1381a35f5e345181916bb67f0,2021-11-12T21:37:18+00:00
codeforamerica/vita-min,version-7.23.44,31bcabb6a8bcffcbb4ca954d3fdaaf104b20d292,2021-11-12T08:26:40+00:00
codeforamerica/vita-min,version-7.23.43,7aa4ff3a9c97d1fd7b5e5be38b2feb266f8986f3,2021-11-10T19:18:38+00:00
codeforamerica/vita-min,version-7.23.42,45573da9bf7ebf58fb78fefeaab1d78a50bfc4f7,2021-11-10T19:01:42+00:00
codeforamerica/vita-min,version-7.23.41,c9072feea97c21228c2d5e9f339c589f51ddefc7,2021-11-08T18:39:35+00:00
codeforamerica/vita-min,version-7.23.40,3ceabb503f74c02733a022de0e68d888d7d8201c,2021-11-08T18:09:59+00:00
codeforamerica/vita-min,version-7.23.39,7886316b2f44c6dbf7875fa059cc9fbb80e8ac2e,2021-11-03T17:44:38+00:00
codeforamerica/vita-min,version-7.23.38,865bf4d4a1ed744163c60d8ccb8ad8eb6d7ded72,2021-11-02T22:17:45+00:00
codeforamerica/vita-min,version-7.23.37,68d1133a21b46ec269c5a92f3e2d2b1c3f3a5b78,2021-11-02T16:44:23+00:00
codeforamerica/vita-min,version-7.23.36,924d04c6279867736b8a2ffbb7c8cc6887a62dd4,2021-10-30T01:00:12+00:00
codeforamerica/vita-min,version-7.23.35,e07185b1122b2e7a73471651970b03378c034275,2021-10-30T00:34:35+00:00
codeforamerica/vita-min,version-7.23.34,2d43ff9b104913b14b8d992dbac886e84b2ee3d2,2021-10-30T00:01:22+00:00
codeforamerica/vita-min,version-7.23.33,0583883358a713991f5271cbaa3a81fa23e255de,2021-10-29T19:56:44+00:00
codeforamerica/vita-min,version-7.23.32,70f3f97f49eba7e21017028c37a77f7147b8e78c,2021-10-22T22:51:54+00:00
codeforamerica/vita-min,version-7.23.31,4488968eb344081a95e397b78f657a37992f532f,2021-10-22T22:04:13+00:00
codeforamerica/vita-min,version-7.23.30,f83c1ca364b7b899e4deaa3bd8d4fa78a34d9b5f,2021-10-21T21:49:00+00:00
codeforamerica/vita-min,version-7.23.29,7a6a835921ed111057d837d6a2b1d34e0651bd09,2021-10-20T21:04:15+00:00
codeforamerica/vita-min,version-7.23.28,a7a4313bf3e6443424dcc7a30fb7eabdcb7c6a9d,2021-10-20T19:29:22+00:00
codeforamerica/vita-min,version-7.23.27,40763b1c1fef522b20e385d91e99069d5d035156,2021-10-19T23:26:31+00:00
codeforamerica/vita-min,version-7.23.26,5d0099074962370f345c0083496375a0edd16043,2021-10-19T22:40:48+00:00
codeforamerica/vita-min,version-7.23.25,485b9a9aaa74664c25b548bfb6c975fff163369d,2021-10-19T20:49:55+00:00
codeforamerica/vita-min,version-7.23.24,2be5645b4a571164019447180826666342d60f96,2021-10-19T19:47:04+00:00
codeforamerica/vita-min,version-7.23.23,0b27d5f83a0f0ea79aa28d66dc35b04af596369b,2021-10-19T01:46:55+00:00
codeforamerica/vita-min,version-7.23.22,f695bfc7333f8bf6103e5478284665d36e1f130d,2021-10-18T22:08:24+00:00
codeforamerica/vita-min,version-7.23.21,3817f6cdf9e9441cf2bfdb9acfb9d880785b2b7f,2021-10-15T20:18:55+00:00
codeforamerica/vita-min,version-7.23.20,46d0f5297f491df746ea3450f158449fd4276215,2021-10-15T15:34:02+00:00
codeforamerica/vita-min,version-7.23.19,c8775dab775b6a3f4e3060e1167b25478d0bf4e6,2021-10-14T22:20:24+00:00
codeforamerica/vita-min,version-7.23.18,af067aefc0898eed2e24866d4621741426f961b4,2021-10-14T15:11:15+00:00
codeforamerica/vita-min,version-7.23.17,61807ec763477de9262dd5bf5bfac7a0b8de9b60,2021-10-13T21:22:35+00:00
codeforamerica/vita-min,version-7.23.16,61807ec763477de9262dd5bf5bfac7a0b8de9b60,2021-10-13T21:22:35+00:00
codeforamerica/vita-min,version-7.23.15,e847389da9d93e34fd21d82cea13834e81ca1d8d,2021-10-06T17:12:39+00:00
codeforamerica/vita-min,version-7.23.14,56ae23f9795140399098003115a96fbc3de2a1b5,2021-10-05T16:09:03+00:00
codeforamerica/vita-min,version-7.23.13,869d63a4240bda1e1edd698fc4d57bf5fb185218,2021-10-05T15:34:36+00:00
codeforamerica/vita-min,version-7.23.12,1bebf540a5b376817f23fbf88503fff1839a2f61,2021-10-04T20:29:20+00:00
codeforamerica/vita-min,version-7.23.11,41eda61d2d7efe31e96f3f803f46887be0569101,2021-10-01T23:58:03+00:00
codeforamerica/vita-min,version-7.23.10,3b7249791e5fc758240d7a30c297a8ec0c571a22,2021-10-01T16:20:34+00:00
codeforamerica/vita-min,version-7.23.9,63f3cb5f92f269704be9ffa5d3dac3a7e39f4fb7,2021-10-01T15:40:24+00:00
codeforamerica/vita-min,version-7.23.8,b55770a27d0760b077abe121b8139b932b9f4d6e,2021-09-30T21:57:00+00:00
codeforamerica/vita-min,version-7.23.7,1dbccfc7f2ccbdf5eb245399bec6da15181dc3c6,2021-09-29T16:40:24+00:00
codeforamerica/vita-min,version-7.23.6,b9eaaea03f3a885d391f9d14094ea0aac1260462,2021-09-29T15:17:33+00:00
codeforamerica/vita-min,version-7.23.5,4fa090be23ed4bef9faa5be2c0ef07b904222a87,2021-09-28T21:14:08+00:00
codeforamerica/vita-min,version-7.23.4,bd22337cdd8b8101b57b0507fbb3a214533bb5a1,2021-09-28T17:58:08+00:00
codeforamerica/vita-min,version-7.23.3,8c8505340c7b86d1efc555ba69c8e015ab0beb08,2021-09-28T17:08:43+00:00
codeforamerica/vita-min,version-7.23.2,2faeb8b1d79ec216df6d433901fac653b13f2618,2021-09-24T23:21:34+00:00
codeforamerica/vita-min,version-7.23.1,c60cce81674f5466acd0d651463fddb848697f4c,2021-09-24T09:44:21+00:00
codeforamerica/vita-min,version-7.23.0,34b0fd680061be949394d8665dd7c9943a5eda0f,2021-09-23T22:34:07+00:00
codeforamerica/vita-min,version-7.22.2,fb149e46963e75f7fac5fc48d033fc715c19c7e6,2021-09-23T10:23:55+00:00
codeforamerica/vita-min,version-7.22.1,6cbf68f471a555be8489405157220e6a9222346b,2021-09-21T20:07:57+00:00
codeforamerica/vita-min,version-7.22.0,1764315530d06af2e294b8041159113491713519,2021-09-21T18:43:20+00:00
codeforamerica/vita-min,version-7.21.20,1641788aeccd407f7acadfb072722a71d3a4b564,2021-09-17T18:02:05+00:00
codeforamerica/vita-min,version-7.21.19,a18f9e8a815ccf32a1a2f446469a5716b78d128d,2021-09-16T14:25:01+00:00
codeforamerica/vita-min,version-7.21.18,bf4eadffa2460e71dd3d52d8daae062969ce4fa0,2021-09-15T21:17:20+00:00
codeforamerica/vita-min,version-7.21.17,5fca0f0ccd83456df6f4896a92295038ccd80e2c,2021-09-15T16:38:28+00:00
codeforamerica/vita-min,version-7.21.16,a81cf5af467139df27eba3b2b911fc9f335e570b,2021-09-15T12:43:51+00:00
codeforamerica/vita-min,version-7.21.15,dc22241621386dc77c1949cc38b917ca54b7dee2,2021-09-15T16:38:56+00:00
codeforamerica/vita-min,version-7.21.14,72c4585c15a1fa3a77674a38afa76e6c8106f3ed,2021-09-14T21:15:30+00:00
codeforamerica/vita-min,version-7.21.13,53ff82d22a30784d3c831ac47938f85d9f2778d2,2021-09-13T17:49:10+00:00
codeforamerica/vita-min,version-7.21.12,14c45b29e2c8b0e2691d2a4d4f6f7a7601e238b6,2021-09-09T23:05:15+00:00
codeforamerica/vita-min,version-7.21.11,a02f7192ef5d14d23c6f48d361e5a50362618edf,2021-09-09T20:27:12+00:00
codeforamerica/vita-min,version-7.21.10,54640041d610e071e018530ed6689ea17112aff8,2021-09-09T19:26:12+00:00
codeforamerica/vita-min,version-7.21.9,cbed7781d574eea0a45e2ac7be3c145fd073ce6d,2021-09-09T17:34:01+00:00
codeforamerica/vita-min,version-7.21.8,bd7f7485e737b42ad69c0a0828f2caab2e307139,2021-09-09T16:34:39+00:00
codeforamerica/vita-min,version-7.21.7,2322d3720ed61b2986cf15ff482d581e074583b8,2021-09-08T14:42:31+00:00
codeforamerica/vita-min,version-7.21.6,a38057e6a336411a35cff4b35ba2b95f569cb5d9,2021-09-07T20:59:41+00:00
codeforamerica/vita-min,version-7.21.5,921f62cccef3bdf7e6cda3993f2015fd53b8aa93,2021-09-03T20:04:16+00:00
codeforamerica/vita-min,version-7.21.4,feb44cf23452595962c7b43ee3abfae318a0e03b,2021-08-31T19:35:27+00:00
codeforamerica/vita-min,version-7.21.3,ffce09222d2205ec2ce787b6be9b29fd9ea8e35d,2021-08-30T15:26:06+00:00
codeforamerica/vita-min,version-7.21.2,6fbc02a2fa1702041b959ecf4531abcb0d7eed44,2021-08-27T23:10:45+00:00
codeforamerica/vita-min,version-7.21.1,35ec763303cb89e607789cfd3c886076948452ca,2021-08-26T23:16:16+00:00
codeforamerica/vita-min,version-7.21,f0c2a41a8b020e7c8abcf8b1b0cf83a691b8ee19,2021-08-26T20:39:24+00:00
codeforamerica/vita-min,version-7.20.0,aa4315e4ce7c728f0ddb4ea8506270e30a1b0df1,2021-08-25T15:10:42+00:00
codeforamerica/vita-min,version-7.19.1,5ef74eef94ea69f8af6957941ae81fc1ce6717a6,2021-08-24T21:13:13+00:00
codeforamerica/vita-min,version-7.19.0,a11109d9b80c8f9d6bd3b9a6d7e972de599428bf,2021-08-23T18:20:21+00:00
codeforamerica/vita-min,version-7.18.10,d95d731491dc4992e4d7349d9035844c48fd790d,2021-08-20T01:32:08+00:00
codeforamerica/vita-min,version-7.18.9,86aa7237ce9e5bac7f6f75592b897daac4a3ca51,2021-08-20T01:09:45+00:00
codeforamerica/vita-min,version-7.18.8,3d20dccf8e7f8c771a4fc15808ed76e7c74b35e3,2021-08-19T21:01:06+00:00
codeforamerica/vita-min,version-7.18.7,3d20dccf8e7f8c771a4fc15808ed76e7c74b35e3,2021-08-19T21:01:06+00:00
codeforamerica/vita-min,version-7.18.6,b4ea514180321e1b19d50361115b902eb7567c14,2021-08-18T23:30:13+00:00
codeforamerica/vita-min,version-7.18.5,c3fbd37a4b34eff183d23e39185970dc362168e9,2021-08-18T20:46:22+00:00
codeforamerica/vita-min,version-7.18.4,839a42bcae9f56a9d6c12080f4eb7b1c83c978fe,2021-08-18T18:00:28+00:00
codeforamerica/vita-min,version-7.18.3,1723875f282da092ee4abf88ed2c6fae9bc0d5c7,2021-08-18T15:51:46+00:00
codeforamerica/vita-min,version-7.18.2,a486ad940771d77ecc7593adb1c7401347a6fb70,2021-08-17T23:27:58+00:00
codeforamerica/vita-min,version-7.18.1,4a091cfdc2763f2a1432be58aaaabb3fea96b1d9,2021-08-17T23:02:49+00:00
codeforamerica/vita-min,version-7.18.0,9b6fdbda7595764c91600bdf38d04e787f7275c5,2021-08-17T20:35:26+00:00
codeforamerica/vita-min,version-7.17.15,40a11e7d2048ccf9ffc33470e17413d9c27fdcd7,2021-08-16T23:00:55+00:00
codeforamerica/vita-min,version-7.17.14,bfd89695987c9caed6cb40d510c60e6a668a11fb,2021-08-16T21:46:04+00:00
codeforamerica/vita-min,version-7.17.13,46924a38545c57ea6bb610868dfeb4f51b335bca,2021-08-13T17:23:07+00:00
codeforamerica/vita-min,version-7.17.12,a8e55f31e41535c1a76dc22f3c55b3c8e90f67d6,2021-08-13T01:58:09+00:00
codeforamerica/vita-min,version-7.17.11,0324b9667f2d474669441bacda66d64506eb7eb8,2021-08-12T18:21:47+00:00
codeforamerica/vita-min,version-7.17.10,7e98d018be0fad7d7ce563b99d17c8901bff7350,2021-08-11T22:50:18+00:00
codeforamerica/vita-min,version-7.17.9,402a7c81c6471f94158f2495456aa1092472529d,2021-08-11T20:38:33+00:00
codeforamerica/vita-min,version-7.17.8,c99a52cce4d70c0693d33a0af127d8209f401302,2021-08-11T18:06:54+00:00
codeforamerica/vita-min,version-7.17.7,7a08b7c731ce7de36ce74016ab377de44ee2c8e7,2021-08-11T17:18:26+00:00
codeforamerica/vita-min,version-7.17.6,747236159a4a1354f1301aa7067d41bb2b99f5e8,2021-08-11T16:27:24+00:00
codeforamerica/vita-min,version-7.17.5,554e05be209c1c619a7823013b8097b7f30588fc,2021-08-11T01:56:06+00:00
codeforamerica/vita-min,version-7.17.4,03c8b9e34f72db9f13919b082046ae603cad6ef9,2021-08-10T18:21:59+00:00
codeforamerica/vita-min,version-7.17.3,b29eb918cfb7acd701da0c1744eb28cbff833651,2021-08-10T17:54:44+00:00
codeforamerica/vita-min,version-7.17.2,1fcb6c1cd77683406c0c0f903f645a4b14749158,2021-08-10T16:41:23+00:00
codeforamerica/vita-min,version-7.17.1,bf73cc04f71ac12f55e6580f68e7361b9e1db40b,2021-08-09T18:43:07+00:00
codeforamerica/vita-min,version-7.17.0,2c154a572e7bd6bb33722ea411165379968b25dd,2021-08-05T22:47:56+00:00
codeforamerica/vita-min,version-7.16.9,f4cf11e241a4bfec32c51895589ff03a1d13b9a3,2021-07-23T17:11:53+00:00
codeforamerica/vita-min,version-7.16.8,2117f7718307157223dbc26239e9f4115bcec4e5,2021-07-22T22:31:08+00:00
codeforamerica/vita-min,version-7.16.7,ddf97ead927989c99f7d20f6ba334a592d2e73fd,2021-07-22T18:43:12+00:00
codeforamerica/vita-min,version-7.16.6,6574361ceadee3adb2472411a496e293ff023603,2021-07-16T23:46:19+00:00
codeforamerica/vita-min,version-7.16.5,90e0d371a15c7d11f177cc9f014312a2348b7d30,2021-07-15T23:15:21+00:00
codeforamerica/vita-min,version-7.16.4,49c1a23f5401529c46aaf0dfe5392389d2a821e1,2021-07-15T21:32:51+00:00
codeforamerica/vita-min,version-7.16.3,591337f2725943cc5a1b85215a11afc497ace8a5,2021-07-09T16:40:40+00:00
codeforamerica/vita-min,version-7.16.2,f4213eb66ed1917e4a6883f4cb3335b080524d67,2021-07-06T21:58:51+00:00
codeforamerica/vita-min,version-7.16.1,e6213f83818f2d69a4f7b0edc11b9f6f6289a86c,2021-06-29T20:33:14+00:00
codeforamerica/vita-min,version-7.16.0,46bcf61cd7c7ce576e82b63532d7fc9dca5c46f8,2021-07-01T18:00:24+00:00
codeforamerica/vita-min,version-7.15.0,7a88863b197230eee49cd54183411661fe09e2b4,2021-07-01T15:39:28+00:00
codeforamerica/vita-min,version-7.13.0.1,d09374a76efba2d27cb042d3979160c47af6d424,2021-07-01T00:02:34+00:00
codeforamerica/vita-min,version-7.13.0,e8446da664e9c9a68c0873a8a7822b3628de62b9,2021-06-30T23:36:13+00:00
codeforamerica/vita-min,version-7.12.0,d566d056910f10e16b1654512b86dead549b7823,2021-06-29T16:33:00+00:00
codeforamerica/vita-min,version-7.11.22,947df40e8f18cb5be53fc1706b846ef727a73b8a,2021-06-17T03:37:08+00:00
codeforamerica/vita-min,version-7.11.21,4d685372827a76e6ae2409810785c0151152c4e3,2021-06-16T20:50:47+00:00
codeforamerica/vita-min,version-7.11.20,051b0cc48d169ea54eec7979114022dd93aab3ee,2021-06-16T18:34:07+00:00
codeforamerica/vita-min,version-7.11.19,d8290e4650e96cdf6eed50616b625bd144fac098,2021-06-16T18:17:00+00:00
codeforamerica/vita-min,version-7.11.18,241dd8088c0214eed295d2dbf8b49311b8863983,2021-06-16T15:44:32+00:00
codeforamerica/vita-min,version-7.11.17,0eb787397f2e778ccf5f94aeef0f4819fef0df84,2021-06-14T18:25:29+00:00
codeforamerica/vita-min,version-7.11.16,07ab2118f5a1e6546b6fb8edd095043b4c01e39e,2021-06-11T20:02:09+00:00
codeforamerica/vita-min,version-7.11.15,da3b959efddd050fb7d8db76530c6be892250f72,2021-06-01T14:53:22+00:00
codeforamerica/vita-min,version-7.11.14,d91642a95af9c4db4613db941acb3c3fe017894e,2021-05-27T14:15:04+00:00
codeforamerica/vita-min,version-7.11.13,d4f4f63341abbd3c6e5504b8573631507070d7c0,2021-05-26T23:43:31+00:00
codeforamerica/vita-min,version-7.11.12,8639ca73c81e1db6ce854eb2d757813a43ecc54c,2021-05-26T20:00:08+00:00
codeforamerica/vita-min,version-7.11.11,f23789584b5ab02208f1bcac6725665104d16cce,2021-05-24T14:57:08+00:00
codeforamerica/vita-min,version-7.11.10,81e261ee815beffbe6e34534fbc6cab9c78c95f3,2021-05-20T21:04:28+00:00
codeforamerica/vita-min,version-7.11.9,387ecb06e869b94c8d8d2738b8f88555db3536ae,2021-05-20T15:11:13+00:00
codeforamerica/vita-min,version-7.11.8,729cf7dbc5b58e758fa4e70c0daa43ffb99c5263,2021-05-19T16:42:54+00:00
codeforamerica/vita-min,version-7.11.7,277ec6ba510f345632c74efa93730bf95a53e74e,2021-05-18T20:08:33+00:00
codeforamerica/vita-min,version-7.11.6,8ca285bcc31b1f017847879b634bca88d717705e,2021-05-14T17:11:54+00:00
codeforamerica/vita-min,version-7.11.5,7d68605da5f46bf7289c0a96b0bd1f98e530eda4,2021-05-13T21:38:39+00:00
codeforamerica/vita-min,version-7.11.4,99a3aa26af4d20e5f18febe770d3bef63091f26f,2021-05-13T18:35:40+00:00
codeforamerica/vita-min,version-7.11.3,b0322b36b9d6f841ad8bc2988e3a22e219a2024e,2021-05-13T00:09:20+00:00
codeforamerica/vita-min,version-7.11.2,5f01e14d9d076687868da5cce40a1abc2480ee4d,2021-05-12T20:28:54+00:00
codeforamerica/vita-min,version-7.11.1,944087241200a68cb20a2de49800cdac17c0fae0,2021-05-11T15:47:10+00:00
codeforamerica/vita-min,version-7.11.0,3a5715105147ff9b0a19d445833746c1a82ae698,2021-05-10T19:26:50+00:00
codeforamerica/vita-min,version-7.10.1,c8914c98682199c1f04bc955b2cc204ca3a97fde,2021-05-07T00:08:37+00:00
codeforamerica/vita-min,version-7.10.0,e51cb9205042228102696f17fa60450347325dad,2021-05-06T22:01:29+00:00
codeforamerica/vita-min,version-7.9.6,a9d970be9d4f6ec24a58d3f4f39335324a1025c2,2021-05-06T17:23:43+00:00
codeforamerica/vita-min,version-7.9.5,c46587834a290b70c9e3c7c1cfd244444663b30f,2021-05-04T16:02:09+00:00
codeforamerica/vita-min,version-7.9.4,65e1a17d7d19d548a3515c5d4595a48407ef4f1b,2021-05-03T17:41:35+00:00
codeforamerica/vita-min,version-7.9.3,b89c8a6e9c00ce219feed2ad5eb56d23bf7de998,2021-04-28T20:14:07+00:00
codeforamerica/vita-min,version-7.9.2,06f2a8441692f80024e9d57a73303b0fd7115e41,2021-04-27T21:42:46+00:00
codeforamerica/vita-min,version-7.9.1,5287be79ee078af7ba7bc972b9aa24531aacdcde,2021-04-27T17:32:42+00:00
codeforamerica/vita-min,version-7.9.0,12a3a281d1644003a40ca5d3b834f8a8e48c7ff6,2021-04-26T21:11:42+00:00
codeforamerica/vita-min,version-7.8.6,6da8e13a8d529fcb6b77d46e6ba250b762a56fa9,2021-04-22T19:27:45+00:00
codeforamerica/vita-min,version-7.8.5,3b297058b31e2975b78b822c3bbfd7180128a9a5,2021-04-20T16:15:45+00:00
codeforamerica/vita-min,version-7.8.4,ffc7f92df215d3048a1eb1d7974f9e3528f65e64,2021-04-14T13:56:32+00:00
codeforamerica/vita-min,version-7.8.3,44c781086f4e7aeb964b0465c9bbe0350b0b207f,2021-04-13T16:25:00+00:00
codeforamerica/vita-min,version-7.8.2,597216a890edf7670576720fdcdf4f8bf8ffb32d,2021-04-12T19:10:35+00:00
codeforamerica/vita-min,version-7.8.1,04a0775689d4d1b980c1e5226df8c61f1fa8087b,2021-04-12T16:07:49+00:00
codeforamerica/vita-min,version-7.8.0,17e5eb854b8ae6a9f0ce6877409f43e087d4a99c,2021-04-10T02:50:14+00:00
codeforamerica/vita-min,version-7.7.1,ecff4019c6d50b69822c4e5fc45d98d8d572435d,2021-04-08T23:08:01+00:00
codeforamerica/vita-min,version-7.7.0,ab5bfe8d9c9ede2ec898e357d4b7e9d3ee38a352,2021-04-08T18:23:56+00:00
codeforamerica/vita-min,version-7.6.4,8a2c81712d1bbeed71a0bfbae2ae2a492ba16621,2021-04-05T14:09:09+00:00
codeforamerica/vita-min,version-7.6.3,1966afd0abbf046b5eb77a90bd0a71ee469415f1,2021-04-01T17:29:53+00:00
codeforamerica/vita-min,version-7.6.2,781f6d4b51c65c852f2ddb198039d4583e2b69a4,2021-04-01T01:21:05+00:00
codeforamerica/vita-min,version-7.6.1,e65d1981cb94cd447eb4c9f39b1f97cd35dd7d91,2021-03-31T20:42:31+00:00
codeforamerica/vita-min,version-7.6.0,5a8e9a3dbb825b62eff05391e6c5404127600d2f,2021-03-30T23:25:02+00:00
codeforamerica/vita-min,version-7.5.0,a9a4dee3ff13ac6a975c71cafe0c19d4c79a0e3f,2021-03-30T14:57:44+00:00
codeforamerica/vita-min,version-7.4.4,58532298ad2f8ab22c48eb5a30d8969c1f782eb9,2021-03-29T22:00:32+00:00
codeforamerica/vita-min,version-7.4.3,78963e22bfeb2662538eb83c0e9413180d2658d7,2021-03-29T18:56:15+00:00
codeforamerica/vita-min,version-7.4.2,baec76900c9a7fec00153d790c78f1e284746ff7,2021-03-26T16:03:18+00:00
codeforamerica/vita-min,version-7.4.1,e3073fc077e836e4e34ccd3d63399166430c0bbc,2021-03-25T23:57:56+00:00
codeforamerica/vita-min,version-7.3.9,c65cbfdfb84e8e32cb8859eb1fa7f015ba019aac,2021-03-25T19:32:44+00:00
codeforamerica/vita-min,version-7.3.8,db1e5367888531ffd4643a1eb6c53412645421a3,2021-03-25T02:02:08+00:00
codeforamerica/vita-min,version-7.3.7,cf8354aa27c77b6a73d4d100142eb2412905068c,2021-03-24T23:40:08+00:00
codeforamerica/vita-min,version-7.3.6,89b8a3a1bb6b434f52529b01483ebf55e5032597,2021-03-24T20:44:24+00:00
codeforamerica/vita-min,version-7.3.5,d619fc2d4b8611408768f14a96487f6a65469233,2021-03-23T16:49:33+00:00
codeforamerica/vita-min,version-7.3.4,c5652b3c393f697cb2308939a7cf58a3bd954334,2021-03-19T18:26:45+00:00
codeforamerica/vita-min,version-7.3.3,d2c3e38466c1631714d1e892b4eaa2aef7c3feab,2021-03-17T17:04:31+00:00
codeforamerica/vita-min,version-7.3.2,957604b31a2bc675b2350d7b99f71abce901d4e6,2021-03-15T19:06:07+00:00
codeforamerica/vita-min,version-7.3.1,6a4f2d6930fca443734831c48b13a8eede257317,2021-03-15T18:37:03+00:00
codeforamerica/vita-min,version-7.3.0,cc623bf5cda2ee7e22213d8f2eb28f3cd5c04eb6,2021-03-13T06:17:33+00:00
codeforamerica/vita-min,version-7.2.6,4b503d1a4adb099ee66fad9b22aa5a4569d0c0fb,2021-03-13T02:29:54+00:00
codeforamerica/vita-min,version-7.2.5,d2ded491f8471cdb6e3dfeb841298369a0cb5fb8,2021-03-13T00:49:53+00:00
codeforamerica/vita-min,version-7.2.4,f37e2e787cc038de914db84fa4f5ac62600ea0af,2021-03-12T23:41:41+00:00
codeforamerica/vita-min,version-7.2.3,0dc37cdb9b83f707f8f911263b09f7a7b6851de0,2021-03-12T22:14:30+00:00
codeforamerica/vita-min,version-7.2.2,14655f1b380d82989e537ee2f876e8d812f5298e,2021-03-10T00:38:19+00:00
codeforamerica/vita-min,version-7.2.1,65509d637ac2aa0501060b3286b179ec3b99f084,2021-03-08T22:07:44+00:00
codeforamerica/vita-min,version-7.2.0,5acbb7179d446153d75c6b199200b8f452e394c4,2021-03-04T22:51:42+00:00
codeforamerica/vita-min,version-7.1.2,53eacd9a4a8fc3c97ff5721c2ca7f02b01328b0b,2021-03-02T00:41:20+00:00
codeforamerica/vita-min,version-7.1.1,02994303dc3571c2058806f468d344ea4bb7af48,2021-02-26T22:34:31+00:00
codeforamerica/vita-min,version-7.1.0,337a939ac5574eb77f2ea6892f0ad1ad7492202d,2021-02-24T22:20:15+00:00
codeforamerica/vita-min,version-7.0.3,085ae40df6efa86a4b01a3b7f60ae58ba9cd76b9,2021-02-23T22:37:58+00:00
codeforamerica/vita-min,version-7.0.2,1fda2ed6ab00966b4b349b62b3cd5c1759fd2d71,2021-02-23T17:37:37+00:00
codeforamerica/vita-min,version-7.0.1,76f873d1f37616864c8b99d534560e428fbb83b5,2021-02-22T22:26:27+00:00
codeforamerica/vita-min,version-7.0.0,7c43599de77d10f74bba387e86e569116b17c567,2021-02-22T19:30:16+00:00
codeforamerica/vita-min,version-6.1.10,d34d353b85e2e850b585a81e1f937a512d97fb22,2021-02-19T03:50:40+00:00
codeforamerica/vita-min,version-6.1.9,14efa561a9c000148fb521fb71c14643159bf94b,2021-02-18T01:18:35+00:00
codeforamerica/vita-min,version-6.1.8,43fd5b62d362238e5ca01f469799abedfa9f5666,2021-02-18T23:14:51+00:00
codeforamerica/vita-min,version-6.1.7,1af9ae37b70e9d528b091b1b2cdd972a1340ef6a,2021-02-18T21:31:42+00:00
codeforamerica/vita-min,version-6.1.6,6ef5174f3b4a11f0dcf1fa3e3c5aee235162ee91,2021-02-17T23:38:17+00:00
codeforamerica/vita-min,version-6.1.5,04213b1f5dcf5952e56f29d38fe87a05a340fa46,2021-02-17T21:52:32+00:00
codeforamerica/vita-min,version-6.1.4,232844806fb54d639f61573c4f697b81ccf8b6cd,2021-02-17T19:43:25+00:00
codeforamerica/vita-min,version-6.1.3,c6f8f8c4d965b4f762eda2627a373e35bfb80ea6,2021-02-16T23:30:40+00:00
codeforamerica/vita-min,version-6.1.2,86a67b09b8329fa062dba08c04b76bf889a6e6ce,2021-02-12T23:05:19+00:00
codeforamerica/vita-min,version-6.1.1,c454a60f8a7e585a7247183037cf71b2fbc36b47,2021-02-12T22:09:26+00:00
codeforamerica/vita-min,version-6.1.0,c593327aca8eb67802808a46c52fcaea45a61ca1,2021-02-12T21:10:52+00:00
codeforamerica/vita-min,version-6.0.0,c2c1630b9a87a237f7dc0e7f7e2f9dcca15fd5e2,2021-02-12T00:35:22+00:00
codeforamerica/vita-min,version-5.8.0,fe3d8b5ed369686e511b75542d88d9e4811bc384,2021-02-11T19:46:12+00:00
codeforamerica/vita-min,version-5.7.2,d405d18971c8040cec1a6ea91194df46b6ea232a,2021-02-08T22:24:22+00:00
codeforamerica/vita-min,version-5.7.1,da5dcb0e70a45b3c02c9ad8c7103f3c574f0273d,2021-02-08T17:05:12+00:00
codeforamerica/vita-min,version-5.7.0,df18da4182d781e61ccb6cab3e246f8f90e7fd1b,2021-02-05T21:31:50+00:00
codeforamerica/vita-min,version-5.6.3,0f7ebb91635304d8f4b77a2382d460bbe818dcbf,2021-02-04T22:25:55+00:00
codeforamerica/vita-min,version-5.6.2,71c2d4bffb6d3e0bec0b1f09976de20e833a968c,2021-02-04T21:00:02+00:00
codeforamerica/vita-min,version-5.6.1,f1b87eaa899c5c119212adf458d8b81622b0038d,2021-02-03T22:57:38+00:00
codeforamerica/vita-min,version-5.6.0,d7957e6637e3a9f1c07005ec352af556564e7c56,2021-02-03T21:53:12+00:00
codeforamerica/vita-min,version-5.5.14,5366e4512be6d4cb2e34ab1c8b20d03a6464dc5c,2021-02-02T19:14:31+00:00
codeforamerica/vita-min,version-5.5.13,9585a3077eb3c1db065c5bb914012be281d7eb46,2021-02-01T19:39:04+00:00
codeforamerica/vita-min,version-5.5.12,c59c1448101043f763ebf0eb5422cb76687483ce,2021-02-01T16:28:30+00:00
codeforamerica/vita-min,version-5.5.11,31e0225180702668660f26629a5afcc1b211e3e0,2021-01-29T23:44:01+00:00
codeforamerica/vita-min,version-5.5.10,ba220c474f46851337d1298bd93a346145279e58,2021-01-29T00:58:21+00:00
codeforamerica/vita-min,version-5.5.9,e488f0ae641e2c28b5863073037b33f4749fd344,2021-01-28T23:30:26+00:00
codeforamerica/vita-min,version-5.5.8,02678b9c8946d59536fc11065beb3a8e8f271081,2021-01-28T22:36:52+00:00
codeforamerica/vita-min,version-5.5.7,fd3f004d1ed7915e727867b12ab63c8e16c68379,2021-01-28T19:22:41+00:00
codeforamerica/vita-min,version-5.5.6,38be17803970810b0f3750d091d4db1470c67ce1,2021-01-28T02:20:08+00:00
codeforamerica/vita-min,version-5.5.5,1bc6bfbffbbdd61a516352e1e5f6f7a59412ac5f,2021-01-27T21:18:55+00:00
codeforamerica/vita-min,version-5.5.4,e566ff37a82813a16b638776c543665c9cf67c2a,2021-01-26T23:26:34+00:00
codeforamerica/vita-min,version-5.5.3,83207782a48d3870efbec84ed3904051021903ea,2021-01-26T22:38:02+00:00
codeforamerica/vita-min,version-5.5.2,db5b0a9e0de8591883cd9f9cd2df0ae09a073754,2021-01-26T01:59:34+00:00
codeforamerica/vita-min,version-5.5.1,b386d26c5a02b116bcc65e33b58ec5dafa6e50f7,2021-01-25T21:27:47+00:00
codeforamerica/vita-min,version-5.5.0,d688d601bcdea78f5b7892a4cbb4b98bc3a58030,2021-01-25T20:44:12+00:00
codeforamerica/vita-min,version-5.4.0,5497403db47f24c16f67c23fcd9a434ceab5b411,2021-01-22T22:50:39+00:00
codeforamerica/vita-min,version-5.3.0,e11a88c2194531faaca13c0177b8e4fef9237607,2021-01-22T00:35:16+00:00
codeforamerica/vita-min,version-5.2.4,e759910ee7231191634481822f91d62a945f909e,2021-01-21T01:35:58+00:00
codeforamerica/vita-min,version-5.2.3,811caaad9266d125a84819f4a85a22acc4fe2a4c,2021-01-20T22:13:03+00:00
codeforamerica/vita-min,version-5.2.2,381b80fac0ed73b56a7fe758d66a14b1c1eeb417,2021-01-20T19:52:46+00:00
codeforamerica/vita-min,version-5.2.1,353d9d289f00ad8f2743dd952b5640aef4875922,2021-01-20T19:05:29+00:00
codeforamerica/vita-min,version-5.2.0,7fd1ee359e3e8ed75a8f60e87b95a043b7ed1fd9,2021-01-20T01:26:30+00:00
codeforamerica/vita-min,version-5.1.0,5367866453ddb5d9a0d0335491cafe70be747e26,2021-01-19T22:13:26+00:00
codeforamerica/vita-min,version-5.0.0,df9e23dc149218496c7f26d30662cff821bc9cc8,2021-01-15T22:31:22+00:00
codeforamerica/vita-min,version-4.3.3,c5a0f59a59745c5aeb3886c79889e44193edfa0d,2021-01-06T01:12:24+00:00
codeforamerica/vita-min,version-4.3.2,bd282732738b5d386af5f1351333e973f1aa3b8f,2020-12-22T22:01:15+00:00
codeforamerica/vita-min,version-4.3.1,b87559c509629b76479deacdcf9975407a286368,2020-12-17T19:57:59+00:00
codeforamerica/vita-min,version-4.3.0,804ef7d45f731dd1af048f66d3d40424aed46b68,2020-12-11T21:07:54+00:00
codeforamerica/vita-min,version-4.2.1,60c16958753a4a1633ca6567f885bd8311e4bcc9,2020-12-10T20:29:49+00:00
codeforamerica/vita-min,version-4.2.0,75d6ba12e8186b72b1224478ac6904c19a8c5d08,2020-12-02T23:11:57+00:00
codeforamerica/vita-min,version-4.1.0,9ba54b1d7d0b8bdea44d4dd1ebd63ad6c7b829e3,2020-11-24T00:24:21+00:00
codeforamerica/vita-min,version-4.0.0,94b814db3da5f8d7d48ae5d5931b069928c3dc95,2020-11-16T20:04:36+00:00
codeforamerica/vita-min,version-3.2.0,0d7f6c6b57e2b4984da8457e6ce557ee0735df9f,2020-10-30T21:51:31+00:00
codeforamerica/vita-min,version-3.1.3,349e31f0d43fa0eae10ce72a72e037851424b052,2020-10-20T21:12:10+00:00
codeforamerica/vita-min,version-3.1.2,24a6103c5e54e8547f6e9843291d8710e083da53,2020-10-20T01:06:21+00:00
codeforamerica/vita-min,version-3.1.1,a35df85ccc4b2a716207d30f07c33fe3caade4a6,2020-10-14T23:23:04+00:00
codeforamerica/vita-min,version-3.1.0,dc98c3980ba4d2ba5daeedbd6914e4a601ce7f40,2020-10-14T00:30:18+00:00
codeforamerica/vita-min,version-3.0.2,73c037e3eff67813a1cf19067a350d86207a2535,2020-10-13T20:59:05+00:00
codeforamerica/vita-min,version-3.0.1,62574acdd8a3e21b223e8147dc5230905aea890d,2020-10-13T00:17:05+00:00
codeforamerica/vita-min,version-3.0.0,e0ab9f8094318aa9e30588e65684d91f073cb64c,2020-10-12T22:50:19+00:00
codeforamerica/vita-min,version-2.4.6,b0bbd8972d15f7e04200932e93fb7fc03983f1ca,2020-10-09T22:28:07+00:00
codeforamerica/vita-min,version-2.4.5,028f9a071345ef91e793df56403b2d1c191a92e5,2020-10-09T19:51:08+00:00
codeforamerica/vita-min,version-2.4.4,0fe6c4ad4e907fa0d1ee17dfcb8a0a1ea8ad7de4,2020-10-06T22:44:33+00:00
codeforamerica/vita-min,version-2.4.3,b2d67fc3bdbc235b5d6ff62d0cdb5db50b9636e2,2020-10-02T21:53:02+00:00
codeforamerica/vita-min,version-2.4.2,699cba5d9127e41b9ec8f90b71b2be543f04f04d,2020-10-01T02:23:15+00:00
codeforamerica/vita-min,version-2.4.1,945e3f0bc85d3b5c48eeaf216d91a5a5dbf54489,2020-09-30T00:28:30+00:00
codeforamerica/vita-min,version-2.4.0,c38fc9ed90815546bb3721382f9e3ad4b0e1fe60,2020-09-25T09:04:23+00:00
codeforamerica/vita-min,version-2.3.1,3f4315f816606aab552c176c7ebd2d5ac70e7a9f,2020-09-23T23:48:35+00:00
codeforamerica/vita-min,version-2.3.0,cbc7e621c3d7bf33217f0605c93f072f24b93481,2020-09-23T22:38:10+00:00
codeforamerica/vita-min,version-2.2.3,3b7fc2019e2394f57a6cc15df070005c3ae908ce,2020-09-17T21:04:31+00:00
codeforamerica/vita-min,version-2.2.2,55009c8e410e7a53e255e97d089043f544d6e906,2020-09-17T17:09:21+00:00
codeforamerica/vita-min,version-2.2.1,03c6297dea391e7016a1aaefedcf8e2abf0870f5,2020-09-16T21:49:04+00:00
codeforamerica/vita-min,version-2.2.0,24d37c38e067a69b1e3a320a40746b9eb0b21df7,2020-09-15T23:48:29+00:00
codeforamerica/vita-min,version-2.1.13,2e104d409c8668608150ba8e762f741e742b9448,2020-09-14T23:38:03+00:00
codeforamerica/vita-min,version-2.1.12,360b5f16adb528ed0d84b931af6fe450f2f87cea,2020-09-11T20:50:12+00:00
codeforamerica/vita-min,version-2.1.11,ee46220dce8837d59d203d12ddf251ac8c0f2456,2020-09-08T22:37:17+00:00
codeforamerica/vita-min,version-2.1.10,03c8164f934b19be2e570f3fb01abd3132901c26,2020-09-04T16:46:07+00:00
codeforamerica/vita-min,version-2.1.9,4c4eac19a6534541a047f6452d3d2c8a430e086d,2020-09-02T16:35:33+00:00
codeforamerica/vita-min,version-2.1.8,461256e0cebab5694ce2eaf4673ce00fca6b6861,2020-08-31T20:59:23+00:00
codeforamerica/vita-min,version-2.1.7,b804d36936976f6b18f3d3bb7d09196ff1fd8cbe,2020-08-28T16:11:40+00:00
codeforamerica/vita-min,version-2.1.6,7f2b954029100423bb580fc13a394b7e080ce49d,2020-08-27T23:00:53+00:00
codeforamerica/vita-min,version-2.1.5,fbe8f0c2da55c4f25f2a398d7f97d236b851f031,2020-08-27T21:02:51+00:00
codeforamerica/vita-min,version-2.1.4,86457e8ae37bf68675b52ade55ec8fbd9cd303a2,2020-08-26T18:35:18+00:00
codeforamerica/vita-min,version-2.1.3,d959f24d0042c81a2f43b893b73816ae25b6777f,2020-08-24T20:22:30+00:00
codeforamerica/vita-min,version-2.1.2,7914bf814257da5aaec7eaaac9643a7446a5fd90,2020-08-21T23:25:52+00:00
codeforamerica/vita-min,version-2.1.1,1f8a60e7bc9a12a74c58e5f4a590576ae6083bca,2020-08-19T23:56:45+00:00
codeforamerica/vita-min,version-2.1.0,f7d404a461966dbb2f9b411c382a8036ad9a21ca,2020-08-19T15:16:17+00:00
codeforamerica/vita-min,version-2.0.4,f5e888441f7fcfb3a28a159c8c73a71990b97c52,2020-08-13T16:20:27+00:00
codeforamerica/vita-min,version-2.0.3,c0a03e509e4283d5b01cd9b8044357bc63ee0bed,2020-08-11T23:05:18+00:00
codeforamerica/vita-min,version-2.0.2,6dc2683c369c7352cc54f34e64cd64a0d1b6e6d4,2020-08-08T00:44:50+00:00
codeforamerica/vita-min,version-2.0.1,2c0110e027ea281fec14158c703772901b1cfbad,2020-08-07T06:40:12+00:00
codeforamerica/vita-min,version-2.0.0,9aefa4314a718f53d9cd5e47ac8e4bb923a6dd29,2020-08-06T19:15:11+00:00
codeforamerica/vita-min,version-1.5.11,01c45c51dbcf379f1c99bc505c1d5b10c608628e,2020-08-06T21:16:52+00:00
codeforamerica/vita-min,version-1.5.10,32a6da4604c9472e6ab374842b73cdfca7d92eac,2020-08-03T23:00:24+00:00
codeforamerica/vita-min,version-1.5.9,1f569374bd32d3a57d717bb2aba9fa7b14701ddd,2020-08-03T22:51:13+00:00
codeforamerica/vita-min,version-1.5.8,b974342c6049d74049ed462822684e6c4f1fde7e,2020-08-03T20:28:37+00:00
codeforamerica/vita-min,version-1.5.7,4b7d72d92926473a702f0ac660ee721dcbf5889b,2020-07-29T23:46:28+00:00
codeforamerica/vita-min,version-1.5.6,b7a65d4be8653e5c8df47b555756c6b734a9b532,2020-07-28T18:39:40+00:00
codeforamerica/vita-min,version-1.5.5,e699df4bdd771b76efa45f60609e8cce5b9adeda,2020-07-27T21:44:43+00:00
codeforamerica/vita-min,version-1.5.4,1f3d810f6f4996b5eb7431c3a32b0c64ab897154,2020-07-27T18:50:40+00:00
codeforamerica/vita-min,version-1.5.3,6848384dcafc50c0c76cdf3016ea956192c074eb,2020-07-25T01:22:48+00:00
codeforamerica/vita-min,version-1.5.2,cb33c253ce7445736f8cd4377c0501cbfa5bd8e1,2020-07-25T00:04:20+00:00
codeforamerica/vita-min,version-1.5.1,c38e0128053631010855437b735d47f001a20ef2,2020-07-21T17:04:04+00:00
codeforamerica/vita-min,version-1.4.2,a22308364ddbabdbbfbd24563d2b0f7adab43f5e,2020-07-16T00:58:11+00:00
codeforamerica/vita-min,version-1.4.1,b4fbb7706751ffed39193bab18f0d2fd9553a8cd,2020-07-15T14:38:16+00:00
codeforamerica/vita-min,version-1.4.0,3ed3ab7671c1d604c1333091e31323423236ca2d,2020-07-14T22:40:57+00:00
codeforamerica/vita-min,version-1.3.6,97f0985d6a7e01773dffcce9495f8de1f4f4a43d,2020-07-14T15:32:11+00:00
codeforamerica/vita-min,version-1.3.5,087e780b7ae608c27649602778e3e82469853e48,2020-07-11T00:15:02+00:00
codeforamerica/vita-min,version-1.3.4,024aeeef84a39dc9fa2f4c3b83405b92690a7ae7,2020-07-10T20:56:51+00:00
codeforamerica/vita-min,version-1.3.3,155edbc79bec933d7c27240840c89d06c0b88344,2020-07-09T16:56:46+00:00
codeforamerica/vita-min,version-1.3.2,5a17d8105f1f0dcdff03b907f8f5f517034c872b,2020-07-08T21:00:07+00:00
codeforamerica/vita-min,version-1.3.1,f3df6968381d1173cf786017fe73cc4a98de48c8,2020-07-03T00:27:18+00:00
codeforamerica/vita-min,version-1.3.0,816cd907d65c9a99b4fedd8754f10a5f26e0f3ef,2020-07-02T00:36:31+00:00
codeforamerica/vita-min,version-1.2.7,a1be697f98ae100c3ef56a11b97f981f88a02fcc,2020-06-30T18:54:19+00:00
codeforamerica/vita-min,version-1.2.6,153b36a002645b19ad4aa9a874e14551b8f4e76a,2020-06-29T22:14:32+00:00
codeforamerica/vita-min,version-1.2.5,56afcf1bac6a45e85eb50ff3c5845f11c8f363c6,2020-06-29T20:24:51+00:00
codeforamerica/vita-min,version-1.2.4,5ea990d499eb32ecbf10e2affddd64a667eb0a80,2020-06-25T23:15:22+00:00
codeforamerica/vita-min,version-1.2.3,b8b633c999d199b1dfcabc1d3ce848cc850f0eef,2020-06-11T23:15:24+00:00
codeforamerica/vita-min,version-1.2.2,b14dfdb7af9bca883238df7194e6e135b968c832,2020-06-23T16:13:02+00:00
codeforamerica/vita-min,version-1.2.1,9689d92d63b854cc483456211b69593eaa52a9d1,2020-06-22T23:10:23+00:00
codeforamerica/vita-min,version-1.2.0,1925db8e7ae92f0c2d4c00016a64aa34b77cd5b6,2020-06-22T19:11:01+00:00
codeforamerica/vita-min,version-1.1.6,071d708cb4fb36cd1efbddc4fb3861a78979da27,2020-06-15T15:27:59+00:00
codeforamerica/vita-min,version-1.1.5,c7ddc492f3dbdb429d5e3d76aceb4655e14d7d50,2020-06-10T21:52:31+00:00
codeforamerica/vita-min,version-1.1.4,f2f534cb21ed112ad3b2760379006660b07fc6e4,2020-06-05T22:19:19+00:00
codeforamerica/vita-min,version-1.1.3,d8ef1a33e7bd61b9874bb342d4bdb7d5521d01a7,2020-06-05T18:57:46+00:00
codeforamerica/vita-min,version-1.1.2,cfa1244748296613a7267ec2c74e45230efd1b46,2020-06-04T21:03:20+00:00
codeforamerica/vita-min,version-1.1.1,78b713f42f3f061f77f1b273995185ed9affef07,2020-06-03T19:00:03+00:00
codeforamerica/vita-min,version-1.1.0,c750c5cb53a29e92b9a4e7a44b390e9ab060b7ae,2020-06-03T04:16:10+00:00
codeforamerica/vita-min,version-1.0.12,682042f3f5382ea42261eb5e35dcc41689a6bc59,2020-06-02T20:06:01+00:00
codeforamerica/vita-min,version-1.0.11,b563ecbd704f3bfd9489efd0a9adc33a895f58e6,2020-05-28T23:08:54+00:00
codeforamerica/vita-min,version-1.0.10,28740d8bea1902f0415a0e177a46d5e39b849059,2020-05-27T18:25:24+00:00
codeforamerica/vita-min,version-1.0.9,30a4e5ba6380e100c69f34055b225979d276ead3,2020-05-26T21:48:57+00:00
codeforamerica/vita-min,version-1.0.8,f5a384946acb46423559467af5d4a4b0f2adf246,2020-05-22T19:24:56+00:00
codeforamerica/vita-min,version-1.0.7,2459e207a5a8db7cb0b22d1dde95367484cad91d,2020-05-15T01:06:17+00:00
codeforamerica/vita-min,version-1.0.6,8609e1ba299479a5442ad048b25f81fe2cfe01c4,2020-05-13T00:37:53+00:00
codeforamerica/vita-min,version-1.0.5,c8653afc007e3efe55b6495e33d0ef268465bcda,2020-05-13T01:01:01+00:00
codeforamerica/vita-min,version-1.0.4,8117332ea933088104cfae79deed81154ba39eb4,2020-05-12T19:46:22+00:00
codeforamerica/vita-min,version-1.0.3.1,3816c4fa9d48de26b1e6d6a28e0e51ef69c8c702,2020-05-12T02:47:31+00:00
codeforamerica/vita-min,version-1.0.3,922fa610dc8ea23362d0b85dbf9364206f8a446f,2020-05-12T01:37:51+00:00
codeforamerica/vita-min,version-1.0.2.1,c988e212440a78ac3bc37a440361993402f6e8dc,2020-05-11T18:19:24+00:00
codeforamerica/vita-min,version-1.0.2,892706c9cfaf832cacf929d4505c22fde9066e79,2020-05-11T15:59:29+00:00
codeforamerica/vita-min,version-1.0.1.7,adc9d03422726d2db642417c57f8df73a3ed691b,2020-05-07T22:40:23+00:00
codeforamerica/vita-min,version-1.0.1.6,adc9d03422726d2db642417c57f8df73a3ed691b,2020-05-07T22:40:23+00:00
codeforamerica/vita-min,version-1.0.1.5,d3b1778b13d5919409ce2ae1b8ae823e87b89c58,2020-05-07T21:56:46+00:00
codeforamerica/vita-min,version-1.0.1.4,66b116887b055f2f0068d677b5e18af856b8e0fd,2020-05-07T21:51:44+00:00
codeforamerica/vita-min,version-1.0.1.3,976cc1a70d0b85aa844ea26b6523394bb4b60f72,2020-05-07T21:40:21+00:00
codeforamerica/vita-min,version-1.0.1.2,f099e5b16f65816d141de9e2b9b1cecde4d86917,2020-05-06T19:11:44+00:00
codeforamerica/vita-min,version-1.0.1.1,1bc22f662b2c68cddda29adc4d8ee47664bbece9,2020-05-06T18:58:01+00:00
codeforamerica/vita-min,version-1.0.1,90979c21221a090ffb544cf7ca665c05b0649b6c,2020-05-06T18:00:24+00:00
codeforamerica/vita-min,version-0.0.3,3354daa88b0034557638e934eac71122a8693498,2020-05-06T18:41:20+00:00
codeforamerica/vita-min,version-0.0.2,86afa67d11b4a3a437d52c4946d401973bf755d9,2020-05-06T18:20:12+00:00
codeforamerica/vita-min,version-0.0.1,90979c21221a090ffb544cf7ca665c05b0649b6c,2020-05-06T18:00:24+00:00
codeforamerica/vita-min,testing-cli,94b814db3da5f8d7d48ae5d5931b069928c3dc95,2020-11-16T20:04:36+00:00
codeforamerica/vita-min,test-1.1.1,78b713f42f3f061f77f1b273995185ed9affef07,2020-06-03T19:00:03+00:00
codeforamerica/vita-min,pre_ctc_removal,dd169802aad72cd9759c66abbada300804394092,2025-05-30T23:58:35+00:00
codeforamerica/vita-min,not-for-release-1,3816c4fa9d48de26b1e6d6a28e0e51ef69c8c702,2020-05-12T02:47:31+00:00
codeforamerica/vita-min,7.28.0,fce6c3821be8b91fcbe3683f0f8d5675e0f3b6d4,2022-01-21T22:47:11+00:00
codeforamerica/vita-min,7.15.0,7a88863b197230eee49cd54183411661fe09e2b4,2021-07-01T15:39:28+00:00
codeforamerica/vita-min,7.13.1,ce83f2b7c468eb713b49b37a8774b7259c95529d,2021-07-01T15:18:23+00:00
codeforamerica/vita-min,7.11.23,abf9929ce4488f505eb0db89d4d4e16ea954ab97,2021-06-25T21:12:13+00:00
codeforamerica/vita-min,7.7.0,53291e2d52dbc0cc16145cc71d2f5567bfd600c2,2021-04-06T21:57:27+00:00
codeforamerica/vita-min,7.4.0,43887f51a266a7ab370cea7892a4da189f704c05,2021-03-25T19:49:49+00:00
codeforamerica/vita-min,1.5.0,d3fec99b6f60051ddd8ad95525e9ad0e0784aded,2020-07-16T01:31:12+00:00
codeforamerica/vita-min,1.0.5,c8653afc007e3efe55b6495e33d0ef268465bcda,2020-05-13T01:01:01+00:00
codeforberlin/we-count,1.0.0,b44a495ed2fa09b898f40a9f6588447dfd3acdd5,2025-12-25T10:32:17+00:00
codeforbielefeld/baumbie,v0.2.2,7ada9d64c932a3d851bd7e221cf8e3b49b291ba9,2025-07-08T10:25:28+00:00
codeforbielefeld/baumbie,v0.2.1,aae19e6b4a7486d3a6fffb00c9deda43a120d5b5,2025-06-24T07:23:22+00:00
codeforbielefeld/baumbie,v0.2.0,aae19e6b4a7486d3a6fffb00c9deda43a120d5b5,2025-06-24T07:23:22+00:00
codeforbielefeld/baumbie,v0.1.4,960fb42852f5c0dce5988c02fbed3b4e4b69659c,2025-05-09T17:30:28+00:00
codeforbielefeld/baumbie,v0.1.3,20eded17a1f99ff39a8fa7e75c37bfc43cbcec6b,2025-05-09T17:22:29+00:00
codeforbielefeld/baumbie,v0.1.2,000868c53e083dbadde069e631b5ffd2cae2c442,2025-05-09T10:01:49+00:00
codeforbielefeld/baumbie,v0.1.1,e539c6fa716f69f6be252b1d47650b30951c1001,2025-05-09T09:48:43+00:00
codeforbielefeld/baumbie,v0.1.0,442cded81eb0a0cc4510f8c331f422c0d6237849,2025-05-08T19:49:54+00:00
codeforjapan/decidim-cfj,v1.18.5,21c7c32fb3590c011390612d8f47276adc070c71,2026-05-28T06:30:47+00:00
codeforjapan/decidim-cfj,v1.18.4,cd3be40654b820881aecd522a38cdb91d4290a84,2026-05-26T08:15:18+00:00
codeforjapan/decidim-cfj,v1.18.3,fe21a3c8d5a53243afe69e261ae6ad54d4066d27,2026-05-15T07:48:42+00:00
codeforjapan/decidim-cfj,v1.18.2,125d131021dc11ed12fc068685eaf97d76699804,2026-04-27T12:14:16+00:00
codeforjapan/decidim-cfj,v1.18.1,32928cae04c8a69b2d54c821a511553bfab29222,2026-03-09T07:45:51+00:00
codeforjapan/decidim-cfj,v1.18.0,bd2aca49a3301f1adfc392f758e07a633cc21351,2026-03-03T10:02:29+00:00
codeforjapan/decidim-cfj,v1.17.0,c04c6f42db9b3326e147d939ca005d9051fbadaa,2026-02-17T02:14:58+00:00
codeforjapan/decidim-cfj,v1.16.1,0062137a4200c687edb06fd2d92043118dc2435f,2026-02-13T08:17:49+00:00
codeforjapan/decidim-cfj,v1.16.0,22bbae1f6627d30b595c51fedb14106730b9bcd8,2026-02-09T09:39:21+00:00
codeforjapan/decidim-cfj,v1.15.1,e435f1ca37b3851881b720bd77d059141668ab92,2025-12-15T06:01:53+00:00
codeforjapan/decidim-cfj,v1.15.0,bcc31f30503de77009a2c95c9aea5e8c89cc496b,2025-11-21T06:39:12+00:00
codeforjapan/decidim-cfj,v1.14.0,83d52cb4b6a9d7c1026e78c826e26e4c31915561,2025-10-20T05:11:39+00:00
codeforjapan/decidim-cfj,v1.13.2,3f8d1fef7c085ff3a8ffe1b0903ba46f7692decf,2025-09-17T10:17:51+00:00
codeforjapan/decidim-cfj,v1.13.1,0e12ae8548d1d2ce105eada5cd74bbd7ef8b40bf,2025-09-12T10:26:22+00:00
codeforjapan/decidim-cfj,v1.13.0,c628fec80510aba109966cc6470e0c4fa84b9dce,2025-09-12T09:03:01+00:00
codeforjapan/decidim-cfj,v1.12.0,46842b3fd6cee92b47733d047f9fd18c2f1b20ed,2025-09-04T02:56:34+00:00
codeforjapan/decidim-cfj,v1.11.5,716d2f179cc72872693cd6c48e4a1cf041fe8149,2025-08-28T08:26:26+00:00
codeforjapan/decidim-cfj,v1.11.4,82e55f8e25cab3eee91c1c1e3a4f3ec10af48609,2025-08-05T07:39:50+00:00
codeforjapan/decidim-cfj,v1.11.3,3d8faa7d99daa32a494d611a8c8f58452dcfebaf,2025-08-04T05:50:58+00:00
codeforjapan/decidim-cfj,v1.11.2,9043cf9c89a2b378ecea12787582c1d3abad50d4,2025-07-31T13:21:47+00:00
codeforjapan/decidim-cfj,v1.11.1,c2b90f556d51e861cf99a5c2549e80d51fdf315e,2025-07-31T09:30:35+00:00
codeforjapan/decidim-cfj,v1.11.0,7ef12aa2473151c999395caa03bebbd6d47b4170,2025-07-29T08:11:47+00:00
codeforjapan/decidim-cfj,v1.10.2,dc230c3e172cb6d37eb6d3183565386c4a362514,2025-07-22T07:05:06+00:00
codeforjapan/decidim-cfj,v1.10.1,084ed7b6aacc39d213d0e10efd58bd08de2f723e,2025-07-21T06:50:01+00:00
codeforjapan/decidim-cfj,v1.10.0,5682ffb6dbd2b2ded6caa2d37378936eb3548996,2025-07-18T01:56:17+00:00
codeforjapan/decidim-cfj,v1.9.0,a11aa89fbe6055e0a6e30643dddef8e89ac98682,2025-07-13T17:25:02+00:00
codeforjapan/decidim-cfj,v1.8.1,ba9240769e9f502eb73542d4196416c570d505a9,2025-07-09T05:18:41+00:00
codeforjapan/decidim-cfj,v1.8.0,0fd99dd3f68e8be5d61f1b8e63a86404e99fb763,2025-05-29T03:28:24+00:00
codeforjapan/decidim-cfj,v1.7.8,b8143a7534d1a75e365b36496e4d834c9794e3d2,2025-05-12T10:24:14+00:00
codeforjapan/decidim-cfj,v1.7.7,c3809c55c3cce59d63992cce677190e0971c5216,2025-05-02T12:06:47+00:00
codeforjapan/decidim-cfj,v1.7.6,c2ec3f40b39cef5ec593203a56456ca161e0e1c4,2025-04-22T06:27:11+00:00
codeforjapan/decidim-cfj,v1.7.5,925c57035ad7599f88ff223f003fecd143cc54a1,2025-04-15T05:45:41+00:00
codeforjapan/decidim-cfj,v1.7.4,87368d99dc95491574c1636b827ae0c604c46765,2025-03-31T06:06:20+00:00
codeforjapan/decidim-cfj,v1.7.3,8fab2daa3b1017d6f9fe3d178b87cc34d987f9e7,2025-03-28T11:32:40+00:00
codeforjapan/decidim-cfj,v1.7.2,96b3f590b7dc8ffa4d2aa70dc92fe878cec04b5a,2025-03-19T05:03:10+00:00
codeforjapan/decidim-cfj,v1.7.1,4f6e1c1fd0f46547d72dbe064eb404958e7da466,2025-03-11T09:39:41+00:00
codeforjapan/decidim-cfj,v1.7.0,3154f18d11563bea267f971a45d1ee36fefedd96,2025-03-05T13:31:11+00:00
codeforjapan/decidim-cfj,v1.6.1,ab168a5320d2b7b46ccb9124a60db15e4134f42f,2025-03-03T10:29:10+00:00
codeforjapan/decidim-cfj,v1.6.0,20afce9bb9b841fe57cbeb582b13191d74b6bcef,2025-02-19T06:25:28+00:00
codeforjapan/decidim-cfj,v1.5.2,f5256985af074c9c33af6c8f3d9ba64f6ba24bbf,2025-02-19T02:21:43+00:00
codeforjapan/decidim-cfj,v1.5.1,384a1c331d29ad45db1de6a0179f2090194a023f,2025-02-11T07:25:45+00:00
codeforjapan/decidim-cfj,v1.5.0,802c92ef5183961c701055e1f561fbfe6eefc94e,2025-02-04T16:00:00+00:00
codeforjapan/decidim-cfj,v1.4.1,135f13fac4915194b1542f24a2fc7a9e64a4f03b,2025-01-30T22:32:38+00:00
codeforjapan/decidim-cfj,v1.4.0,a6472ddacf76cff5f59b25c3b6f6a2bc38b7fb8a,2025-01-30T18:54:05+00:00
codeforjapan/decidim-cfj,v1.3.3,a2332ecdb01167e3f27238f25fe8c106a12a595f,2024-11-24T12:09:57+00:00
codeforjapan/decidim-cfj,v1.3.2,b385aa240201ed1ad132cd3df945ea8c18012999,2024-11-23T02:38:04+00:00
codeforjapan/decidim-cfj,v1.3.1,0e15df0513a490886d1571de539242dbfec7fe24,2024-11-07T06:15:02+00:00
codeforjapan/decidim-cfj,v1.3.0,c5b6d35cc9f8d1ab0b216b76d8983b24c97b256e,2024-10-08T05:11:18+00:00
codeforjapan/decidim-cfj,v1.2.4,5bb1b0e6aea1ec76ed1bdfd148dccb3e5f08667b,2024-08-07T06:16:43+00:00
codeforjapan/decidim-cfj,v1.2.3,64066f670703496fade04ed947f4b7680672f428,2024-07-30T08:08:43+00:00
codeforjapan/decidim-cfj,v1.2.2,d7653b886120cbde3c1305479620dd416f6620d6,2024-07-29T04:03:56+00:00
codeforjapan/decidim-cfj,v1.2.1,eae919b2deba983727651c448da2839c2cd080fb,2024-07-16T02:00:32+00:00
codeforjapan/decidim-cfj,v1.2.0,71118036af08c78e90825babe5529154cd53fc73,2024-07-10T07:39:06+00:00
codeforjapan/decidim-cfj,v1.1.2,8d888f35414444fd30cf7cb5a20ed52c76acb24d,2024-07-09T06:35:15+00:00
codeforjapan/decidim-cfj,v1.1.1,d5a1a9d637ca2bd1832fecc82ad4e2684ffab262,2024-06-25T15:00:28+00:00
codeforjapan/decidim-cfj,v1.1.0,5af68566a977771a7d759557027e2713b6990309,2024-03-19T09:33:18+00:00
codeforjapan/decidim-cfj,v1.0.3,7f6abce9e144923c5669d74ff9437700c01fc6f1,2024-01-16T14:21:01+00:00
codeforjapan/decidim-cfj,v1.0.2,c8eb120901167fa12474c9d496827760c62ee4c1,2023-12-15T11:03:49+00:00
codeforjapan/decidim-cfj,v1.0.1,d2cd7166fe070654b20dcea58e3227d3ef615aca,2023-11-14T05:52:20+00:00
codeforjapan/decidim-cfj,v1.0.0,ebf92e18300eba05f8175acb09920bb613b1d205,2023-11-13T11:03:43+00:00
codeforjapan/decidim-cfj,v0.27.4-2023-11-01,96a5e0a9b3dbbe1ccabb48f83391faa6184a6771,2023-10-31T15:45:02+00:00
codeforjapan/decidim-cfj,v0.26.5-2023-07-12,5a401ed1088e86c3d8a590f9f8ce7a8425cbe0b3,2023-07-12T13:14:13+00:00
codeforjapan/decidim-cfj,v0.26.5-2023-07-02,fd041f534bf93061bb56102d19088e9f6677dafe,2023-07-01T16:06:20+00:00
codeforjapan/decidim-cfj,v0.26.5-2023-04-18,9048908f246b0a20e0f07113c4a9723c5fd7d927,2023-04-18T06:23:38+00:00
codeforjapan/decidim-cfj,v0.26.5-2023-04-05,aa7fbbf619679181563d11f17a7023a9a6b0be9a,2023-04-05T04:25:31+00:00
codeforjapan/decidim-cfj,v0.26.5-2023-04-03,203a342742ea4e69f692f96b1a3e72e75e5f0cbf,2023-04-02T14:39:02+00:00
codeforjapan/decidim-cfj,v0.25.2-2023-03-11,db1b5577b22f982b26f7910d6bd58ff9e4a88e76,2023-03-11T03:17:46+00:00
codeforjapan/decidim-cfj,v0.25.2-2023-03-10,39394dc53b07398cb3e3cdc2e9b8cbdea0467df0,2023-03-10T12:47:48+00:00
codeforjapan/decidim-cfj,v0.25.2-2023-03-03,9f603a25bc4b998b0f5a507693a7b6677b039807,2023-03-02T06:37:56+00:00
codeforjapan/decidim-cfj,v0.25.2-2022-12-18,799e07def7f987e478bc238bf637d517c38013cd,2022-12-17T17:18:25+00:00
codeforjapan/decidim-cfj,v0.25.2-2022-12-18-2,41d8f9de7bba1fdc65aa155ff3ec0a42b2bcdf6e,2022-12-17T18:11:03+00:00
codeforjapan/decidim-cfj,v0.25.2-2022-11-08,cbc33a3fc50d43d518b87ffa9e63e800d5288c54,2022-11-07T12:56:40+00:00
codeforjapan/decidim-cfj,v0.25.2-2022-10-25,02c7579caaa143ea424e1dbb78b84a62131441f1,2022-10-25T03:48:38+00:00
codeforjapan/decidim-cfj,v0.25.2-2022-09-29,540a9ff4d76bc201a93e819f70f587bf087b368c,2022-09-29T08:04:43+00:00
codeforjapan/decidim-cfj,v0.25.2-2022-09-16,818258646d4361dc9641a13e334e4627b60af0cf,2022-09-16T09:08:58+00:00
codeforjapan/decidim-cfj,v0.25.2-2022-09-15,9c3b17dc7b02a64ce5db50775cbad00fc6e305de,2022-09-15T02:18:12+00:00
codeforjapan/decidim-cfj,v0.25.2-2022-09-09,c3dfed12f951f6d098e31337b0d78df7d13ed188,2022-09-10T05:57:47+00:00
codeforjapan/decidim-cfj,v0.25.2-2022-09-06,a00392b79e8b554ab71649c1a14d87a51d2c7d53,2022-09-05T17:53:30+00:00
codeforjapan/decidim-cfj,v0.25.2-2022-09-06-2,cb1183f90571f448ac666d5c1e9570e5b3a92847,2022-09-06T01:47:41+00:00
codeforjapan/decidim-cfj,v0.25.2-2022-09-05,b56c1fb51d52bb6a38304ccec7865f52266968ef,2022-09-05T15:50:27+00:00
codeforjapan/decidim-cfj,v0.24.3-2022-08-02,2c9a1937788ecdfa4242c3c3d04f664f23477ce6,2022-08-02T09:04:49+00:00
codeforjapan/decidim-cfj,v0.24.3-2022-06-01,2b1cd6071d6c32c406fcc4f65b757e20e1a728be,2022-05-30T15:49:13+00:00
codeforjapan/decidim-cfj,v0.24.3-2022-04-14,e10d8e42b0c1fbea781ed6fca87eecf9b921beeb,2022-04-13T16:07:57+00:00
codeforjapan/decidim-cfj,v0.24.3-2022-04-11,52fd425259f4e7aeb3dba85a1171faeb6cfe69b7,2022-04-11T07:54:46+00:00
codeforjapan/decidim-cfj,v0.24.3-2022-04-08,f381ae2ffd19779f0ff7c0044fd247502542a9a8,2022-04-08T14:00:23+00:00
codeforjapan/decidim-cfj,v0.23.5-2022-03-06,267487dca92d47fb5c9db5475765513e9024560d,2022-03-06T08:08:33+00:00
codeforjapan/decidim-cfj,v0.23.5-2022-02-22,58ffc97a5b84ebd263f6d077782f7f6f450f0581,2022-02-21T07:44:35+00:00
codeforjapan/decidim-cfj,v0.23.5-2022-01-17,2dd32406b0ebc0de2274bee34c96fc7e283fd00c,2022-01-17T14:41:13+00:00
codeforjapan/decidim-cfj,v0.23.5-2021-11-08,399b3d810406584b0baf2609eda26352b5aca1cc,2021-11-08T00:14:09+00:00
codeforjapan/decidim-cfj,v0.23.5-2021-10-31,b928d04a189a78e1eb5eaacb4c4b67487660a323,2021-10-30T17:44:11+00:00
codeforjapan/decidim-cfj,v0.23.5-2021-10-27,c3077555a9d2cd447fe6bb5c90ebea7cdc16dcb9,2021-10-25T06:38:57+00:00
codeforjapan/decidim-cfj,v0.23.0-2021-08-07-01,05e178bd15063c92923c827d7abb428cefdbe73b,2021-08-06T17:02:35+00:00
codeforjapan/decidim-cfj,v0.23.0-2021-07-28,3c55b324ef6922bf21378042598304dca2b22bc9,2021-07-28T14:47:05+00:00
codeforjapan/decidim-cfj,v0.23.0-2021-06-22,e0b8cf9ccf558707ca1052810adf93b938f3d875,2021-06-22T05:00:45+00:00
codeforjapan/decidim-cfj,v0.23.0-2021-5-31,60ecec82c0ce8e2d178113a143af5378473e959b,2021-05-31T08:00:50+00:00
codeforjapan/decidim-cfj,v0.23.0-2021-5-24,95fb24a7c57f25cce3c71794913a38a0d140c7d2,2021-05-24T13:15:05+00:00
g0v/tw-rental-house-data,v1.1.2,82c6c492c1fcfe8e024bbcbc7e73f2034f2d998d,2021-10-27T16:22:07+00:00
g0v/tw-rental-house-data,v0.1.1,aa56381a96e9fe49255271094296e50b15b15ea0,2018-08-02T08:46:12+00:00
g0v/tw-rental-house-data,v0.1,4b1ddac2d100c9b18290d3f2495dd8f878a7f179,2018-07-31T10:37:10+00:00
g0v/tw-rental-house-data,0.2,317e71441fe7ff2894d4894e42b968a5f7b6d6cd,2018-08-31T13:12:13+00:00
iiab/iiab,v7.0.9,e68cb53eb825135e6e13eebceee49b44a17e8420,2020-01-30T15:06:47+00:00
iiab/iiab,release-8.2,b4319bf787446abde1a4774a29b6c8eac25c0bc4,2025-01-01T03:00:14+00:00
iiab/iiab,release-8.1,fcb17974136eada8f4843d6d031e2ccdb844a330,2024-01-01T02:39:27+00:00
iiab/iiab,release-8.0,8f04d45fa226624e0412bc03a16a443341d21f41,2022-12-30T15:54:03+00:00
iiab/iiab,release-7.2,a78fc546d66f8d23b9aefdf100444126b390250b,2022-01-01T19:57:57+00:00
iiab/iiab,release-7.1,58fcf6978f95371a649638cee25ac073ab1140ba,2020-06-07T07:30:28+00:00
iiab/iiab,release-7.0,4638ac3c77f440ef25d5f760aceb0a1cb63ee865,2019-09-30T17:55:14+00:00
iiab/iiab,release-6.7,60b62d7ed0f581a4218f5376d6ee5a7ae71e05b3,2019-02-21T22:24:25+00:00
iiab/iiab,release-6.6,fb012eaf447f6db6a54804a003a32a01e7c9fdf8,2018-09-12T23:03:37+00:00
iiab/iiab,release-6.5,08388b10bb3e23c64751725e18675c6e1796b9c7,2018-05-25T05:11:54+00:00
iiab/iiab,release-6.4,3ab03868a8d5829970f3563e81f8bbde16a1385a,2017-10-05T15:14:21+00:00
iiab/iiab,release-6.3,bf9c09a0c4a4ca9f29dcb4b7edd0886f15163376,2017-07-10T18:02:08+00:00
iiab/iiab,daily-260602-2212-PR4418,d11c7549603f99d37257bd3f203451c4c144febb,2026-06-02T22:12:34+00:00
iiab/iiab,daily-260530-0942-PR4416,c4a717c77a0ae32cd26448f91b1d35563292c84c,2026-05-30T09:42:04+00:00
iiab/iiab,daily-260527-2121-PR4415,f367f3537b623fa2f07eacf9afbc0bba2b9a93e8,2026-05-27T21:21:12+00:00
iiab/iiab,daily-260527-2027-PR4414,32087279f248a48333811c6d4321e69f7fc94f0c,2026-05-27T20:27:57+00:00
iiab/iiab,daily-260526-2116-94c0927,94c092736f3dd4c9cda5c01181a8de5c15739231,2026-05-26T21:16:38+00:00
iiab/iiab,daily-260526-2113-44ee63d,44ee63df6c427e4490b963524c2dc75bd6f71531,2026-05-26T21:13:01+00:00
iiab/iiab,daily-260526-2111-12c108e,12c108e7ec7b6443814cd05db1e764df05f91147,2026-05-26T21:11:53+00:00
iiab/iiab,daily-260526-2110-b7e1fb1,b7e1fb11a504044133581ca6006e8d6c0f45d01b,2026-05-26T21:10:30+00:00
iiab/iiab,daily-260526-2109-09f603a,09f603a31c7ff682823558de90bcc1a9f55ddc9e,2026-05-26T21:09:38+00:00
iiab/iiab,daily-260526-2107-7ef533f,7ef533f571b4635117d6b355bc001422e510160c,2026-05-26T21:07:49+00:00
iiab/iiab,daily-260526-0130-PR4413,22b830960e1ee4e01c4226c6dd3097ab8c2cebc0,2026-05-26T01:30:25+00:00
iiab/iiab,daily-260525-2356-b97ec7b,b97ec7b5170d520559b41e53c60abfad1b927874,2026-05-25T23:56:36+00:00
iiab/iiab,daily-260524-0044-PR4412,26cee6be615a1b03216dae7f65e3d01c6f810072,2026-05-24T00:44:30+00:00
iiab/iiab,Kalite-EOL,a40d8ae18ec8607229852e58ec712993386678c5,2026-03-24T13:03:36+00:00
iiab/iiab,8.1-preview-3,3ba6364c86ca982ba2846532a46be1b2d4463d7e,2023-10-01T00:33:46+00:00
iiab/iiab,8.1-preview-2,fe208879efe54abc316462282f455232488bba39,2023-05-03T21:33:55+00:00
iiab/iiab,8.1-preview-1,68b607167dab9a417bd8d43be002c638ac4aafb2,2023-02-26T02:31:16+00:00
iiab/iiab,8.0-preview-4,31d7733b703f6220a59f678547085691dc9bdfc6,2022-12-01T17:23:20+00:00
iiab/iiab,8.0-preview-3,2543831e99c796615a75f06f66978b25505b2949,2022-08-19T23:58:32+00:00
iiab/iiab,8.0-preview-2,2e2824c318ae66c3e5815882e788e6304d06b360,2022-06-16T18:12:43+00:00
iiab/iiab,8.0-preview-1,17960e2b206ba14ad28717affaf2482a0e065c82,2022-05-06T01:45:16+00:00
iiab/iiab,8.0-beta-2,5a2c5d0d01868acb0f00ca235d8b5aa2872001e2,2022-04-12T17:43:57+00:00
iiab/iiab,8.0-beta-1,6598f3e1117d8f10624efad05c8b43ee745465e8,2022-02-03T16:35:40+00:00
iiab/iiab,7.2-preview-3,e1de8eb19adbff8f36daafc3b8520ff6ea74fadf,2021-12-26T20:17:34+00:00
iiab/iiab,7.2-preview-2,f7d9496850feb23acaa6d455e526980222542a75,2021-12-04T23:06:21+00:00
iiab/iiab,7.2-preview-1,f920193dd3a8904e8da4af05800eae7d359a13c2,2021-12-01T04:41:04+00:00
iiab/iiab,7.2-RC3,83a4638c74b97096304c1b951d7897dde89409fa,2020-10-17T02:45:19+00:00
iiab/iiab,7.2-RC2,af8d6078fb943540e21e04be36305f47c7206bf2,2020-09-30T21:44:52+00:00
iiab/iiab,7.2-RC1,65d25679bcc521906cae982e1c3d8393f00cfee5,2020-09-25T16:55:51+00:00
iiab/iiab,7.1.5-premap,5d64c066627f664d2a20da50d4a249c3ca87529a,2020-08-09T13:55:53+00:00
iiab/iiab,7.1-preview-4,d6a4011f5d2c7af69d5938b5ae7b6a63b3f71868,2020-05-02T07:24:58+00:00
iiab/iiab,7.1-preview-3,c34a8b1427a9015800a4889e15dd381ba813871e,2020-04-09T16:25:00+00:00
iiab/iiab,7.1-preview-2,db55369141dde003deb267a65b83b12e0c734489,2020-04-01T18:23:28+00:00
iiab/iiab,7.1-preview-1,9f8646a33a5695e0b4fc91ae2561a7f18692ed99,2020-03-19T18:54:21+00:00
iiab/iiab,7.1-RC4,751e3a9c5ca6dc6de5c8295154c77a3cd32093e6,2020-05-29T17:32:27+00:00
iiab/iiab,7.1-RC3,5ec09e39a5bcb62e98a57edd50283c10d5cab362,2020-05-21T18:36:19+00:00
iiab/iiab,7.1-RC2,9aba2e9fffc6f6f509434284273c0fbf602b94ff,2020-05-12T22:54:53+00:00
iiab/iiab,7.1-RC1,dd1c3e450e3d214306ca47fcd67d8f29e3d42e22,2020-05-07T17:38:32+00:00
iiab/iiab,7.0-preview-3,354041ac5debed974ed96c27766de265c5223bd4,2019-08-04T11:07:29+00:00
iiab/iiab,7.0-preview-2,2f0267afa8a3d6945dca67ceb9859838e2ebb695,2019-07-08T22:16:39+00:00
iiab/iiab,7.0-preview-1,390d98e4787df61b8733fac676dd7ad39feb158c,2019-06-17T18:22:59+00:00
iiab/iiab,7.0-RC2,b42478dc32ff3445cc3418bec2cbdbc93df440ff,2019-09-30T05:16:24+00:00
iiab/iiab,7.0-RC1,c8650386d476f801e9d82f9e460bd7aac42b861c,2019-09-13T15:56:56+00:00
iiab/iiab,6.7-preview-2,435134029dc9b0a65fc01cc281a027b4f37b52a1,2019-01-02T18:50:08+00:00
iiab/iiab,6.7-preview-1,db16db1628742bd03f68de3d2f121fd4b27f5a59,2018-12-10T14:12:39+00:00
iiab/iiab,6.7-RC2,a93355434503fdc07facee26f581583818248778,2019-01-16T18:08:59+00:00
iiab/iiab,6.7-RC1,b2be3ccae19bb52be80b3f399989fcafd5edca49,2019-01-14T19:38:54+00:00
iiab/iiab,6.6-preview-6,741b2de47b56a9cd60407ccb9e77f9246ae7d48a,2018-08-23T19:19:38+00:00
iiab/iiab,6.6-preview-5,1616d4c756f14af36f858f2c0706282abc93163b,2018-08-21T17:20:16+00:00
iiab/iiab,6.6-preview-4,d599bc8ecc576739d39d06d8a59c4395ecaaa714,2018-08-08T20:48:26+00:00
iiab/iiab,6.6-preview-3,1d1503eb6f4f64c2d9e5e188868a6f92fd86af0e,2018-07-20T21:36:13+00:00
iiab/iiab,6.6-preview-2,c321f6011716432ca807ab04971fdb8987c0f1ec,2018-07-17T17:40:05+00:00
iiab/iiab,6.6-preview-1,2f04d6ccc7bde145bd8e57d2a11340f38e21eb5d,2018-07-13T17:52:18+00:00
iiab/iiab,6.6-RC4,0000158ab8c851345cca867f338dbcc7726454dc,2018-09-08T22:03:04+00:00
iiab/iiab,6.6-RC3,ad96b79e7c37ed222cc4596d99f36199f9bc6ab5,2018-09-06T15:42:45+00:00
iiab/iiab,6.6-RC2,e8e103cc23c88a4e2ec9394920aebe11755293e3,2018-08-31T10:02:34+00:00
iiab/iiab,6.6-RC1,c64eb588644f6dd4917bc5058c500ea966e1a6ff,2018-08-29T07:00:06+00:00
iiab/iiab,6.5-preview-15,a054639f75effb8f435058bd4485b43c9d54c158,2018-04-30T15:58:42+00:00
iiab/iiab,6.5-preview-14,d50a2805e2a04db072651e9845664e371152ef54,2018-04-26T13:47:33+00:00
iiab/iiab,6.5-preview-13,5711d5e4b7fefc6388a35707cfec3f24516c6604,2018-04-19T18:52:45+00:00
iiab/iiab,6.5-preview-12,45ca0da8e6bedc5583db3d367ad03107dbce0226,2018-04-05T22:06:54+00:00
iiab/iiab,6.5-preview-11,59f1aba9dbaf3ed90e897db5e47d50179b514100,2018-03-29T17:29:02+00:00
iiab/iiab,6.5-preview-10,02302c1dddde97c8a2a9d343ea9085a9d5ee3cde,2018-02-12T17:39:46+00:00
iiab/iiab,6.5-preview-9,b6d20fdbd7ddc4934ddd439a2bb450d21c5e8d10,2018-01-12T00:41:32+00:00
iiab/iiab,6.5-preview-8,1f1ce07cead2644da1518526c19162001cee3560,2018-01-11T18:52:59+00:00
iiab/iiab,6.5-preview-7,81860b9930f65c3cea76b2f376c0e05187d0db5a,2017-12-18T16:13:43+00:00
iiab/iiab,6.5-preview-6,af28aca2cd5b10d94b4ebb7b59079af3a960d6bd,2017-12-05T05:42:59+00:00
iiab/iiab,6.5-preview-5,1f7215b67f0db60410dd37980c0de087958809da,2017-11-27T18:12:42+00:00
iiab/iiab,6.5-preview-4,9b8fda175286a70deff8a6864f4931e6c5d5510d,2017-11-20T22:30:13+00:00
iiab/iiab,6.5-preview-3,8e2db89456e85ede47a11afe3416f81d05b8bd5b,2017-11-14T06:29:29+00:00
iiab/iiab,6.5-preview-2,cd21cbe17d3040d02cd4d79364a8390819374617,2017-11-10T16:45:13+00:00
iiab/iiab,6.5-preview-1,1d8e946b916a0ffcf27d5ffc13b25f4d7fc52673,2017-10-19T20:50:33+00:00
iiab/iiab,6.5-RC6,a752d790a328a7c30530cacb4c53723ddf937bd3,2018-05-20T17:18:12+00:00
iiab/iiab,6.5-RC5,13fee723889ca7fa8de848f8f54c0d6d43d7e7fc,2018-05-18T16:17:20+00:00
iiab/iiab,6.5-RC4,786b4eed91b05b86313326846bd2f8d1fbac4d29,2018-05-14T21:50:25+00:00
iiab/iiab,6.5-RC3,6946323a5da848f61e42ab03941e5196c1135a4d,2018-05-11T15:10:36+00:00
iiab/iiab,6.5-RC2,b6442d47ad4bf93b1bbf07d51706def3e4876b14,2018-05-06T00:22:49+00:00
iiab/iiab,6.5-RC1,f93b09a131d63532d656c092744f5504639d74d1,2018-05-03T18:17:04+00:00
iiab/iiab,6.4-RC9,c24d88677cc6463975f6dafb6e94038ce89b4b8f,2017-10-03T05:38:39+00:00
iiab/iiab,6.4-RC8,d3b487fe1d95586eb1cda4158c608c6538bdc80d,2017-10-03T02:38:30+00:00
iiab/iiab,6.4-RC7,a6043a863419a82b6bbba11a8e60e220f75b5a43,2017-10-02T17:02:56+00:00
iiab/iiab,6.4-RC6,d17f9b285b265ba7483a1cc77d8c11bc327df2e4,2017-09-28T16:02:12+00:00
iiab/iiab,6.4-RC5,3ea42563d1c00a40f6fc1752f6c70ddf1e864668,2017-09-26T00:31:18+00:00
iiab/iiab,6.4-RC4,965b134e88b95f80ddf5af2c7ca1bd33fcbaf78e,2017-09-25T15:39:53+00:00
iiab/iiab,6.4-RC3,6d7fd8f69fabf277a71208280efc9c5a3894ec59,2017-09-24T01:49:50+00:00
iiab/iiab,6.4-RC2,26de481e93e418d61e470011c9a8455129fcaebb,2017-09-21T17:07:17+00:00
iiab/iiab,6.4-RC1,bae721cb242a0c58cafe026dac3bf768283d2144,2017-09-19T03:43:59+00:00
meshtastic/Meshtastic-Android,v2.7.14,cf68c86af556cfd44d83064a1a03df6f63707014,2026-06-03T20:34:01+00:00
meshtastic/Meshtastic-Android,v2.7.13,7a68802bc2b8cdb9c76a77f2093aac130fc8ec05,2026-02-19T14:27:07+00:00
meshtastic/Meshtastic-Android,v2.7.12,7c7e46ecc480ebcf45fc65a33e9f39963a4fec94,2026-02-03T01:48:12+00:00
meshtastic/Meshtastic-Android,v2.7.11,9266caae9be2104305b5c7aa6237f8994838fd7e,2026-01-21T19:50:27+00:00
meshtastic/Meshtastic-Android,v2.7.10,31776096208f138e9ea722cbb81ab8a1abcc7fda,2025-12-27T17:24:33+00:00
meshtastic/Meshtastic-Android,v2.7.9,5006fa37fae41212aee66961b4c4e8cc94bb487d,2025-12-11T13:39:54+00:00
meshtastic/Meshtastic-Android,v2.7.8,89e82ede593bf159c4ef59cc8f2956e0a3085e35,2025-11-30T02:03:25+00:00
meshtastic/Meshtastic-Android,v2.7.7,295753d9753e8fe173ef4fa1158c92e7f2ad91bb,2025-11-19T18:50:35+00:00
meshtastic/Meshtastic-Android,v2.7.6,e06a59829153e645c3d92e0e099b932e6bd37363,2025-11-15T02:04:16+00:00
meshtastic/Meshtastic-Android,v2.7.5,8287203db4b737b217efe3b5624f4003fba44f70,2025-10-22T22:06:01+00:00
meshtastic/Meshtastic-Android,v2.7.4,894da7a02a303279f3c228c99c1fff46f5568cc6,2025-10-20T13:17:34+00:00
meshtastic/Meshtastic-Android,v2.7.3,c6be5be72faba5edf31fdd56d83e0cd58b9643f5,2025-10-09T19:03:06+00:00
meshtastic/Meshtastic-Android,v2.7.2,4613a26c9d74af728a2fe6a17965ee593777dce8,2025-10-06T12:47:14+00:00
meshtastic/Meshtastic-Android,v2.7.1,6c0b2c55a03ab4cd93b93f29c25ea593512d863d,2025-09-26T01:39:26+00:00
meshtastic/Meshtastic-Android,v2.7.0,256555179f66f03f96eea45787127364192a0697,2025-09-14T18:51:33+00:00
meshtastic/Meshtastic-Android,v2.6.35,8d1221124e43fec844828b6a6c2b52029ba08b88,2025-08-13T17:53:26+00:00
meshtastic/Meshtastic-Android,v2.6.34,8e9def7566cfdf66d358ea2e2500c1b2c3455415,2025-08-11T18:06:31+00:00
meshtastic/Meshtastic-Android,v2.6.33,77b09bd7b1180e53a9b619ca83c2f9fe32eb74cc,2025-08-05T01:34:35+00:00
meshtastic/Meshtastic-Android,v2.6.32,9f94370d253b0c2ff02b9cf93ee3a778f6b21366,2025-07-30T14:40:52+00:00
meshtastic/Meshtastic-Android,v2.6.31,aeed84be6cba3a26fee5bf5f772759b25f0212a0,2025-07-22T02:16:57+00:00
meshtastic/Meshtastic-Android,2.6.30,1368cf4a14fa9110ebb26bc1fc0151a918b46e68,2025-07-07T15:07:35+00:00
meshtastic/Meshtastic-Android,2.6.29,c3483db7f3dd2e794db6e91881188d3a5307c7a7,2025-07-02T22:57:38+00:00
meshtastic/Meshtastic-Android,2.6.28,ec74bbfe19277142390050b081f1e3d672392793,2025-06-29T12:45:53+00:00
meshtastic/Meshtastic-Android,2.6.27,a0f614808c19debe8db141f0e62beccd0cfcafa8,2025-06-29T03:19:16+00:00
meshtastic/Meshtastic-Android,2.6.26,b28de3d9277a0827e1f52bb233a5ec8cc6b526a8,2025-06-27T15:46:29+00:00
meshtastic/Meshtastic-Android,2.6.25,d507161bde00271b0f7ffc6cf14a6e5556a8befd,2025-06-25T20:49:17+00:00
meshtastic/Meshtastic-Android,2.6.24,ee03213a3a323f27bfec01aacf2c38a2a0c80204,2025-06-23T02:28:17+00:00
meshtastic/Meshtastic-Android,2.6.23,65cf08d89ae8fb7af7f7c507cf05f312237c9c6b,2025-06-22T14:10:27+00:00
meshtastic/Meshtastic-Android,2.6.22,15ba57bb3acd47b98baa52df89169801efceebef,2025-06-19T23:36:57+00:00
meshtastic/Meshtastic-Android,2.6.21,67ffaca01c442f530ec45c45c6439ed95319159e,2025-06-19T16:42:48+00:00
meshtastic/Meshtastic-Android,2.6.20,1556019803bfec070572ac82077a03473e4d2f91,2025-06-18T21:39:24+00:00
meshtastic/Meshtastic-Android,2.6.19,0799122c9e2f1a9d7d724f71a24e6acb14064fc4,2025-06-18T02:25:50+00:00
meshtastic/Meshtastic-Android,2.6.18,6b3ae27c67364df4fef65484b234f497a9851db9,2025-06-16T23:10:34+00:00
meshtastic/Meshtastic-Android,2.6.16,e403a96b22400efa788fc2418a1f514bde988f86,2025-06-13T12:25:37+00:00
meshtastic/Meshtastic-Android,2.6.15,6408b22c6d946098ce9d80efb918876c8b7122cf,2025-06-10T18:39:53+00:00
meshtastic/Meshtastic-Android,2.6.14,607e5fd7c4a105e927fce5511855f527383c1677,2025-06-10T12:11:49+00:00
meshtastic/Meshtastic-Android,2.6.13,d8e9c30399c1b719cf0715d7a12d87856ef27e82,2025-06-07T11:02:10+00:00
meshtastic/Meshtastic-Android,2.6.12,639213145b586227d2616f0408e41c3923a3f10e,2025-06-05T16:21:13+00:00
meshtastic/Meshtastic-Android,2.6.11,a05c48479d516254b4e935b3fdf47c4a8a85a53c,2025-06-04T14:38:00+00:00
meshtastic/Meshtastic-Android,2.6.10,0645096e2849c57b8ab2e80131c0bc3a960a65bf,2025-06-04T11:54:32+00:00
meshtastic/Meshtastic-Android,2.6.9,43b6e54bbbed7f7402e39f8f4d9f14fe6286d92b,2025-06-01T03:03:41+00:00
meshtastic/Meshtastic-Android,2.6.8,7f4f52b6c98ceb04d5915676c09dfcfa95bda0ec,2025-05-31T16:20:19+00:00
meshtastic/Meshtastic-Android,2.6.7,32d9f29d7e7c0c36cbe7e540beedc051bada371a,2025-05-28T22:59:57+00:00
meshtastic/Meshtastic-Android,2.6.6,dcae34a7869b01a88b6469fe83f8f70609ad872b,2025-05-28T15:22:56+00:00
meshtastic/Meshtastic-Android,2.6.5,6e4a5b2812b1a1018163ded4e4b4fa9365c88854,2025-05-27T18:50:28+00:00
meshtastic/Meshtastic-Android,2.6.4,6ee7b6e12daef0ec88af04f2817b395127007e1e,2025-05-27T02:31:05+00:00
meshtastic/Meshtastic-Android,2.6.3,832679838354ac8b620365b72b0f77456a84d3dd,2025-05-23T19:16:33+00:00
meshtastic/Meshtastic-Android,2.6.2,520d0585463002df678db3395f518d801ea6de58,2025-05-21T20:00:40+00:00
meshtastic/Meshtastic-Android,2.6.1,fa3852ab6b14a1d3950e4972298ca01a0a6e3caf,2025-05-21T04:49:10+00:00
meshtastic/Meshtastic-Android,2.6.0,a603dcb91e2e873bb1c90cf59bfc8bb684cca8b5,2025-05-17T17:45:53+00:00
meshtastic/Meshtastic-Android,2.5.27,8db9665ff3a2dfa9df6e900943ce84cc891b18f7,2025-05-15T18:20:01+00:00
meshtastic/Meshtastic-Android,2.5.26,fc38a1a44117fea11f683319d0a7d31e6118bac3,2025-05-15T16:00:13+00:00
meshtastic/Meshtastic-Android,2.5.25,6bb282f9013b18ad82e3068c836fe566283cddfa,2025-05-08T16:26:02+00:00
meshtastic/Meshtastic-Android,2.5.24,0f9f00843f29a29c3282440aefbe0dc9da66dc3f,2025-04-28T23:25:47+00:00
meshtastic/Meshtastic-Android,2.5.23,fd709addc8075cc53a5434a58400d1f5f2145d38,2025-04-28T18:48:54+00:00
meshtastic/Meshtastic-Android,2.5.22,d3cfc461483b46d0d96787ac7e2af89a1f89702c,2025-04-21T20:05:55+00:00
meshtastic/Meshtastic-Android,2.5.21,ba1416e95a91979e421ef2b2face5382a412136f,2025-03-29T12:01:12+00:00
meshtastic/Meshtastic-Android,2.5.20,53c240198cad7e6d41e7036317b757e5cd5f8854,2025-03-24T03:26:20+00:00
meshtastic/Meshtastic-Android,2.5.19,e0cedc5e010a22e4def649575afc004a677e1a4d,2025-03-08T11:17:23+00:00
meshtastic/Meshtastic-Android,2.5.18,a9df1da44f17c7df84b1c7b3c88fbce7867a9e45,2025-03-06T01:00:58+00:00
meshtastic/Meshtastic-Android,2.5.17,7ef396bf3bf4c9556197fae21427dd2a78c61dfc,2025-02-16T23:59:36+00:00
meshtastic/Meshtastic-Android,2.5.16,3a68b5dc7c3f3cf2808314538f7fea783b67bc37,2025-01-04T19:20:43+00:00
meshtastic/Meshtastic-Android,2.5.15,b05768df9886caa21f8a73064584b3ca75533765,2024-12-18T11:31:02+00:00
meshtastic/Meshtastic-Android,2.5.14,6506de9ab163a4de049cec1baf26352cdb443fb3,2024-12-12T09:59:52+00:00
meshtastic/Meshtastic-Android,2.5.13,b4aa4896d85667b3d03bc60e73208197db479566,2024-12-03T22:21:43+00:00
meshtastic/Meshtastic-Android,2.5.12,c02a30cff907c3343998829e696849e2caf5edce,2024-11-30T18:12:18+00:00
meshtastic/Meshtastic-Android,2.5.11,06f09c4d7d2d98cae2657d7f752a89c9a6bd124a,2024-11-26T12:59:30+00:00
meshtastic/Meshtastic-Android,2.5.10,91c8c7809aedae629bf39a58e3700a1535367d46,2024-11-19T18:10:48+00:00
meshtastic/Meshtastic-Android,2.5.9,9accbd218198e9b3c173a489deb2663a26e89bf1,2024-11-15T10:51:47+00:00
meshtastic/Meshtastic-Android,2.5.8,75f4427b72af5061a73552b24fe30f6f6a65d515,2024-11-09T09:52:21+00:00
meshtastic/Meshtastic-Android,2.5.7,4e30172f3c8aeda91a1f9c2572c1c35c815a2f43,2024-11-03T10:46:15+00:00
meshtastic/Meshtastic-Android,2.5.6,6526c91f3ab2e07a5cde2ee3a97a1bc566aa911c,2024-10-29T11:15:50+00:00
meshtastic/Meshtastic-Android,2.5.5,6f7a8479573e160aa42e5a172d461f3f8e580451,2024-10-26T09:23:40+00:00
meshtastic/Meshtastic-Android,2.5.4,61906839afaa1e138d099b263529164d3b76d70c,2024-10-25T11:16:12+00:00
meshtastic/Meshtastic-Android,2.5.3,97238ce9ab8d2fbbf984c0edf40c10ac66ff23d9,2024-10-19T16:46:12+00:00
meshtastic/Meshtastic-Android,2.5.2,700d8d3460eff858c216c4eef5e9d254fcfd5811,2024-10-15T09:36:21+00:00
meshtastic/Meshtastic-Android,2.5.1,b857cdda01c39e0775502f54ef472a026b719e1e,2024-10-10T14:06:06+00:00
meshtastic/Meshtastic-Android,2.5.0,c6e72206eac10122d08b2fef0a54c68af9990e35,2024-10-06T08:49:11+00:00
meshtastic/Meshtastic-Android,2.4.4,056cd7b277992bddf79b8f08ba128b684206ed42,2024-08-27T01:06:56+00:00
meshtastic/Meshtastic-Android,2.4.3,7b44fea81c3e16ebe1608ee93f52bc6c8051e5de,2024-08-22T23:14:19+00:00
meshtastic/Meshtastic-Android,2.4.2,6b4603af9d306d2acd6b3ae7a47b7a747c67475f,2024-08-10T11:55:12+00:00
meshtastic/Meshtastic-Android,2.4.1,8bd8bcaffdd9d999bd36209cd4b9769830acd024,2024-08-04T11:06:00+00:00
meshtastic/Meshtastic-Android,2.4.0,ce5643a3ae1be4f0bede6e44efc9026efd3bf399,2024-07-28T12:53:11+00:00
meshtastic/Meshtastic-Android,2.3.15,9083307499a53cbaf89dc3a7e20379ac243c8b47,2024-07-13T11:07:10+00:00
meshtastic/Meshtastic-Android,2.3.14,07e7a40ba03435546e9be680c73a1198d9ec18d4,2024-06-30T13:34:03+00:00
meshtastic/Meshtastic-Android,2.3.13,098c89f45c88ca15469b295beba3b2c74c8576e9,2024-06-16T12:01:55+00:00
meshtastic/Meshtastic-Android,2.3.12,76764b93514db8d9faddb55b843a5e95f60e348b,2024-06-13T10:32:55+00:00
meshtastic/Meshtastic-Android,2.3.11,9ba44ad087a1e161d73f5166453ea65a0897c17f,2024-06-03T13:25:07+00:00
meshtastic/Meshtastic-Android,2.3.10,8f8bf8aea44222d609dcee7c076cd22931453821,2024-05-19T11:36:07+00:00
meshtastic/Meshtastic-Android,2.3.8,615d583baea68090b6a7ef2a68d1eacd9879f89a,2024-05-12T12:21:11+00:00
meshtastic/Meshtastic-Android,2.3.7,b814c1d5d155f51d4ade34ce8d237a95359a930d,2024-05-05T10:48:26+00:00
meshtastic/Meshtastic-Android,2.3.6,0cec08a6a4a0939df066d1c2a9de548f473d519e,2024-04-29T21:14:43+00:00
meshtastic/Meshtastic-Android,2.3.5,ab31d1d4c5918f7af294e35c39c8c2f630b41a09,2024-04-21T12:07:24+00:00
meshtastic/Meshtastic-Android,2.3.4,e6e85d640342e9fdaf57e250b413c6d241449777,2024-04-09T10:29:04+00:00
meshtastic/Meshtastic-Android,2.3.3,d3d4b960c871d3b3a521a199866fcc163b2c1064,2024-04-01T22:47:40+00:00
meshtastic/Meshtastic-Android,2.3.2,61be6e9985a0609423b62ff77ad7c2bc6684d61b,2024-03-26T11:27:00+00:00
meshtastic/Meshtastic-Android,2.3.1,be741a9200f302404240ccb8db88b36cd603f513,2024-03-19T11:58:06+00:00
meshtastic/Meshtastic-Android,2.3.0,6fe132023e685544eec5295e9d28fd1bbd0be9a0,2024-03-12T01:29:08+00:00
meshtastic/Meshtastic-Android,2.2.24,52d4c70d7cd3bb3578e477d0034d8dcaf9295a2e,2024-02-28T20:53:48+00:00
meshtastic/Meshtastic-Android,2.2.23,eb7cc1451c93be1046c3d891549b4ae6b2c95128,2024-02-18T11:03:11+00:00
meshtastic/Meshtastic-Android,2.2.22,48eaf18bbf83a2bbae6af358982efa35149a86cd,2024-02-16T09:04:14+00:00
meshtastic/Meshtastic-Android,2.2.21,84a8162f5f9c77265062c93e6be6b3bbf7695e21,2024-02-08T20:35:33+00:00
meshtastic/Meshtastic-Android,2.2.20,66f0f0eba135a6493867e35298ad41a22b3272ba,2024-02-03T03:08:03+00:00
meshtastic/Meshtastic-Android,2.2.19,4a1a0dce7613766f397edf12676c008ccec5047f,2024-01-21T09:38:19+00:00
meshtastic/Meshtastic-Android,2.2.18,5967417c8bb08c100e308071c11fce7292b57158,2024-01-10T21:03:33+00:00
meshtastic/Meshtastic-Android,2.2.17,297a97738d358a196cb232b0085a889468b28b38,2023-12-27T23:01:46+00:00
meshtastic/Meshtastic-Android,2.2.16,72de02512dbf62a28062f831a3f72625888d0bcb,2023-12-13T22:29:30+00:00
meshtastic/Meshtastic-Android,2.2.15,1219f677035e9efc237e2b0a90ec47d42dc83047,2023-12-05T00:22:36+00:00
meshtastic/Meshtastic-Android,2.2.14,e0eb43fe524d3023d1d3b7f2d2f5aed7b9ce34e7,2023-11-29T08:56:06+00:00
meshtastic/Meshtastic-Android,2.2.13,4be5648746263f2f8a1fb25ba644a216f025fb33,2023-11-18T09:21:31+00:00
meshtastic/Meshtastic-Android,2.2.12,f404bf22bfa3329a290aed9ad5abd1e7bff815f2,2023-10-21T10:28:44+00:00
meshtastic/Meshtastic-Android,2.2.11,5ece09b4ceeb4ce6e78de47e8ee3ba37964192ce,2023-10-13T01:59:06+00:00
meshtastic/Meshtastic-Android,2.2.10,da8576147bdcfa3cd5c1ef45ecd655d874c845ee,2023-10-09T02:46:35+00:00
meshtastic/Meshtastic-Android,2.2.9,dd3e0f2ec4b174ab2c32f6687d7cff6216e7236f,2023-10-03T21:45:09+00:00
meshtastic/Meshtastic-Android,2.2.8,ede478f8ee4c6ba453d98688e4210c48a6535b4c,2023-09-30T09:59:18+00:00
meshtastic/Meshtastic-Android,2.2.7,b59217a95a596c2f9544a50883e2887bc8d47ad3,2023-09-26T21:35:47+00:00
meshtastic/Meshtastic-Android,2.2.6,4b8985bf283392a72b80cdb82fe822acc9771414,2023-09-19T09:49:14+00:00
meshtastic/Meshtastic-Android,2.2.5,88aa1c69a7674b1f4678fae4428eb82ec97ff4aa,2023-09-12T00:42:40+00:00
meshtastic/Meshtastic-Android,2.2.4,347d1db6cc2c29a347b610fa9848d1d7117e4160,2023-09-05T11:55:10+00:00
meshtastic/Meshtastic-Android,2.2.3,348a5ac810805b46b30e01271917f51953e88b53,2023-08-27T10:31:42+00:00
meshtastic/Meshtastic-Android,2.2.2,1e03b0b5e8899af06c6cb82b5d64b6e3cd1730fa,2023-08-20T12:47:26+00:00
meshtastic/Meshtastic-Android,2.2.1,f49a8a73bd5cbf7648eed321559a63f974658781,2023-08-13T11:20:42+00:00
meshtastic/Meshtastic-Android,2.2.0,7742ceacec1b5d0ad38002c181cf9db9466448ad,2023-08-07T22:23:33+00:00
meshtastic/Meshtastic-Android,2.1.21,d806b370786d81361919ae58d9dd92adbdff63fc,2023-08-01T09:45:41+00:00
meshtastic/Meshtastic-Android,2.1.20,5f353600ff4db262b9fb21e224e81cf42480db6a,2023-07-27T09:53:13+00:00
meshtastic/Meshtastic-Android,2.1.19,bbb16d11c461b35520b874ccfbb1cd2c7e0c943b,2023-07-20T22:03:50+00:00
meshtastic/Meshtastic-Android,2.1.18,b3fc5ad2230ba5605cc83b71b127fd8004e72dfe,2023-07-09T12:32:16+00:00
meshtastic/Meshtastic-Android,2.1.17,05327d2c05bd40662c130b6caa61c1f09bcef7e4,2023-06-30T03:34:26+00:00
meshtastic/Meshtastic-Android,2.1.16,7c9e15f35e8358ebc715e786a3744aa1a6d2797a,2023-06-20T11:37:51+00:00
meshtastic/Meshtastic-Android,2.1.15,35090429f51d625e0e73e21fee52db6653c6ccf3,2023-06-04T22:29:37+00:00
meshtastic/Meshtastic-Android,2.1.14,5f7bc4c90467b2634804f64851901222a2ec25a1,2023-05-30T22:12:55+00:00
meshtastic/Meshtastic-Android,2.1.13,72f02b0deb67cd2016a49fecaafd6b94b1846baf,2023-05-26T20:56:17+00:00
meshtastic/Meshtastic-Android,2.1.12,b9be26e3449435bd2d13d0f5176767dff0846fc9,2023-05-13T21:45:30+00:00
meshtastic/Meshtastic-Android,2.1.11,4b00fe9f2ee8a452263de6013376801566cc8139,2023-05-08T20:58:52+00:00
meshtastic/Meshtastic-Android,2.1.10,feed8262ea6543749975046570306fbd16db0c97,2023-05-02T10:30:36+00:00
meshtastic/Meshtastic-Android,2.1.9,ec3a046fb6012799f40af883f9cc58172fc81b29,2023-04-17T21:39:29+00:00
meshtastic/Meshtastic-Android,2.1.8,97fe3405876498bd7500b8bfd9a8b2fb2e1fc99b,2023-04-13T21:27:59+00:00
meshtastic/Meshtastic-Android,2.1.7,8d688ea6a49dd8775d9d2181869ad50f8ceb5991,2023-04-08T10:24:36+00:00
meshtastic/Meshtastic-Android,2.1.6,d91ba720411aee944020ca376d8d6285bfb8fb9f,2023-04-05T02:28:21+00:00
meshtastic/Meshtastic-Android,2.1.5,672c244d3f7734efe0cfbfcaf0339bb3adb310a7,2023-04-01T10:12:43+00:00
meshtastic/Meshtastic-Android,2.1.4,15ab4de13fb606c237239edd0a1335a9ebb8ce50,2023-03-29T01:43:15+00:00
meshtastic/Meshtastic-Android,2.1.3,754fc6ee53929f11d33ce348e47d3e4fbda6a933,2023-03-23T15:41:46+00:00
meshtastic/Meshtastic-Android,2.1.2,919a430090d21de316a952782e218aa6583c11c6,2023-03-22T21:17:43+00:00
meshtastic/Meshtastic-Android,2.1.1,d45910889d2da09d6f1d7eefa27ac045c2058b6d,2023-03-15T01:11:13+00:00
meshtastic/Meshtastic-Android,2.1.0,2282e9c78230b12bb35d50fcce5fe495eb86ea97,2023-03-12T10:41:02+00:00
meshtastic/Meshtastic-Android,2.0.22,c1ca0d372379c4a03e72e042c64199cb8e093026,2023-03-03T14:30:43+00:00
meshtastic/Meshtastic-Android,2.0.21,edb6a49eceec1a50ba09e60dc9f0c22a92d268db,2023-02-26T10:09:16+00:00
meshtastic/Meshtastic-Android,2.0.20,9a58ad3d22f33e53756030e3e7578fda60fdf2b7,2023-02-18T12:25:44+00:00
meshtastic/Meshtastic-Android,2.0.19,c0f095fa7c0778672c813c1861970279471e4d15,2023-02-14T00:15:04+00:00
meshtastic/Meshtastic-Android,2.0.17,cd33dc9a09f10ee2a8a86a6a5412396893ac2565,2023-02-07T21:59:15+00:00
meshtastic/Meshtastic-Android,2.0.16,75fd2dd11c71bdb89ae20a1fcc9b1b8a8788411f,2023-02-03T22:41:55+00:00
meshtastic/Meshtastic-Android,2.0.15,a71cd21e3a46471041bea8e073d4f46a72e93333,2023-02-01T15:53:31+00:00
meshtastic/Meshtastic-Android,2.0.14,8b2716232f961be8295b683ec61c3cb7e88f5fff,2023-01-27T19:38:33+00:00
meshtastic/Meshtastic-Android,2.0.13,6d6684ffa25806a44f25dbccb97d7748629fc8e6,2023-01-19T14:53:03+00:00
meshtastic/Meshtastic-Android,2.0.12,99675bf9faf453d90967cecb6a468c039087f8da,2023-01-12T21:06:07+00:00
meshtastic/Meshtastic-Android,2.0.11,405b8e2ea3957f89b9803c0616893393e403bfea,2023-01-04T00:48:30+00:00
meshtastic/Meshtastic-Android,2.0.9,af05355186a66e19646efbef86cdea8b15bf8910,2023-01-03T01:44:56+00:00
meshtastic/Meshtastic-Android,2.0.8,5853aa16d676524bbcbfcaaba45e22711c7f3236,2022-12-28T21:19:44+00:00
meshtastic/Meshtastic-Android,2.0.7,ed4862a135d5a64f6ad1778f7163ee07d7777cbb,2022-12-13T01:04:51+00:00
meshtastic/Meshtastic-Android,2.0.6,255ef0b53273fe2b5d08e4812653647dc6e48c9b,2022-11-29T21:01:28+00:00
meshtastic/Meshtastic-Android,2.0.3,068a90f93b09475f41585337d2ee6b1baa90a5d1,2022-11-15T15:28:45+00:00
meshtastic/Meshtastic-Android,2.0.1,c6bbed8106eb1635e7e5116db73ec6799d111c66,2022-11-09T10:23:07+00:00
meshtastic/Meshtastic-Android,2.0.0,56f4d0bfaf0e5bfb4ce70f8ef305a313191bcacf,2022-10-31T00:38:30+00:00
meshtastic/Meshtastic-Android,1.3.48,c5674202946c9caeff05c49fcd6f7f1d071d43de,2022-10-27T20:20:25+00:00
meshtastic/Meshtastic-Android,1.3.45,a3aa2a51aa3d81bc42ce0f540ad2fa745f778534,2022-10-16T22:30:45+00:00
meshtastic/Meshtastic-Android,1.3.43,003da7c37ac6bd1d055f70454ba8de72770307b5,2022-10-13T03:29:22+00:00
meshtastic/Meshtastic-Android,1.3.42,840fa8c6976cca6fd3c0f67e5cd78d2b9b585c29,2022-10-06T21:14:08+00:00
meshtastic/Meshtastic-Android,1.3.41,4d81689f211bd9b0bc6624487fc04b99b49e65b5,2022-09-18T23:30:26+00:00
meshtastic/Meshtastic-Android,1.3.40,14fc9b3f3ceef51cd2cd5aa7d0727898bb80e632,2022-09-07T10:03:28+00:00
meshtastic/Meshtastic-Android,1.3.39,c567df135521a1119dfd83c759e51a5b831b8c49,2022-08-24T01:14:59+00:00
meshtastic/Meshtastic-Android,1.3.38,67c012dfebd887bc74ad43978bd0a085b72b44e4,2022-08-16T23:07:39+00:00
meshtastic/Meshtastic-Android,1.3.30,e9113f1a8fb8950f29194e28f06b91536dc3870e,2022-08-05T03:05:35+00:00
meshtastic/Meshtastic-Android,1.3.28,4e2b00bfd51f47470fd21de6fc0d24c3d20f7cd0,2022-08-03T01:53:34+00:00
meshtastic/Meshtastic-Android,1.3.27,767ddb9a7656d9c7190ff9133fbe7d95e1eeaaf5,2022-07-27T03:49:18+00:00
meshtastic/Meshtastic-Android,1.3.25,97e9679f0325be4966f910955f7f093449ebbe22,2022-07-12T03:10:56+00:00
meshtastic/Meshtastic-Android,1.3.21,93a0ee11806a3131654f52aba6e9ece8f8007596,2022-06-21T14:31:38+00:00
meshtastic/Meshtastic-Android,1.3.19,a5ca044ec75cff046a718c4ef8363797c0b37e0d,2022-06-17T12:04:29+00:00
meshtastic/Meshtastic-Android,1.3.17,36dc5d41e99dae9f3c0eba237245d67ff3c02b4e,2022-06-14T01:03:12+00:00
meshtastic/Meshtastic-Android,1.3.16,624a0983907790683f2287530b67f1572a38a0fc,2022-06-07T11:32:39+00:00
meshtastic/Meshtastic-Android,1.2.67,0479f8723148221734a65d226b37c48c7f06fa46,2022-06-06T01:05:24+00:00
meshtastic/Meshtastic-Android,1.2.66,8004e11dfe60d3f83586c711fe0a0dd18d0f46d0,2022-06-02T01:27:33+00:00
meshtastic/Meshtastic-Android,1.2.65,113a4ffcdcaf2620089c7d8bbcef3a4b7f00d9c6,2022-06-01T13:19:13+00:00
meshtastic/Meshtastic-Android,1.2.64,51535f4e4ff0984835fa950b3956e8927b7ef842,2022-05-06T20:29:58+00:00
meshtastic/Meshtastic-Android,1.2.62,104b0445722584823fae90347132b60f259614a1,2022-04-30T21:19:10+00:00
meshtastic/Meshtastic-Android,1.2.61,276f6dc75845f5718c6bf07e545aa627b897168b,2022-04-03T20:12:04+00:00
meshtastic/Meshtastic-Android,1.2.60,1f3d817e3bab0079a984470d8e2d3aba2d115076,2022-03-19T20:22:18+00:00
meshtastic/Meshtastic-Android,1.2.59,4092fc5c7f7f00d8bc1e6e87c1f7973200a48a86,2022-03-02T20:50:24+00:00
meshtastic/Meshtastic-Android,1.2.58,69dc99cdbcaab8a2d35e5d4bdd261a3b317eb7b5,2022-02-13T11:42:41+00:00
meshtastic/Meshtastic-Android,1.2.57,9cd1856bb9c74d3879434f972f8f03208d18cafe,2022-02-10T02:15:27+00:00
meshtastic/Meshtastic-Android,1.2.56,35fe61e855f9318bee8d25bd1ab3cbf65743d336,2022-02-03T13:43:45+00:00
meshtastic/Meshtastic-Android,1.2.55,88a4825b281afbe2f5b38130aba332962530e116,2022-02-01T02:42:48+00:00
meshtastic/Meshtastic-Android,1.2.54,bdfb1acca9e891e2d9bd0e979c9bbe6db860e806,2022-01-28T01:39:57+00:00
meshtastic/Meshtastic-Android,1.2.53,85657ca634021b348608225040eee6e59b44a286,2022-01-10T21:26:58+00:00
meshtastic/Meshtastic-Android,1.2.52,0d5a2be18afd39ae9f52a680687a36d07e36127c,2021-12-27T02:27:26+00:00
meshtastic/Meshtastic-Android,1.2.51,c0158b33360c2c389667f475285dbc474ffe2aed,2021-12-15T19:06:00+00:00
meshtastic/Meshtastic-Android,1.2.50,e4c5664e01805edd2b7171e83542527ac12cf936,2021-11-17T20:39:34+00:00
meshtastic/Meshtastic-Android,1.2.45,c9dd7a8061e65e373ed6c4e06aee1a21caa7b728,2021-08-29T21:20:24+00:00
meshtastic/Meshtastic-Android,1.2.43,cf39069a4e992dc280b1f39ed86ca88cf1af9223,2021-07-26T23:55:49+00:00
meshtastic/Meshtastic-Android,1.2.40,74a34cd9b68d736a9eff26f3433738ecfa3eff87,2021-06-23T19:41:44+00:00
meshtastic/Meshtastic-Android,1.2.31,0c7dac8cb2984352bb232e389b59588b22ebd028,2021-05-09T03:18:04+00:00
meshtastic/Meshtastic-Android,1.2.30,c8b09df6506f4ea6d68b87abc7e1eca169f596c3,2021-05-09T01:41:38+00:00
meshtastic/Meshtastic-Android,1.2.28,041a04afc15710f2963621a2344376f1b444a0ff,2021-04-15T04:37:14+00:00
meshtastic/Meshtastic-Android,1.2.17,804a9f8886762c3c35a4de476cb6e5c3d6f44359,2021-03-28T04:31:48+00:00
meshtastic/Meshtastic-Android,1.2.14,9e5172ddd9128adb453d0d2ef643e516eadd2d32,2021-03-24T07:22:21+00:00
meshtastic/Meshtastic-Android,1.2.13,b44a104be2570cbc8cd1cb72f24cc9a7be5b0e1b,2021-03-24T05:53:05+00:00
meshtastic/Meshtastic-Android,1.2.11,57aff30082fb531cf07edd174f7da9ce35d5a0d3,2021-03-19T16:03:01+00:00
meshtastic/Meshtastic-Android,1.2.7,b4d562d15fee92edf5cc6a739287b1f7971445ae,2021-03-10T08:49:06+00:00
meshtastic/Meshtastic-Android,1.2.4,e88b4e9f22d641a6efaab97f0842935cd10b948d,2021-03-05T06:30:37+00:00
meshtastic/Meshtastic-Android,1.1.50,2614cba6a120f684def0538c512892a516e6b21e,2021-03-02T06:20:24+00:00
meshtastic/Meshtastic-Android,1.1.48,d13fa11dc8c13fa61e92206ee9421dea705342da,2021-02-14T08:23:57+00:00
meshtastic/Meshtastic-Android,1.1.44,f5d36d603e2bd89ff448c293eef8ab020cde0cbd,2021-02-08T05:29:13+00:00
meshtastic/Meshtastic-Android,1.1.42,417a53e2a5ac235ff700de34f40eec2ac71a5b8d,2021-02-05T01:33:28+00:00
meshtastic/Meshtastic-Android,1.1.38,59ae37e8b5b788a71b94601a1e5f28ffdac80fdc,2021-02-01T04:14:30+00:00
meshtastic/Meshtastic-Android,1.1.36,de80afe5d7c02c863b2c5069b2a067a183c929f5,2021-01-11T04:58:35+00:00
meshtastic/Meshtastic-Android,1.1.30,026f80c5e1001c6ede1971a612ad7915f679f57d,2020-12-16T04:30:37+00:00
meshtastic/Meshtastic-Android,1.1.8,f02bd519a983ceefd79c7a08c1217f25d6861774,2020-10-29T11:55:04+00:00
meshtastic/Meshtastic-Android,1.0.0,b98a8ea34b8f5929dd5f7d0c2058b6769aa8b552,2020-09-14T16:11:48+00:00
meshtastic/Meshtastic-Android,0.9.03,231ea7f4bbd319a4f3a9bd09ed62cb4f106bdfa5,2020-08-21T02:30:09+00:00
meshtastic/Meshtastic-Android,0.9.01,44816ac7745f19dda934f010257a4de2a8dd9e35,2020-07-26T15:31:23+00:00
meshtastic/Meshtastic-Android,0.8.02,753393541a83b4d46915bd946843b5aca97c72cc,2020-07-18T21:32:06+00:00
meshtastic/Meshtastic-Android,0.8.1,f6b20ee3ea48636608d561fe86ae069c05609d92,2020-07-18T21:24:14+00:00
meshtastic/Meshtastic-Android,0.7.93,2d706f5a4c0f132d3eab319681aae4801dada8f9,2020-07-08T15:30:52+00:00
meshtastic/Meshtastic-Android,0.7.80,c1678d9b879f6e23eb7f0edb0c46dfc9c23985cc,2020-06-20T22:06:17+00:00
meshtastic/Meshtastic-Android,0.7.5,ba447980c02d4047e62ab6e58667cd6e5a25007c,2020-06-10T20:02:56+00:00
meshtastic/Meshtastic-Android,0.6.8,b659769136a03208bb3f766f01161adb08b5ca4b,2020-06-04T17:02:56+00:00
meshtastic/Meshtastic-Android,0.6.5,eff558cf859f7e61ca05caaf42ee596d6ce56cc8,2020-05-22T00:40:37+00:00
meshtastic/Meshtastic-Android,0.6.3,d811fc6ac4fe7e847d4b3add2dd5686ea24ccbde,2020-05-11T04:39:59+00:00
meshtastic/Meshtastic-Android,0.5.8,975c7d41db7ad5cb74dded6df82b46d557a0014e,2020-04-25T01:42:57+00:00
meshtastic/Meshtastic-Android,0.5.4,56534f0b89b257ac9df2cc1a557bfef8fe5a243c,2020-04-23T15:52:35+00:00
meshtastic/Meshtastic-Android,0.4.7,77b19e05136a4a3201aa88624b41990521d3854e,2020-04-20T18:12:10+00:00
meshtastic/Meshtastic-Android,0.3.4,838e61a97a0cb31699759c141466a64e965aadf6,2020-04-11T17:21:26+00:00
meshtastic/Meshtastic-Android,0.3.2,e5148fe16c3be0975dd74e223c10bc19a426f92b,2020-04-11T01:08:47+00:00
meshtastic/Meshtastic-Android,0.3.1,d938099f4671622ed44cc117816b28da11214c43,2020-04-10T00:11:54+00:00
meshtastic/Meshtastic-Android,0.2.4,66e033febced41239a986b5a387fd73ce8f31912,2020-04-05T21:22:19+00:00
meshtastic/Meshtastic-Android,0.2.1,63f991d31200f71e3241a776e9f79afba574ddc3,2020-03-31T00:55:40+00:00
meshtastic/Meshtastic-Android,0.1.3,309cc464e953c852fe481862ef6946b4480d6e47,2020-03-09T19:51:54+00:00
meshtastic/Meshtastic-Android,0.1.2,b09b6ebc89cb39c8dd31ee0611541c362d423633,2020-03-07T04:55:55+00:00
meshtastic/Meshtastic-Android,0.1.0,dd6b78892770e0220a367745736bf364888ef21f,2020-03-04T21:59:53+00:00
meshtastic/Meshtastic-Android,0.0.9,a3764bbd93485a5cbf3155f8dfdf7435f9f6e961,2020-03-02T18:30:40+00:00
meshtastic/Meshtastic-Android,0.0.8,f6600364826945de7dfddb4efc4c84f1ef3ce32a,2020-03-02T00:40:46+00:00
meshtastic/Meshtastic-Android,0.0.7,c07fa3fad57e819ca3b52ca3409c12a1cac4c916,2020-03-02T00:06:07+00:00
meshtastic/Meshtastic-Android,0.0.6,75b4b72ce1d5c422771425f90412556b7826c222,2020-02-29T21:42:15+00:00
meshtastic/Meshtastic-Android,0.0.4,0cf0ef8cafc3b77851d6307340a6de99f6f37892,2020-02-25T19:13:24+00:00
meshtastic/firmware,v2.7.24.472b14c,472b14c4e471e7343e7fd124e75a1aafdf84afe1,2026-05-22T19:53:52+00:00
meshtastic/firmware,v2.7.23.b246bcd,b246bcd72ec6989b803da0d83d217b045303d3c6,2026-05-07T01:52:30+00:00
meshtastic/firmware,v2.7.22.96dd647,96dd647882fd04fb70f796552763b4fea2712047,2026-04-13T19:50:51+00:00
meshtastic/firmware,v2.7.21.1370b23,1370b234eb6af1e959b094ecece6f7efd758f77d,2026-04-05T12:48:24+00:00
meshtastic/firmware,v2.7.20.6658ec2,6658ec2603ffccc323bbcb9f536dce322a70565d,2026-03-07T01:56:01+00:00
meshtastic/firmware,v2.7.19.bb3d6d5,bb3d6d5326518b36598ff0a0b8f4b334c953e0fe,2026-02-08T17:20:15+00:00
meshtastic/firmware,v2.7.18.fb3bf78,fb3bf783dd971cb1ac33ef6fcaa0eacb0a010880,2026-01-20T02:00:41+00:00
meshtastic/firmware,v2.7.17.9058cce,9058ccecf9c5257513ed91add49b5f96738bb083,2025-12-30T21:31:35+00:00
meshtastic/firmware,v2.7.17.217abc4,217abc4c1065da05b19c7aefb10311386e29212b,2025-12-20T13:05:47+00:00
meshtastic/firmware,v2.7.17.83c6161,83c6161ac60a71bc1044fe1ee7ba24a2de8f0281,2025-12-20T20:10:02+00:00
meshtastic/firmware,v2.7.16.a597230,a59723030a7e15ab53b6fd1cb264ba2eebd4ed46,2025-11-28T11:25:47+00:00
meshtastic/firmware,v2.7.15.567b8ea,567b8ea1c2b2d100c24b0d6cbc437ec89fae0a56,2025-11-14T12:09:25+00:00
meshtastic/firmware,v2.7.14.e959000,e9590003f4709ca83e0586d59050483587ba194b,2025-11-10T17:58:39+00:00
meshtastic/firmware,v2.7.13.597fa0b,597fa0b3820e2799cb95c1a5369f3b952b20b4b9,2025-11-02T12:11:47+00:00
meshtastic/firmware,v2.7.12.45f15b8,45f15b8fe66b42ac31b05fe06e65d54467317c7b,2025-10-09T17:44:00+00:00
meshtastic/firmware,v2.7.11.ee68575,ee6857511a159f1127e6344db17e35a7e7cfa7bf,2025-09-30T13:05:00+00:00
meshtastic/firmware,v2.7.10.94d4bdf,94d4bdf05cf1554be140ef855a2f7cfc8878fdba,2025-09-23T13:57:04+00:00
meshtastic/firmware,v2.7.9.70724be,70724bef72684c96f8a6d2972d80d37648eb8de4,2025-09-14T13:12:38+00:00
meshtastic/firmware,v2.7.8.a0c0388,a0c0388dd9cf6c1abed0da7f1b92f40c9dfda4dc,2025-09-03T18:00:08+00:00
meshtastic/firmware,v2.7.7.5ae4ff9,5ae4ff9162c4c9d90bc33b249b5f28a36d263d40,2025-08-29T18:59:40+00:00
meshtastic/firmware,v2.7.6.834c3c5,834c3c5cc2be305cf3ee465c600e4282e0928f46,2025-08-27T21:24:57+00:00
meshtastic/firmware,v2.7.5.ddd1499,ddd149945ab5886c95d7d59d3c1c30df6855db66,2025-08-12T21:08:03+00:00
meshtastic/firmware,v2.7.4.c1f4f79,c1f4f79d4a35ec6fc3e7b89e515b9ef5ee40e4a4,2025-08-09T11:11:56+00:00
meshtastic/firmware,v2.7.3.cf574c7,cf574c71d8dbf6a28e279286b90deb7658e10bb4,2025-07-18T14:24:34+00:00
meshtastic/firmware,v2.7.2.f6d3782,5f5698ccc00777213784002f49162fc2ff147940,2025-07-10T15:29:33+00:00
meshtastic/firmware,v2.7.1.f35ca81,f35ca812a32f26750aff1008428128f2ca8388f3,2025-07-04T10:30:56+00:00
meshtastic/firmware,v2.7.0.705515a,705515ace23e8a104f20ce078a3d3c650f16c5bc,2025-06-27T16:46:33+00:00
meshtastic/firmware,v2.7.0.195b7cc,195b7cc30a4337877e1e81a800820eca71d19a79,2025-06-21T11:44:07+00:00
meshtastic/firmware,v2.6.13.0561f2c,12680ad9cdef4065f8f69f1039e13ef1958eb64c,2025-06-20T01:35:40+00:00
meshtastic/firmware,v2.6.12.9861e82,9861e82f0a1681a7b1c9764ddeba61250a4f4f41,2025-06-16T01:16:33+00:00
meshtastic/firmware,v2.6.11.60ec05e,60ec05e53693535aaf616162d4f970cfca6a5d58,2025-06-11T15:54:08+00:00
meshtastic/firmware,v2.6.10.9ce4455,9ce44556ceaabaf1c6cd689d6390651dcc29d3de,2025-06-02T11:29:41+00:00
meshtastic/firmware,v2.6.9.f223b8a,f223b8a55d1b6a04d2203d43a32bbb880b428af3,2025-05-25T18:12:52+00:00
meshtastic/firmware,v2.6.8.ef9d0d7,6bba17d463b9cf114b1db9bb420ad1ea075bd974,2025-05-15T09:26:41+00:00
meshtastic/firmware,v2.6.7.2d6181f,2d6181fca0efabacb56ccc5a01f35df0ccc3cdbd,2025-05-05T11:03:36+00:00
meshtastic/firmware,v2.6.6.54c1423,54c1423039bbb2b6fdecc807843eef8de47a6b41,2025-04-26T11:17:08+00:00
meshtastic/firmware,v2.6.5.fc3d9f2,fc3d9f2a15e201bbedc3a98049abdc8b3bd648da,2025-04-09T12:55:23+00:00
meshtastic/firmware,v2.6.4.b89355f,b89355ffa60b3893417004b07e7b96f04b17022c,2025-03-29T20:44:13+00:00
meshtastic/firmware,v2.6.3.640e731,640e731ad2a903c0e3a1651e6483da68f694346e,2025-03-26T14:18:21+00:00
meshtastic/firmware,v2.6.3.d28af68,6429eca5e47aa1d438012a9886632a5cdbbec898,2025-03-26T07:10:56+00:00
meshtastic/firmware,v2.6.2.31c0e8f,31c0e8fa2ca0cce903e73749454324c672c18b4c,2025-03-20T18:39:33+00:00
meshtastic/firmware,v2.6.1.7c3edde,7c3eddebc251aebcf2bd3ecbee493ea31f65566f,2025-03-10T21:42:29+00:00
meshtastic/firmware,v2.6.0.f7afa9a,7c3eddebc251aebcf2bd3ecbee493ea31f65566f,2025-03-10T21:42:29+00:00
meshtastic/firmware,v2.5.23.bf958ed,bf958ed01da26a57d0a6d655d003ecb255f0004e,2025-02-24T16:23:24+00:00
meshtastic/firmware,v2.5.22.d1fa27d,eb650a6adbc4a83ca1df909cec80dd6a56dfd2a9,2025-02-11T16:34:37+00:00
meshtastic/firmware,v2.5.21.447533a,447533aae5b82398e8dcd648745a4ff1a3c0a8ac,2025-02-04T12:38:54+00:00
meshtastic/firmware,v2.5.20.4c97351,4c97351187c80f38d680f2ef3fde18e427d29d50,2025-01-25T00:52:17+00:00
meshtastic/firmware,v2.5.19.f9876cf,4cd2ba54795f47b732608eab8e834c50ea8cc9c1,2025-01-16T10:23:57+00:00
meshtastic/firmware,v2.5.19.d5cd6f8,729c39fb8621e0b76f4178fee88cc1dfa2711d06,2025-01-14T01:18:34+00:00
meshtastic/firmware,v2.5.18.89ebafc,89ebafc8b8d85ee12002b9c574f8472d99e9ec50,2024-12-28T14:32:24+00:00
meshtastic/firmware,v2.5.17.b4b2fd6,b4b2fd6122e965adf69839a69b75df391436248e,2024-12-23T23:47:27+00:00
meshtastic/firmware,v2.5.16.f81d3b0,f81d3b045dd1b7e3ca7870af3da915ff4399ea98,2024-12-08T10:06:45+00:00
meshtastic/firmware,v2.5.15.79da236,79da2365f0ee900ca194db0c0828bca59140c0c4,2024-11-29T14:03:46+00:00
meshtastic/firmware,v2.5.14.f2ee0df,f2ee0df01578f3eaf47f1a212a04297727be69f6,2024-11-23T23:18:22+00:00
meshtastic/firmware,v2.5.13.295278b,295278bb126c7e7d8319d786a71d0f4aef82eda3,2024-11-14T00:47:46+00:00
meshtastic/firmware,v2.5.13.1a06f88,1a06f88dfb44ecc5bb45fe18d3ce8603c276a0fe,2024-11-17T13:57:59+00:00
meshtastic/firmware,v2.5.12.aa184e6,aa184e6d8b6ef75fbb122f0c00dbfceeb89b4e59,2024-11-07T23:59:36+00:00
meshtastic/firmware,v2.5.11.8e2a3e5,8e2a3e5728bc997449c7507be76249b7a90166a6,2024-11-05T10:36:37+00:00
meshtastic/firmware,v2.5.10.0fc5c9b,0fc5c9b0d7ce80c8c693dcf20b182b5efb6ef1a5,2024-11-02T12:57:33+00:00
meshtastic/firmware,v2.5.9.936260f,936260fca36cc69f925ca6eb19983965fdf68b31,2024-10-29T10:44:32+00:00
meshtastic/firmware,v2.5.8.6485f03,6485f037ec6126a1a92880abfe44272587b68bdc,2024-10-24T02:21:49+00:00
meshtastic/firmware,v2.5.7.f77c87d,f77c87dca8da0903f4f73d54c0f46ec9619b1e31,2024-10-16T14:18:44+00:00
meshtastic/firmware,v2.5.6.d55c08d,d55c08d5cdfd2b3e98b250abd156945fd5e3e8d3,2024-10-10T20:11:58+00:00
meshtastic/firmware,v2.5.5.e182ae7,e182ae75c261f0315ec4ac2ae7b20534034c7076,2024-10-05T10:15:20+00:00
meshtastic/firmware,v2.5.4.8d288d5,8d288d5a3c6955ba06807a4b6cb7b9b1b60a930d,2024-10-01T00:26:35+00:00
meshtastic/firmware,v2.5.3.a70d5ee,a70d5ee9d879b8530bc486f7f65b4965e2e25e52,2024-09-28T20:49:37+00:00
meshtastic/firmware,v2.5.2.771cb52,771cb52616ae719a872d08188b2ee3395022d7bb,2024-09-24T15:52:46+00:00
meshtastic/firmware,v2.5.1.c13b44b,c13b44b992dff86f035f7ad87e8838495b8f85fc,2024-09-22T00:33:17+00:00
meshtastic/firmware,v2.5.0.33eb073,33eb073535c2bece2353b9fd76d0dda5d120ac05,2024-08-31T00:02:48+00:00
meshtastic/firmware,v2.5.0.9e55e6b,9e55e6befbfb9438204d4e35aeeb7797eceb98f8,2024-09-05T11:16:06+00:00
meshtastic/firmware,v2.5.0.9ac0e26,9ac0e26d426132162614be9ef74fedf46e305410,2024-09-11T13:42:26+00:00
meshtastic/firmware,v2.5.0.e470619,e470619e3d86f6c1d8caacda43dd9d8951b5b7d4,2024-09-08T17:33:56+00:00
meshtastic/firmware,v2.5.0.d6dac17,d6dac1737acba65fcd48e9d30d2311aaf210f5f4,2024-08-24T17:19:31+00:00
meshtastic/firmware,v2.5.0.ab7de7f,ab7de7f6a0be5e5130801ffadfd2166d734aaa6d,2024-08-20T18:36:24+00:00
meshtastic/firmware,v2.4.3.91d6612,91d661246ad66c513bd5fc3de952d9c5270607f8,2024-08-19T11:55:58+00:00
meshtastic/firmware,v2.4.3.efc27f2,efc27f205106f7caf7b1541b64770e98e8b40872,2024-08-14T21:24:28+00:00
meshtastic/firmware,v2.4.2.5b45303,5b4530325f83d836740128cec1a6242613039f65,2024-08-09T01:53:26+00:00
meshtastic/firmware,v2.4.1.394e0e1,394e0e1b3e33cbf64d6518e4b7911a402eae5284,2024-07-26T11:30:28+00:00
meshtastic/firmware,v2.4.0.46d7b82,46d7b82ac1a4292ba52ca690e1a433d3a501a9e5,2024-07-16T14:37:50+00:00
meshtastic/firmware,v2.3.15.deb7c27,deb7c274c4864812f4ebc936fefb8f2f5ccffaea,2024-07-08T11:02:05+00:00
meshtastic/firmware,v2.3.14.64531fa,64531fa1ae057f4128a65441766ad9eedaecb6b7,2024-06-24T07:04:46+00:00
meshtastic/firmware,v2.3.13.83f5ba0,83f5ba0161725a597591c530ff509f2a5da27461,2024-06-17T11:14:20+00:00
meshtastic/firmware,v2.3.12.24458a7,24458a73d6cbdba9f4d731eb0be3f07ffd0973f1,2024-06-09T21:03:53+00:00
meshtastic/firmware,v2.3.11.2740a56,2740a56944d6647e53320a7e235b61ae0207a143,2024-06-01T00:46:42+00:00
meshtastic/firmware,v2.3.10.d19607b,d19607ba98019df07ca334168fb57dd3e1afedf1,2024-05-21T16:23:29+00:00
meshtastic/firmware,v2.3.9.f06c56a,f06c56a51be7acf11eab4f3d4f59807e4936143e,2024-05-10T12:14:28+00:00
meshtastic/firmware,v2.3.8.d490a33,d490a332a7f2e6978a24a0033a5ebb4c29b5117a,2024-05-03T00:11:35+00:00
meshtastic/firmware,v2.3.7.30fbcab,30fbcabf84b92e4fe84be8fb094c8e3c9be5252c,2024-04-25T19:23:38+00:00
meshtastic/firmware,v2.3.6.7a3570a,7a3570aecf119825dba67784ecedb0338e1285bb,2024-04-18T23:29:50+00:00
meshtastic/firmware,v2.3.5.2f9b68e,2f9b68e08b2ff5fd4c6aa40b9c84041d2f3351ac,2024-04-15T21:36:22+00:00
meshtastic/firmware,v2.3.4.ea61808,ea61808fd94a74e3a6c24a8cb7fb0df5a5133236,2024-04-08T22:26:23+00:00
meshtastic/firmware,v2.3.3.8187fa7,8187fa7115c928e32417a056bf10efd86f512395,2024-03-28T23:31:11+00:00
meshtastic/firmware,v2.3.2.63df972,63df972d42b4aed34f7faea25174368a9a7f14cf,2024-03-24T13:11:47+00:00
meshtastic/firmware,v2.3.1.4fa7f5a,4fa7f5a748b833cdf20536153725af3ff4b4b912,2024-03-19T15:31:31+00:00
meshtastic/firmware,v2.3.0.5f47ca1,5f47ca1f32dd283739c4d78a4e08f20a9bd60fa1,2024-03-11T20:58:45+00:00
meshtastic/firmware,v2.2.24.e6a2c06,e6a2c06346e37a2a9b03469ba6a60d3632ddb51d,2024-02-27T02:24:36+00:00
meshtastic/firmware,v2.2.23.5672e68,5672e6825dd33b697c359e8996a197c1f320c7c8,2024-02-18T20:27:44+00:00
meshtastic/firmware,v2.2.22.404d0dd,404d0dda79543f39074abe0271afbe568dda83b3,2024-02-10T20:20:04+00:00
meshtastic/firmware,v2.2.21.7f7c5cb,7f7c5cbd629e5188939926fd7c0a64280405df6f,2024-02-01T21:24:39+00:00
meshtastic/firmware,v2.2.20.af5ac32,af5ac32048dc1a6bed56ef041652e077b1b80aec,2024-01-30T23:44:08+00:00
meshtastic/firmware,v2.2.19.8f6a283,8f6a2836b8ad5f8ba63a257586e888beab8297fb,2024-01-20T20:22:09+00:00
meshtastic/firmware,v2.2.18.e9bde80,e9bde80b5736101f2329cdab828b625f6992d7cc,2024-01-11T16:06:26+00:00
meshtastic/firmware,v2.2.17.dbac2b1,dbac2b1cadb7a4e114fedb665beb4646436719b1,2023-12-27T20:26:40+00:00
meshtastic/firmware,v2.2.16.1c6acfd,1c6acfd73495c2613eb937f56a0856dc2b34e9a0,2023-12-16T12:57:01+00:00
meshtastic/firmware,v2.2.15.31c4693,31c4693c662dee0a6cab08db9ef9cfbad015ac0d,2023-12-02T21:50:17+00:00
meshtastic/firmware,v2.2.14.57542ce,57542ce9e6f099ed67ccf36132b3cd3163898fb1,2023-11-20T12:33:14+00:00
meshtastic/firmware,v2.2.13.f570204,f57020412e7811e0825567a26aa3d448b8fed48c,2023-11-05T01:07:00+00:00
meshtastic/firmware,v2.2.12.092e6f2,092e6f2424aac486267c15e1c94f18c36093017a,2023-10-17T11:50:36+00:00
meshtastic/firmware,v2.2.11.10265aa,10265aabd5214ae271e7c3827e08eaf4776cf56d,2023-10-09T23:33:04+00:00
meshtastic/firmware,v2.2.10.7cebd79,7cebd79475b4b00187406ecde07429651947b8be,2023-10-04T00:50:27+00:00
meshtastic/firmware,v2.2.9.47301a5,47301a5ac090d2733353ed412e672e7e31dbede2,2023-09-26T16:11:54+00:00
meshtastic/firmware,v2.2.8.61f6fb2,61f6fb22c5de371783a86a5a7db7ea446e6202e7,2023-09-24T12:22:54+00:00
meshtastic/firmware,v2.2.7.e8970ad,e8970ad66b3bfbed1a4257c9f9671e382bd86c42,2023-09-18T18:26:09+00:00
meshtastic/firmware,v2.2.6.b53cb38,b53cb38a09ec25d9dc101732ecf820f0d73bee07,2023-09-12T21:50:52+00:00
meshtastic/firmware,v2.2.5.8255128,8255128eae444d023d432d8089c67883f282385c,2023-09-10T00:40:57+00:00
meshtastic/firmware,v2.2.4.3bcab0e,3bcab0e223986e86a8deec4af5fca9db2ae3ef9a,2023-09-04T23:38:58+00:00
meshtastic/firmware,v2.2.3.282cc0b,282cc0b16a4e321f017834036920c8d7ad4de132,2023-08-26T09:22:35+00:00
meshtastic/firmware,v2.2.2.f35c7be,f35c7be91709b39e1d57afa730509cdecf20cdf2,2023-08-19T14:45:48+00:00
meshtastic/firmware,v2.2.1.fb5f2e4,fb5f2e48a565bc8f51c41d98c6127f90fe8e4402,2023-08-13T00:44:05+00:00
meshtastic/firmware,v2.2.0.9f6584b,9f6584bd67f6a6fdab644d8a352afb731b14408d,2023-08-08T20:49:37+00:00
meshtastic/firmware,v2.1.23.04bbdc6,04bbdc6b8a25e5d4733c2a645ed9e6981346a836,2023-08-06T15:06:08+00:00
meshtastic/firmware,v2.1.22.191a69d,191a69dd2660b474d6a959484cfc580bfc55abba,2023-08-01T23:24:40+00:00
meshtastic/firmware,v2.1.21.97d7a89,97d7a89644dc815fdc2a352843aa50403427df1b,2023-07-30T12:58:11+00:00
meshtastic/firmware,v2.1.20.470363d,470363d294657e4a1d411e42b5ddfe5fc463e225,2023-07-22T23:59:33+00:00
meshtastic/firmware,v2.1.19.eb7025f,eb7025f1b19c453b4c95bf199b00cf48e9e1455b,2023-07-18T12:09:55+00:00
meshtastic/firmware,v2.1.18.de53280,de53280ffc1963609379379be4c4682e9c4f2546,2023-07-09T02:01:00+00:00
meshtastic/firmware,v2.1.17.7ca2e81,7ca2e818dfd1295dbeb6198ffcea4453198d314a,2023-06-28T00:38:45+00:00
meshtastic/firmware,v2.1.16.a2c5b92,a2c5b928408daec8d5a938fc6cc0f9512ce57475,2023-06-17T14:10:09+00:00
meshtastic/firmware,v2.1.15.cd78723,cd787232caadc35794e3a406e22645bc2ed1176f,2023-06-02T11:32:34+00:00
meshtastic/firmware,v2.1.14.99a31c1,99a31c1fad6333420788c317bad6fa9469603970,2023-05-30T11:15:19+00:00
meshtastic/firmware,v2.1.13.7475c86,7475c8647ceebe93bf0ef056373a93183aa8b480,2023-05-26T11:16:40+00:00
meshtastic/firmware,v2.1.12.7711b03,7711b03bd84360168b00ec388306e98512abeb9a,2023-05-12T13:38:53+00:00
meshtastic/firmware,v2.1.11.5ec624d,5ec624d9c3bc987ed5e64f989e1883686a1e2f5c,2023-05-06T21:37:35+00:00
meshtastic/firmware,v2.1.10.7ef12c7,7ef12c77a8878685fa9a6f84d63369c6d575900a,2023-05-01T21:10:27+00:00
meshtastic/firmware,v2.1.9.d43ddc9,d43ddc9ec2aae5381a082a93c5479787861fc2b5,2023-04-17T20:42:42+00:00
meshtastic/firmware,v2.1.8.ee971e3,ee971e376a397696a40496a4df45168fdb3a3878,2023-04-11T13:01:49+00:00
meshtastic/firmware,v2.1.7.242f880,242f880764a6217cecf4c48fe8bd7d87132077d5,2023-04-04T14:42:12+00:00
meshtastic/firmware,v2.1.6.5679a82,5679a82195130765322dbed4695143115e847d4b,2023-03-29T18:04:02+00:00
meshtastic/firmware,v2.1.5.23272da,23272daffeab50e141ecf155683aaccb19d2066b,2023-03-27T19:09:22+00:00
meshtastic/firmware,v2.1.4.958d2cf,958d2cf630559c6864da70560957efbf0813af2f,2023-03-23T17:05:12+00:00
meshtastic/firmware,v2.1.3.8c68d88,8c68d888c80f0199021c6753b088d670d4a8f7bd,2023-03-18T12:23:37+00:00
meshtastic/firmware,v2.1.2.6d20215,6d202158ba6c2c6607d770b46d5cbca28fb8bf79,2023-03-12T18:19:01+00:00
meshtastic/firmware,v2.1.1.dc2ca9c,dc2ca9c32ba427e30babc1fe96ac346b34f9357f,2023-03-11T01:50:08+00:00
meshtastic/firmware,v2.1.0.331a1af,331a1afc372898ff0c58ac6c552e7e9f51df55a6,2023-03-06T22:17:31+00:00
meshtastic/firmware,v2.0.23.7bb281d,7bb281d5c569870c27cdd65bcd14507148e4ca9b,2023-03-01T18:31:58+00:00
meshtastic/firmware,v2.0.22.fbfd0f1,fbfd0f12b5b0ef1086966b9bbaba08d538f164d9,2023-02-24T18:49:10+00:00
meshtastic/firmware,v2.0.21.83e6cea,83e6cea28039c8c627e2c9023746bae471f630ce,2023-02-20T20:11:54+00:00
meshtastic/firmware,v2.0.20.7100416,7100416142e063af585cefd3594124a13fd4e96f,2023-02-10T01:32:32+00:00
meshtastic/firmware,v2.0.19.3209aea,3209aeabb8aae4c491a4c8171860d0569b1e5a76,2023-02-07T19:52:39+00:00
meshtastic/firmware,v2.0.18.1a7991c,1a7991c6065a025c28645e1ee0da58c98bcbe850,2023-02-03T21:08:49+00:00
meshtastic/firmware,v2.0.17.5d1c06b,5d1c06b72f0ac58d34fd3c4d7b3e56b46246c3fb,2023-01-30T21:06:07+00:00
meshtastic/firmware,v2.0.16.2242b68,2242b68d13f157c978f921b7d35d17654ed0ce26,2023-01-30T02:09:37+00:00
meshtastic/firmware,v2.0.15.aafbde0,aafbde0f10b9806d97fbbc7a6b32c70349465c67,2023-01-28T20:50:07+00:00
meshtastic/firmware,v2.0.14.2baaad8,2baaad8298f67c1608924efddd78569ce8d02d5d,2023-01-27T17:19:45+00:00
meshtastic/firmware,v2.0.13.7e27729,7e27729daed7887e8bb3547e998ed33cae1cbe0f,2023-01-15T14:24:20+00:00
meshtastic/firmware,v2.0.12.2400dd4,2400dd43b379a4d45557d5a0039851f38976d81d,2023-01-04T14:31:28+00:00
meshtastic/firmware,v2.0.11.8914d1a,8914d1a184be19fb97fd3989b2321afc8e9f8753,2023-01-03T21:46:50+00:00
meshtastic/firmware,v2.0.10.e09b12c,e09b12ca585baf60a43e35b51eb5864df94a09de,2022-12-29T12:22:58+00:00
meshtastic/firmware,v2.0.9.6ea0963,6ea0963f4b8e366bb9fd564eb9ec650f51e48aa6,2022-12-28T15:03:34+00:00
meshtastic/firmware,v2.0.8.090e166,090e1660fe1e87a5758da4420a75a78b79e5b158,2022-12-21T13:47:27+00:00
meshtastic/firmware,v2.0.7.91ff7b9,91ff7b9032feb4369ed795881d33c68a6b63dfcb,2022-12-12T18:18:06+00:00
meshtastic/firmware,v2.0.6.97fd5cf,97fd5cf2ab6f67c7b846b4a409a3aba39c3bf2e5,2022-11-27T01:16:24+00:00
meshtastic/firmware,v2.0.5.65e8209,65e8209d513ce62586f22708c0805a6180e45d9b,2022-11-23T20:32:18+00:00
meshtastic/firmware,v2.0.4.5417671,54176713320b325a8d91bb014c493c19d86d4d3f,2022-11-22T00:11:25+00:00
meshtastic/firmware,v2.0.3.09fe616,09fe616ac57082d585e3dcb65adb93d0504ed417,2022-11-14T00:16:40+00:00
meshtastic/firmware,v2.0.2.8146e84,8146e84200cba14d46e20dca78508ae047494abc,2022-11-09T20:29:54+00:00
meshtastic/firmware,v2.0.1.ad05b91,ad05b91f89125cba001df2a4e62e3b41c92eeaf0,2022-11-08T22:15:04+00:00
meshtastic/firmware,v2.0.0.18ab874,18ab8749ffb669c292ef1e948cb6cfabf2666f40,2022-10-31T13:09:22+00:00
meshtastic/firmware,v1.3.48.82bcd39,82bcd391cd4703d4888d9c59e27271688ff1eda3,2022-10-26T21:50:58+00:00
meshtastic/firmware,v1.3.47.05147c0,05147c016c9b52ba641d8af2865b553d6be00883,2022-10-22T12:25:32+00:00
meshtastic/firmware,v1.3.46.d4ea956,d4ea9568ac2b4dae31e6f3a13d9ec34795da5729,2022-10-20T18:14:53+00:00
meshtastic/firmware,v1.3.45.b0d0552,b0d05522c0d94a4b36ad3e50d21c923736538bf1,2022-10-16T20:59:59+00:00
meshtastic/firmware,v1.3.44.4fa8d02,4fa8d02b08bd940cd42c213af7e2009415235ff7,2022-10-13T14:32:54+00:00
meshtastic/firmware,v1.3.43.aae9d2f,aae9d2fcf60b13bcf39b35a7939200edac68801a,2022-10-12T18:03:19+00:00
meshtastic/firmware,v1.3.42.9bd9252,9bd925226c8bef1d4a5b3f1e0d0c44cc1ec62134,2022-10-06T14:37:25+00:00
meshtastic/firmware,v1.3.41.80ddb81,80ddb81facd5cf0407e462e61dff1f2f7ee36cdf,2022-09-18T20:31:59+00:00
meshtastic/firmware,v1.3.40.e87ecc2,e87ecc210a8707157172d7e120a165fe86ab719f,2022-09-06T19:06:44+00:00
meshtastic/firmware,v1.3.39.ddc3727,ddc3727155ba2bdc9eb74cda6267370fea9efcda,2022-08-23T19:03:10+00:00
meshtastic/firmware,v1.3.38.1253abd,1253abd1389f470a29d169b7e349d443cce5dacb,2022-08-14T20:56:55+00:00
meshtastic/firmware,v1.3.37.97712a9,97712a9dc4ba415ff5ab94cdde7a6e9f9e95fada,2022-08-12T19:14:14+00:00
meshtastic/firmware,v1.3.36.64f852e,64f852e3f763143bde1c22e9edec1b7054b8fa20,2022-08-12T12:21:20+00:00
meshtastic/firmware,v1.3.36.7e03019,7e03019cc45e2b65f4cc4a48e68db80dfd55fcb7,2022-08-11T12:22:19+00:00
meshtastic/firmware,v1.3.36.dd720f2,dd720f2fe6728e8055db0830e8b93a6fc34b96aa,2022-08-12T00:23:51+00:00
meshtastic/firmware,v1.3.35.3251cd5,3251cd510a3435fb675cee3d0a741e0457d27d3a,2022-08-10T18:11:32+00:00
meshtastic/firmware,v1.3.34.401b5d9,401b5d92aac8955eeb1917f75444567742b94af8,2022-08-08T12:29:36+00:00
meshtastic/firmware,v1.3.33.ab0095c,ab0095cb05918ed9161615aaa6372b1271e03994,2022-08-07T21:06:18+00:00
meshtastic/firmware,v1.3.32.7e6c22f,7e6c22f542b33a5471d091102ad481c862c31502,2022-08-06T19:56:10+00:00
meshtastic/firmware,v1.3.31.0084643,00846439d07a2c5bfcf738fff4967d9586271e8c,2022-08-05T23:52:10+00:00
meshtastic/firmware,v1.3.30.9fe2ddb,9fe2ddb082cff534b90f4d895fba1a03c83eb946,2022-08-04T12:33:02+00:00
meshtastic/firmware,v1.3.29.7afc149,7afc14991e773300dac689446effddfa182caba2,2022-08-03T12:38:20+00:00
meshtastic/firmware,v1.3.28.41f9541,41f9541f95e26aa9316fb114148bb4f182d21419,2022-08-01T23:06:27+00:00
meshtastic/firmware,v1.3.27.c88ba58,c88ba583c6f21be8e9029c8f3abfa8c8d9c581d4,2022-07-25T18:07:16+00:00
meshtastic/firmware,v1.3.26.0010231,001023117298c2e9f8de92b0d8b750e3fd1aa9e8,2022-07-19T16:43:08+00:00
meshtastic/firmware,v1.3.25.85f46d3,85f46d3231914ef0b9b91907235322b317d03fad,2022-07-11T18:18:58+00:00
meshtastic/firmware,v1.3.24.dff6915,dff69157d694dabf7df5128c3eaee8c4d48565d3,2022-07-09T00:57:08+00:00
meshtastic/firmware,v1.3.23.5462d84,5462d84bfc9072cb49eaf20ab4b8f6dce5cad429,2022-07-02T19:51:50+00:00
meshtastic/firmware,v1.3.22.c725a6b,c725a6b65f992da48d2bad4a341cc583d1579fd9,2022-06-30T01:17:51+00:00
meshtastic/firmware,v1.3.21.cf00ac5,cf00ac593fa4f286718ba0ebbe4e99f1777ead02,2022-06-20T23:44:33+00:00
meshtastic/firmware,v1.3.20.9a5ff93,9a5ff935f971fdf656e7683df4bb8d2d5f450e0c,2022-06-17T21:40:33+00:00
meshtastic/firmware,v1.3.19.3c6a2f7,3c6a2f7bb682dfe547344e1fe3d0e90a0e227f3b,2022-06-16T12:24:08+00:00
meshtastic/firmware,v1.3.17.c9822de,c9822dee9315c70502717b84f952e9c1ebe3f18f,2022-06-13T16:38:33+00:00
meshtastic/firmware,v1.3.16.97899ae,97899aed26b06c230b0da7cee7ae5679c2100939,2022-06-07T05:10:18+00:00
meshtastic/firmware,v1.3.15.432d067,432d06741e0de76f20d02c5caa73b798341ff16a,2022-06-04T01:49:18+00:00
meshtastic/firmware,v1.3.13.71a43a9,71a43a97cc34ffbf2ae645fc4dc786bab9c559ce,2022-06-01T11:06:40+00:00
meshtastic/firmware,v1.3.12.6306c53,6306c53bfe51644ab78980b50279d96a0551caad,2022-05-27T19:21:59+00:00
meshtastic/firmware,v1.3.11.0411401,0411401184fe7abebfd14f6bba00c0a2a8e9bdb5,2022-05-26T03:47:48+00:00
meshtastic/firmware,v1.3.10.4df0e91,4df0e910b876e871f9d1fc7ff1c2327c8fbc76dc,2022-04-27T17:23:20+00:00
meshtastic/firmware,v1.3.10.cc2a84a,cc2a84afcd9b01640847b926aa42745724330479,2022-04-27T12:03:09+00:00
meshtastic/firmware,v1.3.9.92185e7,92185e763d2f858a7068178f9d4ef6fe8a192e11,2022-04-26T19:10:17+00:00
meshtastic/firmware,v1.3.8.90df7c2,90df7c2488ccdc3291913ace5a3c7f1d6e829573,2022-04-19T00:20:03+00:00
meshtastic/firmware,v1.3.7.bb22b6e,bb22b6ec584df9eb607433f382a1370e7de2a4f0,2022-04-14T23:15:19+00:00
meshtastic/firmware,v1.3.6.f511bab,f511baba9ac8885cd47a98ac6503a0b0c245ab42,2022-04-13T04:25:33+00:00
meshtastic/firmware,v1.3.5.e5b19fd,e5b19fdf5f9efc102f1418db7fc7d64055052fa5,2022-04-04T02:05:56+00:00
meshtastic/firmware,v1.3.4.2b20bf3,2b20bf3d0ab759219c3d4d832f3de0e178eb8724,2022-03-07T01:52:05+00:00
meshtastic/firmware,v1.3.3.2fe124e,2fe124eb17aed5aac58eb4a7d6384d375af6a80c,2022-03-03T04:50:09+00:00
meshtastic/firmware,v1.2.65.0adc5ce,0adc5ce3de19321bebc5cb059464e13fa0325f96,2022-05-29T23:55:34+00:00
meshtastic/firmware,v1.2.64.fc48fcd,fc48fcde96b0144fef61c859ce4ae09accb58b44,2022-05-04T12:59:25+00:00
meshtastic/firmware,v1.2.63.9879494,9879494fc6bf63a1c1295328e7545466b9919144,2022-04-29T12:23:08+00:00
meshtastic/firmware,v1.2.62.3ddd74e,3ddd74edf626118a8988e74ec646ffc70d558c42,2022-04-27T20:29:42+00:00
meshtastic/firmware,v1.2.61.d551c17,d551c17546dd25d51c0f79761f50d28cb7302c29,2022-04-27T18:55:08+00:00
meshtastic/firmware,v1.2.60.ab959de,ab959ded0eeb15cb949b89221600844c949c0821,2022-04-26T11:39:31+00:00
meshtastic/firmware,v1.2.59.d81c1c0,d81c1c08eef898ea464dfbd44875b19e13249500,2022-03-17T20:47:36+00:00
meshtastic/firmware,v1.2.58.6af1822,6af182228c00c240b571d10578d21bcfe0cc859b,2022-03-17T18:51:52+00:00
meshtastic/firmware,v1.2.57.f7c6955,f7c69557369f106acb70c59885c6474f703a37ef,2022-03-02T00:25:58+00:00
meshtastic/firmware,v1.2.56.596a73c,8fd5d83980c45a270505b79cafe866c38e381fbb,2022-02-27T15:30:00+00:00
meshtastic/firmware,v1.2.55.9db7c62,9db7c62a49ab2a4536e673b66788aa4dae2841eb,2022-02-11T03:02:43+00:00
meshtastic/firmware,v1.2.54.288f2be,288f2be8eaea59c5ddfb6e84001db595403cef86,2022-02-10T00:46:26+00:00
meshtastic/firmware,v1.2.53.19c1f9f,19c1f9fa59fa5b4909e4caa0384bdb6e027f2606,2022-01-28T02:41:29+00:00
meshtastic/firmware,v1.2.52.b63802c,b63802cef31adc0251bc5102817e8344e635072e,2022-01-13T14:49:55+00:00
meshtastic/firmware,v1.2.51.f9ff06b,f9ff06b2967fc81bd6e49e1e8439e7d7eb4aaf83,2022-01-13T05:54:32+00:00
meshtastic/firmware,v1.2.50.41dcfdd,41dcfdd7cb4a3bac6808b6511fac9a529befe4a8,2021-12-29T19:20:36+00:00
meshtastic/firmware,v1.2.49.5354c49,5354c49c50fcf8b87a34bbfd307ab23fb2cc41fe,2021-12-16T18:53:59+00:00
meshtastic/firmware,v1.2.48.371335e,371335e6ab7971c6e066d114ebf099b0fbbf890d,2021-12-03T06:55:07+00:00
meshtastic/firmware,v1.2.47,a56851fefaaf7b7750e3f246373d1166a2089b02,2021-11-23T20:41:51+00:00
meshtastic/firmware,v1.2.46.9d21e58,9d21e58b0b1d3ed952b8469224b43f8bd0fee067,2021-09-19T01:47:27+00:00
meshtastic/firmware,v1.2.46.dce2fe4,dce2fe43a50bdc6270cdfdbd6fc536ef46adf39c,2021-09-19T01:47:27+00:00
meshtastic/firmware,v1.2.45.b674054,b6740548f355907e47320d3b9e9189adb7a8ab2a,2021-08-28T20:46:28+00:00
meshtastic/firmware,v1.2.44.f2c9c55,f2c9c5553c1aac7658fe4c76e2a9d3e1166d006a,2021-08-15T17:52:51+00:00
meshtastic/firmware,v1.2.43.a405d81,a405d81c46cbe033c43d4b4b19f5d7ce86764607,2021-07-26T17:26:53+00:00
meshtastic/firmware,v1.2.42.2759c8d,2759c8d0371bde1f601a695556c1f69581df59c3,2021-07-01T15:50:12+00:00
meshtastic/firmware,v1.2.41.32f3682,32f3682faeb4c0b15aab33f06ec0e902e199bc80,2021-06-27T19:52:04+00:00
meshtastic/firmware,v1.2.39.06892c4,06892c412cd9bc7d52849ee17c206e4f12ceb077,2021-05-29T05:19:05+00:00
meshtastic/firmware,v1.2.38.451b085,451b085c136d82a13580e1efc850d8392dedf773,2021-05-28T03:01:01+00:00
meshtastic/firmware,v1.2.38.cf4e508,cf4e508fb3a62af02c4f565b3dcac6b1ccdbdd1b,2021-05-25T01:02:26+00:00
meshtastic/firmware,v1.2.36,e5db458c6ce60beb841aa21d8c2c524fab238eea,2021-05-25T00:06:59+00:00
meshtastic/firmware,v1.2.30.80e4bc6,80e4bc6289e2f87e91a04aa4a2c6151737ac79c5,2021-05-03T07:58:35+00:00
meshtastic/firmware,v1.2.29.6c95659,6c956591f8ce529fc6f6576a88cad5382ee7f592,2021-04-16T07:31:53+00:00
meshtastic/firmware,v1.2.testing1,531600f5ab026852cf72ce71f04ad9088309b81f,2021-04-16T07:05:12+00:00
meshtastic/firmware,1.2.28,0d5c5046eef0d3e2683255c7ef3dfd8febd05de2,2021-04-15T04:31:25+00:00
meshtastic/firmware,1.2.25,bc1726bbdb64388d68e3f08ad0eac82383a062ab,2021-04-10T04:36:03+00:00
meshtastic/firmware,1.2.23,50ec03229f7d28812451fbd27e6c82872a7ae066,2021-04-06T03:09:03+00:00
meshtastic/firmware,1.2.20,75281e8c97742b90f1f5b7d28868664c22aeeee0,2021-04-02T05:54:20+00:00
meshtastic/firmware,1.2.17,385e291f5164c135d682166f7481c8f15af7bbf5,2021-03-28T04:24:14+00:00
meshtastic/firmware,1.2.16,bfd147062faa4813f63109f5baa856b29c81282e,2021-03-27T09:19:50+00:00
meshtastic/firmware,1.2.13,286686137f8bb96573cbedc7816eed17c04ab5e4,2021-03-24T05:34:57+00:00
meshtastic/firmware,1.2.11,fce95431e65b263c76c673947b12e3f72e4467cb,2021-03-19T15:47:12+00:00
meshtastic/firmware,1.2.10,8f5251583f5a79f877e8ea302c8df45a52ee80dc,2021-03-13T01:00:57+00:00
meshtastic/firmware,1.2.9,711820088522a96ab5d45438ccd3ff91198813f5,2021-03-12T12:47:48+00:00
meshtastic/firmware,1.2.6,96c4286e7d03fc5a00de2df7818af3bdf6375e67,2021-03-07T02:00:00+00:00
meshtastic/firmware,1.2.5,a26ebb1b69131fec4d88d78f53de839ec3f0a762,2021-03-06T06:31:59+00:00
meshtastic/firmware,1.2.4,c5b67d821d2b745c61a5fcac9cde0996d1035a9f,2021-03-05T05:46:18+00:00
meshtastic/firmware,1.2.1,249390a75eb3c21dde355cafed2000716c85229a,2021-03-04T03:41:44+00:00
meshtastic/firmware,1.1.50,43673c0598fefa9b8fd1aaac68dcc3d01ad21f37,2021-03-01T01:21:42+00:00
meshtastic/firmware,1.1.48,2b10a031787030c9ad77487497c9a4c517614ced,2021-02-14T07:26:00+00:00
meshtastic/firmware,1.1.47,c0fbfccf430f92716afa8bfee45dbe9a8f760204,2021-02-14T05:48:39+00:00
meshtastic/firmware,1.1.46,7ff1f3a759ca09dc82d35fbfbf6f926be3a64794,2021-02-12T02:04:48+00:00
meshtastic/firmware,1.1.42,f7beec47287d21fa75218240935d8f9c4b37015f,2021-02-07T03:00:09+00:00
meshtastic/firmware,1.1.33,ea40bd991c31cca665ae3ffca366a638df9cbe2b,2021-01-26T01:12:32+00:00
meshtastic/firmware,1.1.32,bce2c9347bc480521e6b7be0dda174cbccf3f7b9,2021-01-03T13:26:57+00:00
meshtastic/firmware,1.1.31,8e8257adf3c50d48781c45cda5d209d51bc21291,2021-01-02T08:51:08+00:00
meshtastic/firmware,1.1.30,abb52e54466d2459a74774e1cdbf5b5c049ceebe,2020-12-30T10:31:20+00:00
meshtastic/firmware,1.1.23,e32202e4f81bc1f857fea07a44725b80ae0f26d2,2020-12-17T03:09:19+00:00
meshtastic/firmware,1.1.20,16f897d27c37a37bba3e4dd8b23890fb4cd9988b,2020-12-10T05:32:59+00:00
meshtastic/firmware,1.1.8,21751da5a283e853eca3e06c0481709f4378cc1d,2020-11-07T12:19:36+00:00
meshtastic/firmware,1.1.7,62a8c968e80c4e69755a7167232cddee023efe2e,2020-10-29T06:14:52+00:00
meshtastic/firmware,1.1.6,4dd50df810780b6395701d3f10d31aea9247af8d,2020-10-21T11:28:55+00:00
meshtastic/firmware,1.1.5,7ef2cc86239abd5c7521adf092f2d6eef31a7c4e,2020-10-14T01:11:15+00:00
meshtastic/firmware,1.1.4,40c63c0615dc9d5eb667e69f6be11d267c8f3c4f,2020-10-12T01:39:02+00:00
meshtastic/firmware,1.1.3,3d2179403970f44af71e111f3619318a355a284f,2020-10-11T01:32:15+00:00
meshtastic/firmware,1.1.2,a6b82ccfd912f473d0ff883a0958aa6918b23120,2020-10-07T23:55:41+00:00
meshtastic/firmware,1.1.1,23aecbdc38e634e0b2ecc583fce12b62bfc0a092,2020-10-07T06:26:39+00:00
meshtastic/firmware,1.1.0,5d8f541e702e2bc0f74d6a5a2463ffe044efb0cf,2020-09-19T17:33:48+00:00
meshtastic/firmware,1.0.0,cc6b50002960548457dcf0ff7f44b0fc4ff742ca,2020-09-13T19:11:32+00:00
meshtastic/firmware,0.9.7,bf68ad7cf53637a3db87d795d7836fb9902bb168,2020-09-12T17:31:19+00:00
meshtastic/firmware,0.9.6,bc17dd1a0f3292ebafb3936a7f661fc3e9990944,2020-09-11T20:41:09+00:00
meshtastic/firmware,0.9.5,915427c9649364f03ca18c281f84998bfe0f2afe,2020-08-30T21:43:48+00:00
meshtastic/firmware,0.9.3,82fe55471d7804c2ce5ace6df4e8ba2b74c29ff7,2020-08-22T16:15:51+00:00
meshtastic/firmware,0.9.2,3d9cc8a0563f53ef6fa11d468486dbafc1470ec3,2020-08-21T17:52:14+00:00
meshtastic/firmware,0.9.1,661a75d796518fb509ae4345eca44bbc359728bf,2020-07-24T20:35:25+00:00
meshtastic/firmware,0.8.2,68490336b824ea01a21d1c0e00c9a424157d8f73,2020-07-18T23:28:14+00:00
meshtastic/firmware,0.8.1,94f03bee01c6d4f2289cc1f7cb21793e0be7364b,2020-07-18T15:58:13+00:00
meshtastic/firmware,0.8.1-fixed,d248c6be4bdc4e786e1218d9aa7c27ea8c307566,2020-07-18T20:24:11+00:00
meshtastic/firmware,0.7.11,51267379abf1e0f79ebe9521f23275ff6f959eb8,2020-07-12T22:28:16+00:00
meshtastic/firmware,0.7.10,6dec6af5dc0201bbfcb1bfed31042e8bbbb2eb9a,2020-07-01T18:59:04+00:00
meshtastic/firmware,0.7.9,13806cce93856e50197b055bb5225689a1e3d751,2020-06-24T23:18:44+00:00
meshtastic/firmware,0.7.8,aaa6af3f3852d8339f3d3b86dd0a9fd585b1a25b,2020-06-20T21:58:19+00:00
meshtastic/firmware,0.7.7,698fcdad36e681b4c46365ab5dcd1f208503fe33,2020-06-18T18:25:45+00:00
meshtastic/firmware,0.7.6,e80de4eba0c85cb800dc48513e81b7e882b372d8,2020-06-13T23:55:32+00:00
meshtastic/firmware,0.7.6b,0e9ed1e82f20562a1f62a96a9da13d3e3843a425,2020-06-15T14:19:45+00:00
meshtastic/firmware,0.7.5,e80de4eba0c85cb800dc48513e81b7e882b372d8,2020-06-13T23:55:32+00:00
meshtastic/firmware,0.7.4,e650033f2c35ac21a048f82cd88c79a8f01b3a14,2020-06-09T18:52:48+00:00
meshtastic/firmware,0.6.8,5d874cd43bbc02d8865099e9c4549e260b89ea86,2020-06-06T15:48:14+00:00
meshtastic/firmware,0.6.7,bed20bf1fadebeb7abe3f839ce9df429f54c4362,2020-06-04T17:41:39+00:00
meshtastic/firmware,0.6.4,1897d4703c490ad8c85720c8a0ea9432e302a362,2020-05-22T00:55:31+00:00
meshtastic/firmware,0.6.3,32d0368f590b2071c366d5c5bf92df33e4b0e18b,2020-05-06T01:49:44+00:00
meshtastic/firmware,0.6.2,f10ad07f979d00a65f95fe42c591dd7e91578add,2020-05-05T03:18:33+00:00
meshtastic/firmware,0.6.1,916e62398da4a666885060237cfd2d54db7ebaad,2020-05-02T00:01:52+00:00
meshtastic/firmware,0.6.0,6a54bbcf2a61fa77fc3b7af750e2289a4752ed99,2020-04-28T22:46:56+00:00
meshtastic/firmware,0.4.3,fab616a15eeeffb23235633d69c1c3c2b99cd6f2,2020-04-19T15:39:51+00:00
meshtastic/firmware,0.4.2,598abb0d23386834aefa51445e901ff73dc1f67b,2020-04-18T01:55:23+00:00
meshtastic/firmware,0.4.1,ab61e6405639856f3532d2017715501d384a37f0,2020-04-17T21:37:03+00:00
meshtastic/firmware,0.2.3,e32b41938ad953e5b2dbf4865f8a99ea99561f26,2020-04-05T21:41:52+00:00
meshtastic/firmware,0.2.0,450fb7bc3594b96cb1c94acc6423ccf04fd60439,2020-03-29T03:22:36+00:00
meshtastic/firmware,0.1.10,4c35d1f2071a4769be55b4f8251c4bb9ebf43db4,2020-03-25T23:24:56+00:00
meshtastic/firmware,0.1.9,907550191707c7f09847baa741e7e8cc8061def1,2020-03-24T22:30:04+00:00
meshtastic/firmware,0.1.8,ef5cdefca6ee5392e300a17caf86e0aa82f810f8,2020-03-19T01:55:57+00:00
meshtastic/firmware,0.1.7,2ce1b4bb2c17bea7e33a216cc8cca9ac32015ac3,2020-03-18T03:02:01+00:00
meshtastic/firmware,0.1.6,0d62a2be85731fdb1ba995b8e7488bb57317afaa,2020-03-15T01:48:15+00:00
meshtastic/firmware,0.1.5,e93187b630e577e0ad92dc5ac3224e185eb7731e,2020-03-12T16:34:10+00:00
meshtastic/firmware,0.1.3,5dbacbddbac72f86ad9934b445745ef3ee8a0012,2020-03-08T18:07:27+00:00
meshtastic/firmware,0.1.0,651b13b3e54eb65120c46e6c847d5159c1af2d49,2020-03-05T00:49:59+00:00
meshtastic/firmware,0.0.9,a91fba763a9aabe4a99100294a28c1d61358ad17,2020-03-03T16:29:37+00:00
meshtastic/firmware,0.0.5,877e312833f058d721f13895782702cc264f7e44,2020-02-26T17:00:53+00:00
meshtastic/firmware,0.0.4,0110e1d2e02a50ecff34c45c60f36caa05dafc6e,2020-02-24T04:08:20+00:00
meshtastic/firmware,0.0.3,4dc8af3a1b5943f1f083894b0445837e4c816b42,2020-02-20T04:02:57+00:00
meshtastic/web,v2.7.0,e2f03aaf81cfce858b176a25e2cdbd61a2769c71,2025-06-24T22:19:26+00:00
meshtastic/web,v2.6.7,acfa7d2269a70c4d881c8cf27a39c65981427e28,2025-10-16T13:56:32+00:00
meshtastic/web,v2.6.6,40c2bfa535c176d0919b0afac298e11c7a0f847a,2025-08-19T18:50:54+00:00
meshtastic/web,v2.6.5,284ccd43f84ea1716bc54afa9adda16c83aef6fa,2025-08-08T18:54:20+00:00
meshtastic/web,v2.6.4,513a285fee5eed9f1f0e1d576475d4615e140f66,2025-05-13T12:45:24+00:00
meshtastic/web,v2.6.0,633b99d6b26053b54135dc70e11f77ded1cef57f,2025-04-02T00:48:17+00:00
meshtastic/web,v2.5.4,72fc3ea3372e6c1d26edda790b033109f68d17f8,2024-11-09T17:43:00+00:00
meshtastic/web,v2.5.3,06d2c393ce4d83bfb42158e333dbd5362a0c0c34,2024-09-22T23:54:57+00:00
meshtastic/web,v2.5.1,3fe38eb506dcb5f16d2bab4fbe0c70f1e4e965b6,2024-09-11T00:53:31+00:00
meshtastic/web,v1.0.0,6d6149e1da33878055740bf944209ba936de1c8f,2024-06-18T00:23:40+00:00
meshtastic/web,pre-release,2e12b27566011d3b5512c909db8d2896c2de9458,2024-09-08T22:13:42+00:00
meshtastic/web,latest,530d33d1e4d54a72407ffbbfccf0a14a8d7760af,2024-09-05T11:19:17+00:00
meshtastic/web,2.5.2,921db10d91675cf62a22c72dd7f867d0999c0cd0,2024-09-12T21:20:09+00:00
oklabflensburg/oddfl,v1.0.0,aa3ac1d07e3734291634750da58db27a2be8f371,2025-01-30T19:32:43+00:00
openlegaldata/oldp,v0.10.13,39efb372f3ce6b8e940cae95b0036ae295e79191,2026-05-31T18:37:54+00:00
openlegaldata/oldp,v0.10.12,9f96eab503e73f5e625452566d20bf736951dde7,2026-05-29T09:15:15+00:00
openlegaldata/oldp,v0.10.11,8e14487bddce1e9932a4adbd4a863246abbe9642,2026-05-28T17:24:04+00:00
openlegaldata/oldp,v0.10.10,bf007f6bd665463a0f61a4563646cc10e2427f47,2026-05-28T15:12:58+00:00
openlegaldata/oldp,v0.10.9,ada9ab8e1347ad3e68dacaf49111a4df796b1bb7,2026-05-28T10:58:52+00:00
openlegaldata/oldp,v0.10.8,8e37c265c7ff707b9d9849f7e9ab9aff311a10d6,2026-05-28T09:19:38+00:00
openlegaldata/oldp,v0.10.7,b3678d746e6bfc79029cd7fbeeae843e02584eb4,2026-05-27T12:33:52+00:00
openlegaldata/oldp,v0.10.6,15dc3479fddc5f14115cf8c4cc4ae1a5694916d1,2026-05-20T17:18:40+00:00
openlegaldata/oldp,v0.10.5,81774e38363f824f4f53aabb39c0cb3858b920a1,2026-05-20T13:51:45+00:00
openlegaldata/oldp,v0.10.4,2fa9509b2bc7f0d012ad8d01d6fc6cb1a9b4d159,2026-05-20T09:53:40+00:00
openlegaldata/oldp,v0.10.3,9497b3db2b2d67f5212bbd118b72a30ec01dee25,2026-05-15T07:38:12+00:00
openlegaldata/oldp,v0.10.2,954b7512161e1990a6b74931178a1e8963d019f9,2026-05-08T20:37:08+00:00
openlegaldata/oldp,v0.10.1,595bf41a33e6785c09d69a4acdb47db1768b6c51,2026-05-06T08:24:48+00:00
openlegaldata/oldp,v0.10.0,d646730fc7590117bd2bb5958d147efc4f8624f8,2026-05-06T07:50:32+00:00
openlegaldata/oldp,v0.9.14,c978e3f36078d21ec4ab85f10393f06996af20f0,2026-05-04T08:30:25+00:00
openlegaldata/oldp,v0.9.13,3871a2e227a97b00189ed5fa9984a0dd79262de8,2026-04-09T08:22:12+00:00
openlegaldata/oldp,v0.9.12,e79edbdc2d1f58efa47a99a13519e64cfc0f17b5,2026-03-30T19:12:05+00:00
openlegaldata/oldp,v0.9.11,dd2e48fecf0de540427f30390930e148c7d10edb,2026-03-30T18:44:35+00:00
openlegaldata/oldp,v0.9.10,c5af22a64ac5e4371720279285531acad9bcb03f,2026-03-19T11:55:33+00:00
openlegaldata/oldp,v0.9.9,04b251733ef86b15009c9226a20d8f1577968fe0,2026-03-17T19:42:55+00:00
openlegaldata/oldp,v0.9.8,acfddde52c614a1865a8166e9da7f3ae888a6507,2026-03-15T22:33:21+00:00
openlegaldata/oldp,v0.9.7,8f15746e2d5ec861463ae216aae5b607e1b8eb44,2026-03-15T21:03:54+00:00
openlegaldata/oldp,v0.9.6,0abba70de31e1e0c555cf0284e283bb93530f975,2026-02-23T15:46:38+00:00
openlegaldata/oldp,v0.9.5,640074ac6ba8aa4272f81e08e022f203b26d043c,2026-02-23T11:27:59+00:00
openlegaldata/oldp,v0.9.4,daae9d0d89a04a35af4b7b17378b7fdfe1467284,2026-02-18T15:19:57+00:00
openlegaldata/oldp,v0.9.3,5e9b7c3cd1f09cd1823a0561de8210ef7c91909b,2026-02-18T10:00:37+00:00
openlegaldata/oldp,v0.9.2,2ee3d2db1935eca12299edb8792413e2666d7719,2026-02-13T15:34:42+00:00
openlegaldata/oldp,v0.9.1,dc6713051ce94c497b93b90acd1c22ba494f32e3,2026-02-13T12:39:55+00:00
openlegaldata/oldp,0.8.0,92e2dd6d78aea480e817b1bd7443e9f80a7888b6,2019-03-29T13:50:26+00:00
