repo_full_name,week_start,total_commits,unique_contributors,new_contributors,cumulative_commits,cumulative_contributors
CivicTechWR/WRVotesPlaceholder,2018-03-26,1,1,1,1,1
CivicTechWR/WRVotesPlaceholder,2018-04-09,1,1,0,2,1
CivicTechWR/WRVotesPlaceholder,2018-04-23,8,1,0,10,1
CivicTechWR/WRVotesPlaceholder,2018-05-07,20,2,1,30,2
CivicTechWR/WRVotesPlaceholder,2018-05-21,2,1,0,32,2
CivicTechWR/WRVotesPlaceholder,2018-06-04,4,2,1,36,3
CivicTechWR/WRVotesPlaceholder,2018-07-09,81,1,1,117,4
CivicTechWR/WRVotesPlaceholder,2018-07-16,125,3,1,242,5
CivicTechWR/WRVotesPlaceholder,2018-07-23,146,4,2,388,7
CivicTechWR/WRVotesPlaceholder,2018-07-30,141,3,1,529,8
CivicTechWR/WRVotesPlaceholder,2018-08-06,104,5,2,633,10
CivicTechWR/WRVotesPlaceholder,2018-08-13,49,3,1,682,11
CivicTechWR/WRVotesPlaceholder,2018-08-20,200,7,3,882,14
CivicTechWR/WRVotesPlaceholder,2018-08-27,47,5,0,929,14
CivicTechWR/WRVotesPlaceholder,2018-09-03,61,5,0,990,14
CivicTechWR/WRVotesPlaceholder,2018-09-10,58,4,0,1048,14
CivicTechWR/WRVotesPlaceholder,2018-09-17,64,3,0,1112,14
CivicTechWR/WRVotesPlaceholder,2018-09-24,57,4,0,1169,14
CivicTechWR/WRVotesPlaceholder,2018-10-01,59,5,0,1228,14
CivicTechWR/WRVotesPlaceholder,2018-10-08,47,7,3,1275,17
CivicTechWR/WRVotesPlaceholder,2018-10-15,48,6,1,1323,18
CivicTechWR/WRVotesPlaceholder,2018-10-22,34,4,0,1357,18
CivicTechWR/WRVotesPlaceholder,2018-10-29,44,3,0,1401,18
CivicTechWR/WRVotesPlaceholder,2018-11-05,12,2,0,1413,18
CivicTechWR/WRVotesPlaceholder,2018-11-12,11,2,0,1424,18
CivicTechWR/WRVotesPlaceholder,2018-11-19,9,2,0,1433,18
CivicTechWR/WRVotesPlaceholder,2018-11-26,7,1,0,1440,18
CivicTechWR/WRVotesPlaceholder,2018-12-03,5,1,0,1445,18
CivicTechWR/WRVotesPlaceholder,2019-06-10,10,1,0,1455,18
CivicTechWR/WRVotesPlaceholder,2019-09-09,1,1,1,1456,19
CivicTechWR/WRVotesPlaceholder,2019-09-16,37,2,0,1493,19
CivicTechWR/WRVotesPlaceholder,2019-09-23,42,2,1,1535,20
CivicTechWR/WRVotesPlaceholder,2019-09-30,41,5,1,1576,21
CivicTechWR/WRVotesPlaceholder,2019-10-07,22,3,0,1598,21
CivicTechWR/WRVotesPlaceholder,2019-10-14,18,2,1,1616,22
CivicTechWR/WRVotesPlaceholder,2019-10-21,14,2,0,1630,22
CivicTechWR/WRVotesPlaceholder,2019-10-28,7,1,0,1637,22
CivicTechWR/WRVotesPlaceholder,2019-11-04,7,1,0,1644,22
CivicTechWR/WRVotesPlaceholder,2019-11-11,1,1,0,1645,22
CivicTechWR/WRVotesPlaceholder,2022-08-01,2,1,0,1647,22
CivicTechWR/WRVotesPlaceholder,2022-08-08,3,1,0,1650,22
CivicTechWR/WRVotesPlaceholder,2022-08-15,13,1,0,1663,22
CivicTechWR/WRVotesPlaceholder,2022-08-22,11,1,0,1674,22
CivicTechWR/WRVotesPlaceholder,2022-08-29,28,2,1,1702,23
CivicTechWR/WRVotesPlaceholder,2022-09-05,29,2,0,1731,23
CivicTechWR/WRVotesPlaceholder,2022-09-12,57,2,0,1788,23
CivicTechWR/WRVotesPlaceholder,2022-09-19,45,2,0,1833,23
CivicTechWR/WRVotesPlaceholder,2022-09-26,46,2,0,1879,23
CivicTechWR/WRVotesPlaceholder,2022-10-03,46,2,0,1925,23
CivicTechWR/WRVotesPlaceholder,2022-10-10,36,2,0,1961,23
CivicTechWR/WRVotesPlaceholder,2022-10-17,39,2,0,2000,23
CivicTechWR/WRVotesPlaceholder,2022-10-24,32,2,0,2032,23
CivicTechWR/WRVotesPlaceholder,2022-10-31,3,2,0,2035,23
CivicTechWR/WRVotesPlaceholder,2022-11-07,3,1,0,2038,23
CivicTechWR/WRVotesPlaceholder,2022-11-28,5,1,0,2043,23
CivicTechWR/WRVotesPlaceholder,2022-12-05,2,2,0,2045,23
CivicTechWR/WRVotesPlaceholder,2023-01-02,2,1,0,2047,23
CivicTechWR/WRVotesPlaceholder,2025-02-10,1,1,0,2048,23
CivicTechWR/WRVotesPlaceholder,2025-10-13,5,2,1,2053,24
CivicTechWR/WRVotesPlaceholder,2025-10-20,4,1,1,2057,25
CivicTechWR/WRVotesPlaceholder,2025-12-29,8,1,0,2065,25
CivicTechWR/WRVotesPlaceholder,2026-01-05,20,1,0,2085,25
CivicTechWR/WRVotesPlaceholder,2026-01-12,8,1,0,2093,25
CivicTechWR/WRVotesPlaceholder,2026-01-19,4,1,0,2097,25
CivicTechWR/WRVotesPlaceholder,2026-01-26,11,1,0,2108,25
CivicTechWR/WRVotesPlaceholder,2026-02-02,10,2,1,2118,26
CivicTechWR/WRVotesPlaceholder,2026-05-25,21,1,0,2139,26
CivicTechWR/WRVotesPlaceholder,2026-06-01,3,1,0,2142,26
CivicTechWR/accessible-housing-portal,2019-07-15,1,1,1,1,1
CivicTechWR/accessible-housing-portal,2019-07-22,2,2,1,3,2
CivicTechWR/accessible-housing-portal,2019-07-29,4,3,1,7,3
CivicTechWR/accessible-housing-portal,2019-08-05,5,3,0,12,3
CivicTechWR/accessible-housing-portal,2019-08-12,4,3,0,16,3
CivicTechWR/accessible-housing-portal,2019-08-19,3,3,0,19,3
CivicTechWR/accessible-housing-portal,2019-08-26,4,2,0,23,3
CivicTechWR/accessible-housing-portal,2019-09-02,1,1,0,24,3
CivicTechWR/accessible-housing-portal,2019-09-09,2,2,0,26,3
CivicTechWR/accessible-housing-portal,2019-09-16,2,2,1,28,4
CivicTechWR/accessible-housing-portal,2019-09-30,5,3,0,33,4
CivicTechWR/accessible-housing-portal,2019-10-07,3,2,1,36,5
CivicTechWR/accessible-housing-portal,2019-10-14,4,3,0,40,5
CivicTechWR/accessible-housing-portal,2019-10-21,7,3,0,47,5
CivicTechWR/accessible-housing-portal,2019-10-28,5,2,0,52,5
CivicTechWR/accessible-housing-portal,2019-11-04,3,2,1,55,6
CivicTechWR/accessible-housing-portal,2019-11-11,4,3,0,59,6
CivicTechWR/accessible-housing-portal,2019-12-02,7,2,0,66,6
CivicTechWR/accessible-housing-portal,2019-12-09,3,2,0,69,6
CivicTechWR/accessible-housing-portal,2020-01-06,4,1,0,73,6
CivicTechWR/accessible-housing-portal,2020-01-13,7,3,0,80,6
CivicTechWR/accessible-housing-portal,2020-01-20,1,1,0,81,6
CivicTechWR/accessible-housing-portal,2020-02-03,5,2,0,86,6
CivicTechWR/accessible-housing-portal,2020-02-10,2,1,0,88,6
CivicTechWR/accessible-housing-portal,2020-02-17,3,1,0,91,6
CivicTechWR/accessible-housing-portal,2020-02-24,1,1,0,92,6
CivicTechWR/accessible-housing-portal,2020-03-02,9,3,0,101,6
CivicTechWR/accessible-housing-portal,2020-03-09,1,1,0,102,6
CivicTechWR/accessible-housing-portal,2020-03-16,4,2,0,106,6
CivicTechWR/accessible-housing-portal,2020-03-23,3,2,0,109,6
CivicTechWR/accessible-housing-portal,2020-03-30,6,2,0,115,6
CivicTechWR/accessible-housing-portal,2020-04-06,8,3,0,123,6
CivicTechWR/accessible-housing-portal,2020-04-13,4,2,0,127,6
CivicTechWR/accessible-housing-portal,2020-04-20,8,3,0,135,6
CivicTechWR/accessible-housing-portal,2020-04-27,4,4,1,139,7
CivicTechWR/accessible-housing-portal,2020-05-04,6,4,0,145,7
CivicTechWR/accessible-housing-portal,2020-05-11,2,2,0,147,7
CivicTechWR/accessible-housing-portal,2020-05-18,3,2,0,150,7
CivicTechWR/accessible-housing-portal,2020-05-25,2,2,0,152,7
CivicTechWR/accessible-housing-portal,2020-06-01,13,5,1,165,8
CivicTechWR/accessible-housing-portal,2020-06-15,11,6,0,176,8
CivicTechWR/accessible-housing-portal,2020-06-22,4,3,0,180,8
CivicTechWR/accessible-housing-portal,2020-06-29,17,5,0,197,8
CivicTechWR/accessible-housing-portal,2020-07-06,7,4,0,204,8
CivicTechWR/accessible-housing-portal,2020-07-13,12,4,0,216,8
CivicTechWR/accessible-housing-portal,2020-07-20,9,4,0,225,8
CivicTechWR/accessible-housing-portal,2020-07-27,9,6,1,234,9
CivicTechWR/accessible-housing-portal,2020-08-03,10,4,1,244,10
CivicTechWR/accessible-housing-portal,2020-08-10,19,5,0,263,10
CivicTechWR/accessible-housing-portal,2020-08-17,7,5,0,270,10
CivicTechWR/accessible-housing-portal,2020-08-24,11,6,0,281,10
CivicTechWR/accessible-housing-portal,2020-08-31,21,6,0,302,10
CivicTechWR/accessible-housing-portal,2020-09-07,21,5,0,323,10
CivicTechWR/accessible-housing-portal,2020-09-14,16,6,0,339,10
CivicTechWR/accessible-housing-portal,2020-09-21,15,7,0,354,10
CivicTechWR/accessible-housing-portal,2020-09-28,6,3,0,360,10
CivicTechWR/accessible-housing-portal,2020-10-05,7,3,0,367,10
CivicTechWR/accessible-housing-portal,2020-10-12,5,3,0,372,10
CivicTechWR/accessible-housing-portal,2020-10-19,13,5,0,385,10
CivicTechWR/accessible-housing-portal,2020-10-26,9,5,0,394,10
CivicTechWR/accessible-housing-portal,2020-11-02,4,2,0,398,10
CivicTechWR/accessible-housing-portal,2020-11-09,10,3,0,408,10
CivicTechWR/accessible-housing-portal,2020-11-16,11,3,0,419,10
CivicTechWR/accessible-housing-portal,2020-11-23,7,2,0,426,10
CivicTechWR/accessible-housing-portal,2020-11-30,6,4,0,432,10
CivicTechWR/accessible-housing-portal,2020-12-07,18,3,0,450,10
CivicTechWR/accessible-housing-portal,2020-12-14,3,2,0,453,10
CivicTechWR/accessible-housing-portal,2020-12-21,4,3,0,457,10
CivicTechWR/accessible-housing-portal,2021-01-04,2,1,1,459,11
CivicTechWR/accessible-housing-portal,2021-01-11,9,3,0,468,11
CivicTechWR/accessible-housing-portal,2021-01-18,12,3,0,480,11
CivicTechWR/accessible-housing-portal,2021-01-25,8,4,0,488,11
CivicTechWR/accessible-housing-portal,2021-02-01,6,3,0,494,11
CivicTechWR/accessible-housing-portal,2021-02-08,21,5,1,515,12
CivicTechWR/accessible-housing-portal,2021-02-15,11,5,0,526,12
CivicTechWR/accessible-housing-portal,2021-02-22,5,3,0,531,12
CivicTechWR/accessible-housing-portal,2021-03-01,5,2,0,536,12
CivicTechWR/accessible-housing-portal,2021-03-08,11,4,0,547,12
CivicTechWR/accessible-housing-portal,2021-03-15,1,1,1,548,13
CivicTechWR/accessible-housing-portal,2021-03-29,4,3,1,552,14
CivicTechWR/accessible-housing-portal,2021-04-05,10,6,0,562,14
CivicTechWR/accessible-housing-portal,2021-04-12,9,5,0,571,14
CivicTechWR/accessible-housing-portal,2021-04-19,14,4,0,585,14
CivicTechWR/accessible-housing-portal,2021-04-26,8,5,0,593,14
CivicTechWR/accessible-housing-portal,2021-05-03,5,3,0,598,14
CivicTechWR/accessible-housing-portal,2021-05-10,21,7,1,619,15
CivicTechWR/accessible-housing-portal,2021-05-17,13,5,0,632,15
CivicTechWR/accessible-housing-portal,2021-05-24,16,6,0,648,15
CivicTechWR/accessible-housing-portal,2021-05-31,9,6,0,657,15
CivicTechWR/accessible-housing-portal,2021-06-07,22,7,1,679,16
CivicTechWR/accessible-housing-portal,2021-06-14,4,3,0,683,16
CivicTechWR/accessible-housing-portal,2021-06-21,19,5,0,702,16
CivicTechWR/accessible-housing-portal,2021-06-28,16,4,0,718,16
CivicTechWR/accessible-housing-portal,2021-07-05,12,6,2,730,18
CivicTechWR/accessible-housing-portal,2021-07-12,12,8,1,742,19
CivicTechWR/accessible-housing-portal,2021-07-19,17,8,0,759,19
CivicTechWR/accessible-housing-portal,2021-07-26,20,10,2,779,21
CivicTechWR/accessible-housing-portal,2021-08-02,17,9,0,796,21
CivicTechWR/accessible-housing-portal,2021-08-09,33,9,1,829,22
CivicTechWR/accessible-housing-portal,2021-08-16,26,10,1,855,23
CivicTechWR/accessible-housing-portal,2021-08-23,32,6,0,887,23
CivicTechWR/accessible-housing-portal,2021-08-30,14,5,0,901,23
CivicTechWR/accessible-housing-portal,2021-09-06,35,8,0,936,23
CivicTechWR/accessible-housing-portal,2021-09-13,66,10,0,1002,23
CivicTechWR/accessible-housing-portal,2021-09-20,24,5,0,1026,23
CivicTechWR/accessible-housing-portal,2021-09-27,17,6,0,1043,23
CivicTechWR/accessible-housing-portal,2021-10-04,25,9,0,1068,23
CivicTechWR/accessible-housing-portal,2021-10-11,32,6,1,1100,24
CivicTechWR/accessible-housing-portal,2021-10-18,58,8,2,1158,26
CivicTechWR/accessible-housing-portal,2021-10-25,34,8,0,1192,26
CivicTechWR/accessible-housing-portal,2021-11-01,36,8,0,1228,26
CivicTechWR/accessible-housing-portal,2021-11-08,43,9,0,1271,26
CivicTechWR/accessible-housing-portal,2021-11-15,37,6,0,1308,26
CivicTechWR/accessible-housing-portal,2021-11-22,62,9,1,1370,27
CivicTechWR/accessible-housing-portal,2021-11-29,65,7,0,1435,27
CivicTechWR/accessible-housing-portal,2021-12-06,73,9,1,1508,28
CivicTechWR/accessible-housing-portal,2021-12-13,50,8,0,1558,28
CivicTechWR/accessible-housing-portal,2021-12-20,22,3,0,1580,28
CivicTechWR/accessible-housing-portal,2021-12-27,1,1,0,1581,28
CivicTechWR/accessible-housing-portal,2022-01-03,58,7,0,1639,28
CivicTechWR/accessible-housing-portal,2022-01-10,25,5,0,1664,28
CivicTechWR/accessible-housing-portal,2022-01-17,12,3,0,1676,28
CivicTechWR/accessible-housing-portal,2022-01-24,22,6,0,1698,28
CivicTechWR/accessible-housing-portal,2022-01-31,41,7,0,1739,28
CivicTechWR/accessible-housing-portal,2022-02-07,29,7,1,1768,29
CivicTechWR/accessible-housing-portal,2022-02-14,36,7,0,1804,29
CivicTechWR/accessible-housing-portal,2022-02-21,21,4,0,1825,29
CivicTechWR/accessible-housing-portal,2022-02-28,9,4,0,1834,29
CivicTechWR/accessible-housing-portal,2022-03-07,3,3,0,1837,29
CivicTechWR/accessible-housing-portal,2022-03-14,2,2,0,1839,29
CivicTechWR/accessible-housing-portal,2022-03-21,7,4,0,1846,29
CivicTechWR/accessible-housing-portal,2022-03-28,27,5,2,1873,31
CivicTechWR/accessible-housing-portal,2022-04-04,25,7,0,1898,31
CivicTechWR/accessible-housing-portal,2022-04-11,15,5,0,1913,31
CivicTechWR/accessible-housing-portal,2022-04-18,34,9,0,1947,31
CivicTechWR/accessible-housing-portal,2022-04-25,21,7,0,1968,31
CivicTechWR/accessible-housing-portal,2022-05-02,12,5,0,1980,31
CivicTechWR/accessible-housing-portal,2022-05-09,10,5,0,1990,31
CivicTechWR/accessible-housing-portal,2022-05-16,4,2,0,1994,31
CivicTechWR/accessible-housing-portal,2022-05-23,23,7,0,2017,31
CivicTechWR/accessible-housing-portal,2022-05-30,18,7,2,2035,33
CivicTechWR/accessible-housing-portal,2022-06-06,27,6,1,2062,34
CivicTechWR/accessible-housing-portal,2022-06-13,16,6,0,2078,34
CivicTechWR/accessible-housing-portal,2022-06-20,14,8,0,2092,34
CivicTechWR/accessible-housing-portal,2022-06-27,10,4,0,2102,34
CivicTechWR/accessible-housing-portal,2022-07-04,8,5,0,2110,34
CivicTechWR/accessible-housing-portal,2022-07-11,23,8,1,2133,35
CivicTechWR/accessible-housing-portal,2022-07-18,15,7,0,2148,35
CivicTechWR/accessible-housing-portal,2022-07-25,28,9,0,2176,35
CivicTechWR/accessible-housing-portal,2022-08-01,17,7,0,2193,35
CivicTechWR/accessible-housing-portal,2022-08-08,11,5,0,2204,35
CivicTechWR/accessible-housing-portal,2022-08-15,23,10,1,2227,36
CivicTechWR/accessible-housing-portal,2022-08-22,24,5,0,2251,36
CivicTechWR/accessible-housing-portal,2022-08-29,24,5,1,2275,37
CivicTechWR/accessible-housing-portal,2022-09-05,4,3,0,2279,37
CivicTechWR/accessible-housing-portal,2022-09-12,12,6,0,2291,37
CivicTechWR/accessible-housing-portal,2022-09-19,8,4,0,2299,37
CivicTechWR/accessible-housing-portal,2022-09-26,22,7,0,2321,37
CivicTechWR/accessible-housing-portal,2022-10-03,10,3,0,2331,37
CivicTechWR/accessible-housing-portal,2022-10-10,4,3,0,2335,37
CivicTechWR/accessible-housing-portal,2022-10-17,10,4,0,2345,37
CivicTechWR/accessible-housing-portal,2022-10-24,12,4,0,2357,37
CivicTechWR/accessible-housing-portal,2022-10-31,6,4,0,2363,37
CivicTechWR/accessible-housing-portal,2022-11-07,1,1,0,2364,37
CivicTechWR/accessible-housing-portal,2022-11-14,5,4,0,2369,37
CivicTechWR/accessible-housing-portal,2022-11-21,6,2,0,2375,37
CivicTechWR/accessible-housing-portal,2022-11-28,7,4,0,2382,37
CivicTechWR/accessible-housing-portal,2022-12-05,23,8,0,2405,37
CivicTechWR/accessible-housing-portal,2022-12-12,4,3,0,2409,37
CivicTechWR/accessible-housing-portal,2022-12-19,4,3,0,2413,37
CivicTechWR/accessible-housing-portal,2023-01-02,2,2,0,2415,37
CivicTechWR/accessible-housing-portal,2023-01-09,10,5,0,2425,37
CivicTechWR/accessible-housing-portal,2023-01-16,6,2,0,2431,37
CivicTechWR/accessible-housing-portal,2023-01-23,3,3,0,2434,37
CivicTechWR/accessible-housing-portal,2023-01-30,8,4,2,2442,39
CivicTechWR/accessible-housing-portal,2023-02-06,6,4,0,2448,39
CivicTechWR/accessible-housing-portal,2023-02-13,2,2,0,2450,39
CivicTechWR/accessible-housing-portal,2023-02-27,4,3,0,2454,39
CivicTechWR/accessible-housing-portal,2023-03-06,4,3,0,2458,39
CivicTechWR/accessible-housing-portal,2023-03-13,2,2,0,2460,39
CivicTechWR/accessible-housing-portal,2023-03-20,4,3,0,2464,39
CivicTechWR/accessible-housing-portal,2023-03-27,4,2,0,2468,39
CivicTechWR/accessible-housing-portal,2023-04-03,7,3,0,2475,39
CivicTechWR/accessible-housing-portal,2023-04-10,5,3,0,2480,39
CivicTechWR/accessible-housing-portal,2023-04-17,5,4,0,2485,39
CivicTechWR/accessible-housing-portal,2023-04-24,3,3,0,2488,39
CivicTechWR/accessible-housing-portal,2023-05-01,4,3,0,2492,39
CivicTechWR/accessible-housing-portal,2023-05-08,3,2,0,2495,39
CivicTechWR/accessible-housing-portal,2023-05-15,6,4,0,2501,39
CivicTechWR/accessible-housing-portal,2023-05-22,3,1,0,2504,39
CivicTechWR/accessible-housing-portal,2023-05-29,3,3,0,2507,39
CivicTechWR/accessible-housing-portal,2023-06-12,4,4,0,2511,39
CivicTechWR/accessible-housing-portal,2023-06-19,6,3,0,2517,39
CivicTechWR/accessible-housing-portal,2023-06-26,3,2,0,2520,39
CivicTechWR/accessible-housing-portal,2023-07-03,7,5,0,2527,39
CivicTechWR/accessible-housing-portal,2023-07-10,4,3,0,2531,39
CivicTechWR/accessible-housing-portal,2023-07-17,2,2,0,2533,39
CivicTechWR/accessible-housing-portal,2023-07-24,7,3,0,2540,39
CivicTechWR/accessible-housing-portal,2023-07-31,2,1,0,2542,39
CivicTechWR/accessible-housing-portal,2023-08-07,9,4,0,2551,39
CivicTechWR/accessible-housing-portal,2023-08-14,4,4,0,2555,39
CivicTechWR/accessible-housing-portal,2023-08-21,5,2,0,2560,39
CivicTechWR/accessible-housing-portal,2023-08-28,9,5,0,2569,39
CivicTechWR/accessible-housing-portal,2023-09-04,2,2,0,2571,39
CivicTechWR/accessible-housing-portal,2023-09-11,1,1,0,2572,39
CivicTechWR/accessible-housing-portal,2023-09-18,10,5,0,2582,39
CivicTechWR/accessible-housing-portal,2023-09-25,1,1,0,2583,39
CivicTechWR/accessible-housing-portal,2023-10-02,2,2,0,2585,39
CivicTechWR/accessible-housing-portal,2023-10-09,1,1,0,2586,39
CivicTechWR/accessible-housing-portal,2023-10-23,5,3,0,2591,39
CivicTechWR/accessible-housing-portal,2023-10-30,4,3,0,2595,39
CivicTechWR/accessible-housing-portal,2023-11-06,3,3,0,2598,39
CivicTechWR/accessible-housing-portal,2023-11-13,3,1,0,2601,39
CivicTechWR/accessible-housing-portal,2023-11-20,7,4,0,2608,39
CivicTechWR/accessible-housing-portal,2023-11-27,5,4,0,2613,39
CivicTechWR/accessible-housing-portal,2023-12-04,3,2,0,2616,39
CivicTechWR/accessible-housing-portal,2023-12-11,8,5,1,2624,40
CivicTechWR/accessible-housing-portal,2023-12-18,4,2,0,2628,40
CivicTechWR/accessible-housing-portal,2024-01-01,2,1,0,2630,40
CivicTechWR/accessible-housing-portal,2024-01-08,10,4,0,2640,40
CivicTechWR/accessible-housing-portal,2024-01-15,6,4,0,2646,40
CivicTechWR/accessible-housing-portal,2024-01-22,7,4,0,2653,40
CivicTechWR/accessible-housing-portal,2024-01-29,4,3,0,2657,40
CivicTechWR/accessible-housing-portal,2024-02-05,27,8,1,2684,41
CivicTechWR/accessible-housing-portal,2024-02-12,4,3,0,2688,41
CivicTechWR/accessible-housing-portal,2024-02-19,3,2,0,2691,41
CivicTechWR/accessible-housing-portal,2024-02-26,4,3,0,2695,41
CivicTechWR/accessible-housing-portal,2024-03-04,7,4,0,2702,41
CivicTechWR/accessible-housing-portal,2024-03-11,11,5,0,2713,41
CivicTechWR/accessible-housing-portal,2024-03-18,10,3,0,2723,41
CivicTechWR/accessible-housing-portal,2024-03-25,2,2,1,2725,42
CivicTechWR/accessible-housing-portal,2024-04-01,4,2,0,2729,42
CivicTechWR/accessible-housing-portal,2024-04-15,5,4,0,2734,42
CivicTechWR/accessible-housing-portal,2024-04-22,2,1,0,2736,42
CivicTechWR/accessible-housing-portal,2024-04-29,3,3,0,2739,42
CivicTechWR/accessible-housing-portal,2024-05-06,4,3,0,2743,42
CivicTechWR/accessible-housing-portal,2024-05-13,2,2,0,2745,42
CivicTechWR/accessible-housing-portal,2024-05-20,7,4,0,2752,42
CivicTechWR/accessible-housing-portal,2024-05-27,5,3,0,2757,42
CivicTechWR/accessible-housing-portal,2024-06-03,5,2,0,2762,42
CivicTechWR/accessible-housing-portal,2024-06-10,9,5,0,2771,42
CivicTechWR/accessible-housing-portal,2024-06-17,4,4,0,2775,42
CivicTechWR/accessible-housing-portal,2024-06-24,10,7,0,2785,42
CivicTechWR/accessible-housing-portal,2024-07-01,6,4,0,2791,42
CivicTechWR/accessible-housing-portal,2024-07-08,5,5,0,2796,42
CivicTechWR/accessible-housing-portal,2024-07-15,5,3,0,2801,42
CivicTechWR/accessible-housing-portal,2024-07-22,6,4,0,2807,42
CivicTechWR/accessible-housing-portal,2024-07-29,3,3,0,2810,42
CivicTechWR/accessible-housing-portal,2024-08-05,5,4,0,2815,42
CivicTechWR/accessible-housing-portal,2024-08-12,7,6,0,2822,42
CivicTechWR/accessible-housing-portal,2024-08-19,4,3,0,2826,42
CivicTechWR/accessible-housing-portal,2024-08-26,11,5,0,2837,42
CivicTechWR/accessible-housing-portal,2024-09-02,6,3,0,2843,42
CivicTechWR/accessible-housing-portal,2024-09-09,6,3,0,2849,42
CivicTechWR/accessible-housing-portal,2024-09-16,5,4,0,2854,42
CivicTechWR/accessible-housing-portal,2024-09-23,1,1,0,2855,42
CivicTechWR/accessible-housing-portal,2024-09-30,14,7,0,2869,42
CivicTechWR/accessible-housing-portal,2024-10-07,16,7,0,2885,42
CivicTechWR/accessible-housing-portal,2024-10-14,8,4,0,2893,42
CivicTechWR/accessible-housing-portal,2024-10-21,3,3,0,2896,42
CivicTechWR/accessible-housing-portal,2024-10-28,3,2,0,2899,42
CivicTechWR/accessible-housing-portal,2024-11-04,3,3,0,2902,42
CivicTechWR/accessible-housing-portal,2024-11-11,4,4,0,2906,42
CivicTechWR/accessible-housing-portal,2024-11-18,4,4,0,2910,42
CivicTechWR/accessible-housing-portal,2024-11-25,3,3,0,2913,42
CivicTechWR/accessible-housing-portal,2024-12-02,4,4,0,2917,42
CivicTechWR/accessible-housing-portal,2024-12-09,2,1,0,2919,42
CivicTechWR/accessible-housing-portal,2024-12-16,1,1,0,2920,42
CivicTechWR/accessible-housing-portal,2024-12-30,3,2,0,2923,42
CivicTechWR/accessible-housing-portal,2025-01-06,3,3,0,2926,42
CivicTechWR/accessible-housing-portal,2025-01-13,4,4,0,2930,42
CivicTechWR/accessible-housing-portal,2025-01-20,5,4,0,2935,42
CivicTechWR/accessible-housing-portal,2025-01-27,8,6,1,2943,43
CivicTechWR/accessible-housing-portal,2025-02-03,1,1,0,2944,43
CivicTechWR/accessible-housing-portal,2025-02-10,5,3,0,2949,43
CivicTechWR/accessible-housing-portal,2025-02-17,5,3,0,2954,43
CivicTechWR/accessible-housing-portal,2025-02-24,7,4,0,2961,43
CivicTechWR/accessible-housing-portal,2025-03-03,8,5,0,2969,43
CivicTechWR/accessible-housing-portal,2025-03-10,3,3,0,2972,43
CivicTechWR/accessible-housing-portal,2025-03-17,2,2,0,2974,43
CivicTechWR/accessible-housing-portal,2025-03-24,9,5,0,2983,43
CivicTechWR/accessible-housing-portal,2025-03-31,5,4,0,2988,43
CivicTechWR/accessible-housing-portal,2025-04-07,8,3,0,2996,43
CivicTechWR/accessible-housing-portal,2025-04-14,13,6,0,3009,43
CivicTechWR/accessible-housing-portal,2025-04-21,9,4,0,3018,43
CivicTechWR/accessible-housing-portal,2025-04-28,3,2,0,3021,43
CivicTechWR/accessible-housing-portal,2025-05-05,2,1,0,3023,43
CivicTechWR/accessible-housing-portal,2025-05-12,10,7,0,3033,43
CivicTechWR/accessible-housing-portal,2025-05-19,7,3,0,3040,43
CivicTechWR/accessible-housing-portal,2025-05-26,10,8,0,3050,43
CivicTechWR/accessible-housing-portal,2025-06-02,11,5,0,3061,43
CivicTechWR/accessible-housing-portal,2025-06-09,8,3,0,3069,43
CivicTechWR/accessible-housing-portal,2025-06-16,10,5,0,3079,43
CivicTechWR/accessible-housing-portal,2025-06-23,6,4,0,3085,43
CivicTechWR/accessible-housing-portal,2025-06-30,6,4,0,3091,43
CivicTechWR/accessible-housing-portal,2025-07-07,11,5,1,3102,44
CivicTechWR/accessible-housing-portal,2025-07-14,9,6,0,3111,44
CivicTechWR/accessible-housing-portal,2025-07-21,14,7,0,3125,44
CivicTechWR/accessible-housing-portal,2025-07-28,19,7,0,3144,44
CivicTechWR/accessible-housing-portal,2025-08-04,8,6,0,3152,44
CivicTechWR/accessible-housing-portal,2025-08-11,5,4,0,3157,44
CivicTechWR/accessible-housing-portal,2025-08-18,5,3,0,3162,44
CivicTechWR/accessible-housing-portal,2025-08-25,13,6,0,3175,44
CivicTechWR/accessible-housing-portal,2025-09-01,5,3,1,3180,45
CivicTechWR/accessible-housing-portal,2025-09-08,9,4,0,3189,45
CivicTechWR/accessible-housing-portal,2025-09-15,7,5,0,3196,45
CivicTechWR/accessible-housing-portal,2025-09-22,2,2,0,3198,45
CivicTechWR/accessible-housing-portal,2025-09-29,6,3,0,3204,45
CivicTechWR/accessible-housing-portal,2025-10-06,8,3,0,3212,45
CivicTechWR/accessible-housing-portal,2025-10-13,7,6,1,3219,46
CivicTechWR/accessible-housing-portal,2025-10-20,7,5,0,3226,46
CivicTechWR/accessible-housing-portal,2025-10-27,7,5,0,3233,46
CivicTechWR/accessible-housing-portal,2025-11-03,7,3,0,3240,46
CivicTechWR/accessible-housing-portal,2025-11-10,8,4,0,3248,46
CivicTechWR/accessible-housing-portal,2025-11-17,9,6,0,3257,46
CivicTechWR/accessible-housing-portal,2025-11-24,8,5,0,3265,46
CivicTechWR/accessible-housing-portal,2025-12-01,10,5,0,3275,46
CivicTechWR/accessible-housing-portal,2025-12-08,14,6,0,3289,46
CivicTechWR/accessible-housing-portal,2025-12-15,8,5,0,3297,46
CivicTechWR/accessible-housing-portal,2025-12-22,4,4,0,3301,46
CivicTechWR/accessible-housing-portal,2025-12-29,1,1,0,3302,46
CivicTechWR/accessible-housing-portal,2026-01-05,19,6,0,3321,46
CivicTechWR/accessible-housing-portal,2026-01-12,12,5,0,3333,46
CivicTechWR/accessible-housing-portal,2026-01-19,6,3,0,3339,46
CivicTechWR/accessible-housing-portal,2026-01-26,15,7,0,3354,46
CivicTechWR/accessible-housing-portal,2026-02-02,16,7,0,3370,46
CivicTechWR/accessible-housing-portal,2026-02-09,11,4,1,3381,47
CivicTechWR/accessible-housing-portal,2026-02-16,5,2,1,3386,48
CivicTechWR/accessible-housing-portal,2026-02-23,11,4,2,3397,50
CivicTechWR/accessible-housing-portal,2026-03-02,5,1,0,3402,50
CivicTechWR/accessible-housing-portal,2026-03-09,4,1,0,3406,50
CivicTechWR/accessible-housing-portal,2026-03-16,8,4,2,3414,52
CivicTechWR/accessible-housing-portal,2026-03-23,1,1,0,3415,52
CivicTechWR/accessible-housing-portal,2026-03-30,15,2,0,3430,52
CivicTechWR/accessible-housing-portal,2026-04-06,1,1,0,3431,52
CivicTechWR/accessible-housing-portal,2026-04-13,14,4,1,3445,53
CivicTechWR/accessible-housing-portal,2026-04-20,27,2,0,3472,53
CivicTechWR/accessible-housing-portal,2026-04-27,4,1,0,3476,53
CivicTechWR/accessible-housing-portal,2026-05-11,2,1,0,3478,53
CivicTechWR/accessible-housing-portal,2026-05-18,4,1,0,3482,53
CivicTechWR/accessible-housing-portal,2026-05-25,1,1,0,3483,53
CivicTechWR/connectedkw,2022-11-21,1,1,1,1,1
CivicTechWR/connectedkw,2022-11-28,1,1,0,2,1
CivicTechWR/connectedkw,2022-12-05,6,1,0,8,1
CivicTechWR/connectedkw,2022-12-12,17,1,0,25,1
CivicTechWR/connectedkw,2022-12-19,12,1,0,37,1
CivicTechWR/connectedkw,2022-12-26,6,1,0,43,1
CivicTechWR/connectedkw,2023-01-02,5,1,0,48,1
CivicTechWR/connectedkw,2023-01-09,6,1,0,54,1
CivicTechWR/connectedkw,2023-04-17,1,1,1,55,2
CivicTechWR/connectedkw,2023-05-29,6,1,0,61,2
CivicTechWR/connectedkw,2023-06-19,3,1,0,64,2
CivicTechWR/connectedkw,2023-06-26,2,1,0,66,2
CivicTechWR/connectedkw,2023-07-03,27,1,0,93,2
CivicTechWR/connectedkw,2023-07-10,6,1,0,99,2
CivicTechWR/connectedkw,2023-11-06,10,1,0,109,2
CivicTechWR/connectedkw,2023-11-13,9,1,0,118,2
CivicTechWR/connectedkw,2023-11-20,1,1,0,119,2
CivicTechWR/connectedkw,2023-12-11,2,1,0,121,2
CivicTechWR/connectedkw,2023-12-18,3,1,0,124,2
CivicTechWR/connectedkw,2023-12-25,7,1,0,131,2
CivicTechWR/connectedkw,2024-01-01,8,1,0,139,2
CivicTechWR/connectedkw,2024-01-08,10,1,0,149,2
CivicTechWR/connectedkw,2024-01-22,1,1,0,150,2
CivicTechWR/connectedkw,2024-01-29,1,1,0,151,2
CivicTechWR/connectedkw,2024-02-19,1,1,0,152,2
CivicTechWR/connectedkw,2024-06-03,24,1,0,176,2
CivicTechWR/connectedkw,2024-06-24,5,1,0,181,2
CivicTechWR/connectedkw,2024-07-01,4,1,0,185,2
CivicTechWR/connectedkw,2024-07-08,6,1,0,191,2
CivicTechWR/connectedkw,2024-07-15,7,1,0,198,2
CivicTechWR/connectedkw,2024-07-22,1,1,0,199,2
CivicTechWR/connectedkw,2024-07-29,1,1,0,200,2
CivicTechWR/connectedkw,2024-08-05,3,1,0,203,2
CivicTechWR/connectedkw,2024-08-26,4,2,1,207,3
CivicTechWR/connectedkw,2024-11-04,1,1,1,208,4
CivicTechWR/connectedkw,2024-11-11,3,1,0,211,4
CivicTechWR/connectedkw,2024-11-18,1,1,1,212,5
CivicTechWR/connectedkw,2024-12-16,5,2,0,217,5
CivicTechWR/connectedkw,2025-01-20,1,1,1,218,6
CivicTechWR/connectedkw,2025-02-10,7,3,1,225,7
CivicTechWR/connectedkw,2025-02-17,7,3,0,232,7
CivicTechWR/connectedkw,2025-02-24,13,5,0,245,7
CivicTechWR/connectedkw,2025-03-10,2,1,0,247,7
CivicTechWR/connectedkw,2025-03-17,7,1,0,254,7
CivicTechWR/connectedkw,2025-04-07,5,1,0,259,7
CivicTechWR/connectedkw,2025-04-14,14,2,0,273,7
CivicTechWR/connectedkw,2025-04-21,19,2,0,292,7
CivicTechWR/connectedkw,2025-04-28,16,3,2,308,9
CivicTechWR/connectedkw,2025-05-12,1,1,0,309,9
CivicTechWR/connectedkw,2025-05-19,15,5,2,324,11
CivicTechWR/connectedkw,2025-05-26,18,6,3,342,14
CivicTechWR/connectedkw,2025-06-02,8,2,0,350,14
CivicTechWR/connectedkw,2025-07-07,2,1,0,352,14
CivicTechWR/connectedkw,2025-07-14,5,3,1,357,15
CivicTechWR/connectedkw,2025-07-28,2,2,0,359,15
CivicTechWR/connectedkw,2025-08-04,2,1,0,361,15
CivicTechWR/connectedkw,2025-08-18,2,2,1,363,16
CivicTechWR/connectedkw,2025-08-25,8,1,1,371,17
CivicTechWR/connectedkw,2025-09-01,23,5,3,394,20
CivicTechWR/connectedkw,2025-09-08,6,3,0,400,20
CivicTechWR/connectedkw,2025-10-13,2,1,1,402,21
CivicTechWR/connectedkw,2025-10-20,1,1,0,403,21
CivicTechWR/connectedkw,2025-11-10,1,1,1,404,22
CivicTechWR/connectedkw,2025-11-24,3,1,0,407,22
CivicTechWR/connectedkw,2025-12-08,7,4,1,414,23
CivicTechWR/go-train-group-pass,2025-10-06,77,4,4,77,4
CivicTechWR/go-train-group-pass,2025-10-13,2,1,0,79,4
CivicTechWR/go-train-group-pass,2025-10-20,4,1,0,83,4
CivicTechWR/go-train-group-pass,2025-11-10,6,4,3,89,7
CivicTechWR/go-train-group-pass,2025-11-17,8,3,1,97,8
CivicTechWR/go-train-group-pass,2025-11-24,2,2,0,99,8
CivicTechWR/go-train-group-pass,2025-12-01,6,3,1,105,9
CivicTechWR/go-train-group-pass,2025-12-08,2,2,0,107,9
CivicTechWR/go-train-group-pass,2026-01-26,1,1,0,108,9
CivicTechWR/project-pech,2025-06-30,2,1,1,2,1
CivicTechWR/project-pech,2025-07-28,8,1,1,10,2
CivicTechWR/project-pech,2025-08-04,8,4,2,18,4
CivicTechWR/project-pech,2025-08-11,1,1,0,19,4
CivicTechWR/project-pech,2025-08-18,1,1,0,20,4
CivicTechWR/project-pech,2025-08-25,6,1,0,26,4
CivicTechWR/project-pech,2025-09-01,80,3,1,106,5
CivicTechWR/project-pech,2025-09-08,61,3,0,167,5
CivicTechWR/project-pech,2025-10-13,1,1,1,168,6
CivicTechWR/project-pech,2025-11-03,1,1,0,169,6
CivicTechWR/project-pech,2025-11-17,2,1,0,171,6
CivicTechWR/project-pech,2025-11-24,1,1,0,172,6
CivicTechWR/project-pech,2025-12-01,11,4,1,183,7
CivicTechWR/project-pech,2025-12-08,2,1,0,185,7
CivicTechWR/project-pech,2025-12-15,1,1,1,186,8
CodeForAfrica/Dominion.AFRICA,2019-07-15,14,2,2,14,2
CodeForAfrica/Dominion.AFRICA,2019-07-22,26,1,0,40,2
CodeForAfrica/Dominion.AFRICA,2019-07-29,29,2,1,69,3
CodeForAfrica/Dominion.AFRICA,2019-08-05,63,4,1,132,4
CodeForAfrica/Dominion.AFRICA,2019-08-12,38,3,0,170,4
CodeForAfrica/Dominion.AFRICA,2019-08-19,45,5,2,215,6
CodeForAfrica/Dominion.AFRICA,2019-08-26,26,5,1,241,7
CodeForAfrica/Dominion.AFRICA,2019-09-02,33,5,0,274,7
CodeForAfrica/Dominion.AFRICA,2019-09-09,23,6,0,297,7
CodeForAfrica/Dominion.AFRICA,2019-09-16,56,5,0,353,7
CodeForAfrica/Dominion.AFRICA,2019-09-23,8,3,0,361,7
CodeForAfrica/Dominion.AFRICA,2019-10-14,12,1,0,373,7
CodeForAfrica/Dominion.AFRICA,2019-10-28,2,1,0,375,7
CodeForAfrica/Dominion.AFRICA,2019-11-04,29,2,0,404,7
CodeForAfrica/Dominion.AFRICA,2019-11-11,16,1,0,420,7
CodeForAfrica/Dominion.AFRICA,2019-11-25,7,2,0,427,7
CodeForAfrica/Dominion.AFRICA,2019-12-02,17,2,0,444,7
CodeForAfrica/Dominion.AFRICA,2020-01-06,18,1,0,462,7
CodeForAfrica/Dominion.AFRICA,2020-01-13,2,1,0,464,7
CodeForAfrica/Dominion.AFRICA,2020-01-27,12,4,0,476,7
CodeForAfrica/Dominion.AFRICA,2020-02-03,1,1,0,477,7
CodeForAfrica/Dominion.AFRICA,2020-03-09,1,1,0,478,7
CodeForAfrica/Dominion.AFRICA,2020-03-23,1,1,0,479,7
CodeForAfrica/Dominion.AFRICA,2020-03-30,1,1,0,480,7
CodeForAfrica/Dominion.AFRICA,2021-03-08,1,1,0,481,7
CodeForAfrica/Dominion.AFRICA,2021-03-29,1,1,0,482,7
CodeForAfrica/Dominion.AFRICA,2021-04-12,6,1,0,488,7
CodeForAfrica/Dominion.AFRICA,2021-04-26,1,1,0,489,7
CodeForAfrica/Dominion.AFRICA,2021-05-10,2,1,0,491,7
CodeForAfrica/Dominion.AFRICA,2021-08-09,22,2,0,513,7
CodeForAfrica/Dominion.AFRICA,2021-12-06,1,1,0,514,7
CodeForAfrica/Dominion.AFRICA,2022-01-10,3,2,0,517,7
CodeForAfrica/Dominion.AFRICA,2022-01-17,1,1,0,518,7
CodeForAfrica/Dominion.AFRICA,2022-02-07,3,2,0,521,7
CodeForAfrica/Dominion.AFRICA,2022-02-14,1,1,0,522,7
CodeForAfrica/Dominion.AFRICA,2022-03-21,2,2,0,524,7
CodeForAfrica/Dominion.AFRICA,2022-05-09,8,1,1,532,8
CodeForAfrica/Dominion.AFRICA,2022-05-23,1,1,0,533,8
CodeForAfrica/Dominion.AFRICA,2022-07-18,2,2,0,535,8
CodeForAfrica/Dominion.AFRICA,2022-12-05,1,1,0,536,8
CodeForAfrica/Dominion.AFRICA,2022-12-12,3,2,0,539,8
CodeForAfrica/Dominion.AFRICA,2023-03-13,2,2,0,541,8
CodeForAfrica/Dominion.AFRICA,2023-07-10,1,1,0,542,8
CodeForAfrica/Dominion.AFRICA,2023-07-17,3,2,0,545,8
CodeForAfrica/Dominion.AFRICA,2024-01-08,6,2,0,551,8
CodeForAfrica/Dominion.AFRICA,2024-03-11,1,1,0,552,8
CodeForAfrica/Dominion.AFRICA,2024-04-01,3,2,0,555,8
CodeForAfrica/Dominion.AFRICA,2024-06-10,1,1,0,556,8
CodeForAfrica/Dominion.AFRICA,2024-06-17,11,1,0,567,8
CodeForAfrica/Dominion.AFRICA,2024-08-26,1,1,0,568,8
CodeForAfrica/Dominion.AFRICA,2024-09-02,3,2,0,571,8
CodeForAfrica/Dominion.AFRICA,2025-09-15,3,1,0,574,8
CodeForAfrica/GenderGap.AFRICA,2017-03-20,1,1,1,1,1
CodeForAfrica/GenderGap.AFRICA,2017-04-03,1,1,1,2,2
CodeForAfrica/GenderGap.AFRICA,2017-04-10,10,1,0,12,2
CodeForAfrica/GenderGap.AFRICA,2017-04-17,2,1,0,14,2
CodeForAfrica/GenderGap.AFRICA,2017-04-24,1,1,0,15,2
CodeForAfrica/GenderGap.AFRICA,2017-05-01,15,1,0,30,2
CodeForAfrica/GenderGap.AFRICA,2017-05-22,2,1,0,32,2
CodeForAfrica/GenderGap.AFRICA,2017-06-12,1,1,0,33,2
CodeForAfrica/GenderGap.AFRICA,2017-06-19,11,1,0,44,2
CodeForAfrica/GenderGap.AFRICA,2017-06-26,5,1,0,49,2
CodeForAfrica/GenderGap.AFRICA,2017-09-18,2,1,1,51,3
CodeForAfrica/GenderGap.AFRICA,2017-09-25,5,1,0,56,3
CodeForAfrica/GenderGap.AFRICA,2017-10-09,4,1,0,60,3
CodeForAfrica/GenderGap.AFRICA,2017-10-23,11,1,0,71,3
CodeForAfrica/GenderGap.AFRICA,2017-10-30,3,1,0,74,3
CodeForAfrica/GenderGap.AFRICA,2017-11-06,6,2,0,80,3
CodeForAfrica/GenderGap.AFRICA,2017-11-13,8,2,0,88,3
CodeForAfrica/GenderGap.AFRICA,2017-11-27,6,1,0,94,3
CodeForAfrica/GenderGap.AFRICA,2018-01-15,28,1,0,122,3
CodeForAfrica/GenderGap.AFRICA,2018-01-22,1,1,0,123,3
CodeForAfrica/GenderGap.AFRICA,2018-01-29,1,1,0,124,3
CodeForAfrica/GenderGap.AFRICA,2018-02-26,2,1,1,126,4
CodeForAfrica/GenderGap.AFRICA,2018-03-05,28,2,0,154,4
CodeForAfrica/GenderGap.AFRICA,2018-03-19,4,2,0,158,4
CodeForAfrica/GenderGap.AFRICA,2018-07-16,18,3,2,176,6
CodeForAfrica/GenderGap.AFRICA,2019-01-07,4,2,1,180,7
CodeForAfrica/GenderGap.AFRICA,2019-05-13,1,1,0,181,7
CodeForAfrica/GenderGap.AFRICA,2019-05-27,2,2,1,183,8
CodeForAfrica/GenderGap.AFRICA,2019-06-03,2,2,0,185,8
CodeForAfrica/GenderGap.AFRICA,2020-02-10,1,1,0,186,8
CodeForAfrica/GenderGap.AFRICA,2020-02-17,1,1,0,187,8
CodeForAfrica/GenderGap.AFRICA,2020-08-31,1,1,0,188,8
CodeForAfrica/GenderGap.AFRICA,2020-12-07,3,2,1,191,9
CodeForAfrica/GenderGap.AFRICA,2021-03-29,1,1,0,192,9
CodeForAfrica/GenderGap.AFRICA,2021-05-10,1,1,0,193,9
CodeForAfrica/GenderGap.AFRICA,2021-08-02,11,2,0,204,9
CodeForAfrica/GenderGap.AFRICA,2021-08-09,2,2,0,206,9
CodeForAfrica/GenderGap.AFRICA,2021-10-04,1,1,0,207,9
CodeForAfrica/GenderGap.AFRICA,2022-01-10,10,5,2,217,11
CodeForAfrica/GenderGap.AFRICA,2022-01-17,2,2,0,219,11
CodeForAfrica/GenderGap.AFRICA,2022-01-24,2,1,0,221,11
CodeForAfrica/GenderGap.AFRICA,2022-01-31,5,2,0,226,11
CodeForAfrica/GenderGap.AFRICA,2022-02-07,1,1,0,227,11
CodeForAfrica/GenderGap.AFRICA,2022-02-14,5,2,0,232,11
CodeForAfrica/GenderGap.AFRICA,2022-10-10,12,2,0,244,11
CodeForAfrica/GenderGap.AFRICA,2022-11-07,1,1,0,245,11
CodeForAfrica/GenderGap.AFRICA,2022-11-14,1,1,0,246,11
CodeForAfrica/GenderGap.AFRICA,2022-11-28,1,1,0,247,11
CodeForAfrica/GenderGap.AFRICA,2022-12-05,1,1,0,248,11
CodeForAfrica/GenderGap.AFRICA,2023-08-28,1,1,0,249,11
CodeForAfrica/GenderGap.AFRICA,2023-09-04,3,2,1,252,12
CodeForAfrica/GenderGap.AFRICA,2024-09-23,1,1,1,253,13
CodeForAfrica/GenderGap.AFRICA,2025-09-01,1,1,0,254,13
CodeForAfrica/PromiseTracker,2025-08-11,2,1,1,2,1
CodeForAfrica/PromiseTracker,2025-08-18,14,1,0,16,1
CodeForAfrica/PromiseTracker,2025-08-25,27,1,0,43,1
CodeForAfrica/PromiseTracker,2025-09-01,12,3,2,55,3
CodeForAfrica/PromiseTracker,2025-09-08,35,3,1,90,4
CodeForAfrica/PromiseTracker,2025-09-15,62,2,0,152,4
CodeForAfrica/PromiseTracker,2025-09-22,19,2,0,171,4
CodeForAfrica/PromiseTracker,2025-09-29,25,3,0,196,4
CodeForAfrica/PromiseTracker,2025-10-06,17,1,0,213,4
CodeForAfrica/PromiseTracker,2025-10-13,4,1,0,217,4
CodeForAfrica/PromiseTracker,2025-10-20,3,3,1,220,5
CodeForAfrica/PromiseTracker,2025-10-27,14,3,0,234,5
CodeForAfrica/PromiseTracker,2025-11-03,8,2,0,242,5
CodeForAfrica/PromiseTracker,2025-11-10,28,1,0,270,5
CodeForAfrica/PromiseTracker,2025-11-17,20,1,0,290,5
CodeForAfrica/PromiseTracker,2025-11-24,9,1,0,299,5
CodeForAfrica/PromiseTracker,2025-12-01,7,1,0,306,5
CodeForAfrica/PromiseTracker,2026-01-05,2,1,0,308,5
CodeForAfrica/PromiseTracker,2026-01-19,10,1,0,318,5
CodeForAfrica/PromiseTracker,2026-01-26,3,1,0,321,5
CodeForAfrica/PromiseTracker,2026-02-02,17,1,0,338,5
CodeForAfrica/PromiseTracker,2026-02-09,2,1,0,340,5
CodeForAfrica/PromiseTracker,2026-02-16,13,1,0,353,5
CodeForAfrica/PromiseTracker,2026-02-23,39,3,0,392,5
CodeForAfrica/PromiseTracker,2026-03-02,13,1,0,405,5
CodeForAfrica/PromiseTracker,2026-03-09,18,1,0,423,5
CodeForAfrica/PromiseTracker,2026-03-16,2,2,0,425,5
CodeForAfrica/PromiseTracker,2026-03-23,1,1,0,426,5
CodeForAfrica/PromiseTracker,2026-04-06,4,1,0,430,5
CodeForAfrica/PromiseTracker,2026-04-20,4,1,0,434,5
CodeForAfrica/PromiseTracker,2026-04-27,8,1,0,442,5
CodeForAfrica/PromiseTracker,2026-05-04,3,1,0,445,5
CodeForAfrica/academy.AFRICA,2023-10-09,16,2,2,16,2
CodeForAfrica/academy.AFRICA,2023-10-16,9,2,0,25,2
CodeForAfrica/academy.AFRICA,2023-10-23,21,1,0,46,2
CodeForAfrica/academy.AFRICA,2023-10-30,21,2,0,67,2
CodeForAfrica/academy.AFRICA,2023-11-06,52,2,0,119,2
CodeForAfrica/academy.AFRICA,2023-11-13,47,2,0,166,2
CodeForAfrica/academy.AFRICA,2023-11-20,53,2,0,219,2
CodeForAfrica/academy.AFRICA,2023-11-27,21,2,0,240,2
CodeForAfrica/academy.AFRICA,2023-12-04,57,2,0,297,2
CodeForAfrica/academy.AFRICA,2023-12-11,37,2,0,334,2
CodeForAfrica/academy.AFRICA,2024-01-01,18,2,0,352,2
CodeForAfrica/academy.AFRICA,2024-01-08,13,2,0,365,2
CodeForAfrica/academy.AFRICA,2024-01-15,12,2,0,377,2
CodeForAfrica/academy.AFRICA,2024-02-05,8,1,0,385,2
CodeForAfrica/academy.AFRICA,2024-02-19,3,2,0,388,2
CodeForAfrica/academy.AFRICA,2024-02-26,4,1,0,392,2
CodeForAfrica/academy.AFRICA,2024-03-04,7,1,0,399,2
CodeForAfrica/academy.AFRICA,2024-03-11,7,2,0,406,2
CodeForAfrica/academy.AFRICA,2024-03-18,22,2,0,428,2
CodeForAfrica/academy.AFRICA,2024-03-25,35,2,0,463,2
CodeForAfrica/academy.AFRICA,2024-04-01,21,2,0,484,2
CodeForAfrica/academy.AFRICA,2024-04-08,9,2,0,493,2
CodeForAfrica/academy.AFRICA,2024-04-15,12,2,0,505,2
CodeForAfrica/academy.AFRICA,2024-04-22,13,2,0,518,2
CodeForAfrica/academy.AFRICA,2024-04-29,9,2,0,527,2
CodeForAfrica/academy.AFRICA,2024-05-06,4,2,0,531,2
CodeForAfrica/academy.AFRICA,2024-05-13,7,2,0,538,2
CodeForAfrica/academy.AFRICA,2024-05-20,5,2,0,543,2
CodeForAfrica/academy.AFRICA,2024-05-27,6,2,0,549,2
CodeForAfrica/academy.AFRICA,2024-06-03,1,1,0,550,2
CodeForAfrica/academy.AFRICA,2024-06-17,2,1,0,552,2
CodeForAfrica/academy.AFRICA,2024-08-05,3,2,0,555,2
CodeForAfrica/academy.AFRICA,2024-08-12,8,2,0,563,2
CodeForAfrica/academy.AFRICA,2024-08-26,9,1,0,572,2
CodeForAfrica/academy.AFRICA,2024-09-02,1,1,0,573,2
CodeForAfrica/academy.AFRICA,2024-09-09,5,2,1,578,3
CodeForAfrica/academy.AFRICA,2024-09-16,6,1,0,584,3
CodeForAfrica/academy.AFRICA,2024-09-23,1,1,0,585,3
CodeForAfrica/academy.AFRICA,2024-09-30,4,1,0,589,3
CodeForAfrica/academy.AFRICA,2024-10-14,3,1,0,592,3
CodeForAfrica/academy.AFRICA,2024-10-21,1,1,0,593,3
CodeForAfrica/academy.AFRICA,2024-10-28,1,1,0,594,3
CodeForAfrica/academy.AFRICA,2024-11-04,6,2,0,600,3
CodeForAfrica/academy.AFRICA,2024-11-18,4,1,0,604,3
CodeForAfrica/academy.AFRICA,2024-11-25,11,2,0,615,3
CodeForAfrica/academy.AFRICA,2024-12-02,2,2,1,617,4
CodeForAfrica/academy.AFRICA,2024-12-09,2,1,0,619,4
CodeForAfrica/academy.AFRICA,2025-02-17,7,2,0,626,4
CodeForAfrica/academy.AFRICA,2025-03-10,7,1,0,633,4
CodeForAfrica/academy.AFRICA,2025-03-24,7,1,0,640,4
CodeForAfrica/academy.AFRICA,2025-04-21,9,1,0,649,4
CodeForAfrica/academy.AFRICA,2025-04-28,3,2,0,652,4
CodeForAfrica/academy.AFRICA,2025-05-05,6,2,0,658,4
CodeForAfrica/academy.AFRICA,2025-07-28,11,1,0,669,4
CodeForAfrica/academy.AFRICA,2025-08-04,1,1,0,670,4
CodeForAfrica/academy.AFRICA,2025-10-20,1,1,1,671,5
CodeForAfrica/academy.AFRICA,2025-12-08,4,1,0,675,5
CodeForAfrica/academy.AFRICA,2026-02-02,3,2,0,678,5
CodeForAfrica/academy.AFRICA,2026-02-09,5,1,0,683,5
CodeForAfrica/academy.AFRICA,2026-02-16,4,1,0,687,5
CodeForAfrica/academy.AFRICA,2026-02-23,9,1,0,696,5
CodeForAfrica/academy.AFRICA,2026-03-09,4,1,0,700,5
CodeForAfrica/academy.AFRICA,2026-03-16,2,1,0,702,5
CodeForAfrica/actNOW,2021-04-19,30,1,1,30,1
CodeForAfrica/actNOW,2021-04-26,16,2,1,46,2
CodeForAfrica/actNOW,2021-05-17,1,1,0,47,2
CodeForAfrica/actNOW,2021-05-24,29,2,1,76,3
CodeForAfrica/actNOW,2021-05-31,14,1,0,90,3
CodeForAfrica/actNOW,2021-06-07,23,4,1,113,4
CodeForAfrica/actNOW,2021-06-14,100,5,1,213,5
CodeForAfrica/actNOW,2021-06-21,50,4,0,263,5
CodeForAfrica/actNOW,2021-06-28,26,4,0,289,5
CodeForAfrica/actNOW,2021-07-05,23,3,0,312,5
CodeForAfrica/actNOW,2021-07-12,31,4,0,343,5
CodeForAfrica/actNOW,2021-07-19,13,4,0,356,5
CodeForAfrica/actNOW,2021-07-26,24,2,0,380,5
CodeForAfrica/actNOW,2021-08-02,21,3,0,401,5
CodeForAfrica/actNOW,2021-08-09,28,2,0,429,5
CodeForAfrica/actNOW,2021-08-16,10,2,0,439,5
CodeForAfrica/actNOW,2021-08-23,3,2,0,442,5
CodeForAfrica/actNOW,2021-08-30,4,2,0,446,5
CodeForAfrica/actNOW,2021-09-06,7,2,0,453,5
CodeForAfrica/actNOW,2021-09-13,3,2,0,456,5
CodeForAfrica/actNOW,2021-09-20,10,3,0,466,5
CodeForAfrica/actNOW,2021-09-27,1,1,0,467,5
CodeForAfrica/actNOW,2021-10-04,1,1,0,468,5
CodeForAfrica/actNOW,2021-10-11,17,3,0,485,5
CodeForAfrica/actNOW,2021-10-18,3,2,0,488,5
CodeForAfrica/actNOW,2021-11-01,5,2,0,493,5
CodeForAfrica/actNOW,2021-11-08,22,3,0,515,5
CodeForAfrica/actNOW,2021-11-15,13,3,0,528,5
CodeForAfrica/actNOW,2021-11-22,5,3,0,533,5
CodeForAfrica/actNOW,2021-11-29,9,2,0,542,5
CodeForAfrica/actNOW,2021-12-06,11,3,0,553,5
CodeForAfrica/actNOW,2021-12-13,10,2,0,563,5
CodeForAfrica/actNOW,2021-12-20,1,1,0,564,5
CodeForAfrica/actNOW,2021-12-27,2,2,0,566,5
CodeForAfrica/actNOW,2022-01-03,24,2,0,590,5
CodeForAfrica/actNOW,2022-01-10,16,3,0,606,5
CodeForAfrica/actNOW,2022-01-17,24,2,0,630,5
CodeForAfrica/actNOW,2022-01-24,13,2,0,643,5
CodeForAfrica/actNOW,2022-01-31,16,3,0,659,5
CodeForAfrica/actNOW,2022-02-07,14,2,0,673,5
CodeForAfrica/actNOW,2022-02-14,27,3,0,700,5
CodeForAfrica/actNOW,2022-02-21,33,3,0,733,5
CodeForAfrica/actNOW,2022-02-28,16,3,0,749,5
CodeForAfrica/actNOW,2022-03-07,8,2,0,757,5
CodeForAfrica/actNOW,2022-03-14,10,3,0,767,5
CodeForAfrica/actNOW,2022-03-21,25,4,0,792,5
CodeForAfrica/actNOW,2022-03-28,13,3,0,805,5
CodeForAfrica/actNOW,2022-04-04,18,2,0,823,5
CodeForAfrica/actNOW,2022-04-11,17,3,0,840,5
CodeForAfrica/actNOW,2022-04-18,9,2,0,849,5
CodeForAfrica/actNOW,2022-04-25,6,2,0,855,5
CodeForAfrica/actNOW,2022-05-02,24,3,0,879,5
CodeForAfrica/actNOW,2022-05-09,14,2,0,893,5
CodeForAfrica/actNOW,2022-05-16,15,2,0,908,5
CodeForAfrica/actNOW,2022-05-23,17,2,0,925,5
CodeForAfrica/actNOW,2022-05-30,12,3,0,937,5
CodeForAfrica/actNOW,2022-06-06,14,2,0,951,5
CodeForAfrica/actNOW,2022-06-13,18,3,0,969,5
CodeForAfrica/actNOW,2022-06-20,20,2,0,989,5
CodeForAfrica/actNOW,2022-06-27,16,2,0,1005,5
CodeForAfrica/actNOW,2022-07-04,19,3,0,1024,5
CodeForAfrica/actNOW,2022-07-11,15,2,0,1039,5
CodeForAfrica/actNOW,2022-07-18,21,2,0,1060,5
CodeForAfrica/actNOW,2022-07-25,16,3,0,1076,5
CodeForAfrica/actNOW,2022-08-01,22,3,0,1098,5
CodeForAfrica/actNOW,2022-08-08,28,3,0,1126,5
CodeForAfrica/actNOW,2022-08-15,18,2,0,1144,5
CodeForAfrica/actNOW,2022-08-22,16,2,0,1160,5
CodeForAfrica/actNOW,2022-08-29,14,2,0,1174,5
CodeForAfrica/actNOW,2022-09-05,18,3,0,1192,5
CodeForAfrica/actNOW,2022-09-12,9,2,0,1201,5
CodeForAfrica/actNOW,2022-09-19,13,2,0,1214,5
CodeForAfrica/actNOW,2022-09-26,14,2,0,1228,5
CodeForAfrica/actNOW,2022-10-03,23,3,0,1251,5
CodeForAfrica/actNOW,2022-10-10,14,3,0,1265,5
CodeForAfrica/actNOW,2022-10-17,14,2,0,1279,5
CodeForAfrica/actNOW,2022-10-24,13,2,0,1292,5
CodeForAfrica/actNOW,2022-10-31,12,2,0,1304,5
CodeForAfrica/actNOW,2022-11-07,9,2,0,1313,5
CodeForAfrica/actNOW,2022-11-14,15,3,0,1328,5
CodeForAfrica/actNOW,2022-11-21,10,3,0,1338,5
CodeForAfrica/actNOW,2022-11-28,11,3,0,1349,5
CodeForAfrica/actNOW,2022-12-05,4,2,0,1353,5
CodeForAfrica/actNOW,2022-12-12,15,3,0,1368,5
CodeForAfrica/actNOW,2022-12-19,2,1,0,1370,5
CodeForAfrica/actNOW,2022-12-26,2,2,0,1372,5
CodeForAfrica/actNOW,2023-01-02,12,2,0,1384,5
CodeForAfrica/actNOW,2023-01-09,22,2,0,1406,5
CodeForAfrica/actNOW,2023-01-16,10,2,0,1416,5
CodeForAfrica/actNOW,2023-01-23,1,1,0,1417,5
CodeForAfrica/actNOW,2023-01-30,23,3,0,1440,5
CodeForAfrica/actNOW,2023-02-06,24,3,0,1464,5
CodeForAfrica/actNOW,2023-02-13,13,3,0,1477,5
CodeForAfrica/actNOW,2023-02-20,14,3,0,1491,5
CodeForAfrica/actNOW,2023-02-27,8,2,0,1499,5
CodeForAfrica/actNOW,2023-03-06,14,2,0,1513,5
CodeForAfrica/actNOW,2023-03-13,9,3,0,1522,5
CodeForAfrica/actNOW,2023-03-20,13,2,0,1535,5
CodeForAfrica/actNOW,2023-03-27,16,2,0,1551,5
CodeForAfrica/actNOW,2023-04-03,12,3,0,1563,5
CodeForAfrica/actNOW,2023-04-10,13,3,0,1576,5
CodeForAfrica/actNOW,2023-04-17,6,2,0,1582,5
CodeForAfrica/actNOW,2023-04-24,11,2,0,1593,5
CodeForAfrica/actNOW,2023-05-01,12,2,0,1605,5
CodeForAfrica/actNOW,2023-05-08,9,2,0,1614,5
CodeForAfrica/actNOW,2023-05-15,9,3,0,1623,5
CodeForAfrica/actNOW,2023-05-22,13,2,0,1636,5
CodeForAfrica/actNOW,2023-05-29,7,2,0,1643,5
CodeForAfrica/actNOW,2023-06-05,11,2,0,1654,5
CodeForAfrica/actNOW,2023-06-12,3,2,0,1657,5
CodeForAfrica/actNOW,2023-06-19,15,2,0,1672,5
CodeForAfrica/actNOW,2023-06-26,6,3,0,1678,5
CodeForAfrica/actNOW,2023-07-03,7,2,0,1685,5
CodeForAfrica/actNOW,2023-07-10,2,2,0,1687,5
CodeForAfrica/actNOW,2023-07-17,2,1,0,1689,5
CodeForAfrica/actNOW,2023-07-31,1,1,0,1690,5
CodeForAfrica/actNOW,2023-08-07,1,1,0,1691,5
CodeForAfrica/actNOW,2023-08-14,1,1,0,1692,5
CodeForAfrica/actNOW,2023-08-21,2,2,0,1694,5
CodeForAfrica/actNOW,2023-08-28,1,1,0,1695,5
CodeForAfrica/actNOW,2023-09-04,2,2,0,1697,5
CodeForAfrica/actNOW,2023-09-11,5,2,0,1702,5
CodeForAfrica/actNOW,2023-09-18,13,2,0,1715,5
CodeForAfrica/actNOW,2023-09-25,7,2,0,1722,5
CodeForAfrica/actNOW,2023-10-02,5,2,0,1727,5
CodeForAfrica/actNOW,2023-10-09,7,3,0,1734,5
CodeForAfrica/actNOW,2023-10-16,7,3,0,1741,5
CodeForAfrica/actNOW,2023-11-13,2,2,0,1743,5
CodeForAfrica/actNOW,2023-11-27,2,2,0,1745,5
CodeForAfrica/actNOW,2023-12-11,2,2,0,1747,5
CodeForAfrica/actNOW,2023-12-25,1,1,0,1748,5
CodeForAfrica/actNOW,2024-01-01,5,2,0,1753,5
CodeForAfrica/actNOW,2024-01-08,12,3,0,1765,5
CodeForAfrica/actNOW,2024-01-15,12,2,0,1777,5
CodeForAfrica/actNOW,2024-01-22,4,2,0,1781,5
CodeForAfrica/actNOW,2024-01-29,10,3,0,1791,5
CodeForAfrica/actNOW,2024-02-05,7,2,0,1798,5
CodeForAfrica/actNOW,2024-02-12,10,3,0,1808,5
CodeForAfrica/actNOW,2024-02-19,4,2,0,1812,5
CodeForAfrica/actNOW,2024-02-26,8,2,0,1820,5
CodeForAfrica/actNOW,2024-03-04,4,2,0,1824,5
CodeForAfrica/actNOW,2024-03-11,7,3,0,1831,5
CodeForAfrica/actNOW,2024-03-18,13,3,0,1844,5
CodeForAfrica/actNOW,2024-03-25,4,2,0,1848,5
CodeForAfrica/actNOW,2024-04-01,8,2,0,1856,5
CodeForAfrica/actNOW,2024-04-08,10,3,0,1866,5
CodeForAfrica/actNOW,2024-04-15,8,3,0,1874,5
CodeForAfrica/actNOW,2024-04-22,7,2,0,1881,5
CodeForAfrica/actNOW,2024-04-29,6,3,0,1887,5
CodeForAfrica/actNOW,2024-05-06,5,2,0,1892,5
CodeForAfrica/actNOW,2024-05-13,6,2,0,1898,5
CodeForAfrica/actNOW,2024-05-20,8,2,0,1906,5
CodeForAfrica/actNOW,2024-05-27,2,2,0,1908,5
CodeForAfrica/actNOW,2024-06-03,2,2,0,1910,5
CodeForAfrica/actNOW,2024-06-10,4,2,0,1914,5
CodeForAfrica/actNOW,2024-06-17,3,3,0,1917,5
CodeForAfrica/actNOW,2024-06-24,6,2,0,1923,5
CodeForAfrica/actNOW,2024-07-01,11,3,0,1934,5
CodeForAfrica/actNOW,2024-07-08,10,2,0,1944,5
CodeForAfrica/actNOW,2024-07-15,12,2,0,1956,5
CodeForAfrica/actNOW,2024-07-22,6,3,0,1962,5
CodeForAfrica/actNOW,2024-07-29,6,2,0,1968,5
CodeForAfrica/actNOW,2024-08-05,13,3,0,1981,5
CodeForAfrica/actNOW,2024-08-12,3,2,0,1984,5
CodeForAfrica/actNOW,2024-08-19,5,2,0,1989,5
CodeForAfrica/actNOW,2024-08-26,6,2,0,1995,5
CodeForAfrica/actNOW,2024-09-02,1,1,0,1996,5
CodeForAfrica/actNOW,2024-09-16,2,2,0,1998,5
CodeForAfrica/actNOW,2024-09-30,2,2,0,2000,5
CodeForAfrica/actNOW,2024-10-07,4,3,0,2004,5
CodeForAfrica/actNOW,2024-10-21,4,3,0,2008,5
CodeForAfrica/actNOW,2024-10-28,2,2,0,2010,5
CodeForAfrica/actNOW,2024-12-02,1,1,0,2011,5
CodeForAfrica/actNOW,2025-02-03,5,2,0,2016,5
CodeForAfrica/actNOW,2025-02-10,2,2,0,2018,5
CodeForAfrica/actNOW,2025-02-17,4,3,0,2022,5
CodeForAfrica/actNOW,2025-02-24,4,2,0,2026,5
CodeForAfrica/actNOW,2025-03-03,2,2,0,2028,5
CodeForAfrica/actNOW,2025-03-17,2,2,0,2030,5
CodeForAfrica/actNOW,2025-03-31,2,2,0,2032,5
CodeForAfrica/actNOW,2025-06-02,2,2,0,2034,5
CodeForAfrica/actNOW,2025-06-23,2,2,0,2036,5
CodeForAfrica/actNOW,2025-07-21,2,2,0,2038,5
CodeForAfrica/actNOW,2025-08-04,3,3,0,2041,5
CodeForAfrica/actNOW,2025-08-11,7,3,0,2048,5
CodeForAfrica/actNOW,2025-09-15,2,2,0,2050,5
CodeForAfrica/actNOW,2025-09-22,3,3,0,2053,5
CodeForAfrica/actNOW,2025-10-06,2,2,0,2055,5
CodeForAfrica/actNOW,2025-10-13,7,3,0,2062,5
CodeForAfrica/actNOW,2025-11-10,2,2,0,2064,5
CodeForAfrica/actNOW,2025-11-17,1,1,0,2065,5
CodeForAfrica/actNOW,2025-11-24,1,1,0,2066,5
CodeForAfrica/actNOW,2025-12-08,2,2,0,2068,5
CodeForAfrica/actNOW,2025-12-15,2,2,0,2070,5
CodeForAfrica/actNOW,2026-01-05,2,1,0,2072,5
CodeForAfrica/actNOW,2026-01-12,2,2,0,2074,5
CodeForAfrica/actNOW,2026-01-19,3,2,0,2077,5
CodeForAfrica/actNOW,2026-01-26,4,2,0,2081,5
CodeForAfrica/actNOW,2026-02-23,2,2,0,2083,5
CodeForAfrica/actNOW,2026-03-02,7,3,0,2090,5
CodeForAfrica/actNOW,2026-03-09,7,3,0,2097,5
CodeForAfrica/actNOW,2026-03-16,3,3,0,2100,5
CodeForAfrica/actNOW,2026-03-23,1,1,0,2101,5
CodeForAfrica/actNOW,2026-04-06,2,2,0,2103,5
CodeForAfrica/actNOW,2026-04-13,4,3,0,2107,5
CodeForAfrica/actNOW,2026-04-27,3,3,0,2110,5
CodeForAfrica/actNOW,2026-05-04,1,1,0,2111,5
CodeForAfrica/actNOW,2026-05-11,2,2,0,2113,5
CodeForAfrica/actNOW,2026-05-18,2,2,0,2115,5
CodeForAfrica/actNOW,2026-05-25,2,2,0,2117,5
CodeForAfrica/openAFRICA,2017-08-28,6,1,1,6,1
CodeForAfrica/openAFRICA,2017-09-04,3,2,1,9,2
CodeForAfrica/openAFRICA,2017-09-11,2,1,0,11,2
CodeForAfrica/openAFRICA,2017-09-18,4,1,0,15,2
CodeForAfrica/openAFRICA,2017-09-25,5,3,1,20,3
CodeForAfrica/openAFRICA,2017-10-23,8,1,0,28,3
CodeForAfrica/openAFRICA,2018-02-05,3,1,0,31,3
CodeForAfrica/openAFRICA,2018-02-12,3,2,1,34,4
CodeForAfrica/openAFRICA,2018-02-19,1,1,0,35,4
CodeForAfrica/openAFRICA,2018-03-19,3,2,0,38,4
CodeForAfrica/openAFRICA,2018-03-26,2,2,0,40,4
CodeForAfrica/openAFRICA,2018-04-02,1,1,0,41,4
CodeForAfrica/openAFRICA,2018-04-16,1,1,0,42,4
CodeForAfrica/openAFRICA,2018-05-28,1,1,0,43,4
CodeForAfrica/openAFRICA,2018-06-04,3,1,0,46,4
CodeForAfrica/openAFRICA,2018-06-11,2,1,0,48,4
CodeForAfrica/openAFRICA,2018-10-15,2,1,0,50,4
CodeForAfrica/openAFRICA,2018-10-22,3,1,0,53,4
CodeForAfrica/openAFRICA,2019-03-25,5,2,0,58,4
CodeForAfrica/openAFRICA,2019-08-12,4,1,0,62,4
CodeForAfrica/openAFRICA,2019-08-19,12,1,0,74,4
CodeForAfrica/openAFRICA,2019-09-02,3,1,0,77,4
CodeForAfrica/openAFRICA,2020-01-27,4,1,0,81,4
CodeForAfrica/openAFRICA,2022-09-26,2,1,1,83,5
CodeForAfrica/openAFRICA,2022-10-24,5,1,0,88,5
CodeForAfrica/openAFRICA,2022-11-07,1,1,0,89,5
CodeForAfrica/openAFRICA,2023-02-27,1,1,1,90,6
CodeForAfrica/openAFRICA,2023-03-20,1,1,0,91,6
CodeForAfrica/openAFRICA,2023-04-03,2,1,0,93,6
CodeForAfrica/openAFRICA,2023-04-10,2,1,0,95,6
CodeForAfrica/openAFRICA,2023-04-17,1,1,0,96,6
CodeForAfrica/openAFRICA,2023-06-12,1,1,0,97,6
CodeForAfrica/openAFRICA,2023-07-24,5,1,0,102,6
CodeForAfrica/openAFRICA,2023-07-31,1,1,1,103,7
CodeForAfrica/openAFRICA,2023-08-07,1,1,0,104,7
CodeForAfrica/openAFRICA,2024-01-29,1,1,0,105,7
CodeForAfrica/openAFRICA,2024-02-05,7,1,0,112,7
CodeForAfrica/openAFRICA,2024-03-18,1,1,0,113,7
CodeForAfrica/openAFRICA,2024-04-01,6,1,0,119,7
CodeForAfrica/openAFRICA,2024-04-22,1,1,0,120,7
CodeForAfrica/openAFRICA,2024-05-27,6,1,0,126,7
CodeForAfrica/openAFRICA,2024-06-03,2,1,0,128,7
CodeForAfrica/openAFRICA,2024-06-10,4,1,0,132,7
CodeForAfrica/openAFRICA,2024-10-21,3,1,0,135,7
CodeForAfrica/openAFRICA,2025-02-17,6,1,0,141,7
CodeForAfrica/openAFRICA,2025-02-24,2,1,0,143,7
CodeForAfrica/openAFRICA,2025-05-26,3,1,0,146,7
CodeForAfrica/openAFRICA,2025-06-02,1,1,0,147,7
CodeForAfrica/openAFRICA,2025-07-14,3,1,0,150,7
CodeForAfrica/openAFRICA,2025-10-13,4,1,1,154,8
CodeForAfrica/outbreak.AFRICA,2020-03-16,18,3,3,18,3
CodeForAfrica/outbreak.AFRICA,2020-03-23,23,4,1,41,4
CodeForAfrica/outbreak.AFRICA,2020-03-30,11,2,0,52,4
CodeForAfrica/outbreak.AFRICA,2020-04-06,31,4,1,83,5
CodeForAfrica/outbreak.AFRICA,2020-04-13,32,3,0,115,5
CodeForAfrica/outbreak.AFRICA,2020-04-20,130,5,1,245,6
CodeForAfrica/outbreak.AFRICA,2020-04-27,94,4,0,339,6
CodeForAfrica/outbreak.AFRICA,2020-05-04,100,4,0,439,6
CodeForAfrica/outbreak.AFRICA,2020-05-11,64,3,0,503,6
CodeForAfrica/outbreak.AFRICA,2020-05-18,73,4,0,576,6
CodeForAfrica/outbreak.AFRICA,2020-05-25,162,3,0,738,6
CodeForAfrica/outbreak.AFRICA,2020-06-01,153,4,0,891,6
CodeForAfrica/outbreak.AFRICA,2020-06-08,48,4,0,939,6
CodeForAfrica/outbreak.AFRICA,2020-06-15,20,2,0,959,6
CodeForAfrica/outbreak.AFRICA,2020-06-22,3,1,0,962,6
CodeForAfrica/outbreak.AFRICA,2020-06-29,10,2,0,972,6
CodeForAfrica/outbreak.AFRICA,2020-07-06,68,2,0,1040,6
CodeForAfrica/outbreak.AFRICA,2020-07-13,54,3,1,1094,7
CodeForAfrica/outbreak.AFRICA,2020-07-20,19,2,0,1113,7
CodeForAfrica/outbreak.AFRICA,2020-07-27,9,1,0,1122,7
CodeForAfrica/outbreak.AFRICA,2020-08-10,33,2,0,1155,7
CodeForAfrica/outbreak.AFRICA,2020-08-17,14,2,0,1169,7
CodeForAfrica/outbreak.AFRICA,2020-08-24,7,2,1,1176,8
CodeForAfrica/outbreak.AFRICA,2020-08-31,7,1,0,1183,8
CodeForAfrica/outbreak.AFRICA,2020-09-07,10,1,0,1193,8
CodeForAfrica/outbreak.AFRICA,2021-02-15,15,3,1,1208,9
CodeForAfrica/outbreak.AFRICA,2021-03-01,6,2,1,1214,10
CodeForAfrica/outbreak.AFRICA,2021-03-08,1,1,0,1215,10
CodeForAfrica/outbreak.AFRICA,2021-03-15,1,1,0,1216,10
CodeForAfrica/outbreak.AFRICA,2021-03-29,2,2,0,1218,10
CodeForAfrica/outbreak.AFRICA,2021-04-12,6,2,0,1224,10
CodeForAfrica/outbreak.AFRICA,2021-05-03,2,1,0,1226,10
CodeForAfrica/outbreak.AFRICA,2021-05-31,1,1,0,1227,10
CodeForAfrica/outbreak.AFRICA,2021-06-07,6,2,0,1233,10
CodeForAfrica/outbreak.AFRICA,2021-08-02,1,1,1,1234,11
CodeForAfrica/outbreak.AFRICA,2021-08-09,1,1,0,1235,11
CodeForAfrica/outbreak.AFRICA,2021-08-23,8,2,0,1243,11
CodeForAfrica/outbreak.AFRICA,2021-08-30,2,2,0,1245,11
CodeForAfrica/outbreak.AFRICA,2021-11-15,1,1,0,1246,11
CodeForAfrica/outbreak.AFRICA,2021-12-06,1,1,0,1247,11
CodeForAfrica/outbreak.AFRICA,2022-01-31,3,1,0,1250,11
CodeForAfrica/outbreak.AFRICA,2022-02-07,15,1,0,1265,11
CodeForAfrica/outbreak.AFRICA,2022-02-14,28,2,0,1293,11
CodeForAfrica/outbreak.AFRICA,2022-02-21,25,1,0,1318,11
CodeForAfrica/outbreak.AFRICA,2022-02-28,2,1,0,1320,11
CodeForAfrica/outbreak.AFRICA,2022-03-21,1,1,0,1321,11
CodeForAfrica/outbreak.AFRICA,2022-03-28,1,1,0,1322,11
CodeForAfrica/outbreak.AFRICA,2022-05-16,2,2,0,1324,11
CodeForAfrica/outbreak.AFRICA,2022-05-30,2,2,0,1326,11
CodeForAfrica/outbreak.AFRICA,2022-07-18,2,2,0,1328,11
CodeForAfrica/outbreak.AFRICA,2022-11-07,2,2,0,1330,11
CodeForAfrica/outbreak.AFRICA,2022-11-14,2,2,0,1332,11
CodeForAfrica/outbreak.AFRICA,2022-12-05,2,2,0,1334,11
CodeForAfrica/outbreak.AFRICA,2023-03-13,2,2,0,1336,11
CodeForAfrica/outbreak.AFRICA,2023-07-03,2,1,1,1338,12
CodeForAfrica/outbreak.AFRICA,2023-07-10,1,1,0,1339,12
CodeForAfrica/outbreak.AFRICA,2023-07-17,3,2,0,1342,12
CodeForAfrica/outbreak.AFRICA,2023-10-16,2,2,0,1344,12
CodeForAfrica/outbreak.AFRICA,2023-11-13,2,2,0,1346,12
CodeForAfrica/outbreak.AFRICA,2025-10-06,6,1,0,1352,12
CodeForAfrica/sensors.AFRICA,2018-03-19,1,1,1,1,1
CodeForAfrica/sensors.AFRICA,2018-03-26,2,2,2,3,3
CodeForAfrica/sensors.AFRICA,2018-04-02,5,3,0,8,3
CodeForAfrica/sensors.AFRICA,2018-04-16,27,2,0,35,3
CodeForAfrica/sensors.AFRICA,2018-04-23,19,2,1,54,4
CodeForAfrica/sensors.AFRICA,2018-05-14,5,2,1,59,5
CodeForAfrica/sensors.AFRICA,2018-05-21,2,1,0,61,5
CodeForAfrica/sensors.AFRICA,2018-08-06,3,2,1,64,6
CodeForAfrica/sensors.AFRICA,2018-08-13,11,2,0,75,6
CodeForAfrica/sensors.AFRICA,2018-08-20,30,2,0,105,6
CodeForAfrica/sensors.AFRICA,2018-08-27,16,2,0,121,6
CodeForAfrica/sensors.AFRICA,2018-09-03,51,2,0,172,6
CodeForAfrica/sensors.AFRICA,2018-09-10,21,2,0,193,6
CodeForAfrica/sensors.AFRICA,2018-09-17,30,2,0,223,6
CodeForAfrica/sensors.AFRICA,2018-09-24,7,2,0,230,6
CodeForAfrica/sensors.AFRICA,2018-10-01,14,3,2,244,8
CodeForAfrica/sensors.AFRICA,2018-10-08,55,3,0,299,8
CodeForAfrica/sensors.AFRICA,2018-10-15,111,4,2,410,10
CodeForAfrica/sensors.AFRICA,2018-10-22,46,4,0,456,10
CodeForAfrica/sensors.AFRICA,2018-10-29,24,3,0,480,10
CodeForAfrica/sensors.AFRICA,2018-11-05,29,3,0,509,10
CodeForAfrica/sensors.AFRICA,2018-11-12,22,3,0,531,10
CodeForAfrica/sensors.AFRICA,2018-11-19,15,2,0,546,10
CodeForAfrica/sensors.AFRICA,2018-11-26,41,2,0,587,10
CodeForAfrica/sensors.AFRICA,2018-12-03,15,2,0,602,10
CodeForAfrica/sensors.AFRICA,2018-12-10,19,2,0,621,10
CodeForAfrica/sensors.AFRICA,2018-12-17,5,2,0,626,10
CodeForAfrica/sensors.AFRICA,2019-01-07,43,2,0,669,10
CodeForAfrica/sensors.AFRICA,2019-01-14,20,2,0,689,10
CodeForAfrica/sensors.AFRICA,2019-01-21,3,2,0,692,10
CodeForAfrica/sensors.AFRICA,2019-01-28,5,2,0,697,10
CodeForAfrica/sensors.AFRICA,2019-02-04,2,1,0,699,10
CodeForAfrica/sensors.AFRICA,2019-02-11,11,1,0,710,10
CodeForAfrica/sensors.AFRICA,2019-02-18,36,2,0,746,10
CodeForAfrica/sensors.AFRICA,2019-02-25,7,2,0,753,10
CodeForAfrica/sensors.AFRICA,2019-03-04,24,3,1,777,11
CodeForAfrica/sensors.AFRICA,2019-03-18,14,4,0,791,11
CodeForAfrica/sensors.AFRICA,2019-03-25,16,3,0,807,11
CodeForAfrica/sensors.AFRICA,2019-04-01,3,2,0,810,11
CodeForAfrica/sensors.AFRICA,2019-04-08,8,2,0,818,11
CodeForAfrica/sensors.AFRICA,2019-04-22,5,1,0,823,11
CodeForAfrica/sensors.AFRICA,2019-04-29,7,3,0,830,11
CodeForAfrica/sensors.AFRICA,2019-05-06,1,1,0,831,11
CodeForAfrica/sensors.AFRICA,2019-05-20,14,4,1,845,12
CodeForAfrica/sensors.AFRICA,2019-05-27,7,3,0,852,12
CodeForAfrica/sensors.AFRICA,2019-06-03,4,1,0,856,12
CodeForAfrica/sensors.AFRICA,2019-06-17,1,1,0,857,12
CodeForAfrica/sensors.AFRICA,2019-06-24,2,2,0,859,12
CodeForAfrica/sensors.AFRICA,2019-07-01,2,1,0,861,12
CodeForAfrica/sensors.AFRICA,2019-07-08,1,1,1,862,13
CodeForAfrica/sensors.AFRICA,2019-07-15,3,2,0,865,13
CodeForAfrica/sensors.AFRICA,2019-09-02,6,2,0,871,13
CodeForAfrica/sensors.AFRICA,2019-09-09,2,1,0,873,13
CodeForAfrica/sensors.AFRICA,2019-10-07,10,1,0,883,13
CodeForAfrica/sensors.AFRICA,2019-10-14,5,2,0,888,13
CodeForAfrica/sensors.AFRICA,2020-02-10,1,1,0,889,13
CodeForAfrica/sensors.AFRICA,2020-02-17,3,2,0,892,13
CodeForAfrica/sensors.AFRICA,2020-02-24,2,1,0,894,13
CodeForAfrica/sensors.AFRICA,2020-03-02,3,2,0,897,13
CodeForAfrica/sensors.AFRICA,2020-03-09,29,3,0,926,13
CodeForAfrica/sensors.AFRICA,2020-03-16,24,2,0,950,13
CodeForAfrica/sensors.AFRICA,2020-03-23,40,3,0,990,13
CodeForAfrica/sensors.AFRICA,2020-03-30,7,1,0,997,13
CodeForAfrica/sensors.AFRICA,2020-04-13,2,2,0,999,13
CodeForAfrica/sensors.AFRICA,2020-11-02,6,3,2,1005,15
CodeForAfrica/sensors.AFRICA,2020-12-07,2,2,0,1007,15
CodeForAfrica/sensors.AFRICA,2021-03-29,5,2,0,1012,15
CodeForAfrica/sensors.AFRICA,2021-05-03,1,1,0,1013,15
CodeForAfrica/sensors.AFRICA,2021-06-14,1,1,0,1014,15
CodeForAfrica/sensors.AFRICA,2021-07-26,2,1,0,1016,15
CodeForAfrica/sensors.AFRICA,2021-08-09,1,1,1,1017,16
CodeForAfrica/sensors.AFRICA,2021-08-23,1,1,0,1018,16
CodeForAfrica/sensors.AFRICA,2021-08-30,2,2,0,1020,16
CodeForAfrica/sensors.AFRICA,2021-09-20,2,2,0,1022,16
CodeForAfrica/sensors.AFRICA,2021-10-25,3,2,0,1025,16
CodeForAfrica/sensors.AFRICA,2022-01-17,1,1,0,1026,16
CodeForAfrica/sensors.AFRICA,2022-01-24,4,2,0,1030,16
CodeForAfrica/sensors.AFRICA,2022-01-31,13,2,0,1043,16
CodeForAfrica/sensors.AFRICA,2022-02-07,7,3,0,1050,16
CodeForAfrica/sensors.AFRICA,2022-02-14,1,1,0,1051,16
CodeForAfrica/sensors.AFRICA,2022-02-21,6,1,0,1057,16
CodeForAfrica/sensors.AFRICA,2022-03-21,1,1,0,1058,16
CodeForAfrica/sensors.AFRICA,2022-03-28,1,1,0,1059,16
CodeForAfrica/sensors.AFRICA,2022-05-09,12,1,1,1071,17
CodeForAfrica/sensors.AFRICA,2022-07-18,2,2,0,1073,17
CodeForAfrica/sensors.AFRICA,2022-08-08,3,2,1,1076,18
CodeForAfrica/sensors.AFRICA,2022-11-07,2,2,0,1078,18
CodeForAfrica/sensors.AFRICA,2022-11-14,2,2,0,1080,18
CodeForAfrica/sensors.AFRICA,2022-11-21,3,1,0,1083,18
CodeForAfrica/sensors.AFRICA,2022-12-05,19,4,2,1102,20
CodeForAfrica/sensors.AFRICA,2022-12-12,13,3,1,1115,21
CodeForAfrica/sensors.AFRICA,2023-03-13,2,2,0,1117,21
CodeForAfrica/sensors.AFRICA,2023-07-10,22,5,1,1139,22
CodeForAfrica/sensors.AFRICA,2023-07-17,2,2,0,1141,22
CodeForAfrica/sensors.AFRICA,2023-07-24,13,2,0,1154,22
CodeForAfrica/sensors.AFRICA,2023-07-31,3,2,0,1157,22
CodeForAfrica/sensors.AFRICA,2023-08-07,5,2,0,1162,22
CodeForAfrica/sensors.AFRICA,2023-08-14,1,1,0,1163,22
CodeForAfrica/sensors.AFRICA,2023-08-21,5,2,0,1168,22
CodeForAfrica/sensors.AFRICA,2023-08-28,3,2,0,1171,22
CodeForAfrica/sensors.AFRICA,2023-09-04,20,2,0,1191,22
CodeForAfrica/sensors.AFRICA,2023-10-16,2,2,0,1193,22
CodeForAfrica/sensors.AFRICA,2023-10-23,2,2,0,1195,22
CodeForAfrica/sensors.AFRICA,2023-11-13,2,2,0,1197,22
CodeForAfrica/sensors.AFRICA,2024-03-25,2,2,0,1199,22
CodeForAfrica/sensors.AFRICA,2024-04-15,1,1,0,1200,22
CodeForAfrica/sensors.AFRICA,2024-05-06,1,1,0,1201,22
CodeForAfrica/sensors.AFRICA,2024-07-15,11,1,0,1212,22
CodeForAfrica/sensors.AFRICA,2024-07-22,1,1,0,1213,22
CodeForAfrica/sensors.AFRICA,2024-07-29,3,2,0,1216,22
CodeForAfrica/sensors.AFRICA,2024-10-21,3,1,1,1219,23
CodeForAfrica/sensors.AFRICA,2024-10-28,9,1,0,1228,23
CodeForAfrica/sensors.AFRICA,2024-11-04,8,2,1,1236,24
CodeForAfrica/sensors.AFRICA,2024-11-11,2,1,0,1238,24
CodeForAfrica/sensors.AFRICA,2024-11-25,2,2,0,1240,24
CodeForAfrica/sensors.AFRICA,2025-08-25,1,1,0,1241,24
CodeForAfrica/sensors.AFRICA,2025-09-15,30,1,0,1271,24
CodeForAfrica/sensors.AFRICA,2026-04-20,1,1,0,1272,24
CodeForAfrica/sensors.AFRICA,2026-05-18,2,1,0,1274,24
CodeForAfrica/ui,2019-09-09,22,3,3,22,3
CodeForAfrica/ui,2019-09-16,1,1,0,23,3
CodeForAfrica/ui,2022-02-28,1,1,0,24,3
CodeForAfrica/ui,2022-03-07,46,3,2,70,5
CodeForAfrica/ui,2022-03-14,63,4,0,133,5
CodeForAfrica/ui,2022-03-21,102,3,1,235,6
CodeForAfrica/ui,2022-03-28,79,4,0,314,6
CodeForAfrica/ui,2022-04-04,52,4,0,366,6
CodeForAfrica/ui,2022-04-11,74,4,0,440,6
CodeForAfrica/ui,2022-04-18,51,3,0,491,6
CodeForAfrica/ui,2022-04-25,49,3,0,540,6
CodeForAfrica/ui,2022-05-02,60,4,0,600,6
CodeForAfrica/ui,2022-05-09,101,4,0,701,6
CodeForAfrica/ui,2022-05-16,131,4,0,832,6
CodeForAfrica/ui,2022-05-23,64,5,1,896,7
CodeForAfrica/ui,2022-05-30,103,5,0,999,7
CodeForAfrica/ui,2022-06-06,83,5,0,1082,7
CodeForAfrica/ui,2022-06-13,62,4,0,1144,7
CodeForAfrica/ui,2022-06-20,65,2,0,1209,7
CodeForAfrica/ui,2022-06-27,118,2,0,1327,7
CodeForAfrica/ui,2022-07-04,61,3,1,1388,8
CodeForAfrica/ui,2022-07-11,2121,12,5,3509,13
CodeForAfrica/ui,2022-07-18,137,3,0,3646,13
CodeForAfrica/ui,2022-07-25,97,3,0,3743,13
CodeForAfrica/ui,2022-08-01,136,3,0,3879,13
CodeForAfrica/ui,2022-08-08,73,3,0,3952,13
CodeForAfrica/ui,2022-08-15,64,3,0,4016,13
CodeForAfrica/ui,2022-08-22,63,3,0,4079,13
CodeForAfrica/ui,2022-08-29,89,4,1,4168,14
CodeForAfrica/ui,2022-09-05,60,4,0,4228,14
CodeForAfrica/ui,2022-09-12,5,2,0,4233,14
CodeForAfrica/ui,2022-10-10,10,1,0,4243,14
CodeForAfrica/ui,2022-10-17,13,1,0,4256,14
CodeForAfrica/ui,2022-10-24,6,1,0,4262,14
CodeForAfrica/ui,2022-10-31,30,1,0,4292,14
CodeForAfrica/ui,2022-11-07,32,3,1,4324,15
CodeForAfrica/ui,2022-11-14,68,4,1,4392,16
CodeForAfrica/ui,2022-11-21,13,3,0,4405,16
CodeForAfrica/ui,2022-11-28,9,1,0,4414,16
CodeForAfrica/ui,2022-12-05,40,2,0,4454,16
CodeForAfrica/ui,2022-12-12,13,2,0,4467,16
CodeForAfrica/ui,2023-01-09,50,3,1,4517,17
CodeForAfrica/ui,2023-01-16,111,3,0,4628,17
CodeForAfrica/ui,2023-01-23,98,3,0,4726,17
CodeForAfrica/ui,2023-01-30,89,3,0,4815,17
CodeForAfrica/ui,2023-02-06,83,4,0,4898,17
CodeForAfrica/ui,2023-02-13,67,3,0,4965,17
CodeForAfrica/ui,2023-02-20,104,4,0,5069,17
CodeForAfrica/ui,2023-02-27,182,4,0,5251,17
CodeForAfrica/ui,2023-03-06,62,3,0,5313,17
CodeForAfrica/ui,2023-03-13,80,3,0,5393,17
CodeForAfrica/ui,2023-03-20,114,3,0,5507,17
CodeForAfrica/ui,2023-03-27,85,4,0,5592,17
CodeForAfrica/ui,2023-04-03,17,2,0,5609,17
CodeForAfrica/ui,2023-04-10,13,2,0,5622,17
CodeForAfrica/ui,2023-04-17,11,1,0,5633,17
CodeForAfrica/ui,2023-04-24,43,2,0,5676,17
CodeForAfrica/ui,2023-05-01,37,2,0,5713,17
CodeForAfrica/ui,2023-05-08,44,2,0,5757,17
CodeForAfrica/ui,2023-05-15,34,3,0,5791,17
CodeForAfrica/ui,2023-05-22,210,3,0,6001,17
CodeForAfrica/ui,2023-05-29,49,3,0,6050,17
CodeForAfrica/ui,2023-06-05,34,1,0,6084,17
CodeForAfrica/ui,2023-06-12,67,4,0,6151,17
CodeForAfrica/ui,2023-06-19,64,3,0,6215,17
CodeForAfrica/ui,2023-06-26,77,3,0,6292,17
CodeForAfrica/ui,2023-07-03,72,4,0,6364,17
CodeForAfrica/ui,2023-07-10,49,5,0,6413,17
CodeForAfrica/ui,2023-07-17,69,4,0,6482,17
CodeForAfrica/ui,2023-07-24,86,4,0,6568,17
CodeForAfrica/ui,2023-07-31,132,4,0,6700,17
CodeForAfrica/ui,2023-08-07,28,2,0,6728,17
CodeForAfrica/ui,2023-08-14,15,2,1,6743,18
CodeForAfrica/ui,2023-08-21,27,3,0,6770,18
CodeForAfrica/ui,2023-08-28,45,3,0,6815,18
CodeForAfrica/ui,2023-09-04,92,5,0,6907,18
CodeForAfrica/ui,2023-09-11,81,2,0,6988,18
CodeForAfrica/ui,2023-09-18,125,3,0,7113,18
CodeForAfrica/ui,2023-09-25,116,3,0,7229,18
CodeForAfrica/ui,2023-10-02,89,3,0,7318,18
CodeForAfrica/ui,2023-10-09,34,3,0,7352,18
CodeForAfrica/ui,2023-11-06,15,2,0,7367,18
CodeForAfrica/ui,2023-11-13,3,2,0,7370,18
CodeForAfrica/ui,2023-11-20,6,2,0,7376,18
CodeForAfrica/ui,2023-11-27,19,2,0,7395,18
CodeForAfrica/ui,2023-12-04,55,3,0,7450,18
CodeForAfrica/ui,2023-12-11,8,1,0,7458,18
CodeForAfrica/ui,2024-01-08,6,1,0,7464,18
CodeForAfrica/ui,2024-01-15,18,2,0,7482,18
CodeForAfrica/ui,2024-01-22,16,3,0,7498,18
CodeForAfrica/ui,2024-01-29,5,1,0,7503,18
CodeForAfrica/ui,2024-02-05,5,2,0,7508,18
CodeForAfrica/ui,2024-02-12,12,2,0,7520,18
CodeForAfrica/ui,2024-02-19,9,2,0,7529,18
CodeForAfrica/ui,2024-02-26,13,1,0,7542,18
CodeForAfrica/ui,2024-03-11,12,1,0,7554,18
CodeForAfrica/ui,2024-03-18,12,1,0,7566,18
CodeForAfrica/ui,2024-04-15,7,1,0,7573,18
CodeForAfrica/ui,2024-04-22,2,1,0,7575,18
CodeForAfrica/ui,2024-04-29,3,1,0,7578,18
CodeForAfrica/ui,2024-05-06,23,5,1,7601,19
CodeForAfrica/ui,2024-05-13,25,3,0,7626,19
CodeForAfrica/ui,2024-05-20,26,3,0,7652,19
CodeForAfrica/ui,2024-05-27,33,3,0,7685,19
CodeForAfrica/ui,2024-06-03,53,3,1,7738,20
CodeForAfrica/ui,2024-06-10,42,3,0,7780,20
CodeForAfrica/ui,2024-06-17,128,5,0,7908,20
CodeForAfrica/ui,2024-06-24,110,4,0,8018,20
CodeForAfrica/ui,2024-07-01,72,3,0,8090,20
CodeForAfrica/ui,2024-07-08,45,4,0,8135,20
CodeForAfrica/ui,2024-07-15,90,5,1,8225,21
CodeForAfrica/ui,2024-07-22,29,3,0,8254,21
CodeForAfrica/ui,2024-07-29,100,5,0,8354,21
CodeForAfrica/ui,2024-08-05,61,6,0,8415,21
CodeForAfrica/ui,2024-08-12,43,5,0,8458,21
CodeForAfrica/ui,2024-08-19,67,4,1,8525,22
CodeForAfrica/ui,2024-08-26,45,3,0,8570,22
CodeForAfrica/ui,2024-09-02,67,4,0,8637,22
CodeForAfrica/ui,2024-09-09,37,4,0,8674,22
CodeForAfrica/ui,2024-09-16,73,4,0,8747,22
CodeForAfrica/ui,2024-09-23,47,3,0,8794,22
CodeForAfrica/ui,2024-09-30,39,3,0,8833,22
CodeForAfrica/ui,2024-10-07,60,5,0,8893,22
CodeForAfrica/ui,2024-10-14,159,5,0,9052,22
CodeForAfrica/ui,2024-10-21,107,4,0,9159,22
CodeForAfrica/ui,2024-10-28,56,4,0,9215,22
CodeForAfrica/ui,2024-11-04,50,3,0,9265,22
CodeForAfrica/ui,2024-11-11,47,3,0,9312,22
CodeForAfrica/ui,2024-11-18,29,2,0,9341,22
CodeForAfrica/ui,2024-11-25,37,3,0,9378,22
CodeForAfrica/ui,2024-12-02,39,4,1,9417,23
CodeForAfrica/ui,2024-12-09,19,4,0,9436,23
CodeForAfrica/ui,2025-01-06,15,2,0,9451,23
CodeForAfrica/ui,2025-01-13,16,4,0,9467,23
CodeForAfrica/ui,2025-01-20,9,3,0,9476,23
CodeForAfrica/ui,2025-01-27,26,3,0,9502,23
CodeForAfrica/ui,2025-02-03,15,3,0,9517,23
CodeForAfrica/ui,2025-02-10,3,1,0,9520,23
CodeForAfrica/ui,2025-02-17,9,2,0,9529,23
CodeForAfrica/ui,2025-02-24,16,3,0,9545,23
CodeForAfrica/ui,2025-03-03,25,2,0,9570,23
CodeForAfrica/ui,2025-03-10,23,2,0,9593,23
CodeForAfrica/ui,2025-03-17,13,1,0,9606,23
CodeForAfrica/ui,2025-03-24,34,3,0,9640,23
CodeForAfrica/ui,2025-03-31,2,1,0,9642,23
CodeForAfrica/ui,2025-04-07,4,2,0,9646,23
CodeForAfrica/ui,2025-04-14,33,3,0,9679,23
CodeForAfrica/ui,2025-04-21,25,3,0,9704,23
CodeForAfrica/ui,2025-04-28,5,1,0,9709,23
CodeForAfrica/ui,2025-05-05,36,4,0,9745,23
CodeForAfrica/ui,2025-05-12,86,3,0,9831,23
CodeForAfrica/ui,2025-05-19,62,3,0,9893,23
CodeForAfrica/ui,2025-05-26,77,3,0,9970,23
CodeForAfrica/ui,2025-06-02,34,2,0,10004,23
CodeForAfrica/ui,2025-06-09,97,3,0,10101,23
CodeForAfrica/ui,2025-06-16,68,2,0,10169,23
CodeForAfrica/ui,2025-06-23,20,2,0,10189,23
CodeForAfrica/ui,2025-06-30,39,4,0,10228,23
CodeForAfrica/ui,2025-07-07,18,2,0,10246,23
CodeForAfrica/ui,2025-07-14,1,1,0,10247,23
CodeForAfrica/ui,2025-07-21,6,3,0,10253,23
CodeForAfrica/ui,2025-07-28,6,1,0,10259,23
CodeForAfrica/ui,2025-08-04,16,1,0,10275,23
CodeForAfrica/ui,2025-08-11,40,2,0,10315,23
CodeForAfrica/ui,2025-08-18,32,1,0,10347,23
CodeForAfrica/ui,2025-08-25,7,1,0,10354,23
CodeForAfrica/ui,2025-09-01,11,1,0,10365,23
CodeForAfrica/ui,2025-09-08,4,2,1,10369,24
CodeForAfrica/ui,2025-09-15,41,4,0,10410,24
CodeForAfrica/ui,2025-09-22,11,2,0,10421,24
CodeForAfrica/ui,2025-09-29,15,2,0,10436,24
CodeForAfrica/ui,2025-10-06,16,2,0,10452,24
CodeForAfrica/ui,2025-10-13,16,1,0,10468,24
CodeForAfrica/ui,2025-10-20,4,3,0,10472,24
CodeForAfrica/ui,2025-10-27,34,4,0,10506,24
CodeForAfrica/ui,2025-11-03,8,3,0,10514,24
CodeForAfrica/ui,2025-11-10,18,2,0,10532,24
CodeForAfrica/ui,2025-11-17,10,2,0,10542,24
CodeForAfrica/ui,2025-11-24,23,2,0,10565,24
CodeForAfrica/ui,2025-12-01,17,4,1,10582,25
CodeForAfrica/ui,2025-12-08,3,3,0,10585,25
CodeForAfrica/ui,2026-01-05,5,4,0,10590,25
CodeForAfrica/ui,2026-01-19,6,3,0,10596,25
CodeForAfrica/ui,2026-01-26,8,3,0,10604,25
CodeForAfrica/ui,2026-02-02,7,2,0,10611,25
CodeForAfrica/ui,2026-02-09,5,2,0,10616,25
CodeForAfrica/ui,2026-02-16,5,4,0,10621,25
CodeForAfrica/ui,2026-02-23,19,5,0,10640,25
CodeForAfrica/ui,2026-03-02,16,1,0,10656,25
CodeForAfrica/ui,2026-03-09,37,3,0,10693,25
CodeForAfrica/ui,2026-03-16,42,4,0,10735,25
CodeForAfrica/ui,2026-03-23,20,4,0,10755,25
CodeForAfrica/ui,2026-03-30,44,4,0,10799,25
CodeForAfrica/ui,2026-04-06,42,4,0,10841,25
CodeForAfrica/ui,2026-04-13,43,4,0,10884,25
CodeForAfrica/ui,2026-04-20,58,4,0,10942,25
CodeForAfrica/ui,2026-04-27,24,1,0,10966,25
CodeForAfrica/ui,2026-05-04,11,1,0,10977,25
CodeForAfrica/ui,2026-05-11,7,1,0,10984,25
CodeForAfrica/ui,2026-05-25,3,1,0,10987,25
CodeForAfrica/ui,2026-06-01,7,1,0,10994,25
CodeforLeipzig/leipziggiesst,2019-08-05,19,1,1,19,1
CodeforLeipzig/leipziggiesst,2019-08-12,6,1,0,25,1
CodeforLeipzig/leipziggiesst,2019-08-19,2,1,0,27,1
CodeforLeipzig/leipziggiesst,2019-08-26,5,1,0,32,1
CodeforLeipzig/leipziggiesst,2019-09-02,11,1,0,43,1
CodeforLeipzig/leipziggiesst,2020-01-06,2,1,0,45,1
CodeforLeipzig/leipziggiesst,2020-01-13,9,1,0,54,1
CodeforLeipzig/leipziggiesst,2020-01-20,8,1,0,62,1
CodeforLeipzig/leipziggiesst,2020-01-27,5,1,0,67,1
CodeforLeipzig/leipziggiesst,2020-02-03,2,1,0,69,1
CodeforLeipzig/leipziggiesst,2020-02-24,4,1,0,73,1
CodeforLeipzig/leipziggiesst,2020-03-09,1,1,1,74,2
CodeforLeipzig/leipziggiesst,2020-04-06,5,1,0,79,2
CodeforLeipzig/leipziggiesst,2020-04-13,2,1,0,81,2
CodeforLeipzig/leipziggiesst,2020-04-20,10,1,0,91,2
CodeforLeipzig/leipziggiesst,2020-04-27,12,2,1,103,3
CodeforLeipzig/leipziggiesst,2020-05-04,126,6,4,229,7
CodeforLeipzig/leipziggiesst,2020-05-11,107,5,0,336,7
CodeforLeipzig/leipziggiesst,2020-05-18,48,5,0,384,7
CodeforLeipzig/leipziggiesst,2020-05-25,8,3,0,392,7
CodeforLeipzig/leipziggiesst,2020-06-01,4,3,0,396,7
CodeforLeipzig/leipziggiesst,2020-06-08,4,2,0,400,7
CodeforLeipzig/leipziggiesst,2020-06-15,8,2,0,408,7
CodeforLeipzig/leipziggiesst,2020-06-29,10,4,2,418,9
CodeforLeipzig/leipziggiesst,2020-07-06,3,2,0,421,9
CodeforLeipzig/leipziggiesst,2020-07-13,13,5,1,434,10
CodeforLeipzig/leipziggiesst,2020-07-20,1,1,0,435,10
CodeforLeipzig/leipziggiesst,2020-07-27,19,3,0,454,10
CodeforLeipzig/leipziggiesst,2020-08-03,54,2,0,508,10
CodeforLeipzig/leipziggiesst,2020-08-10,9,1,0,517,10
CodeforLeipzig/leipziggiesst,2020-08-17,7,2,0,524,10
CodeforLeipzig/leipziggiesst,2020-08-24,19,3,1,543,11
CodeforLeipzig/leipziggiesst,2020-08-31,24,4,0,567,11
CodeforLeipzig/leipziggiesst,2020-09-07,36,3,0,603,11
CodeforLeipzig/leipziggiesst,2020-09-14,2,2,0,605,11
CodeforLeipzig/leipziggiesst,2020-09-21,1,1,0,606,11
CodeforLeipzig/leipziggiesst,2020-09-28,1,1,0,607,11
CodeforLeipzig/leipziggiesst,2020-10-05,1,1,0,608,11
CodeforLeipzig/leipziggiesst,2020-10-12,4,3,0,612,11
CodeforLeipzig/leipziggiesst,2020-10-19,1,1,0,613,11
CodeforLeipzig/leipziggiesst,2020-10-26,1,1,0,614,11
CodeforLeipzig/leipziggiesst,2020-11-02,1,1,0,615,11
CodeforLeipzig/leipziggiesst,2020-11-09,1,1,0,616,11
CodeforLeipzig/leipziggiesst,2020-11-16,1,1,0,617,11
CodeforLeipzig/leipziggiesst,2020-11-23,1,1,0,618,11
CodeforLeipzig/leipziggiesst,2020-11-30,1,1,0,619,11
CodeforLeipzig/leipziggiesst,2020-12-07,2,2,0,621,11
CodeforLeipzig/leipziggiesst,2020-12-14,1,1,0,622,11
CodeforLeipzig/leipziggiesst,2020-12-28,1,1,0,623,11
CodeforLeipzig/leipziggiesst,2021-01-25,28,6,2,651,13
CodeforLeipzig/leipziggiesst,2021-02-01,47,4,0,698,13
CodeforLeipzig/leipziggiesst,2021-02-08,13,5,1,711,14
CodeforLeipzig/leipziggiesst,2021-02-15,37,5,0,748,14
CodeforLeipzig/leipziggiesst,2021-02-22,3,2,0,751,14
CodeforLeipzig/leipziggiesst,2021-03-01,9,2,0,760,14
CodeforLeipzig/leipziggiesst,2021-03-08,2,2,0,762,14
CodeforLeipzig/leipziggiesst,2021-03-15,40,2,0,802,14
CodeforLeipzig/leipziggiesst,2021-03-22,139,3,0,941,14
CodeforLeipzig/leipziggiesst,2021-03-29,65,1,0,1006,14
CodeforLeipzig/leipziggiesst,2021-04-05,2,2,0,1008,14
CodeforLeipzig/leipziggiesst,2021-04-12,1,1,0,1009,14
CodeforLeipzig/leipziggiesst,2021-04-19,1,1,0,1010,14
CodeforLeipzig/leipziggiesst,2021-04-26,51,4,1,1061,15
CodeforLeipzig/leipziggiesst,2021-05-03,72,4,1,1133,16
CodeforLeipzig/leipziggiesst,2021-05-10,8,1,0,1141,16
CodeforLeipzig/leipziggiesst,2021-05-17,1,1,0,1142,16
CodeforLeipzig/leipziggiesst,2021-05-24,3,1,0,1145,16
CodeforLeipzig/leipziggiesst,2021-05-31,6,1,0,1151,16
CodeforLeipzig/leipziggiesst,2021-06-07,5,1,0,1156,16
CodeforLeipzig/leipziggiesst,2021-06-14,2,1,0,1158,16
CodeforLeipzig/leipziggiesst,2021-06-28,2,1,0,1160,16
CodeforLeipzig/leipziggiesst,2021-07-05,6,1,0,1166,16
CodeforLeipzig/leipziggiesst,2021-07-19,1,1,0,1167,16
CodeforLeipzig/leipziggiesst,2021-07-26,4,1,0,1171,16
CodeforLeipzig/leipziggiesst,2021-08-02,1,1,0,1172,16
CodeforLeipzig/leipziggiesst,2021-08-09,2,1,0,1174,16
CodeforLeipzig/leipziggiesst,2021-11-01,1,1,0,1175,16
CodeforLeipzig/leipziggiesst,2022-02-07,1,1,0,1176,16
CodeforLeipzig/leipziggiesst,2022-04-04,1,1,0,1177,16
CodeforLeipzig/leipziggiesst,2022-04-18,4,1,0,1181,16
CodeforLeipzig/leipziggiesst,2022-04-25,2,1,0,1183,16
CodeforLeipzig/leipziggiesst,2022-06-06,1,1,1,1184,17
CodeforLeipzig/leipziggiesst,2022-06-20,3,1,0,1187,17
CodeforLeipzig/leipziggiesst,2022-07-04,1,1,0,1188,17
CodeforLeipzig/leipziggiesst,2022-07-25,3,1,0,1191,17
CodeforLeipzig/leipziggiesst,2022-08-01,2,1,0,1193,17
CodeforLeipzig/leipziggiesst,2022-08-08,2,1,0,1195,17
CodeforLeipzig/leipziggiesst,2022-08-22,1,1,0,1196,17
CodeforLeipzig/leipziggiesst,2022-09-05,4,1,0,1200,17
CodeforLeipzig/leipziggiesst,2022-09-19,1,1,0,1201,17
CodeforLeipzig/leipziggiesst,2022-11-07,2,2,1,1203,18
CodeforLeipzig/leipziggiesst,2023-03-20,5,1,0,1208,18
CodeforLeipzig/leipziggiesst,2023-03-27,7,1,0,1215,18
CodeforLeipzig/leipziggiesst,2023-04-03,2,1,0,1217,18
CodeforLeipzig/leipziggiesst,2023-05-15,1,1,0,1218,18
CodeforLeipzig/leipziggiesst,2023-06-26,1,1,0,1219,18
CodeforLeipzig/leipziggiesst,2023-08-14,1,1,0,1220,18
CodeforLeipzig/leipziggiesst,2023-08-21,2,1,0,1222,18
CodeforLeipzig/leipziggiesst,2023-09-18,1,1,0,1223,18
CodeforLeipzig/leipziggiesst,2023-10-02,1,1,0,1224,18
CodeforLeipzig/leipziggiesst,2023-11-13,2,1,0,1226,18
CodeforLeipzig/leipziggiesst,2023-11-20,1,1,0,1227,18
CodeforLeipzig/leipziggiesst,2024-03-25,1,1,0,1228,18
CodeforLeipzig/leipziggiesst,2024-04-15,4,1,0,1232,18
CodeforLeipzig/leipziggiesst,2024-04-22,4,1,0,1236,18
CodeforLeipzig/leipziggiesst,2024-04-29,4,1,0,1240,18
CodeforLeipzig/leipziggiesst,2024-05-06,1,1,0,1241,18
CodeforLeipzig/leipziggiesst,2024-05-13,1,1,0,1242,18
CodeforLeipzig/leipziggiesst,2024-05-20,4,1,0,1246,18
CodeforLeipzig/leipziggiesst,2024-05-27,3,1,0,1249,18
CodeforLeipzig/leipziggiesst,2024-06-03,1,1,0,1250,18
CodeforLeipzig/leipziggiesst,2024-06-10,6,1,0,1256,18
CodeforLeipzig/leipziggiesst,2024-06-17,4,1,0,1260,18
CodeforLeipzig/leipziggiesst,2024-06-24,4,1,0,1264,18
CodeforLeipzig/leipziggiesst,2024-07-01,4,1,0,1268,18
CodeforLeipzig/leipziggiesst,2024-07-08,4,1,0,1272,18
CodeforLeipzig/leipziggiesst,2024-07-15,7,1,0,1279,18
CodeforLeipzig/leipziggiesst,2024-07-22,4,1,0,1283,18
CodeforLeipzig/leipziggiesst,2024-08-05,2,1,0,1285,18
CodeforLeipzig/leipziggiesst,2024-08-12,1,1,0,1286,18
CodeforLeipzig/leipziggiesst,2024-08-19,7,1,0,1293,18
CodeforLeipzig/leipziggiesst,2024-08-26,2,1,0,1295,18
CodeforLeipzig/leipziggiesst,2024-09-02,1,1,0,1296,18
CodeforLeipzig/leipziggiesst,2024-09-16,1,1,0,1297,18
CodeforLeipzig/leipziggiesst,2024-09-23,3,1,0,1300,18
CodeforLeipzig/leipziggiesst,2024-10-14,2,1,0,1302,18
CodeforLeipzig/leipziggiesst,2024-10-21,4,1,0,1306,18
CodeforLeipzig/leipziggiesst,2024-10-28,1,1,0,1307,18
CodeforLeipzig/leipziggiesst,2024-11-04,1,1,0,1308,18
CodeforLeipzig/leipziggiesst,2024-11-25,1,1,0,1309,18
CodeforLeipzig/leipziggiesst,2025-03-17,1,1,0,1310,18
CodeforLeipzig/leipziggiesst,2025-04-07,1,1,0,1311,18
CodeforLeipzig/leipziggiesst,2025-04-21,1,1,0,1312,18
CodeforLeipzig/leipziggiesst,2025-05-05,2,1,0,1314,18
CodeforLeipzig/leipziggiesst,2025-05-12,4,1,0,1318,18
CodeforLeipzig/leipziggiesst,2025-05-19,3,1,0,1321,18
CodeforLeipzig/leipziggiesst,2025-05-26,1,1,0,1322,18
CodeforLeipzig/leipziggiesst,2025-06-02,1,1,0,1323,18
CodeforLeipzig/leipziggiesst,2025-06-16,1,1,0,1324,18
CodeforLeipzig/leipziggiesst,2025-06-23,4,1,0,1328,18
CodeforLeipzig/leipziggiesst,2025-06-30,6,1,0,1334,18
CodeforLeipzig/leipziggiesst,2025-07-07,4,1,0,1338,18
CodeforLeipzig/leipziggiesst,2025-07-14,2,1,0,1340,18
CodeforLeipzig/leipziggiesst,2025-07-21,2,1,0,1342,18
CodeforLeipzig/leipziggiesst,2025-08-04,2,1,0,1344,18
CodeforLeipzig/leipziggiesst,2025-08-11,2,1,0,1346,18
CodeforLeipzig/leipziggiesst,2025-08-25,2,1,0,1348,18
CodeforLeipzig/leipziggiesst,2025-09-01,2,1,0,1350,18
CodeforLeipzig/leipziggiesst,2025-09-08,2,1,0,1352,18
CodeforLeipzig/leipziggiesst,2025-09-22,1,1,0,1353,18
CodeforLeipzig/leipziggiesst,2025-10-13,1,1,0,1354,18
CodeforLeipzig/leipziggiesst,2025-10-20,3,1,0,1357,18
CodeforLeipzig/leipziggiesst,2026-02-02,1,1,0,1358,18
CodeforLeipzig/leipziggiesst,2026-03-02,1,1,0,1359,18
CodeforLeipzig/weihnachtsmarktkarte,2022-11-07,30,5,5,30,5
CodeforLeipzig/weihnachtsmarktkarte,2022-11-14,107,5,2,137,7
CodeforLeipzig/weihnachtsmarktkarte,2022-11-21,107,5,0,244,7
CodeforLeipzig/weihnachtsmarktkarte,2022-11-28,41,3,1,285,8
CodeforLeipzig/weihnachtsmarktkarte,2022-12-05,3,1,0,288,8
CodeforLeipzig/weihnachtsmarktkarte,2022-12-12,1,1,0,289,8
CodeforLeipzig/weihnachtsmarktkarte,2023-11-20,5,1,0,294,8
CodeforLeipzig/weihnachtsmarktkarte,2023-11-27,26,1,0,320,8
CodeforLeipzig/weihnachtsmarktkarte,2023-12-04,13,1,0,333,8
CodeforLeipzig/weihnachtsmarktkarte,2023-12-11,2,1,0,335,8
CodeforLeipzig/weihnachtsmarktkarte,2024-11-11,26,2,1,361,9
CodeforLeipzig/weihnachtsmarktkarte,2024-11-18,22,1,0,383,9
CodeforLeipzig/weihnachtsmarktkarte,2024-11-25,14,1,0,397,9
CodeforLeipzig/weihnachtsmarktkarte,2024-12-02,4,1,0,401,9
CodeforLeipzig/weihnachtsmarktkarte,2025-11-24,22,2,0,423,9
CodeforLeipzig/weihnachtsmarktkarte,2025-12-01,26,2,0,449,9
CodeforLeipzig/weihnachtsmarktkarte,2025-12-08,1,1,0,450,9
CodeforLeipzig/weihnachtsmarktkarte,2025-12-15,4,1,0,454,9
VoteIT/voteit_frontend,2020-11-09,18,1,1,18,1
VoteIT/voteit_frontend,2020-11-16,19,1,0,37,1
VoteIT/voteit_frontend,2020-11-30,2,1,0,39,1
VoteIT/voteit_frontend,2020-12-07,12,2,1,51,2
VoteIT/voteit_frontend,2020-12-14,24,1,0,75,2
VoteIT/voteit_frontend,2020-12-21,2,1,0,77,2
VoteIT/voteit_frontend,2021-01-11,5,1,0,82,2
VoteIT/voteit_frontend,2021-01-18,15,1,0,97,2
VoteIT/voteit_frontend,2021-01-25,8,1,0,105,2
VoteIT/voteit_frontend,2021-02-01,32,2,0,137,2
VoteIT/voteit_frontend,2021-02-08,10,1,0,147,2
VoteIT/voteit_frontend,2021-02-15,11,1,0,158,2
VoteIT/voteit_frontend,2021-02-22,15,1,0,173,2
VoteIT/voteit_frontend,2021-03-01,10,1,0,183,2
VoteIT/voteit_frontend,2021-03-08,12,1,0,195,2
VoteIT/voteit_frontend,2021-03-15,9,1,0,204,2
VoteIT/voteit_frontend,2021-03-22,7,1,0,211,2
VoteIT/voteit_frontend,2021-03-29,3,1,0,214,2
VoteIT/voteit_frontend,2021-04-12,3,1,0,217,2
VoteIT/voteit_frontend,2021-04-19,3,1,0,220,2
VoteIT/voteit_frontend,2021-04-26,1,1,0,221,2
VoteIT/voteit_frontend,2021-05-03,1,1,0,222,2
VoteIT/voteit_frontend,2021-05-17,3,1,0,225,2
VoteIT/voteit_frontend,2021-05-24,11,1,0,236,2
VoteIT/voteit_frontend,2021-05-31,10,2,0,246,2
VoteIT/voteit_frontend,2021-06-14,8,1,0,254,2
VoteIT/voteit_frontend,2021-06-21,9,1,0,263,2
VoteIT/voteit_frontend,2021-08-16,8,1,0,271,2
VoteIT/voteit_frontend,2021-08-23,2,1,0,273,2
VoteIT/voteit_frontend,2021-09-06,1,1,0,274,2
VoteIT/voteit_frontend,2021-09-13,10,1,0,284,2
VoteIT/voteit_frontend,2021-09-20,18,2,0,302,2
VoteIT/voteit_frontend,2021-09-27,5,1,0,307,2
VoteIT/voteit_frontend,2021-10-04,7,1,0,314,2
VoteIT/voteit_frontend,2021-10-11,20,2,0,334,2
VoteIT/voteit_frontend,2021-10-18,19,1,0,353,2
VoteIT/voteit_frontend,2021-10-25,11,1,0,364,2
VoteIT/voteit_frontend,2021-11-01,12,1,0,376,2
VoteIT/voteit_frontend,2021-11-08,14,1,0,390,2
VoteIT/voteit_frontend,2021-11-15,20,1,0,410,2
VoteIT/voteit_frontend,2022-01-10,1,1,1,411,3
VoteIT/voteit_frontend,2022-01-17,6,1,0,417,3
VoteIT/voteit_frontend,2022-01-24,7,1,0,424,3
VoteIT/voteit_frontend,2022-01-31,12,1,0,436,3
VoteIT/voteit_frontend,2022-02-07,5,2,0,441,3
VoteIT/voteit_frontend,2022-02-14,4,1,0,445,3
VoteIT/voteit_frontend,2022-02-21,7,2,0,452,3
VoteIT/voteit_frontend,2022-02-28,9,1,0,461,3
VoteIT/voteit_frontend,2022-03-07,1,1,0,462,3
VoteIT/voteit_frontend,2022-03-21,10,2,0,472,3
VoteIT/voteit_frontend,2022-03-28,13,3,0,485,3
VoteIT/voteit_frontend,2022-04-04,15,3,0,500,3
VoteIT/voteit_frontend,2022-04-18,2,1,0,502,3
VoteIT/voteit_frontend,2022-04-25,12,2,0,514,3
VoteIT/voteit_frontend,2022-05-02,8,1,0,522,3
VoteIT/voteit_frontend,2022-05-09,20,2,1,542,4
VoteIT/voteit_frontend,2022-05-16,1,1,0,543,4
VoteIT/voteit_frontend,2022-05-23,9,1,0,552,4
VoteIT/voteit_frontend,2022-05-30,8,1,0,560,4
VoteIT/voteit_frontend,2022-06-06,2,1,0,562,4
VoteIT/voteit_frontend,2022-06-13,4,2,0,566,4
VoteIT/voteit_frontend,2022-06-20,13,2,0,579,4
VoteIT/voteit_frontend,2022-06-27,2,2,0,581,4
VoteIT/voteit_frontend,2022-08-08,2,1,0,583,4
VoteIT/voteit_frontend,2022-08-15,20,2,0,603,4
VoteIT/voteit_frontend,2022-08-22,5,1,0,608,4
VoteIT/voteit_frontend,2022-08-29,36,2,0,644,4
VoteIT/voteit_frontend,2022-09-05,3,1,0,647,4
VoteIT/voteit_frontend,2022-09-12,27,1,0,674,4
VoteIT/voteit_frontend,2022-09-19,13,1,0,687,4
VoteIT/voteit_frontend,2022-09-26,27,1,0,714,4
VoteIT/voteit_frontend,2022-10-03,7,1,0,721,4
VoteIT/voteit_frontend,2022-10-10,2,1,0,723,4
VoteIT/voteit_frontend,2022-10-17,6,1,0,729,4
VoteIT/voteit_frontend,2022-10-31,9,2,0,738,4
VoteIT/voteit_frontend,2022-11-07,11,2,0,749,4
VoteIT/voteit_frontend,2022-11-14,8,2,0,757,4
VoteIT/voteit_frontend,2022-11-21,9,2,0,766,4
VoteIT/voteit_frontend,2022-11-28,6,2,0,772,4
VoteIT/voteit_frontend,2022-12-05,10,2,0,782,4
VoteIT/voteit_frontend,2022-12-19,2,1,0,784,4
VoteIT/voteit_frontend,2023-01-02,1,1,0,785,4
VoteIT/voteit_frontend,2023-01-23,1,1,0,786,4
VoteIT/voteit_frontend,2023-01-30,4,1,0,790,4
VoteIT/voteit_frontend,2023-02-06,13,1,0,803,4
VoteIT/voteit_frontend,2023-02-13,29,1,0,832,4
VoteIT/voteit_frontend,2023-02-20,18,2,0,850,4
VoteIT/voteit_frontend,2023-02-27,12,1,0,862,4
VoteIT/voteit_frontend,2023-03-13,37,1,0,899,4
VoteIT/voteit_frontend,2023-03-20,6,2,0,905,4
VoteIT/voteit_frontend,2023-03-27,12,2,0,917,4
VoteIT/voteit_frontend,2023-04-03,22,2,0,939,4
VoteIT/voteit_frontend,2023-04-17,5,2,0,944,4
VoteIT/voteit_frontend,2023-04-24,21,1,0,965,4
VoteIT/voteit_frontend,2023-05-01,5,1,0,970,4
VoteIT/voteit_frontend,2023-05-08,15,2,0,985,4
VoteIT/voteit_frontend,2023-05-15,5,1,0,990,4
VoteIT/voteit_frontend,2023-05-22,12,2,0,1002,4
VoteIT/voteit_frontend,2023-05-29,8,2,0,1010,4
VoteIT/voteit_frontend,2023-06-05,2,2,0,1012,4
VoteIT/voteit_frontend,2023-06-12,15,2,0,1027,4
VoteIT/voteit_frontend,2023-06-19,3,1,0,1030,4
VoteIT/voteit_frontend,2023-08-14,3,1,0,1033,4
VoteIT/voteit_frontend,2023-08-21,2,1,0,1035,4
VoteIT/voteit_frontend,2023-08-28,14,1,0,1049,4
VoteIT/voteit_frontend,2023-09-04,17,1,0,1066,4
VoteIT/voteit_frontend,2023-09-11,4,1,0,1070,4
VoteIT/voteit_frontend,2023-09-18,16,1,0,1086,4
VoteIT/voteit_frontend,2023-09-25,17,1,0,1103,4
VoteIT/voteit_frontend,2023-10-02,32,1,0,1135,4
VoteIT/voteit_frontend,2023-10-09,6,1,0,1141,4
VoteIT/voteit_frontend,2023-10-16,20,2,0,1161,4
VoteIT/voteit_frontend,2023-10-23,12,1,0,1173,4
VoteIT/voteit_frontend,2023-10-30,18,2,0,1191,4
VoteIT/voteit_frontend,2023-11-06,42,2,0,1233,4
VoteIT/voteit_frontend,2023-11-13,29,1,0,1262,4
VoteIT/voteit_frontend,2023-11-20,31,1,0,1293,4
VoteIT/voteit_frontend,2023-11-27,13,1,0,1306,4
VoteIT/voteit_frontend,2023-12-04,6,1,0,1312,4
VoteIT/voteit_frontend,2023-12-11,3,1,0,1315,4
VoteIT/voteit_frontend,2023-12-25,16,1,0,1331,4
VoteIT/voteit_frontend,2024-01-22,11,1,0,1342,4
VoteIT/voteit_frontend,2024-01-29,16,1,0,1358,4
VoteIT/voteit_frontend,2024-02-05,4,1,0,1362,4
VoteIT/voteit_frontend,2024-02-12,20,1,0,1382,4
VoteIT/voteit_frontend,2024-02-19,30,1,0,1412,4
VoteIT/voteit_frontend,2024-02-26,19,2,0,1431,4
VoteIT/voteit_frontend,2024-03-04,76,1,0,1507,4
VoteIT/voteit_frontend,2024-03-11,4,2,0,1511,4
VoteIT/voteit_frontend,2024-03-25,5,1,0,1516,4
VoteIT/voteit_frontend,2024-04-01,7,1,0,1523,4
VoteIT/voteit_frontend,2024-04-15,2,1,0,1525,4
VoteIT/voteit_frontend,2024-04-22,2,1,0,1527,4
VoteIT/voteit_frontend,2024-05-27,1,1,0,1528,4
VoteIT/voteit_frontend,2024-06-03,3,1,0,1531,4
VoteIT/voteit_frontend,2024-08-26,2,1,0,1533,4
VoteIT/voteit_frontend,2024-09-16,3,1,0,1536,4
VoteIT/voteit_frontend,2024-10-07,9,1,0,1545,4
VoteIT/voteit_frontend,2024-10-14,13,1,0,1558,4
VoteIT/voteit_frontend,2024-10-28,2,1,0,1560,4
VoteIT/voteit_frontend,2024-11-04,11,1,0,1571,4
VoteIT/voteit_frontend,2024-11-11,2,1,0,1573,4
VoteIT/voteit_frontend,2024-11-18,5,1,0,1578,4
VoteIT/voteit_frontend,2024-11-25,2,1,0,1580,4
VoteIT/voteit_frontend,2024-12-16,3,1,0,1583,4
VoteIT/voteit_frontend,2025-01-20,2,1,0,1585,4
VoteIT/voteit_frontend,2025-02-10,2,1,0,1587,4
VoteIT/voteit_frontend,2025-02-17,8,1,0,1595,4
VoteIT/voteit_frontend,2025-02-24,15,1,0,1610,4
VoteIT/voteit_frontend,2025-03-03,13,1,0,1623,4
VoteIT/voteit_frontend,2025-03-10,4,1,0,1627,4
VoteIT/voteit_frontend,2025-03-31,8,1,0,1635,4
VoteIT/voteit_frontend,2025-05-05,2,1,0,1637,4
VoteIT/voteit_frontend,2025-06-02,16,1,0,1653,4
VoteIT/voteit_frontend,2025-06-09,2,1,0,1655,4
VoteIT/voteit_frontend,2025-06-16,3,1,0,1658,4
VoteIT/voteit_frontend,2025-06-23,7,1,0,1665,4
VoteIT/voteit_frontend,2025-08-04,32,1,0,1697,4
VoteIT/voteit_frontend,2025-08-11,6,1,0,1703,4
VoteIT/voteit_frontend,2025-08-18,18,1,0,1721,4
VoteIT/voteit_frontend,2025-08-25,15,1,0,1736,4
VoteIT/voteit_frontend,2025-09-01,2,1,0,1738,4
VoteIT/voteit_frontend,2025-09-22,4,1,0,1742,4
VoteIT/voteit_frontend,2025-09-29,12,1,0,1754,4
VoteIT/voteit_frontend,2025-10-06,27,1,0,1781,4
VoteIT/voteit_frontend,2025-10-13,19,1,0,1800,4
VoteIT/voteit_frontend,2025-10-20,12,1,0,1812,4
VoteIT/voteit_frontend,2025-10-27,10,1,0,1822,4
VoteIT/voteit_frontend,2025-11-10,1,1,0,1823,4
VoteIT/voteit_frontend,2025-11-24,20,1,0,1843,4
VoteIT/voteit_frontend,2026-02-09,3,1,0,1846,4
VoteIT/voteit_frontend,2026-03-02,7,1,0,1853,4
VoteIT/voteit_frontend,2026-03-09,3,1,0,1856,4
VoteIT/voteit_frontend,2026-03-16,21,1,0,1877,4
VoteIT/voteit_frontend,2026-03-23,18,1,0,1895,4
VoteIT/voteit_frontend,2026-04-06,3,1,0,1898,4
VoteIT/voteit_frontend,2026-04-13,4,1,0,1902,4
VoteIT/voteit_frontend,2026-04-20,14,1,0,1916,4
VoteIT/voteit_frontend,2026-04-27,25,1,0,1941,4
VoteIT/voteit_frontend,2026-05-11,15,1,0,1956,4
VoteIT/voteit_frontend,2026-05-18,36,2,0,1992,4
VoteIT/voteit_frontend,2026-05-25,34,2,0,2026,4
VoteIT/voteit_frontend,2026-06-01,17,2,0,2043,4
bikespace/bikespace,2019-02-18,1,1,1,1,1
bikespace/bikespace,2019-03-11,5,1,0,6,1
bikespace/bikespace,2019-05-20,1,1,0,7,1
bikespace/bikespace,2019-05-27,2,1,0,9,1
bikespace/bikespace,2023-02-27,5,1,0,14,1
bikespace/bikespace,2023-03-06,14,1,0,28,1
bikespace/bikespace,2023-03-13,3,1,0,31,1
bikespace/bikespace,2023-03-20,1,1,0,32,1
bikespace/bikespace,2023-04-03,1,1,1,33,2
bikespace/bikespace,2023-04-17,2,1,0,35,2
bikespace/bikespace,2023-04-24,6,1,0,41,2
bikespace/bikespace,2023-05-01,8,2,0,49,2
bikespace/bikespace,2023-05-08,2,2,0,51,2
bikespace/bikespace,2023-06-05,1,1,0,52,2
bikespace/bikespace,2023-08-14,2,1,0,54,2
bikespace/bikespace,2023-09-18,1,1,0,55,2
bikespace/bikespace,2023-10-09,3,2,1,58,3
bikespace/bikespace,2023-10-23,2,1,0,60,3
bikespace/bikespace,2023-11-06,3,1,0,63,3
bikespace/bikespace,2023-11-13,1,1,0,64,3
bikespace/bikespace,2023-11-20,14,4,3,78,6
bikespace/bikespace,2023-11-27,2,2,0,80,6
bikespace/bikespace,2023-12-04,5,3,2,85,8
bikespace/bikespace,2023-12-11,2,2,0,87,8
bikespace/bikespace,2023-12-25,2,2,0,89,8
bikespace/bikespace,2024-01-01,4,2,0,93,8
bikespace/bikespace,2024-01-08,6,4,1,99,9
bikespace/bikespace,2024-01-15,2,2,0,101,9
bikespace/bikespace,2024-01-22,8,2,0,109,9
bikespace/bikespace,2024-02-05,1,1,0,110,9
bikespace/bikespace,2024-02-26,2,2,1,112,10
bikespace/bikespace,2024-03-04,1,1,0,113,10
bikespace/bikespace,2024-03-11,1,1,0,114,10
bikespace/bikespace,2024-03-18,2,1,0,116,10
bikespace/bikespace,2024-03-25,8,2,0,124,10
bikespace/bikespace,2024-04-01,9,1,0,133,10
bikespace/bikespace,2024-04-08,1,1,0,134,10
bikespace/bikespace,2024-04-15,1,1,0,135,10
bikespace/bikespace,2024-04-22,3,1,0,138,10
bikespace/bikespace,2024-04-29,3,1,0,141,10
bikespace/bikespace,2024-05-13,1,1,0,142,10
bikespace/bikespace,2024-05-20,8,3,0,150,10
bikespace/bikespace,2024-05-27,6,2,0,156,10
bikespace/bikespace,2024-06-03,2,1,0,158,10
bikespace/bikespace,2024-06-10,4,2,0,162,10
bikespace/bikespace,2024-07-15,10,1,0,172,10
bikespace/bikespace,2024-07-22,2,1,0,174,10
bikespace/bikespace,2024-07-29,1,1,0,175,10
bikespace/bikespace,2024-08-05,1,1,0,176,10
bikespace/bikespace,2024-09-09,2,2,0,178,10
bikespace/bikespace,2024-09-23,1,1,0,179,10
bikespace/bikespace,2024-09-30,2,2,0,181,10
bikespace/bikespace,2024-10-07,1,1,0,182,10
bikespace/bikespace,2024-10-14,21,2,1,203,11
bikespace/bikespace,2024-10-21,4,3,0,207,11
bikespace/bikespace,2024-10-28,4,3,0,211,11
bikespace/bikespace,2024-11-18,1,1,0,212,11
bikespace/bikespace,2024-12-02,1,1,0,213,11
bikespace/bikespace,2024-12-09,3,2,0,216,11
bikespace/bikespace,2024-12-16,1,1,0,217,11
bikespace/bikespace,2024-12-30,3,2,0,220,11
bikespace/bikespace,2025-01-06,23,1,0,243,11
bikespace/bikespace,2025-01-20,2,1,0,245,11
bikespace/bikespace,2025-01-27,3,2,0,248,11
bikespace/bikespace,2025-02-03,44,3,0,292,11
bikespace/bikespace,2025-02-10,3,3,0,295,11
bikespace/bikespace,2025-03-03,4,3,0,299,11
bikespace/bikespace,2025-03-10,1,1,0,300,11
bikespace/bikespace,2025-03-17,3,1,0,303,11
bikespace/bikespace,2025-03-24,3,2,0,306,11
bikespace/bikespace,2025-03-31,2,2,0,308,11
bikespace/bikespace,2025-04-28,1,1,1,309,12
bikespace/bikespace,2025-05-05,2,2,0,311,12
bikespace/bikespace,2025-05-12,2,2,0,313,12
bikespace/bikespace,2025-05-26,3,2,0,316,12
bikespace/bikespace,2025-06-09,1,1,0,317,12
bikespace/bikespace,2025-06-16,5,3,0,322,12
bikespace/bikespace,2025-06-23,1,1,0,323,12
bikespace/bikespace,2025-07-14,1,1,0,324,12
bikespace/bikespace,2025-07-21,2,2,0,326,12
bikespace/bikespace,2025-08-25,2,1,0,328,12
bikespace/bikespace,2025-09-15,4,1,1,332,13
bikespace/bikespace,2025-09-22,6,3,0,338,13
bikespace/bikespace,2025-10-06,2,2,0,340,13
bikespace/bikespace,2025-10-13,1,1,0,341,13
bikespace/bikespace,2025-10-20,6,2,0,347,13
bikespace/bikespace,2025-10-27,2,2,0,349,13
bikespace/bikespace,2025-11-10,1,1,0,350,13
bikespace/bikespace,2025-11-17,3,1,0,353,13
bikespace/bikespace,2025-11-24,2,2,1,355,14
bikespace/bikespace,2025-12-01,3,2,0,358,14
bikespace/bikespace,2025-12-08,1,1,0,359,14
bikespace/bikespace,2025-12-22,3,2,1,362,15
bikespace/bikespace,2026-01-05,2,1,0,364,15
bikespace/bikespace,2026-01-12,2,2,0,366,15
bikespace/bikespace,2026-02-02,2,2,0,368,15
bikespace/bikespace,2026-02-09,1,1,0,369,15
bikespace/bikespace,2026-02-16,2,2,0,371,15
bikespace/bikespace,2026-02-23,3,3,0,374,15
bikespace/bikespace,2026-03-02,2,2,0,376,15
bikespace/bikespace,2026-03-09,1,1,0,377,15
bikespace/bikespace,2026-03-16,3,2,0,380,15
bikespace/bikespace,2026-03-23,6,1,0,386,15
bikespace/bikespace,2026-03-30,2,1,0,388,15
bikespace/bikespace,2026-04-27,2,1,0,390,15
bikespace/bikespace,2026-05-04,3,3,0,393,15
bikespace/bikespace,2026-05-11,2,2,0,395,15
bikespace/bikespace,2026-05-18,1,1,0,396,15
bikespace/bikespace,2026-05-25,2,2,1,398,16
choruslabs/chorus,2024-11-25,17,1,1,17,1
choruslabs/chorus,2025-01-20,5,2,1,22,2
choruslabs/chorus,2025-03-17,15,2,1,37,3
choruslabs/chorus,2025-04-07,13,1,0,50,3
choruslabs/chorus,2025-04-14,5,1,0,55,3
choruslabs/chorus,2025-05-19,7,1,0,62,3
choruslabs/chorus,2025-06-02,3,1,0,65,3
choruslabs/chorus,2025-06-09,12,2,1,77,4
choruslabs/chorus,2025-06-16,10,2,0,87,4
choruslabs/chorus,2025-06-23,13,2,0,100,4
choruslabs/chorus,2025-06-30,63,2,0,163,4
choruslabs/chorus,2025-07-07,52,2,0,215,4
choruslabs/chorus,2025-07-14,3,2,0,218,4
choruslabs/chorus,2025-07-21,30,2,0,248,4
choruslabs/chorus,2025-07-28,13,1,0,261,4
choruslabs/chorus,2025-08-04,4,2,1,265,5
choruslabs/chorus,2025-08-25,16,1,0,281,5
choruslabs/chorus,2025-09-01,1,1,0,282,5
choruslabs/chorus,2025-09-08,2,1,0,284,5
choruslabs/chorus,2025-09-15,1,1,1,285,6
choruslabs/chorus,2025-09-29,4,1,0,289,6
choruslabs/chorus,2025-10-06,5,3,1,294,7
choruslabs/chorus,2025-10-13,3,1,0,297,7
choruslabs/chorus,2025-10-27,15,1,0,312,7
choruslabs/chorus,2025-11-03,5,3,1,317,8
choruslabs/chorus,2025-11-10,3,3,1,320,9
choruslabs/chorus,2025-11-24,1,1,0,321,9
choruslabs/chorus,2025-12-01,7,1,0,328,9
choruslabs/chorus,2025-12-08,6,3,0,334,9
choruslabs/chorus,2025-12-15,1,1,0,335,9
choruslabs/chorus,2025-12-22,2,1,0,337,9
choruslabs/chorus,2025-12-29,2,1,0,339,9
choruslabs/chorus,2026-01-05,10,1,0,349,9
choruslabs/chorus,2026-01-12,4,1,0,353,9
choruslabs/chorus,2026-01-26,4,1,0,357,9
choruslabs/chorus,2026-02-02,3,1,0,360,9
choruslabs/chorus,2026-02-09,1,1,1,361,10
choruslabs/chorus,2026-02-23,2,1,0,363,10
choruslabs/chorus,2026-04-06,1,1,1,364,11
choruslabs/chorus,2026-04-13,5,1,0,369,11
choruslabs/chorus,2026-04-27,4,1,0,373,11
civic-dashboard/civic-dashboard-web,2024-10-28,2,1,1,2,1
civic-dashboard/civic-dashboard-web,2024-11-18,13,1,0,15,1
civic-dashboard/civic-dashboard-web,2024-11-25,6,1,0,21,1
civic-dashboard/civic-dashboard-web,2024-12-02,6,1,0,27,1
civic-dashboard/civic-dashboard-web,2024-12-09,6,1,0,33,1
civic-dashboard/civic-dashboard-web,2024-12-16,2,1,0,35,1
civic-dashboard/civic-dashboard-web,2025-01-06,1,1,0,36,1
civic-dashboard/civic-dashboard-web,2025-01-13,3,1,0,39,1
civic-dashboard/civic-dashboard-web,2025-01-20,1,1,1,40,2
civic-dashboard/civic-dashboard-web,2025-02-03,1,1,0,41,2
civic-dashboard/civic-dashboard-web,2025-02-10,2,2,1,43,3
civic-dashboard/civic-dashboard-web,2025-02-17,1,1,0,44,3
civic-dashboard/civic-dashboard-web,2025-02-24,2,2,0,46,3
civic-dashboard/civic-dashboard-web,2025-03-03,2,2,0,48,3
civic-dashboard/civic-dashboard-web,2025-03-10,2,1,0,50,3
civic-dashboard/civic-dashboard-web,2025-03-17,7,6,3,57,6
civic-dashboard/civic-dashboard-web,2025-03-24,8,3,0,65,6
civic-dashboard/civic-dashboard-web,2025-03-31,12,4,0,77,6
civic-dashboard/civic-dashboard-web,2025-04-07,1,1,0,78,6
civic-dashboard/civic-dashboard-web,2025-04-21,2,2,1,80,7
civic-dashboard/civic-dashboard-web,2025-04-28,1,1,0,81,7
civic-dashboard/civic-dashboard-web,2025-05-05,4,2,0,85,7
civic-dashboard/civic-dashboard-web,2025-05-12,4,2,0,89,7
civic-dashboard/civic-dashboard-web,2025-05-19,4,3,1,93,8
civic-dashboard/civic-dashboard-web,2025-05-26,4,2,0,97,8
civic-dashboard/civic-dashboard-web,2025-06-02,2,2,0,99,8
civic-dashboard/civic-dashboard-web,2025-06-09,1,1,0,100,8
civic-dashboard/civic-dashboard-web,2025-06-16,1,1,0,101,8
civic-dashboard/civic-dashboard-web,2025-07-07,1,1,0,102,8
civic-dashboard/civic-dashboard-web,2025-07-21,2,2,0,104,8
civic-dashboard/civic-dashboard-web,2025-07-28,1,1,0,105,8
civic-dashboard/civic-dashboard-web,2025-08-04,2,2,0,107,8
civic-dashboard/civic-dashboard-web,2025-08-18,1,1,0,108,8
civic-dashboard/civic-dashboard-web,2025-08-25,2,2,0,110,8
civic-dashboard/civic-dashboard-web,2025-09-01,1,1,0,111,8
civic-dashboard/civic-dashboard-web,2025-09-08,1,1,0,112,8
civic-dashboard/civic-dashboard-web,2025-09-15,3,2,0,115,8
civic-dashboard/civic-dashboard-web,2025-09-22,2,2,2,117,10
civic-dashboard/civic-dashboard-web,2025-09-29,9,4,2,126,12
civic-dashboard/civic-dashboard-web,2025-10-06,1,1,0,127,12
civic-dashboard/civic-dashboard-web,2025-10-13,1,1,0,128,12
civic-dashboard/civic-dashboard-web,2025-10-20,2,2,0,130,12
civic-dashboard/civic-dashboard-web,2025-10-27,3,3,0,133,12
civic-dashboard/civic-dashboard-web,2025-11-17,6,3,0,139,12
civic-dashboard/civic-dashboard-web,2025-12-01,3,3,1,142,13
civic-dashboard/civic-dashboard-web,2025-12-08,2,2,1,144,14
civic-dashboard/civic-dashboard-web,2025-12-29,1,1,0,145,14
civic-dashboard/civic-dashboard-web,2026-01-19,4,3,1,149,15
civic-dashboard/civic-dashboard-web,2026-01-26,2,2,1,151,16
civic-dashboard/civic-dashboard-web,2026-02-02,1,1,0,152,16
civic-dashboard/civic-dashboard-web,2026-02-16,2,2,2,154,18
civic-dashboard/civic-dashboard-web,2026-02-23,1,1,0,155,18
civic-dashboard/civic-dashboard-web,2026-03-02,3,2,1,158,19
civic-dashboard/civic-dashboard-web,2026-03-09,5,4,1,163,20
civic-dashboard/civic-dashboard-web,2026-03-16,4,1,0,167,20
civic-dashboard/civic-dashboard-web,2026-03-23,1,1,0,168,20
civic-dashboard/civic-dashboard-web,2026-03-30,3,1,0,171,20
civic-dashboard/civic-dashboard-web,2026-04-06,2,1,0,173,20
civic-dashboard/civic-dashboard-web,2026-04-13,1,1,0,174,20
civic-dashboard/civic-dashboard-web,2026-04-20,7,4,1,181,21
civic-dashboard/civic-dashboard-web,2026-04-27,4,2,0,185,21
civic-dashboard/civic-dashboard-web,2026-05-04,6,2,1,191,22
civic-dashboard/civic-dashboard-web,2026-05-11,6,3,1,197,23
civic-dashboard/civic-dashboard-web,2026-05-18,2,2,0,199,23
civic-dashboard/civic-dashboard-web,2026-05-25,1,1,1,200,24
civiform/civiform,2021-01-04,4,3,3,4,3
civiform/civiform,2021-01-11,5,3,1,9,4
civiform/civiform,2021-01-18,9,4,1,18,5
civiform/civiform,2021-01-25,10,5,1,28,6
civiform/civiform,2021-02-01,9,3,1,37,7
civiform/civiform,2021-02-08,26,7,2,63,9
civiform/civiform,2021-02-15,23,7,0,86,9
civiform/civiform,2021-02-22,31,7,0,117,9
civiform/civiform,2021-03-01,32,7,0,149,9
civiform/civiform,2021-03-08,30,10,3,179,12
civiform/civiform,2021-03-15,23,6,1,202,13
civiform/civiform,2021-03-22,32,10,2,234,15
civiform/civiform,2021-03-29,19,7,0,253,15
civiform/civiform,2021-04-05,44,7,1,297,16
civiform/civiform,2021-04-12,31,9,0,328,16
civiform/civiform,2021-04-19,37,9,1,365,17
civiform/civiform,2021-04-26,40,6,0,405,17
civiform/civiform,2021-05-03,50,8,0,455,17
civiform/civiform,2021-05-10,59,8,0,514,17
civiform/civiform,2021-05-17,52,7,1,566,18
civiform/civiform,2021-05-24,16,7,0,582,18
civiform/civiform,2021-05-31,21,9,2,603,20
civiform/civiform,2021-06-07,28,9,1,631,21
civiform/civiform,2021-06-14,31,9,0,662,21
civiform/civiform,2021-06-21,48,7,0,710,21
civiform/civiform,2021-06-28,29,8,0,739,21
civiform/civiform,2021-07-26,1,1,1,740,22
civiform/civiform,2021-08-02,2,1,1,742,23
civiform/civiform,2021-08-09,7,5,2,749,25
civiform/civiform,2021-08-16,1,1,0,750,25
civiform/civiform,2021-08-23,4,3,0,754,25
civiform/civiform,2021-08-30,4,2,0,758,25
civiform/civiform,2021-09-06,1,1,0,759,25
civiform/civiform,2021-09-13,2,2,0,761,25
civiform/civiform,2021-09-20,1,1,1,762,26
civiform/civiform,2021-09-27,3,3,0,765,26
civiform/civiform,2021-10-04,6,5,0,771,26
civiform/civiform,2021-10-11,2,2,0,773,26
civiform/civiform,2021-10-18,3,3,0,776,26
civiform/civiform,2021-10-25,6,3,0,782,26
civiform/civiform,2021-11-01,6,2,0,788,26
civiform/civiform,2021-11-08,9,4,1,797,27
civiform/civiform,2021-11-15,5,5,1,802,28
civiform/civiform,2021-11-22,3,2,1,805,29
civiform/civiform,2021-11-29,6,3,0,811,29
civiform/civiform,2021-12-06,2,2,0,813,29
civiform/civiform,2021-12-13,4,4,0,817,29
civiform/civiform,2021-12-20,4,1,0,821,29
civiform/civiform,2022-01-03,7,4,1,828,30
civiform/civiform,2022-01-10,9,3,0,837,30
civiform/civiform,2022-01-17,8,3,0,845,30
civiform/civiform,2022-01-24,13,4,0,858,30
civiform/civiform,2022-01-31,12,2,0,870,30
civiform/civiform,2022-02-07,7,5,1,877,31
civiform/civiform,2022-02-14,13,4,0,890,31
civiform/civiform,2022-02-21,17,4,1,907,32
civiform/civiform,2022-02-28,10,4,0,917,32
civiform/civiform,2022-03-07,12,6,1,929,33
civiform/civiform,2022-03-14,36,5,1,965,34
civiform/civiform,2022-03-21,54,7,1,1019,35
civiform/civiform,2022-03-28,44,7,1,1063,36
civiform/civiform,2022-04-04,7,3,1,1070,37
civiform/civiform,2022-04-11,21,8,1,1091,38
civiform/civiform,2022-04-18,22,8,3,1113,41
civiform/civiform,2022-04-25,33,8,2,1146,43
civiform/civiform,2022-05-02,44,11,3,1190,46
civiform/civiform,2022-05-09,27,9,0,1217,46
civiform/civiform,2022-05-16,21,8,0,1238,46
civiform/civiform,2022-05-23,45,11,0,1283,46
civiform/civiform,2022-05-30,35,6,0,1318,46
civiform/civiform,2022-06-06,34,8,0,1352,46
civiform/civiform,2022-06-13,44,9,0,1396,46
civiform/civiform,2022-06-20,22,5,0,1418,46
civiform/civiform,2022-06-27,35,8,1,1453,47
civiform/civiform,2022-07-04,11,5,0,1464,47
civiform/civiform,2022-07-11,39,12,2,1503,49
civiform/civiform,2022-07-18,30,6,0,1533,49
civiform/civiform,2022-07-25,40,8,0,1573,49
civiform/civiform,2022-08-01,33,8,0,1606,49
civiform/civiform,2022-08-08,37,8,0,1643,49
civiform/civiform,2022-08-15,64,8,0,1707,49
civiform/civiform,2022-08-22,38,10,0,1745,49
civiform/civiform,2022-08-29,42,9,0,1787,49
civiform/civiform,2022-09-05,20,7,0,1807,49
civiform/civiform,2022-09-12,35,10,1,1842,50
civiform/civiform,2022-09-19,41,9,0,1883,50
civiform/civiform,2022-09-26,54,8,0,1937,50
civiform/civiform,2022-10-03,15,7,1,1952,51
civiform/civiform,2022-10-10,21,7,0,1973,51
civiform/civiform,2022-10-17,29,5,0,2002,51
civiform/civiform,2022-10-24,25,8,1,2027,52
civiform/civiform,2022-10-31,15,7,0,2042,52
civiform/civiform,2022-11-07,23,7,0,2065,52
civiform/civiform,2022-11-14,30,6,0,2095,52
civiform/civiform,2022-11-21,18,4,0,2113,52
civiform/civiform,2022-11-28,14,4,0,2127,52
civiform/civiform,2022-12-05,16,5,1,2143,53
civiform/civiform,2022-12-12,36,6,0,2179,53
civiform/civiform,2022-12-19,27,5,0,2206,53
civiform/civiform,2022-12-26,13,4,0,2219,53
civiform/civiform,2023-01-02,10,5,0,2229,53
civiform/civiform,2023-01-09,21,9,0,2250,53
civiform/civiform,2023-01-16,11,5,0,2261,53
civiform/civiform,2023-01-23,24,7,2,2285,55
civiform/civiform,2023-01-30,31,10,1,2316,56
civiform/civiform,2023-02-06,28,12,3,2344,59
civiform/civiform,2023-02-13,30,11,1,2374,60
civiform/civiform,2023-02-20,18,6,0,2392,60
civiform/civiform,2023-02-27,25,8,0,2417,60
civiform/civiform,2023-03-06,23,9,0,2440,60
civiform/civiform,2023-03-13,40,9,0,2480,60
civiform/civiform,2023-03-20,26,7,0,2506,60
civiform/civiform,2023-03-27,44,9,0,2550,60
civiform/civiform,2023-04-03,30,8,0,2580,60
civiform/civiform,2023-04-10,31,9,0,2611,60
civiform/civiform,2023-04-17,7,4,0,2618,60
civiform/civiform,2023-04-24,16,6,0,2634,60
civiform/civiform,2023-05-01,53,7,0,2687,60
civiform/civiform,2023-05-08,26,7,0,2713,60
civiform/civiform,2023-05-15,40,9,1,2753,61
civiform/civiform,2023-05-22,44,8,0,2797,61
civiform/civiform,2023-05-29,8,4,0,2805,61
civiform/civiform,2023-06-05,12,7,0,2817,61
civiform/civiform,2023-06-12,41,8,0,2858,61
civiform/civiform,2023-06-19,13,6,1,2871,62
civiform/civiform,2023-06-26,25,8,0,2896,62
civiform/civiform,2023-07-03,20,6,0,2916,62
civiform/civiform,2023-07-10,19,6,2,2935,64
civiform/civiform,2023-07-17,21,10,0,2956,64
civiform/civiform,2023-07-24,26,8,0,2982,64
civiform/civiform,2023-07-31,18,8,0,3000,64
civiform/civiform,2023-08-07,20,9,0,3020,64
civiform/civiform,2023-08-14,23,6,0,3043,64
civiform/civiform,2023-08-21,23,9,0,3066,64
civiform/civiform,2023-08-28,15,5,0,3081,64
civiform/civiform,2023-09-04,22,5,0,3103,64
civiform/civiform,2023-09-11,39,7,0,3142,64
civiform/civiform,2023-09-18,16,7,0,3158,64
civiform/civiform,2023-09-25,18,2,0,3176,64
civiform/civiform,2023-10-02,29,9,0,3205,64
civiform/civiform,2023-10-09,30,10,1,3235,65
civiform/civiform,2023-10-16,9,6,0,3244,65
civiform/civiform,2023-10-23,27,11,0,3271,65
civiform/civiform,2023-10-30,23,9,0,3294,65
civiform/civiform,2023-11-06,19,8,0,3313,65
civiform/civiform,2023-11-13,13,6,0,3326,65
civiform/civiform,2023-11-20,39,6,0,3365,65
civiform/civiform,2023-11-27,35,8,0,3400,65
civiform/civiform,2023-12-04,22,8,0,3422,65
civiform/civiform,2023-12-11,19,8,1,3441,66
civiform/civiform,2023-12-18,43,9,1,3484,67
civiform/civiform,2023-12-25,3,1,0,3487,67
civiform/civiform,2024-01-01,19,5,0,3506,67
civiform/civiform,2024-01-08,51,9,1,3557,68
civiform/civiform,2024-01-15,27,8,0,3584,68
civiform/civiform,2024-01-22,23,9,0,3607,68
civiform/civiform,2024-01-29,56,9,0,3663,68
civiform/civiform,2024-02-05,43,10,0,3706,68
civiform/civiform,2024-02-12,29,10,0,3735,68
civiform/civiform,2024-02-19,33,10,1,3768,69
civiform/civiform,2024-02-26,51,7,0,3819,69
civiform/civiform,2024-03-04,37,12,0,3856,69
civiform/civiform,2024-03-11,44,12,0,3900,69
civiform/civiform,2024-03-18,60,11,0,3960,69
civiform/civiform,2024-03-25,43,8,0,4003,69
civiform/civiform,2024-04-01,38,11,0,4041,69
civiform/civiform,2024-04-08,45,9,1,4086,70
civiform/civiform,2024-04-15,20,8,1,4106,71
civiform/civiform,2024-04-22,28,9,0,4134,71
civiform/civiform,2024-04-29,57,14,0,4191,71
civiform/civiform,2024-05-06,32,9,0,4223,71
civiform/civiform,2024-05-13,19,6,1,4242,72
civiform/civiform,2024-05-20,38,6,1,4280,73
civiform/civiform,2024-05-27,38,10,0,4318,73
civiform/civiform,2024-06-03,47,11,0,4365,73
civiform/civiform,2024-06-10,44,13,0,4409,73
civiform/civiform,2024-06-17,36,10,0,4445,73
civiform/civiform,2024-06-24,49,8,0,4494,73
civiform/civiform,2024-07-01,35,8,0,4529,73
civiform/civiform,2024-07-08,39,8,0,4568,73
civiform/civiform,2024-07-15,42,8,0,4610,73
civiform/civiform,2024-07-22,40,12,1,4650,74
civiform/civiform,2024-07-29,38,9,0,4688,74
civiform/civiform,2024-08-05,50,14,0,4738,74
civiform/civiform,2024-08-12,32,8,0,4770,74
civiform/civiform,2024-08-19,27,8,0,4797,74
civiform/civiform,2024-08-26,30,10,0,4827,74
civiform/civiform,2024-09-02,39,11,0,4866,74
civiform/civiform,2024-09-09,43,12,0,4909,74
civiform/civiform,2024-09-16,43,12,0,4952,74
civiform/civiform,2024-09-23,39,7,0,4991,74
civiform/civiform,2024-09-30,33,10,0,5024,74
civiform/civiform,2024-10-07,25,6,0,5049,74
civiform/civiform,2024-10-14,43,12,2,5092,76
civiform/civiform,2024-10-21,59,10,0,5151,76
civiform/civiform,2024-10-28,42,9,0,5193,76
civiform/civiform,2024-11-04,49,10,1,5242,77
civiform/civiform,2024-11-11,46,10,0,5288,77
civiform/civiform,2024-11-18,27,10,0,5315,77
civiform/civiform,2024-11-25,18,6,1,5333,78
civiform/civiform,2024-12-02,46,12,0,5379,78
civiform/civiform,2024-12-09,17,8,0,5396,78
civiform/civiform,2024-12-16,19,9,0,5415,78
civiform/civiform,2024-12-23,2,2,0,5417,78
civiform/civiform,2024-12-30,8,1,0,5425,78
civiform/civiform,2025-01-06,15,7,0,5440,78
civiform/civiform,2025-01-13,33,10,2,5473,80
civiform/civiform,2025-01-20,35,10,1,5508,81
civiform/civiform,2025-01-27,13,8,0,5521,81
civiform/civiform,2025-02-03,33,9,1,5554,82
civiform/civiform,2025-02-10,20,10,0,5574,82
civiform/civiform,2025-02-17,22,8,1,5596,83
civiform/civiform,2025-02-24,33,9,0,5629,83
civiform/civiform,2025-03-03,64,12,0,5693,83
civiform/civiform,2025-03-10,38,10,1,5731,84
civiform/civiform,2025-03-17,32,11,0,5763,84
civiform/civiform,2025-03-24,48,11,1,5811,85
civiform/civiform,2025-03-31,17,7,0,5828,85
civiform/civiform,2025-04-07,68,11,0,5896,85
civiform/civiform,2025-04-14,17,8,0,5913,85
civiform/civiform,2025-04-21,40,11,0,5953,85
civiform/civiform,2025-04-28,37,11,0,5990,85
civiform/civiform,2025-05-05,36,9,0,6026,85
civiform/civiform,2025-05-12,48,10,1,6074,86
civiform/civiform,2025-05-19,31,10,0,6105,86
civiform/civiform,2025-05-26,51,7,1,6156,87
civiform/civiform,2025-06-02,21,11,1,6177,88
civiform/civiform,2025-06-09,35,12,1,6212,89
civiform/civiform,2025-06-16,31,10,0,6243,89
civiform/civiform,2025-06-23,34,10,0,6277,89
civiform/civiform,2025-06-30,54,11,1,6331,90
civiform/civiform,2025-07-07,25,7,0,6356,90
civiform/civiform,2025-07-14,18,7,0,6374,90
civiform/civiform,2025-07-21,59,10,0,6433,90
civiform/civiform,2025-07-28,24,7,0,6457,90
civiform/civiform,2025-08-04,47,9,0,6504,90
civiform/civiform,2025-08-11,47,13,0,6551,90
civiform/civiform,2025-08-18,19,10,1,6570,91
civiform/civiform,2025-08-25,38,9,1,6608,92
civiform/civiform,2025-09-01,25,8,0,6633,92
civiform/civiform,2025-09-08,15,9,0,6648,92
civiform/civiform,2025-09-15,67,11,1,6715,93
civiform/civiform,2025-09-22,19,7,0,6734,93
civiform/civiform,2025-09-29,8,3,0,6742,93
civiform/civiform,2025-10-06,16,9,1,6758,94
civiform/civiform,2025-10-13,64,6,1,6822,95
civiform/civiform,2025-10-20,25,9,0,6847,95
civiform/civiform,2025-10-27,30,10,0,6877,95
civiform/civiform,2025-11-03,40,11,1,6917,96
civiform/civiform,2025-11-10,41,9,0,6958,96
civiform/civiform,2025-11-17,42,10,0,7000,96
civiform/civiform,2025-11-24,13,7,0,7013,96
civiform/civiform,2025-12-01,62,10,0,7075,96
civiform/civiform,2025-12-08,49,11,0,7124,96
civiform/civiform,2025-12-15,49,9,0,7173,96
civiform/civiform,2025-12-22,11,3,0,7184,96
civiform/civiform,2025-12-29,19,3,0,7203,96
civiform/civiform,2026-01-05,25,10,0,7228,96
civiform/civiform,2026-01-12,50,10,1,7278,97
civiform/civiform,2026-01-19,47,10,0,7325,97
civiform/civiform,2026-01-26,21,8,0,7346,97
civiform/civiform,2026-02-02,40,13,0,7386,97
civiform/civiform,2026-02-09,41,10,0,7427,97
civiform/civiform,2026-02-16,71,9,0,7498,97
civiform/civiform,2026-02-23,56,6,0,7554,97
civiform/civiform,2026-03-02,45,10,0,7599,97
civiform/civiform,2026-03-09,13,5,0,7612,97
civiform/civiform,2026-03-16,24,8,0,7636,97
civiform/civiform,2026-03-23,25,8,0,7661,97
civiform/civiform,2026-03-30,55,8,0,7716,97
civiform/civiform,2026-04-06,14,5,0,7730,97
civiform/civiform,2026-04-13,15,5,0,7745,97
civiform/civiform,2026-04-20,16,5,0,7761,97
civiform/civiform,2026-04-27,7,3,0,7768,97
civiform/civiform,2026-05-04,57,5,0,7825,97
civiform/civiform,2026-05-11,29,5,0,7854,97
civiform/civiform,2026-05-18,15,5,0,7869,97
civiform/civiform,2026-05-25,31,7,1,7900,98
civiform/civiform,2026-06-01,16,5,0,7916,98
code-for-magdeburg/StadtratWatch-web,2023-10-30,30,2,2,30,2
code-for-magdeburg/StadtratWatch-web,2023-11-06,23,2,0,53,2
code-for-magdeburg/StadtratWatch-web,2023-11-13,18,2,0,71,2
code-for-magdeburg/StadtratWatch-web,2023-11-20,8,2,0,79,2
code-for-magdeburg/StadtratWatch-web,2023-11-27,12,2,0,91,2
code-for-magdeburg/StadtratWatch-web,2023-12-04,6,2,0,97,2
code-for-magdeburg/StadtratWatch-web,2023-12-18,1,1,0,98,2
code-for-magdeburg/StadtratWatch-web,2024-01-01,2,2,0,100,2
code-for-magdeburg/StadtratWatch-web,2024-01-08,2,2,0,102,2
code-for-magdeburg/StadtratWatch-web,2024-01-15,2,1,0,104,2
code-for-magdeburg/StadtratWatch-web,2024-01-22,1,1,0,105,2
code-for-magdeburg/StadtratWatch-web,2024-01-29,3,2,0,108,2
code-for-magdeburg/StadtratWatch-web,2024-02-05,5,2,0,113,2
code-for-magdeburg/StadtratWatch-web,2024-03-11,3,2,0,116,2
code-for-magdeburg/StadtratWatch-web,2024-03-25,6,2,0,122,2
code-for-magdeburg/StadtratWatch-web,2024-04-01,3,2,0,125,2
code-for-magdeburg/StadtratWatch-web,2024-04-08,4,2,0,129,2
code-for-magdeburg/StadtratWatch-web,2024-04-15,2,1,0,131,2
code-for-magdeburg/StadtratWatch-web,2024-04-22,5,2,0,136,2
code-for-magdeburg/StadtratWatch-web,2024-05-13,1,1,0,137,2
code-for-magdeburg/StadtratWatch-web,2024-05-27,6,2,0,143,2
code-for-magdeburg/StadtratWatch-web,2024-06-03,1,1,0,144,2
code-for-magdeburg/StadtratWatch-web,2024-06-10,3,2,0,147,2
code-for-magdeburg/StadtratWatch-web,2024-07-01,1,1,0,148,2
code-for-magdeburg/StadtratWatch-web,2024-07-08,1,1,0,149,2
code-for-magdeburg/StadtratWatch-web,2024-07-15,4,2,0,153,2
code-for-magdeburg/StadtratWatch-web,2024-07-29,1,1,0,154,2
code-for-magdeburg/StadtratWatch-web,2024-08-05,5,2,0,159,2
code-for-magdeburg/StadtratWatch-web,2024-08-19,5,2,0,164,2
code-for-magdeburg/StadtratWatch-web,2024-09-02,13,2,0,177,2
code-for-magdeburg/StadtratWatch-web,2024-09-09,3,1,0,180,2
code-for-magdeburg/StadtratWatch-web,2024-10-07,2,2,0,182,2
code-for-magdeburg/StadtratWatch-web,2024-10-14,4,2,0,186,2
code-for-magdeburg/StadtratWatch-web,2024-11-04,2,1,0,188,2
code-for-magdeburg/StadtratWatch-web,2024-11-11,3,2,0,191,2
code-for-magdeburg/StadtratWatch-web,2024-11-18,2,1,0,193,2
code-for-magdeburg/StadtratWatch-web,2024-12-02,1,1,0,194,2
code-for-magdeburg/StadtratWatch-web,2024-12-16,5,2,0,199,2
code-for-magdeburg/StadtratWatch-web,2024-12-30,3,1,0,202,2
code-for-magdeburg/StadtratWatch-web,2025-01-20,2,2,0,204,2
code-for-magdeburg/StadtratWatch-web,2025-02-03,1,1,0,205,2
code-for-magdeburg/StadtratWatch-web,2025-02-24,3,2,0,208,2
code-for-magdeburg/StadtratWatch-web,2025-04-07,5,2,0,213,2
code-for-magdeburg/StadtratWatch-web,2025-04-14,1,1,0,214,2
code-for-magdeburg/StadtratWatch-web,2025-04-28,2,1,0,216,2
code-for-magdeburg/StadtratWatch-web,2025-05-05,1,1,0,217,2
code-for-magdeburg/StadtratWatch-web,2025-05-19,2,1,0,219,2
code-for-magdeburg/StadtratWatch-web,2025-06-02,1,1,0,220,2
code-for-magdeburg/StadtratWatch-web,2025-06-09,1,1,0,221,2
code-for-magdeburg/StadtratWatch-web,2025-06-16,6,2,0,227,2
code-for-magdeburg/StadtratWatch-web,2025-06-23,1,1,0,228,2
code-for-magdeburg/StadtratWatch-web,2025-06-30,3,2,0,231,2
code-for-magdeburg/StadtratWatch-web,2025-07-07,4,1,0,235,2
code-for-magdeburg/StadtratWatch-web,2025-07-14,7,2,0,242,2
code-for-magdeburg/StadtratWatch-web,2025-07-21,1,1,0,243,2
code-for-magdeburg/StadtratWatch-web,2025-07-28,7,2,0,250,2
code-for-magdeburg/StadtratWatch-web,2025-08-18,2,2,0,252,2
code-for-magdeburg/StadtratWatch-web,2025-09-01,1,1,1,253,3
code-for-magdeburg/StadtratWatch-web,2025-09-08,2,1,0,255,3
code-for-magdeburg/StadtratWatch-web,2025-09-15,1,1,0,256,3
code-for-magdeburg/StadtratWatch-web,2025-09-22,3,2,0,259,3
code-for-magdeburg/StadtratWatch-web,2025-10-06,5,1,0,264,3
code-for-magdeburg/StadtratWatch-web,2025-10-13,14,1,0,278,3
code-for-magdeburg/StadtratWatch-web,2025-10-20,16,2,0,294,3
code-for-magdeburg/StadtratWatch-web,2025-10-27,31,2,0,325,3
code-for-magdeburg/StadtratWatch-web,2025-11-03,12,1,0,337,3
code-for-magdeburg/StadtratWatch-web,2025-11-17,2,1,0,339,3
code-for-magdeburg/StadtratWatch-web,2025-11-24,12,2,0,351,3
code-for-magdeburg/StadtratWatch-web,2025-12-01,17,1,0,368,3
code-for-magdeburg/StadtratWatch-web,2025-12-08,2,1,0,370,3
code-for-magdeburg/StadtratWatch-web,2025-12-22,1,1,0,371,3
code-for-magdeburg/StadtratWatch-web,2026-02-09,7,1,0,378,3
code-for-magdeburg/StadtratWatch-web,2026-02-16,3,1,0,381,3
code-for-magdeburg/StadtratWatch-web,2026-03-23,1,1,0,382,3
code-for-magdeburg/StadtratWatch-web,2026-04-06,3,2,0,385,3
code-for-magdeburg/StadtratWatch-web,2026-05-11,3,2,0,388,3
code-for-magdeburg/StadtratWatch-web,2026-05-18,1,1,0,389,3
codeforamerica/asap_pdf,2025-01-27,9,1,1,9,1
codeforamerica/asap_pdf,2025-02-03,12,1,0,21,1
codeforamerica/asap_pdf,2025-02-10,18,2,1,39,2
codeforamerica/asap_pdf,2025-02-17,29,2,0,68,2
codeforamerica/asap_pdf,2025-02-24,37,3,1,105,3
codeforamerica/asap_pdf,2025-03-03,78,4,1,183,4
codeforamerica/asap_pdf,2025-03-10,2,1,0,185,4
codeforamerica/asap_pdf,2025-03-17,45,4,0,230,4
codeforamerica/asap_pdf,2025-03-24,38,3,0,268,4
codeforamerica/asap_pdf,2025-03-31,44,2,0,312,4
codeforamerica/asap_pdf,2025-04-07,16,2,0,328,4
codeforamerica/asap_pdf,2025-04-14,7,2,0,335,4
codeforamerica/asap_pdf,2025-04-21,5,3,0,340,4
codeforamerica/asap_pdf,2025-04-28,16,3,0,356,4
codeforamerica/asap_pdf,2025-05-05,24,3,0,380,4
codeforamerica/asap_pdf,2025-05-12,26,3,0,406,4
codeforamerica/asap_pdf,2025-05-19,31,3,0,437,4
codeforamerica/asap_pdf,2025-06-02,13,2,0,450,4
codeforamerica/asap_pdf,2025-06-09,2,2,0,452,4
codeforamerica/asap_pdf,2025-06-16,11,2,0,463,4
codeforamerica/asap_pdf,2025-06-23,3,2,0,466,4
codeforamerica/asap_pdf,2025-06-30,18,2,0,484,4
codeforamerica/asap_pdf,2025-07-07,2,2,0,486,4
codeforamerica/asap_pdf,2025-07-14,6,3,0,492,4
codeforamerica/asap_pdf,2025-07-21,16,2,0,508,4
codeforamerica/asap_pdf,2025-07-28,10,3,0,518,4
codeforamerica/asap_pdf,2025-08-04,4,1,0,522,4
codeforamerica/asap_pdf,2025-08-11,28,2,0,550,4
codeforamerica/asap_pdf,2025-08-18,8,1,0,558,4
codeforamerica/asap_pdf,2025-09-01,5,1,0,563,4
codeforamerica/asap_pdf,2025-09-15,6,1,0,569,4
codeforamerica/asap_pdf,2025-09-22,3,1,0,572,4
codeforamerica/asap_pdf,2025-09-29,9,1,0,581,4
codeforamerica/asap_pdf,2025-10-06,2,1,0,583,4
codeforamerica/asap_pdf,2025-10-13,5,1,0,588,4
codeforamerica/asap_pdf,2025-10-27,4,1,0,592,4
codeforamerica/asap_pdf,2026-01-12,5,2,0,597,4
codeforamerica/asap_pdf,2026-01-26,2,1,0,599,4
codeforamerica/asap_pdf,2026-04-06,4,2,1,603,5
codeforamerica/asap_pdf,2026-04-27,1,1,1,604,6
codeforamerica/asap_pdf,2026-05-11,1,1,0,605,6
codeforamerica/cmr-maryland-eligibility-determination,2025-03-03,1,1,1,1,1
codeforamerica/cmr-maryland-eligibility-determination,2025-03-17,21,1,0,22,1
codeforamerica/cmr-maryland-eligibility-determination,2025-03-24,19,1,0,41,1
codeforamerica/cmr-maryland-eligibility-determination,2025-10-06,2,1,0,43,1
codeforamerica/cmr-maryland-eligibility-determination,2025-10-20,1,1,0,44,1
codeforamerica/cmr-maryland-eligibility-determination,2025-11-24,2,1,0,46,1
codeforamerica/cmr-maryland-eligibility-determination,2025-12-01,2,1,0,48,1
codeforamerica/cmr-maryland-eligibility-determination,2026-01-26,1,1,0,49,1
codeforamerica/document-transfer-service,2024-05-06,3,1,1,3,1
codeforamerica/document-transfer-service,2024-06-17,1,1,0,4,1
codeforamerica/document-transfer-service,2024-07-08,1,1,0,5,1
codeforamerica/document-transfer-service,2024-07-15,2,1,0,7,1
codeforamerica/document-transfer-service,2024-08-05,1,1,0,8,1
codeforamerica/document-transfer-service,2024-08-26,1,1,0,9,1
codeforamerica/document-transfer-service,2024-09-30,1,1,0,10,1
codeforamerica/document-transfer-service,2025-01-27,1,1,0,11,1
codeforamerica/document-transfer-service,2025-06-30,2,1,0,13,1
codeforamerica/efiler-api,2025-06-23,13,2,2,13,2
codeforamerica/efiler-api,2025-06-30,8,1,0,21,2
codeforamerica/efiler-api,2025-07-21,3,2,1,24,3
codeforamerica/efiler-api,2025-07-28,11,4,1,35,4
codeforamerica/efiler-api,2025-08-04,11,3,0,46,4
codeforamerica/efiler-api,2025-08-11,6,2,0,52,4
codeforamerica/efiler-api,2025-08-18,5,2,0,57,4
codeforamerica/efiler-api,2025-08-25,2,1,0,59,4
codeforamerica/efiler-api,2025-09-08,22,4,1,81,5
codeforamerica/efiler-api,2025-09-15,4,2,0,85,5
codeforamerica/efiler-api,2025-10-20,2,1,0,87,5
codeforamerica/efiler-api,2025-10-27,1,1,0,88,5
codeforamerica/efiler-api,2025-11-17,2,2,0,90,5
codeforamerica/efiler-api,2026-02-09,1,1,1,91,6
codeforamerica/efiler-api,2026-03-02,7,2,0,98,6
codeforamerica/efiler-api,2026-03-16,7,1,0,105,6
codeforamerica/efiler-api,2026-03-30,5,2,0,110,6
codeforamerica/efiler-api,2026-04-06,4,2,0,114,6
codeforamerica/efiler-api,2026-04-13,4,1,0,118,6
codeforamerica/efiler-api,2026-04-20,3,3,1,121,7
codeforamerica/efiler-api,2026-04-27,4,2,0,125,7
codeforamerica/efiler-api,2026-05-04,5,2,0,130,7
codeforamerica/efiler-api,2026-05-11,1,1,1,131,8
codeforamerica/efiler-api,2026-05-25,9,2,0,140,8
codeforamerica/efiler-api,2026-06-01,2,2,0,142,8
codeforamerica/form-flow,2022-09-19,12,4,4,12,4
codeforamerica/form-flow,2022-09-26,16,5,1,28,5
codeforamerica/form-flow,2022-10-03,11,3,0,39,5
codeforamerica/form-flow,2022-10-10,5,3,0,44,5
codeforamerica/form-flow,2022-10-17,8,6,1,52,6
codeforamerica/form-flow,2022-10-24,9,3,0,61,6
codeforamerica/form-flow,2022-10-31,7,3,0,68,6
codeforamerica/form-flow,2022-11-07,4,3,0,72,6
codeforamerica/form-flow,2022-11-14,13,5,0,85,6
codeforamerica/form-flow,2022-11-28,12,4,0,97,6
codeforamerica/form-flow,2022-12-05,7,3,0,104,6
codeforamerica/form-flow,2022-12-12,17,5,0,121,6
codeforamerica/form-flow,2022-12-19,12,5,2,133,8
codeforamerica/form-flow,2023-01-02,14,5,0,147,8
codeforamerica/form-flow,2023-01-09,7,4,0,154,8
codeforamerica/form-flow,2023-01-16,5,3,0,159,8
codeforamerica/form-flow,2023-01-23,11,5,1,170,9
codeforamerica/form-flow,2023-01-30,12,7,0,182,9
codeforamerica/form-flow,2023-02-06,6,6,1,188,10
codeforamerica/form-flow,2023-02-13,5,5,0,193,10
codeforamerica/form-flow,2023-02-20,1,1,0,194,10
codeforamerica/form-flow,2023-02-27,7,5,0,201,10
codeforamerica/form-flow,2023-03-06,15,7,0,216,10
codeforamerica/form-flow,2023-03-13,5,3,0,221,10
codeforamerica/form-flow,2023-03-20,10,6,0,231,10
codeforamerica/form-flow,2023-03-27,5,4,0,236,10
codeforamerica/form-flow,2023-04-03,6,4,0,242,10
codeforamerica/form-flow,2023-04-10,7,5,0,249,10
codeforamerica/form-flow,2023-04-17,7,5,1,256,11
codeforamerica/form-flow,2023-04-24,11,6,0,267,11
codeforamerica/form-flow,2023-05-01,9,4,0,276,11
codeforamerica/form-flow,2023-05-08,6,2,0,282,11
codeforamerica/form-flow,2023-05-15,19,7,0,301,11
codeforamerica/form-flow,2023-05-22,8,3,0,309,11
codeforamerica/form-flow,2023-05-29,8,5,0,317,11
codeforamerica/form-flow,2023-06-05,9,4,0,326,11
codeforamerica/form-flow,2023-06-12,25,9,0,351,11
codeforamerica/form-flow,2023-06-19,9,5,0,360,11
codeforamerica/form-flow,2023-06-26,15,5,0,375,11
codeforamerica/form-flow,2023-07-03,17,3,0,392,11
codeforamerica/form-flow,2023-07-10,9,5,0,401,11
codeforamerica/form-flow,2023-07-17,19,5,0,420,11
codeforamerica/form-flow,2023-07-24,11,6,1,431,12
codeforamerica/form-flow,2023-07-31,10,6,0,441,12
codeforamerica/form-flow,2023-08-07,4,4,0,445,12
codeforamerica/form-flow,2023-08-14,4,3,1,449,13
codeforamerica/form-flow,2023-08-21,12,5,0,461,13
codeforamerica/form-flow,2023-08-28,9,5,0,470,13
codeforamerica/form-flow,2023-09-04,7,4,0,477,13
codeforamerica/form-flow,2023-09-11,9,5,0,486,13
codeforamerica/form-flow,2023-09-25,33,7,1,519,14
codeforamerica/form-flow,2023-10-02,14,5,0,533,14
codeforamerica/form-flow,2023-10-09,15,6,0,548,14
codeforamerica/form-flow,2023-10-16,4,3,0,552,14
codeforamerica/form-flow,2023-10-23,10,5,1,562,15
codeforamerica/form-flow,2023-10-30,6,6,0,568,15
codeforamerica/form-flow,2023-11-06,5,3,0,573,15
codeforamerica/form-flow,2023-11-13,12,3,0,585,15
codeforamerica/form-flow,2023-11-20,4,3,0,589,15
codeforamerica/form-flow,2023-11-27,27,5,0,616,15
codeforamerica/form-flow,2023-12-04,8,4,0,624,15
codeforamerica/form-flow,2023-12-11,10,6,0,634,15
codeforamerica/form-flow,2023-12-18,7,3,0,641,15
codeforamerica/form-flow,2024-01-01,3,1,0,644,15
codeforamerica/form-flow,2024-01-08,4,2,0,648,15
codeforamerica/form-flow,2024-01-15,2,2,0,650,15
codeforamerica/form-flow,2024-01-22,6,3,0,656,15
codeforamerica/form-flow,2024-01-29,7,5,1,663,16
codeforamerica/form-flow,2024-02-05,2,2,0,665,16
codeforamerica/form-flow,2024-02-12,11,6,0,676,16
codeforamerica/form-flow,2024-02-19,10,3,0,686,16
codeforamerica/form-flow,2024-02-26,1,1,0,687,16
codeforamerica/form-flow,2024-03-04,7,2,0,694,16
codeforamerica/form-flow,2024-03-11,1,1,0,695,16
codeforamerica/form-flow,2024-03-18,4,2,0,699,16
codeforamerica/form-flow,2024-03-25,1,1,0,700,16
codeforamerica/form-flow,2024-04-01,1,1,0,701,16
codeforamerica/form-flow,2024-04-08,3,1,0,704,16
codeforamerica/form-flow,2024-04-15,5,1,0,709,16
codeforamerica/form-flow,2024-04-22,8,3,0,717,16
codeforamerica/form-flow,2024-04-29,4,2,0,721,16
codeforamerica/form-flow,2024-05-06,4,3,0,725,16
codeforamerica/form-flow,2024-05-13,1,1,0,726,16
codeforamerica/form-flow,2024-05-20,1,1,0,727,16
codeforamerica/form-flow,2024-06-03,5,1,0,732,16
codeforamerica/form-flow,2024-06-10,2,2,0,734,16
codeforamerica/form-flow,2024-06-17,1,1,0,735,16
codeforamerica/form-flow,2024-07-15,1,1,0,736,16
codeforamerica/form-flow,2024-07-22,8,3,1,744,17
codeforamerica/form-flow,2024-07-29,9,3,0,753,17
codeforamerica/form-flow,2024-08-19,9,3,0,762,17
codeforamerica/form-flow,2024-08-26,1,1,0,763,17
codeforamerica/form-flow,2024-09-02,5,3,0,768,17
codeforamerica/form-flow,2024-09-16,4,2,0,772,17
codeforamerica/form-flow,2024-10-07,6,3,0,778,17
codeforamerica/form-flow,2024-10-21,6,3,0,784,17
codeforamerica/form-flow,2024-10-28,3,1,0,787,17
codeforamerica/form-flow,2024-11-11,2,1,0,789,17
codeforamerica/form-flow,2024-11-18,4,3,0,793,17
codeforamerica/form-flow,2024-11-25,3,3,0,796,17
codeforamerica/form-flow,2024-12-09,8,4,0,804,17
codeforamerica/form-flow,2024-12-16,9,3,0,813,17
codeforamerica/form-flow,2025-01-06,3,3,0,816,17
codeforamerica/form-flow,2025-01-13,1,1,0,817,17
codeforamerica/form-flow,2025-01-20,3,3,0,820,17
codeforamerica/form-flow,2025-01-27,8,3,0,828,17
codeforamerica/form-flow,2025-02-03,8,3,0,836,17
codeforamerica/form-flow,2025-02-10,12,3,0,848,17
codeforamerica/form-flow,2025-02-17,5,3,0,853,17
codeforamerica/form-flow,2025-02-24,4,3,0,857,17
codeforamerica/form-flow,2025-03-03,3,3,0,860,17
codeforamerica/form-flow,2025-03-10,1,1,0,861,17
codeforamerica/form-flow,2025-03-17,12,4,0,873,17
codeforamerica/form-flow,2025-03-24,2,1,0,875,17
codeforamerica/form-flow,2025-03-31,5,3,0,880,17
codeforamerica/form-flow,2025-04-07,1,1,0,881,17
codeforamerica/form-flow,2025-04-14,7,3,0,888,17
codeforamerica/form-flow,2025-04-21,7,1,0,895,17
codeforamerica/form-flow,2025-04-28,5,1,0,900,17
codeforamerica/form-flow,2025-05-05,5,2,0,905,17
codeforamerica/form-flow,2025-05-12,4,1,0,909,17
codeforamerica/form-flow,2025-05-19,25,4,0,934,17
codeforamerica/form-flow,2025-05-26,6,2,0,940,17
codeforamerica/form-flow,2025-06-02,12,4,0,952,17
codeforamerica/form-flow,2025-06-09,14,4,0,966,17
codeforamerica/form-flow,2025-06-16,15,5,1,981,18
codeforamerica/form-flow,2025-06-23,11,3,0,992,18
codeforamerica/form-flow,2025-06-30,4,1,0,996,18
codeforamerica/form-flow,2025-07-07,10,2,0,1006,18
codeforamerica/form-flow,2025-07-14,12,3,0,1018,18
codeforamerica/form-flow,2025-07-21,8,4,0,1026,18
codeforamerica/form-flow,2025-07-28,3,2,0,1029,18
codeforamerica/form-flow,2025-08-04,10,3,0,1039,18
codeforamerica/form-flow,2025-08-11,4,2,0,1043,18
codeforamerica/form-flow,2025-08-18,6,1,0,1049,18
codeforamerica/form-flow,2025-08-25,9,3,0,1058,18
codeforamerica/form-flow,2025-09-01,5,2,0,1063,18
codeforamerica/form-flow,2025-09-08,4,1,0,1067,18
codeforamerica/form-flow,2025-09-15,10,1,0,1077,18
codeforamerica/form-flow,2025-09-22,7,2,0,1084,18
codeforamerica/form-flow,2025-09-29,9,2,0,1093,18
codeforamerica/form-flow,2025-10-06,3,1,0,1096,18
codeforamerica/form-flow,2025-10-13,8,1,0,1104,18
codeforamerica/form-flow,2025-10-20,8,1,0,1112,18
codeforamerica/form-flow,2025-10-27,8,2,0,1120,18
codeforamerica/form-flow,2025-11-03,16,4,0,1136,18
codeforamerica/form-flow,2025-11-10,14,4,0,1150,18
codeforamerica/form-flow,2025-11-17,15,3,0,1165,18
codeforamerica/form-flow,2025-12-01,20,5,0,1185,18
codeforamerica/form-flow,2025-12-08,21,4,0,1206,18
codeforamerica/form-flow,2025-12-15,17,3,0,1223,18
codeforamerica/form-flow,2025-12-22,6,1,0,1229,18
codeforamerica/form-flow,2026-01-05,12,3,0,1241,18
codeforamerica/form-flow,2026-01-12,8,1,0,1249,18
codeforamerica/form-flow,2026-01-19,7,2,0,1256,18
codeforamerica/form-flow,2026-01-26,24,5,1,1280,19
codeforamerica/form-flow,2026-02-02,1,1,0,1281,19
codeforamerica/form-flow,2026-02-09,4,1,0,1285,19
codeforamerica/form-flow,2026-02-23,8,1,0,1293,19
codeforamerica/form-flow,2026-03-02,7,1,0,1300,19
codeforamerica/form-flow,2026-03-09,3,1,0,1303,19
codeforamerica/form-flow,2026-03-16,10,1,0,1313,19
codeforamerica/form-flow,2026-03-23,4,1,0,1317,19
codeforamerica/form-flow,2026-03-30,11,2,0,1328,19
codeforamerica/form-flow,2026-04-06,4,1,0,1332,19
codeforamerica/form-flow,2026-05-11,14,2,0,1346,19
codeforamerica/form-flow,2026-05-18,5,2,0,1351,19
codeforamerica/form-flow,2026-06-01,5,1,0,1356,19
codeforamerica/pya,2025-05-19,3,1,1,3,1
codeforamerica/pya,2025-05-26,8,1,0,11,1
codeforamerica/pya,2025-06-02,19,2,1,30,2
codeforamerica/pya,2025-06-09,15,4,2,45,4
codeforamerica/pya,2025-06-16,7,4,1,52,5
codeforamerica/pya,2025-06-23,3,1,0,55,5
codeforamerica/pya,2025-06-30,11,2,0,66,5
codeforamerica/pya,2025-07-07,3,3,0,69,5
codeforamerica/pya,2025-07-14,5,2,0,74,5
codeforamerica/pya,2025-07-21,4,3,0,78,5
codeforamerica/pya,2025-07-28,29,3,0,107,5
codeforamerica/pya,2025-08-04,14,5,0,121,5
codeforamerica/pya,2025-08-11,9,2,0,130,5
codeforamerica/pya,2025-08-18,5,1,0,135,5
codeforamerica/pya,2025-08-25,9,2,0,144,5
codeforamerica/pya,2025-09-01,4,1,0,148,5
codeforamerica/pya,2025-09-08,10,1,0,158,5
codeforamerica/pya,2025-09-15,2,1,0,160,5
codeforamerica/pya,2025-10-20,6,3,2,166,7
codeforamerica/pya,2025-10-27,1,1,0,167,7
codeforamerica/pya,2025-11-10,15,2,1,182,8
codeforamerica/pya,2025-11-17,16,3,0,198,8
codeforamerica/pya,2025-11-24,3,1,0,201,8
codeforamerica/pya,2025-12-01,2,2,0,203,8
codeforamerica/pya,2025-12-08,7,2,0,210,8
codeforamerica/pya,2025-12-15,4,1,0,214,8
codeforamerica/pya,2025-12-22,1,1,0,215,8
codeforamerica/pya,2026-01-12,1,1,0,216,8
codeforamerica/pya,2026-01-19,2,1,0,218,8
codeforamerica/pya,2026-01-26,2,2,0,220,8
codeforamerica/pya,2026-02-09,1,1,0,221,8
codeforamerica/pya,2026-02-16,3,1,0,224,8
codeforamerica/pya,2026-03-02,4,2,0,228,8
codeforamerica/pya,2026-03-09,5,1,0,233,8
codeforamerica/pya,2026-03-16,2,1,0,235,8
codeforamerica/pya,2026-03-23,5,2,1,240,9
codeforamerica/pya,2026-03-30,13,2,0,253,9
codeforamerica/pya,2026-04-06,1,1,0,254,9
codeforamerica/pya,2026-04-13,2,1,0,256,9
codeforamerica/pya,2026-04-20,1,1,0,257,9
codeforamerica/pya,2026-04-27,1,1,0,258,9
codeforamerica/pya,2026-05-11,8,2,1,266,10
codeforamerica/pya,2026-05-25,14,1,0,280,10
codeforamerica/tax-benefits-backend,2024-04-08,1,1,1,1,1
codeforamerica/tax-benefits-backend,2024-04-15,2,1,0,3,1
codeforamerica/tax-benefits-backend,2024-04-22,2,1,0,5,1
codeforamerica/tax-benefits-backend,2024-05-06,1,1,0,6,1
codeforamerica/tax-benefits-backend,2024-09-23,1,1,0,7,1
codeforamerica/tax-benefits-backend,2024-09-30,2,1,0,9,1
codeforamerica/tax-benefits-backend,2024-10-14,1,1,0,10,1
codeforamerica/tax-benefits-backend,2024-11-11,3,1,0,13,1
codeforamerica/tax-benefits-backend,2024-11-18,1,1,0,14,1
codeforamerica/tax-benefits-backend,2024-11-25,2,1,0,16,1
codeforamerica/tax-benefits-backend,2024-12-02,1,1,0,17,1
codeforamerica/tax-benefits-backend,2024-12-16,1,1,0,18,1
codeforamerica/tax-benefits-backend,2025-01-06,4,1,0,22,1
codeforamerica/tax-benefits-backend,2025-01-13,3,1,0,25,1
codeforamerica/tax-benefits-backend,2025-01-20,3,1,0,28,1
codeforamerica/tax-benefits-backend,2025-01-27,2,1,0,30,1
codeforamerica/tax-benefits-backend,2025-02-03,1,1,0,31,1
codeforamerica/tax-benefits-backend,2025-03-10,1,1,0,32,1
codeforamerica/tax-benefits-backend,2025-03-17,1,1,0,33,1
codeforamerica/tax-benefits-backend,2025-03-31,1,1,0,34,1
codeforamerica/tax-benefits-backend,2025-06-02,2,2,2,36,3
codeforamerica/tax-benefits-backend,2025-06-09,6,4,1,42,4
codeforamerica/tax-benefits-backend,2025-06-16,3,1,0,45,4
codeforamerica/tax-benefits-backend,2025-06-23,6,1,0,51,4
codeforamerica/tax-benefits-backend,2025-06-30,7,2,0,58,4
codeforamerica/tax-benefits-backend,2025-07-07,1,1,0,59,4
codeforamerica/tax-benefits-backend,2025-07-14,2,1,0,61,4
codeforamerica/tax-benefits-backend,2025-07-21,6,5,2,67,6
codeforamerica/tax-benefits-backend,2025-07-28,8,3,0,75,6
codeforamerica/tax-benefits-backend,2025-08-04,11,5,1,86,7
codeforamerica/tax-benefits-backend,2025-08-11,7,2,0,93,7
codeforamerica/tax-benefits-backend,2025-08-18,2,1,0,95,7
codeforamerica/tax-benefits-backend,2025-08-25,1,1,0,96,7
codeforamerica/tax-benefits-backend,2025-09-01,4,1,0,100,7
codeforamerica/tax-benefits-backend,2025-09-08,7,3,0,107,7
codeforamerica/tax-benefits-backend,2025-09-15,4,1,0,111,7
codeforamerica/tax-benefits-backend,2025-09-22,2,1,0,113,7
codeforamerica/tax-benefits-backend,2025-10-13,1,1,0,114,7
codeforamerica/tax-benefits-backend,2025-10-20,1,1,0,115,7
codeforamerica/tax-benefits-backend,2025-10-27,3,2,1,118,8
codeforamerica/tax-benefits-backend,2025-11-10,1,1,0,119,8
codeforamerica/tax-benefits-backend,2025-11-17,7,2,0,126,8
codeforamerica/tax-benefits-backend,2025-12-01,1,1,0,127,8
codeforamerica/tax-benefits-backend,2025-12-08,6,1,0,133,8
codeforamerica/tax-benefits-backend,2025-12-15,2,1,0,135,8
codeforamerica/tax-benefits-backend,2026-01-12,2,2,0,137,8
codeforamerica/tax-benefits-backend,2026-01-19,4,1,0,141,8
codeforamerica/tax-benefits-backend,2026-01-26,1,1,0,142,8
codeforamerica/tax-benefits-backend,2026-02-02,1,1,0,143,8
codeforamerica/tax-benefits-backend,2026-02-09,4,3,1,147,9
codeforamerica/tax-benefits-backend,2026-02-16,3,2,0,150,9
codeforamerica/tax-benefits-backend,2026-02-23,5,4,0,155,9
codeforamerica/tax-benefits-backend,2026-03-02,6,2,0,161,9
codeforamerica/tax-benefits-backend,2026-03-09,3,2,0,164,9
codeforamerica/tax-benefits-backend,2026-03-16,2,2,0,166,9
codeforamerica/tax-benefits-backend,2026-03-23,6,2,0,172,9
codeforamerica/tax-benefits-backend,2026-03-30,2,1,0,174,9
codeforamerica/tax-benefits-backend,2026-04-06,8,2,0,182,9
codeforamerica/tax-benefits-backend,2026-04-20,4,3,1,186,10
codeforamerica/tax-benefits-backend,2026-04-27,3,2,1,189,11
codeforamerica/tax-benefits-backend,2026-05-04,3,3,0,192,11
codeforamerica/tax-benefits-backend,2026-05-11,2,2,0,194,11
codeforamerica/tax-benefits-backend,2026-05-18,1,1,0,195,11
codeforamerica/tax-benefits-backend,2026-06-01,1,1,0,196,11
codeforamerica/vita-min,2019-11-04,13,1,1,13,1
codeforamerica/vita-min,2019-11-11,2,1,0,15,1
codeforamerica/vita-min,2019-12-02,12,2,1,27,2
codeforamerica/vita-min,2019-12-09,13,2,0,40,2
codeforamerica/vita-min,2019-12-16,5,3,1,45,3
codeforamerica/vita-min,2019-12-30,2,2,0,47,3
codeforamerica/vita-min,2020-01-06,11,2,0,58,3
codeforamerica/vita-min,2020-01-13,20,2,0,78,3
codeforamerica/vita-min,2020-01-20,15,2,0,93,3
codeforamerica/vita-min,2020-01-27,22,3,1,115,4
codeforamerica/vita-min,2020-02-03,33,3,0,148,4
codeforamerica/vita-min,2020-02-10,34,3,0,182,4
codeforamerica/vita-min,2020-02-17,42,3,0,224,4
codeforamerica/vita-min,2020-02-24,32,3,0,256,4
codeforamerica/vita-min,2020-03-02,17,3,0,273,4
codeforamerica/vita-min,2020-03-09,14,3,0,287,4
codeforamerica/vita-min,2020-03-16,24,3,0,311,4
codeforamerica/vita-min,2020-03-23,39,3,0,350,4
codeforamerica/vita-min,2020-03-30,34,4,1,384,5
codeforamerica/vita-min,2020-04-06,17,4,0,401,5
codeforamerica/vita-min,2020-04-13,24,4,0,425,5
codeforamerica/vita-min,2020-04-20,104,8,4,529,9
codeforamerica/vita-min,2020-04-27,65,7,1,594,10
codeforamerica/vita-min,2020-05-04,87,7,0,681,10
codeforamerica/vita-min,2020-05-11,43,8,0,724,10
codeforamerica/vita-min,2020-05-18,56,8,0,780,10
codeforamerica/vita-min,2020-05-25,47,8,0,827,10
codeforamerica/vita-min,2020-06-01,24,8,2,851,12
codeforamerica/vita-min,2020-06-08,80,9,1,931,13
codeforamerica/vita-min,2020-06-15,37,8,1,968,14
codeforamerica/vita-min,2020-06-22,49,10,0,1017,14
codeforamerica/vita-min,2020-06-29,39,9,1,1056,15
codeforamerica/vita-min,2020-07-06,32,8,0,1088,15
codeforamerica/vita-min,2020-07-13,25,5,0,1113,15
codeforamerica/vita-min,2020-07-20,7,3,0,1120,15
codeforamerica/vita-min,2020-07-27,13,5,0,1133,15
codeforamerica/vita-min,2020-08-03,29,6,1,1162,16
codeforamerica/vita-min,2020-08-10,19,4,0,1181,16
codeforamerica/vita-min,2020-08-17,27,4,0,1208,16
codeforamerica/vita-min,2020-08-24,22,3,0,1230,16
codeforamerica/vita-min,2020-08-31,22,5,0,1252,16
codeforamerica/vita-min,2020-09-07,25,3,0,1277,16
codeforamerica/vita-min,2020-09-14,21,4,0,1298,16
codeforamerica/vita-min,2020-09-21,34,7,2,1332,18
codeforamerica/vita-min,2020-09-28,26,5,0,1358,18
codeforamerica/vita-min,2020-10-05,44,8,3,1402,21
codeforamerica/vita-min,2020-10-12,36,5,0,1438,21
codeforamerica/vita-min,2020-10-19,17,7,1,1455,22
codeforamerica/vita-min,2020-10-26,34,6,0,1489,22
codeforamerica/vita-min,2020-11-02,13,3,0,1502,22
codeforamerica/vita-min,2020-11-09,23,7,1,1525,23
codeforamerica/vita-min,2020-11-16,19,6,0,1544,23
codeforamerica/vita-min,2020-11-23,14,5,0,1558,23
codeforamerica/vita-min,2020-11-30,19,6,0,1577,23
codeforamerica/vita-min,2020-12-07,32,6,0,1609,23
codeforamerica/vita-min,2020-12-14,44,10,1,1653,24
codeforamerica/vita-min,2020-12-21,13,3,0,1666,24
codeforamerica/vita-min,2021-01-04,22,7,0,1688,24
codeforamerica/vita-min,2021-01-11,46,7,1,1734,25
codeforamerica/vita-min,2021-01-18,41,7,0,1775,25
codeforamerica/vita-min,2021-01-25,59,7,0,1834,25
codeforamerica/vita-min,2021-02-01,51,6,0,1885,25
codeforamerica/vita-min,2021-02-08,74,7,0,1959,25
codeforamerica/vita-min,2021-02-15,37,5,0,1996,25
codeforamerica/vita-min,2021-02-22,50,5,0,2046,25
codeforamerica/vita-min,2021-03-01,49,5,0,2095,25
codeforamerica/vita-min,2021-03-08,29,5,0,2124,25
codeforamerica/vita-min,2021-03-15,23,7,1,2147,26
codeforamerica/vita-min,2021-03-22,54,6,0,2201,26
codeforamerica/vita-min,2021-03-29,30,6,1,2231,27
codeforamerica/vita-min,2021-04-05,49,7,1,2280,28
codeforamerica/vita-min,2021-04-12,33,9,1,2313,29
codeforamerica/vita-min,2021-04-19,20,6,0,2333,29
codeforamerica/vita-min,2021-04-26,18,5,0,2351,29
codeforamerica/vita-min,2021-05-03,36,7,0,2387,29
codeforamerica/vita-min,2021-05-10,37,7,0,2424,29
codeforamerica/vita-min,2021-05-17,24,8,0,2448,29
codeforamerica/vita-min,2021-05-24,19,6,0,2467,29
codeforamerica/vita-min,2021-05-31,8,6,0,2475,29
codeforamerica/vita-min,2021-06-07,15,6,0,2490,29
codeforamerica/vita-min,2021-06-14,44,8,1,2534,30
codeforamerica/vita-min,2021-06-21,10,5,0,2544,30
codeforamerica/vita-min,2021-06-28,51,5,0,2595,30
codeforamerica/vita-min,2021-07-05,27,5,0,2622,30
codeforamerica/vita-min,2021-07-12,53,10,1,2675,31
codeforamerica/vita-min,2021-07-19,60,10,0,2735,31
codeforamerica/vita-min,2021-07-26,38,7,0,2773,31
codeforamerica/vita-min,2021-08-02,55,6,0,2828,31
codeforamerica/vita-min,2021-08-09,82,7,0,2910,31
codeforamerica/vita-min,2021-08-16,57,6,0,2967,31
codeforamerica/vita-min,2021-08-23,40,7,1,3007,32
codeforamerica/vita-min,2021-08-30,29,8,0,3036,32
codeforamerica/vita-min,2021-09-06,32,8,0,3068,32
codeforamerica/vita-min,2021-09-13,50,10,0,3118,32
codeforamerica/vita-min,2021-09-20,43,8,2,3161,34
codeforamerica/vita-min,2021-09-27,25,6,0,3186,34
codeforamerica/vita-min,2021-10-04,16,8,0,3202,34
codeforamerica/vita-min,2021-10-11,20,7,0,3222,34
codeforamerica/vita-min,2021-10-18,43,6,0,3265,34
codeforamerica/vita-min,2021-10-25,17,6,0,3282,34
codeforamerica/vita-min,2021-11-01,29,7,0,3311,34
codeforamerica/vita-min,2021-11-08,18,5,0,3329,34
codeforamerica/vita-min,2021-11-15,26,7,0,3355,34
codeforamerica/vita-min,2021-11-29,19,8,0,3374,34
codeforamerica/vita-min,2021-12-06,25,5,0,3399,34
codeforamerica/vita-min,2021-12-13,17,5,0,3416,34
codeforamerica/vita-min,2021-12-20,21,7,0,3437,34
codeforamerica/vita-min,2022-01-03,9,5,0,3446,34
codeforamerica/vita-min,2022-01-10,13,6,0,3459,34
codeforamerica/vita-min,2022-01-17,30,6,0,3489,34
codeforamerica/vita-min,2022-01-24,31,7,0,3520,34
codeforamerica/vita-min,2022-01-31,32,7,0,3552,34
codeforamerica/vita-min,2022-02-07,33,7,0,3585,34
codeforamerica/vita-min,2022-02-14,39,8,0,3624,34
codeforamerica/vita-min,2022-02-21,16,6,0,3640,34
codeforamerica/vita-min,2022-02-28,20,8,0,3660,34
codeforamerica/vita-min,2022-03-07,25,6,0,3685,34
codeforamerica/vita-min,2022-03-14,34,8,0,3719,34
codeforamerica/vita-min,2022-03-21,21,6,0,3740,34
codeforamerica/vita-min,2022-03-28,15,5,0,3755,34
codeforamerica/vita-min,2022-04-04,25,5,1,3780,35
codeforamerica/vita-min,2022-04-11,27,8,0,3807,35
codeforamerica/vita-min,2022-04-18,43,7,0,3850,35
codeforamerica/vita-min,2022-04-25,58,9,0,3908,35
codeforamerica/vita-min,2022-05-02,42,9,1,3950,36
codeforamerica/vita-min,2022-05-09,56,7,0,4006,36
codeforamerica/vita-min,2022-05-16,23,5,0,4029,36
codeforamerica/vita-min,2022-05-23,23,6,0,4052,36
codeforamerica/vita-min,2022-05-30,16,6,0,4068,36
codeforamerica/vita-min,2022-06-06,12,4,0,4080,36
codeforamerica/vita-min,2022-06-13,17,6,0,4097,36
codeforamerica/vita-min,2022-06-20,23,6,0,4120,36
codeforamerica/vita-min,2022-06-27,23,5,0,4143,36
codeforamerica/vita-min,2022-07-11,17,7,0,4160,36
codeforamerica/vita-min,2022-07-18,29,8,0,4189,36
codeforamerica/vita-min,2022-07-25,17,7,0,4206,36
codeforamerica/vita-min,2022-08-01,13,5,0,4219,36
codeforamerica/vita-min,2022-08-08,9,2,0,4228,36
codeforamerica/vita-min,2022-08-15,12,4,0,4240,36
codeforamerica/vita-min,2022-08-22,14,8,0,4254,36
codeforamerica/vita-min,2022-08-29,8,5,0,4262,36
codeforamerica/vita-min,2022-09-05,19,8,0,4281,36
codeforamerica/vita-min,2022-09-12,16,6,0,4297,36
codeforamerica/vita-min,2022-09-19,15,5,0,4312,36
codeforamerica/vita-min,2022-09-26,24,6,1,4336,37
codeforamerica/vita-min,2022-10-03,23,7,0,4359,37
codeforamerica/vita-min,2022-10-10,16,6,0,4375,37
codeforamerica/vita-min,2022-10-17,17,6,0,4392,37
codeforamerica/vita-min,2022-10-24,25,6,0,4417,37
codeforamerica/vita-min,2022-10-31,7,5,0,4424,37
codeforamerica/vita-min,2022-11-07,22,10,3,4446,40
codeforamerica/vita-min,2022-11-14,19,8,0,4465,40
codeforamerica/vita-min,2022-11-28,13,5,0,4478,40
codeforamerica/vita-min,2022-12-05,7,4,0,4485,40
codeforamerica/vita-min,2022-12-12,10,4,0,4495,40
codeforamerica/vita-min,2022-12-19,5,3,0,4500,40
codeforamerica/vita-min,2023-01-02,6,4,0,4506,40
codeforamerica/vita-min,2023-01-09,13,8,0,4519,40
codeforamerica/vita-min,2023-01-16,19,8,0,4538,40
codeforamerica/vita-min,2023-01-23,25,7,0,4563,40
codeforamerica/vita-min,2023-01-30,20,8,0,4583,40
codeforamerica/vita-min,2023-02-06,8,3,0,4591,40
codeforamerica/vita-min,2023-02-13,13,4,0,4604,40
codeforamerica/vita-min,2023-02-20,19,8,0,4623,40
codeforamerica/vita-min,2023-02-27,14,7,0,4637,40
codeforamerica/vita-min,2023-03-06,23,9,0,4660,40
codeforamerica/vita-min,2023-03-13,10,5,0,4670,40
codeforamerica/vita-min,2023-03-20,11,6,0,4681,40
codeforamerica/vita-min,2023-03-27,7,4,0,4688,40
codeforamerica/vita-min,2023-04-03,10,5,0,4698,40
codeforamerica/vita-min,2023-04-10,6,3,1,4704,41
codeforamerica/vita-min,2023-04-17,10,6,0,4714,41
codeforamerica/vita-min,2023-04-24,4,4,0,4718,41
codeforamerica/vita-min,2023-05-01,14,6,0,4732,41
codeforamerica/vita-min,2023-05-08,2,2,1,4734,42
codeforamerica/vita-min,2023-05-15,3,3,0,4737,42
codeforamerica/vita-min,2023-05-22,11,3,0,4748,42
codeforamerica/vita-min,2023-05-29,6,2,0,4754,42
codeforamerica/vita-min,2023-06-05,3,2,0,4757,42
codeforamerica/vita-min,2023-06-12,10,4,0,4767,42
codeforamerica/vita-min,2023-06-19,9,4,0,4776,42
codeforamerica/vita-min,2023-06-26,4,2,0,4780,42
codeforamerica/vita-min,2023-07-03,7,5,0,4787,42
codeforamerica/vita-min,2023-07-10,6,4,0,4793,42
codeforamerica/vita-min,2023-07-17,4,2,0,4797,42
codeforamerica/vita-min,2023-07-24,4,3,0,4801,42
codeforamerica/vita-min,2023-07-31,6,4,0,4807,42
codeforamerica/vita-min,2023-08-07,12,4,1,4819,43
codeforamerica/vita-min,2023-08-14,11,5,0,4830,43
codeforamerica/vita-min,2023-08-21,5,3,0,4835,43
codeforamerica/vita-min,2023-08-28,6,3,0,4841,43
codeforamerica/vita-min,2023-09-04,1,1,0,4842,43
codeforamerica/vita-min,2023-09-11,8,4,0,4850,43
codeforamerica/vita-min,2023-09-25,14,5,0,4864,43
codeforamerica/vita-min,2023-10-02,13,3,0,4877,43
codeforamerica/vita-min,2023-10-09,6,3,0,4883,43
codeforamerica/vita-min,2023-10-16,7,5,1,4890,44
codeforamerica/vita-min,2023-10-23,33,7,1,4923,45
codeforamerica/vita-min,2023-10-30,25,6,0,4948,45
codeforamerica/vita-min,2023-11-06,16,9,2,4964,47
codeforamerica/vita-min,2023-11-13,34,8,0,4998,47
codeforamerica/vita-min,2023-11-20,16,7,1,5014,48
codeforamerica/vita-min,2023-11-27,33,7,0,5047,48
codeforamerica/vita-min,2023-12-04,26,8,0,5073,48
codeforamerica/vita-min,2023-12-11,31,8,2,5104,50
codeforamerica/vita-min,2023-12-18,48,8,0,5152,50
codeforamerica/vita-min,2023-12-25,9,2,0,5161,50
codeforamerica/vita-min,2024-01-01,24,8,0,5185,50
codeforamerica/vita-min,2024-01-08,50,9,0,5235,50
codeforamerica/vita-min,2024-01-15,46,7,0,5281,50
codeforamerica/vita-min,2024-01-22,50,7,0,5331,50
codeforamerica/vita-min,2024-01-29,51,7,0,5382,50
codeforamerica/vita-min,2024-02-05,41,9,0,5423,50
codeforamerica/vita-min,2024-02-12,34,5,0,5457,50
codeforamerica/vita-min,2024-02-19,11,4,0,5468,50
codeforamerica/vita-min,2024-02-26,28,7,0,5496,50
codeforamerica/vita-min,2024-03-04,30,7,0,5526,50
codeforamerica/vita-min,2024-03-11,22,6,0,5548,50
codeforamerica/vita-min,2024-03-18,35,8,0,5583,50
codeforamerica/vita-min,2024-03-25,19,5,1,5602,51
codeforamerica/vita-min,2024-04-01,16,6,0,5618,51
codeforamerica/vita-min,2024-04-08,34,6,0,5652,51
codeforamerica/vita-min,2024-04-15,7,4,0,5659,51
codeforamerica/vita-min,2024-04-22,8,5,0,5667,51
codeforamerica/vita-min,2024-04-29,2,1,0,5669,51
codeforamerica/vita-min,2024-05-06,4,2,0,5673,51
codeforamerica/vita-min,2024-05-13,5,2,0,5678,51
codeforamerica/vita-min,2024-05-20,14,4,0,5692,51
codeforamerica/vita-min,2024-05-27,1,1,0,5693,51
codeforamerica/vita-min,2024-06-03,17,4,0,5710,51
codeforamerica/vita-min,2024-06-10,11,4,0,5721,51
codeforamerica/vita-min,2024-06-17,7,6,0,5728,51
codeforamerica/vita-min,2024-06-24,8,3,0,5736,51
codeforamerica/vita-min,2024-07-01,9,4,0,5745,51
codeforamerica/vita-min,2024-07-08,28,5,1,5773,52
codeforamerica/vita-min,2024-07-15,11,3,0,5784,52
codeforamerica/vita-min,2024-07-22,28,7,2,5812,54
codeforamerica/vita-min,2024-07-29,13,5,0,5825,54
codeforamerica/vita-min,2024-08-05,24,6,0,5849,54
codeforamerica/vita-min,2024-08-12,9,3,0,5858,54
codeforamerica/vita-min,2024-08-19,10,5,0,5868,54
codeforamerica/vita-min,2024-08-26,13,7,1,5881,55
codeforamerica/vita-min,2024-09-02,15,6,0,5896,55
codeforamerica/vita-min,2024-09-09,22,9,3,5918,58
codeforamerica/vita-min,2024-09-16,14,8,0,5932,58
codeforamerica/vita-min,2024-09-23,20,9,0,5952,58
codeforamerica/vita-min,2024-09-30,23,8,0,5975,58
codeforamerica/vita-min,2024-10-07,26,14,4,6001,62
codeforamerica/vita-min,2024-10-14,24,10,0,6025,62
codeforamerica/vita-min,2024-10-21,20,11,1,6045,63
codeforamerica/vita-min,2024-10-28,30,10,0,6075,63
codeforamerica/vita-min,2024-11-04,18,12,1,6093,64
codeforamerica/vita-min,2024-11-11,27,12,0,6120,64
codeforamerica/vita-min,2024-11-18,31,14,0,6151,64
codeforamerica/vita-min,2024-11-25,23,12,0,6174,64
codeforamerica/vita-min,2024-12-02,84,14,0,6258,64
codeforamerica/vita-min,2024-12-09,67,17,0,6325,64
codeforamerica/vita-min,2024-12-16,53,15,1,6378,65
codeforamerica/vita-min,2024-12-23,26,11,0,6404,65
codeforamerica/vita-min,2024-12-30,4,4,0,6408,65
codeforamerica/vita-min,2025-01-06,34,12,0,6442,65
codeforamerica/vita-min,2025-01-13,41,13,0,6483,65
codeforamerica/vita-min,2025-01-20,50,16,0,6533,65
codeforamerica/vita-min,2025-01-27,51,16,0,6584,65
codeforamerica/vita-min,2025-02-03,41,15,0,6625,65
codeforamerica/vita-min,2025-02-10,41,15,0,6666,65
codeforamerica/vita-min,2025-02-17,31,14,0,6697,65
codeforamerica/vita-min,2025-02-24,33,14,0,6730,65
codeforamerica/vita-min,2025-03-03,36,12,0,6766,65
codeforamerica/vita-min,2025-03-10,30,10,0,6796,65
codeforamerica/vita-min,2025-03-17,28,12,0,6824,65
codeforamerica/vita-min,2025-03-24,19,10,0,6843,65
codeforamerica/vita-min,2025-03-31,20,9,0,6863,65
codeforamerica/vita-min,2025-04-07,34,10,0,6897,65
codeforamerica/vita-min,2025-04-14,33,11,0,6930,65
codeforamerica/vita-min,2025-04-21,22,8,0,6952,65
codeforamerica/vita-min,2025-04-28,12,7,0,6964,65
codeforamerica/vita-min,2025-05-05,5,3,0,6969,65
codeforamerica/vita-min,2025-05-12,3,2,0,6972,65
codeforamerica/vita-min,2025-05-19,3,2,0,6975,65
codeforamerica/vita-min,2025-05-26,5,3,0,6980,65
codeforamerica/vita-min,2025-06-02,2,2,0,6982,65
codeforamerica/vita-min,2025-06-09,6,6,0,6988,65
codeforamerica/vita-min,2025-06-16,3,3,0,6991,65
codeforamerica/vita-min,2025-06-23,3,3,0,6994,65
codeforamerica/vita-min,2025-06-30,2,2,0,6996,65
codeforamerica/vita-min,2025-07-07,5,4,0,7001,65
codeforamerica/vita-min,2025-07-14,2,2,0,7003,65
codeforamerica/vita-min,2025-07-21,6,4,0,7009,65
codeforamerica/vita-min,2025-07-28,3,3,0,7012,65
codeforamerica/vita-min,2025-08-04,2,2,0,7014,65
codeforamerica/vita-min,2025-08-11,3,2,0,7017,65
codeforamerica/vita-min,2025-08-18,2,2,0,7019,65
codeforamerica/vita-min,2025-08-25,3,3,0,7022,65
codeforamerica/vita-min,2025-09-08,2,1,0,7024,65
codeforamerica/vita-min,2025-09-15,3,3,0,7027,65
codeforamerica/vita-min,2025-09-22,14,5,0,7041,65
codeforamerica/vita-min,2025-09-29,9,4,0,7050,65
codeforamerica/vita-min,2025-10-13,8,5,0,7058,65
codeforamerica/vita-min,2025-10-20,8,4,0,7066,65
codeforamerica/vita-min,2025-10-27,4,3,0,7070,65
codeforamerica/vita-min,2025-11-03,1,1,0,7071,65
codeforamerica/vita-min,2025-11-10,4,2,0,7075,65
codeforamerica/vita-min,2025-11-17,7,4,0,7082,65
codeforamerica/vita-min,2025-11-24,2,1,0,7084,65
codeforamerica/vita-min,2025-12-01,4,1,0,7088,65
codeforamerica/vita-min,2025-12-08,8,4,0,7096,65
codeforamerica/vita-min,2025-12-15,4,4,0,7100,65
codeforamerica/vita-min,2025-12-22,2,2,0,7102,65
codeforamerica/vita-min,2026-01-05,3,3,0,7105,65
codeforamerica/vita-min,2026-01-12,14,4,0,7119,65
codeforamerica/vita-min,2026-01-19,9,3,0,7128,65
codeforamerica/vita-min,2026-01-26,4,2,0,7132,65
codeforamerica/vita-min,2026-02-02,8,3,0,7140,65
codeforamerica/vita-min,2026-02-09,8,4,0,7148,65
codeforamerica/vita-min,2026-02-16,9,4,0,7157,65
codeforamerica/vita-min,2026-02-23,3,3,0,7160,65
codeforamerica/vita-min,2026-03-02,9,4,0,7169,65
codeforamerica/vita-min,2026-03-09,10,4,0,7179,65
codeforamerica/vita-min,2026-03-16,8,3,0,7187,65
codeforamerica/vita-min,2026-03-23,10,2,0,7197,65
codeforamerica/vita-min,2026-03-30,5,3,1,7202,66
codeforamerica/vita-min,2026-04-06,11,4,0,7213,66
codeforamerica/vita-min,2026-04-13,8,4,0,7221,66
codeforamerica/vita-min,2026-04-20,8,3,0,7229,66
codeforamerica/vita-min,2026-04-27,3,1,0,7232,66
codeforamerica/vita-min,2026-05-04,2,1,0,7234,66
codeforamerica/vita-min,2026-05-11,9,3,1,7243,67
codeforamerica/vita-min,2026-05-18,7,4,2,7250,69
codeforamerica/vita-min,2026-05-25,9,4,1,7259,70
codeforberlin/we-count,2021-11-29,4,2,2,4,2
codeforberlin/we-count,2021-12-13,3,1,0,7,2
codeforberlin/we-count,2022-01-17,1,1,0,8,2
codeforberlin/we-count,2022-02-07,3,1,0,11,2
codeforberlin/we-count,2022-02-14,1,1,0,12,2
codeforberlin/we-count,2022-12-19,1,1,0,13,2
codeforberlin/we-count,2023-01-02,3,1,0,16,2
codeforberlin/we-count,2023-01-09,2,1,0,18,2
codeforberlin/we-count,2023-01-30,2,1,0,20,2
codeforberlin/we-count,2023-02-06,2,1,0,22,2
codeforberlin/we-count,2023-03-06,2,1,0,24,2
codeforberlin/we-count,2023-11-20,13,1,0,37,2
codeforberlin/we-count,2023-11-27,4,1,0,41,2
codeforberlin/we-count,2023-12-11,17,1,0,58,2
codeforberlin/we-count,2023-12-18,3,1,0,61,2
codeforberlin/we-count,2024-01-01,6,1,0,67,2
codeforberlin/we-count,2024-01-08,12,1,0,79,2
codeforberlin/we-count,2024-01-15,9,1,0,88,2
codeforberlin/we-count,2024-01-22,3,1,0,91,2
codeforberlin/we-count,2024-01-29,3,1,0,94,2
codeforberlin/we-count,2024-02-05,2,1,0,96,2
codeforberlin/we-count,2024-02-19,1,1,0,97,2
codeforberlin/we-count,2024-07-15,2,1,0,99,2
codeforberlin/we-count,2024-09-23,1,1,0,100,2
codeforberlin/we-count,2024-11-18,4,1,0,104,2
codeforberlin/we-count,2025-01-06,23,2,1,127,3
codeforberlin/we-count,2025-01-13,17,3,1,144,4
codeforberlin/we-count,2025-01-20,7,2,0,151,4
codeforberlin/we-count,2025-01-27,19,2,0,170,4
codeforberlin/we-count,2025-02-03,8,1,0,178,4
codeforberlin/we-count,2025-02-17,8,1,0,186,4
codeforberlin/we-count,2025-03-03,3,2,0,189,4
codeforberlin/we-count,2025-03-10,6,1,0,195,4
codeforberlin/we-count,2025-03-17,9,1,0,204,4
codeforberlin/we-count,2025-03-24,17,1,0,221,4
codeforberlin/we-count,2025-03-31,10,1,0,231,4
codeforberlin/we-count,2025-04-07,14,2,0,245,4
codeforberlin/we-count,2025-04-14,10,1,0,255,4
codeforberlin/we-count,2025-04-21,13,1,0,268,4
codeforberlin/we-count,2025-05-12,6,1,0,274,4
codeforberlin/we-count,2025-05-19,6,1,0,280,4
codeforberlin/we-count,2025-05-26,1,1,0,281,4
codeforberlin/we-count,2025-06-02,2,1,0,283,4
codeforberlin/we-count,2025-06-23,1,1,0,284,4
codeforberlin/we-count,2025-07-14,6,1,0,290,4
codeforberlin/we-count,2025-07-21,11,2,0,301,4
codeforberlin/we-count,2025-09-08,7,2,0,308,4
codeforberlin/we-count,2025-09-15,1,1,0,309,4
codeforberlin/we-count,2025-09-22,13,2,0,322,4
codeforberlin/we-count,2025-09-29,3,2,0,325,4
codeforberlin/we-count,2025-10-06,1,1,0,326,4
codeforberlin/we-count,2025-10-20,1,1,0,327,4
codeforberlin/we-count,2025-11-03,9,1,0,336,4
codeforberlin/we-count,2025-11-10,16,1,0,352,4
codeforberlin/we-count,2025-11-17,2,1,0,354,4
codeforberlin/we-count,2025-11-24,2,1,0,356,4
codeforberlin/we-count,2025-12-01,2,1,0,358,4
codeforberlin/we-count,2025-12-22,6,1,0,364,4
codeforberlin/we-count,2025-12-29,1,1,0,365,4
codeforberlin/we-count,2026-01-05,5,2,0,370,4
codeforberlin/we-count,2026-01-12,3,1,0,373,4
codeforberlin/we-count,2026-01-19,10,2,0,383,4
codeforberlin/we-count,2026-01-26,25,1,0,408,4
codeforberlin/we-count,2026-02-02,3,1,0,411,4
codeforberlin/we-count,2026-02-16,4,1,0,415,4
codeforberlin/we-count,2026-02-23,4,1,0,419,4
codeforberlin/we-count,2026-03-02,58,2,0,477,4
codeforberlin/we-count,2026-03-09,6,2,0,483,4
codeforberlin/we-count,2026-03-16,10,1,0,493,4
codeforberlin/we-count,2026-03-23,21,2,0,514,4
codeforberlin/we-count,2026-03-30,6,1,0,520,4
codeforberlin/we-count,2026-04-06,2,1,0,522,4
codeforberlin/we-count,2026-04-13,6,1,0,528,4
codeforberlin/we-count,2026-04-20,4,2,0,532,4
codeforberlin/we-count,2026-05-18,6,1,0,538,4
codeforbielefeld/baumbie,2024-01-29,2,2,2,2,2
codeforbielefeld/baumbie,2024-03-11,2,1,0,4,2
codeforbielefeld/baumbie,2024-03-18,5,1,1,9,3
codeforbielefeld/baumbie,2024-04-01,1,1,0,10,3
codeforbielefeld/baumbie,2024-04-08,2,2,1,12,4
codeforbielefeld/baumbie,2024-04-15,2,1,0,14,4
codeforbielefeld/baumbie,2024-05-06,2,1,0,16,4
codeforbielefeld/baumbie,2024-05-13,2,1,0,18,4
codeforbielefeld/baumbie,2024-06-03,1,1,0,19,4
codeforbielefeld/baumbie,2024-06-17,1,1,0,20,4
codeforbielefeld/baumbie,2024-06-24,3,3,0,23,4
codeforbielefeld/baumbie,2024-07-01,4,2,0,27,4
codeforbielefeld/baumbie,2024-07-08,3,2,0,30,4
codeforbielefeld/baumbie,2024-07-15,1,1,0,31,4
codeforbielefeld/baumbie,2024-07-22,6,1,0,37,4
codeforbielefeld/baumbie,2024-08-05,1,1,1,38,5
codeforbielefeld/baumbie,2024-08-12,1,1,0,39,5
codeforbielefeld/baumbie,2024-08-19,1,1,0,40,5
codeforbielefeld/baumbie,2024-08-26,8,3,0,48,5
codeforbielefeld/baumbie,2024-09-23,16,3,0,64,5
codeforbielefeld/baumbie,2024-11-04,5,2,0,69,5
codeforbielefeld/baumbie,2024-11-25,2,1,0,71,5
codeforbielefeld/baumbie,2024-12-30,2,2,0,73,5
codeforbielefeld/baumbie,2025-01-06,1,1,0,74,5
codeforbielefeld/baumbie,2025-01-13,2,2,0,76,5
codeforbielefeld/baumbie,2025-01-27,1,1,0,77,5
codeforbielefeld/baumbie,2025-02-03,2,2,1,79,6
codeforbielefeld/baumbie,2025-02-17,4,1,0,83,6
codeforbielefeld/baumbie,2025-02-24,2,2,0,85,6
codeforbielefeld/baumbie,2025-03-03,1,1,0,86,6
codeforbielefeld/baumbie,2025-03-10,2,2,1,88,7
codeforbielefeld/baumbie,2025-03-17,6,3,0,94,7
codeforbielefeld/baumbie,2025-03-24,11,3,0,105,7
codeforbielefeld/baumbie,2025-04-07,6,3,0,111,7
codeforbielefeld/baumbie,2025-04-14,4,1,0,115,7
codeforbielefeld/baumbie,2025-04-21,3,2,0,118,7
codeforbielefeld/baumbie,2025-04-28,4,1,0,122,7
codeforbielefeld/baumbie,2025-05-05,18,2,0,140,7
codeforbielefeld/baumbie,2025-06-02,3,1,0,143,7
codeforbielefeld/baumbie,2025-06-09,2,1,0,145,7
codeforbielefeld/baumbie,2025-06-16,46,2,0,191,7
codeforbielefeld/baumbie,2025-06-23,20,2,0,211,7
codeforbielefeld/baumbie,2025-06-30,2,1,0,213,7
codeforbielefeld/baumbie,2025-07-07,26,2,0,239,7
codeforbielefeld/baumbie,2025-07-14,18,2,0,257,7
codeforbielefeld/baumbie,2025-09-22,1,1,0,258,7
codeforbielefeld/baumbie,2025-09-29,2,1,0,260,7
codeforbielefeld/baumbie,2026-04-20,2,1,0,262,7
codeforbielefeld/baumbie,2026-05-04,1,1,0,263,7
codeforbielefeld/losdb,2020-09-21,1,1,1,1,1
codeforbielefeld/losdb,2020-10-12,2,1,0,3,1
codeforbielefeld/losdb,2021-04-12,3,1,0,6,1
codeforbielefeld/losdb,2021-04-19,1,1,0,7,1
codeforbielefeld/losdb,2021-04-26,5,1,0,12,1
codeforbielefeld/losdb,2021-05-03,6,1,0,18,1
codeforbielefeld/losdb,2021-05-10,6,2,1,24,2
codeforbielefeld/losdb,2021-07-19,3,1,0,27,2
codeforbielefeld/losdb,2025-07-28,1,1,0,28,2
codeforcologne/Denkmal-4D-Koeln,2024-05-27,8,2,2,8,2
codeforcologne/Denkmal-4D-Koeln,2024-06-03,2,1,0,10,2
codeforcologne/Denkmal-4D-Koeln,2024-06-10,2,2,1,12,3
codeforcologne/Denkmal-4D-Koeln,2024-06-17,1,1,0,13,3
codeforcologne/Denkmal-4D-Koeln,2024-07-01,2,1,0,15,3
codeforcologne/Denkmal-4D-Koeln,2024-07-08,1,1,0,16,3
codeforcologne/Denkmal-4D-Koeln,2024-08-19,5,1,0,21,3
codeforcologne/Denkmal-4D-Koeln,2024-08-26,3,1,0,24,3
codeforcologne/Denkmal-4D-Koeln,2024-11-11,1,1,0,25,3
codeforcologne/Denkmal-4D-Koeln,2024-11-18,3,2,0,28,3
codeforcologne/Denkmal-4D-Koeln,2025-12-29,2,1,0,30,3
codeforcologne/Denkmal-4D-Koeln,2026-01-12,1,1,0,31,3
codeforcologne/Denkmal-4D-Koeln,2026-02-16,4,1,0,35,3
codeforcologne/Denkmal-4D-Koeln,2026-02-23,1,1,0,36,3
codeforcologne/Denkmal-4D-Koeln,2026-03-02,2,1,0,38,3
codeforcologne/Denkmal-4D-Koeln,2026-03-09,1,1,0,39,3
codeforjapan/BirdXplorer,2023-09-18,8,1,1,8,1
codeforjapan/BirdXplorer,2023-09-25,15,1,0,23,1
codeforjapan/BirdXplorer,2023-10-02,4,1,0,27,1
codeforjapan/BirdXplorer,2023-10-09,1,1,0,28,1
codeforjapan/BirdXplorer,2023-10-16,7,2,1,35,2
codeforjapan/BirdXplorer,2023-10-23,6,1,0,41,2
codeforjapan/BirdXplorer,2023-10-30,18,4,2,59,4
codeforjapan/BirdXplorer,2023-11-06,2,2,0,61,4
codeforjapan/BirdXplorer,2023-11-13,17,4,0,78,4
codeforjapan/BirdXplorer,2023-11-20,3,1,0,81,4
codeforjapan/BirdXplorer,2023-12-04,2,1,0,83,4
codeforjapan/BirdXplorer,2023-12-11,2,1,0,85,4
codeforjapan/BirdXplorer,2024-02-19,16,2,0,101,4
codeforjapan/BirdXplorer,2024-02-26,1,1,0,102,4
codeforjapan/BirdXplorer,2024-03-11,1,1,0,103,4
codeforjapan/BirdXplorer,2024-03-18,12,1,0,115,4
codeforjapan/BirdXplorer,2024-04-15,14,3,0,129,4
codeforjapan/BirdXplorer,2024-04-22,2,2,0,131,4
codeforjapan/BirdXplorer,2024-04-29,7,1,0,138,4
codeforjapan/BirdXplorer,2024-05-06,4,2,1,142,5
codeforjapan/BirdXplorer,2024-05-13,15,3,0,157,5
codeforjapan/BirdXplorer,2024-05-20,2,1,0,159,5
codeforjapan/BirdXplorer,2024-05-27,20,2,0,179,5
codeforjapan/BirdXplorer,2024-06-03,1,1,0,180,5
codeforjapan/BirdXplorer,2024-06-10,1,1,0,181,5
codeforjapan/BirdXplorer,2024-06-17,1,1,0,182,5
codeforjapan/BirdXplorer,2024-06-24,11,2,0,193,5
codeforjapan/BirdXplorer,2024-07-08,12,3,0,205,5
codeforjapan/BirdXplorer,2024-07-15,2,1,1,207,6
codeforjapan/BirdXplorer,2024-07-22,2,1,0,209,6
codeforjapan/BirdXplorer,2024-07-29,2,1,0,211,6
codeforjapan/BirdXplorer,2024-08-05,25,2,0,236,6
codeforjapan/BirdXplorer,2024-08-12,53,4,1,289,7
codeforjapan/BirdXplorer,2024-08-19,2,1,0,291,7
codeforjapan/BirdXplorer,2024-09-02,1,1,0,292,7
codeforjapan/BirdXplorer,2024-09-16,2,1,0,294,7
codeforjapan/BirdXplorer,2024-09-23,4,1,0,298,7
codeforjapan/BirdXplorer,2024-09-30,20,2,0,318,7
codeforjapan/BirdXplorer,2024-10-07,28,2,0,346,7
codeforjapan/BirdXplorer,2024-10-14,2,1,0,348,7
codeforjapan/BirdXplorer,2024-10-21,12,2,0,360,7
codeforjapan/BirdXplorer,2024-10-28,26,2,0,386,7
codeforjapan/BirdXplorer,2024-12-23,3,1,0,389,7
codeforjapan/BirdXplorer,2025-01-13,6,2,0,395,7
codeforjapan/BirdXplorer,2025-01-20,3,1,0,398,7
codeforjapan/BirdXplorer,2025-01-27,3,1,0,401,7
codeforjapan/BirdXplorer,2025-02-03,3,1,0,404,7
codeforjapan/BirdXplorer,2025-02-17,3,1,0,407,7
codeforjapan/BirdXplorer,2025-03-03,1,1,0,408,7
codeforjapan/BirdXplorer,2025-04-28,9,2,1,417,8
codeforjapan/BirdXplorer,2025-05-12,2,1,0,419,8
codeforjapan/BirdXplorer,2025-05-19,10,1,0,429,8
codeforjapan/BirdXplorer,2025-06-02,13,1,0,442,8
codeforjapan/BirdXplorer,2025-06-09,2,1,0,444,8
codeforjapan/BirdXplorer,2025-06-30,8,1,0,452,8
codeforjapan/BirdXplorer,2025-07-28,3,2,0,455,8
codeforjapan/BirdXplorer,2025-08-18,2,1,0,457,8
codeforjapan/BirdXplorer,2025-08-25,5,1,0,462,8
codeforjapan/BirdXplorer,2025-09-01,7,1,0,469,8
codeforjapan/BirdXplorer,2025-09-08,2,1,0,471,8
codeforjapan/BirdXplorer,2025-09-22,1,1,0,472,8
codeforjapan/BirdXplorer,2025-09-29,10,1,0,482,8
codeforjapan/BirdXplorer,2025-10-06,3,1,0,485,8
codeforjapan/BirdXplorer,2025-10-13,2,1,0,487,8
codeforjapan/BirdXplorer,2025-10-20,16,3,0,503,8
codeforjapan/BirdXplorer,2025-10-27,15,3,0,518,8
codeforjapan/BirdXplorer,2025-11-03,11,1,0,529,8
codeforjapan/BirdXplorer,2025-11-10,1,1,0,530,8
codeforjapan/BirdXplorer,2025-11-17,1,1,0,531,8
codeforjapan/BirdXplorer,2025-12-01,4,1,0,535,8
codeforjapan/BirdXplorer,2025-12-08,9,1,0,544,8
codeforjapan/BirdXplorer,2025-12-15,11,2,0,555,8
codeforjapan/BirdXplorer,2026-01-12,15,1,0,570,8
codeforjapan/BirdXplorer,2026-01-19,8,3,1,578,9
codeforjapan/BirdXplorer,2026-01-26,22,2,0,600,9
codeforjapan/BirdXplorer,2026-02-02,8,2,0,608,9
codeforjapan/BirdXplorer,2026-02-09,5,1,0,613,9
codeforjapan/BirdXplorer,2026-02-16,51,2,0,664,9
codeforjapan/BirdXplorer,2026-02-23,4,1,0,668,9
codeforjapan/BirdXplorer,2026-03-02,5,1,0,673,9
codeforjapan/BirdXplorer,2026-03-09,9,2,0,682,9
codeforjapan/BirdXplorer,2026-03-23,2,1,0,684,9
codeforjapan/BirdXplorer,2026-03-30,9,1,0,693,9
codeforjapan/BirdXplorer,2026-04-06,16,1,0,709,9
codeforjapan/BirdXplorer,2026-04-13,2,1,0,711,9
codeforjapan/BirdXplorer,2026-04-20,5,1,0,716,9
codeforjapan/BirdXplorer,2026-05-04,7,1,0,723,9
codeforjapan/BirdXplorer,2026-05-11,5,1,0,728,9
codeforjapan/BirdXplorer,2026-06-01,10,1,0,738,9
codeforjapan/decidim-cfj,2020-08-24,15,2,2,15,2
codeforjapan/decidim-cfj,2020-08-31,13,1,0,28,2
codeforjapan/decidim-cfj,2020-09-07,5,1,0,33,2
codeforjapan/decidim-cfj,2020-10-05,3,1,0,36,2
codeforjapan/decidim-cfj,2020-10-12,2,1,0,38,2
codeforjapan/decidim-cfj,2020-10-19,40,8,7,78,9
codeforjapan/decidim-cfj,2020-10-26,89,7,1,167,10
codeforjapan/decidim-cfj,2020-11-02,24,5,1,191,11
codeforjapan/decidim-cfj,2020-11-09,16,3,0,207,11
codeforjapan/decidim-cfj,2020-11-16,1,1,0,208,11
codeforjapan/decidim-cfj,2020-11-30,6,3,0,214,11
codeforjapan/decidim-cfj,2020-12-07,5,2,0,219,11
codeforjapan/decidim-cfj,2021-02-01,6,2,0,225,11
codeforjapan/decidim-cfj,2021-02-15,24,2,0,249,11
codeforjapan/decidim-cfj,2021-02-22,20,3,0,269,11
codeforjapan/decidim-cfj,2021-03-01,5,2,0,274,11
codeforjapan/decidim-cfj,2021-03-08,4,3,1,278,12
codeforjapan/decidim-cfj,2021-03-15,5,2,0,283,12
codeforjapan/decidim-cfj,2021-03-22,5,2,0,288,12
codeforjapan/decidim-cfj,2021-03-29,5,2,0,293,12
codeforjapan/decidim-cfj,2021-04-05,17,3,0,310,12
codeforjapan/decidim-cfj,2021-04-12,8,2,0,318,12
codeforjapan/decidim-cfj,2021-04-19,3,2,0,321,12
codeforjapan/decidim-cfj,2021-04-26,5,1,0,326,12
codeforjapan/decidim-cfj,2021-05-03,2,1,0,328,12
codeforjapan/decidim-cfj,2021-05-10,1,1,1,329,13
codeforjapan/decidim-cfj,2021-05-17,10,2,0,339,13
codeforjapan/decidim-cfj,2021-05-24,3,2,0,342,13
codeforjapan/decidim-cfj,2021-05-31,14,3,0,356,13
codeforjapan/decidim-cfj,2021-06-07,7,2,0,363,13
codeforjapan/decidim-cfj,2021-06-14,2,1,0,365,13
codeforjapan/decidim-cfj,2021-06-21,7,2,0,372,13
codeforjapan/decidim-cfj,2021-06-28,4,1,0,376,13
codeforjapan/decidim-cfj,2021-07-05,5,2,0,381,13
codeforjapan/decidim-cfj,2021-07-12,22,3,0,403,13
codeforjapan/decidim-cfj,2021-07-19,3,2,0,406,13
codeforjapan/decidim-cfj,2021-07-26,5,1,0,411,13
codeforjapan/decidim-cfj,2021-08-02,10,3,0,421,13
codeforjapan/decidim-cfj,2021-08-16,14,3,0,435,13
codeforjapan/decidim-cfj,2021-08-23,8,1,0,443,13
codeforjapan/decidim-cfj,2021-08-30,4,2,0,447,13
codeforjapan/decidim-cfj,2021-09-06,6,2,0,453,13
codeforjapan/decidim-cfj,2021-09-13,8,3,0,461,13
codeforjapan/decidim-cfj,2021-09-20,1,1,0,462,13
codeforjapan/decidim-cfj,2021-09-27,7,3,0,469,13
codeforjapan/decidim-cfj,2021-10-04,3,1,0,472,13
codeforjapan/decidim-cfj,2021-10-11,11,2,0,483,13
codeforjapan/decidim-cfj,2021-10-18,8,3,0,491,13
codeforjapan/decidim-cfj,2021-10-25,12,2,0,503,13
codeforjapan/decidim-cfj,2021-11-01,1,1,0,504,13
codeforjapan/decidim-cfj,2021-11-08,6,3,0,510,13
codeforjapan/decidim-cfj,2021-11-15,3,2,0,513,13
codeforjapan/decidim-cfj,2021-11-22,4,2,0,517,13
codeforjapan/decidim-cfj,2021-11-29,2,2,0,519,13
codeforjapan/decidim-cfj,2021-12-06,2,1,0,521,13
codeforjapan/decidim-cfj,2021-12-13,5,1,0,526,13
codeforjapan/decidim-cfj,2021-12-20,9,2,0,535,13
codeforjapan/decidim-cfj,2021-12-27,16,2,0,551,13
codeforjapan/decidim-cfj,2022-01-10,4,1,0,555,13
codeforjapan/decidim-cfj,2022-01-17,5,2,0,560,13
codeforjapan/decidim-cfj,2022-01-24,8,2,0,568,13
codeforjapan/decidim-cfj,2022-01-31,1,1,0,569,13
codeforjapan/decidim-cfj,2022-02-07,8,2,0,577,13
codeforjapan/decidim-cfj,2022-02-14,2,2,0,579,13
codeforjapan/decidim-cfj,2022-02-21,11,3,0,590,13
codeforjapan/decidim-cfj,2022-02-28,8,2,0,598,13
codeforjapan/decidim-cfj,2022-03-07,3,2,0,601,13
codeforjapan/decidim-cfj,2022-03-28,12,2,0,613,13
codeforjapan/decidim-cfj,2022-04-04,5,2,0,618,13
codeforjapan/decidim-cfj,2022-04-11,36,2,0,654,13
codeforjapan/decidim-cfj,2022-04-18,3,2,0,657,13
codeforjapan/decidim-cfj,2022-04-25,1,1,0,658,13
codeforjapan/decidim-cfj,2022-05-02,9,2,0,667,13
codeforjapan/decidim-cfj,2022-05-09,12,2,0,679,13
codeforjapan/decidim-cfj,2022-05-16,12,2,0,691,13
codeforjapan/decidim-cfj,2022-05-23,16,3,0,707,13
codeforjapan/decidim-cfj,2022-05-30,9,2,0,716,13
codeforjapan/decidim-cfj,2022-06-13,5,2,0,721,13
codeforjapan/decidim-cfj,2022-06-27,8,1,0,729,13
codeforjapan/decidim-cfj,2022-07-04,3,1,0,732,13
codeforjapan/decidim-cfj,2022-07-11,1,1,0,733,13
codeforjapan/decidim-cfj,2022-07-25,9,2,0,742,13
codeforjapan/decidim-cfj,2022-08-01,22,2,0,764,13
codeforjapan/decidim-cfj,2022-08-15,7,2,0,771,13
codeforjapan/decidim-cfj,2022-08-22,6,2,0,777,13
codeforjapan/decidim-cfj,2022-08-29,10,2,0,787,13
codeforjapan/decidim-cfj,2022-09-05,22,2,0,809,13
codeforjapan/decidim-cfj,2022-09-12,10,2,0,819,13
codeforjapan/decidim-cfj,2022-09-19,9,2,0,828,13
codeforjapan/decidim-cfj,2022-09-26,2,1,0,830,13
codeforjapan/decidim-cfj,2022-10-10,17,2,0,847,13
codeforjapan/decidim-cfj,2022-10-17,24,2,0,871,13
codeforjapan/decidim-cfj,2022-10-24,30,2,0,901,13
codeforjapan/decidim-cfj,2022-10-31,4,1,0,905,13
codeforjapan/decidim-cfj,2022-11-07,5,2,0,910,13
codeforjapan/decidim-cfj,2022-11-14,22,2,0,932,13
codeforjapan/decidim-cfj,2022-11-21,4,2,0,936,13
codeforjapan/decidim-cfj,2022-11-28,13,2,0,949,13
codeforjapan/decidim-cfj,2022-12-05,14,2,0,963,13
codeforjapan/decidim-cfj,2022-12-12,14,3,1,977,14
codeforjapan/decidim-cfj,2022-12-26,11,2,0,988,14
codeforjapan/decidim-cfj,2023-01-02,5,2,0,993,14
codeforjapan/decidim-cfj,2023-01-16,2,1,0,995,14
codeforjapan/decidim-cfj,2023-01-23,5,2,0,1000,14
codeforjapan/decidim-cfj,2023-01-30,10,2,0,1010,14
codeforjapan/decidim-cfj,2023-02-06,12,2,0,1022,14
codeforjapan/decidim-cfj,2023-02-13,10,2,0,1032,14
codeforjapan/decidim-cfj,2023-02-27,7,2,0,1039,14
codeforjapan/decidim-cfj,2023-03-06,4,2,0,1043,14
codeforjapan/decidim-cfj,2023-03-20,1,1,0,1044,14
codeforjapan/decidim-cfj,2023-03-27,8,2,0,1052,14
codeforjapan/decidim-cfj,2023-04-03,21,2,0,1073,14
codeforjapan/decidim-cfj,2023-04-10,7,2,0,1080,14
codeforjapan/decidim-cfj,2023-04-17,7,2,0,1087,14
codeforjapan/decidim-cfj,2023-04-24,10,2,0,1097,14
codeforjapan/decidim-cfj,2023-05-01,1,1,0,1098,14
codeforjapan/decidim-cfj,2023-05-08,2,2,0,1100,14
codeforjapan/decidim-cfj,2023-06-05,6,2,0,1106,14
codeforjapan/decidim-cfj,2023-06-12,1,1,0,1107,14
codeforjapan/decidim-cfj,2023-06-19,10,2,0,1117,14
codeforjapan/decidim-cfj,2023-06-26,2,2,0,1119,14
codeforjapan/decidim-cfj,2023-07-03,2,2,0,1121,14
codeforjapan/decidim-cfj,2023-07-10,4,2,0,1125,14
codeforjapan/decidim-cfj,2023-07-17,1,1,0,1126,14
codeforjapan/decidim-cfj,2023-08-07,15,2,0,1141,14
codeforjapan/decidim-cfj,2023-08-14,3,1,0,1144,14
codeforjapan/decidim-cfj,2023-08-21,5,2,0,1149,14
codeforjapan/decidim-cfj,2023-08-28,15,2,0,1164,14
codeforjapan/decidim-cfj,2023-09-04,1,1,0,1165,14
codeforjapan/decidim-cfj,2023-09-11,8,2,0,1173,14
codeforjapan/decidim-cfj,2023-09-18,15,2,0,1188,14
codeforjapan/decidim-cfj,2023-09-25,5,2,0,1193,14
codeforjapan/decidim-cfj,2023-10-09,3,1,0,1196,14
codeforjapan/decidim-cfj,2023-10-16,5,2,0,1201,14
codeforjapan/decidim-cfj,2023-10-23,1,1,0,1202,14
codeforjapan/decidim-cfj,2023-10-30,5,2,0,1207,14
codeforjapan/decidim-cfj,2023-11-06,17,1,0,1224,14
codeforjapan/decidim-cfj,2023-11-13,8,2,1,1232,15
codeforjapan/decidim-cfj,2023-12-11,9,3,0,1241,15
codeforjapan/decidim-cfj,2023-12-18,3,1,0,1244,15
codeforjapan/decidim-cfj,2023-12-25,2,2,0,1246,15
codeforjapan/decidim-cfj,2024-01-15,2,2,0,1248,15
codeforjapan/decidim-cfj,2024-01-22,10,2,0,1258,15
codeforjapan/decidim-cfj,2024-02-19,1,1,0,1259,15
codeforjapan/decidim-cfj,2024-02-26,4,2,0,1263,15
codeforjapan/decidim-cfj,2024-03-11,3,2,0,1266,15
codeforjapan/decidim-cfj,2024-03-18,28,3,0,1294,15
codeforjapan/decidim-cfj,2024-04-01,16,2,0,1310,15
codeforjapan/decidim-cfj,2024-04-08,26,2,0,1336,15
codeforjapan/decidim-cfj,2024-04-15,5,2,0,1341,15
codeforjapan/decidim-cfj,2024-06-03,1,1,0,1342,15
codeforjapan/decidim-cfj,2024-06-10,3,1,0,1345,15
codeforjapan/decidim-cfj,2024-06-17,2,1,0,1347,15
codeforjapan/decidim-cfj,2024-06-24,3,2,0,1350,15
codeforjapan/decidim-cfj,2024-07-08,24,3,0,1374,15
codeforjapan/decidim-cfj,2024-07-15,4,2,0,1378,15
codeforjapan/decidim-cfj,2024-07-22,11,3,0,1389,15
codeforjapan/decidim-cfj,2024-07-29,16,3,0,1405,15
codeforjapan/decidim-cfj,2024-08-05,12,3,0,1417,15
codeforjapan/decidim-cfj,2024-08-19,1,1,0,1418,15
codeforjapan/decidim-cfj,2024-08-26,7,2,0,1425,15
codeforjapan/decidim-cfj,2024-09-16,1,1,0,1426,15
codeforjapan/decidim-cfj,2024-09-23,1,1,0,1427,15
codeforjapan/decidim-cfj,2024-09-30,1,1,0,1428,15
codeforjapan/decidim-cfj,2024-10-07,4,2,0,1432,15
codeforjapan/decidim-cfj,2024-10-21,2,1,1,1434,16
codeforjapan/decidim-cfj,2024-10-28,11,3,0,1445,16
codeforjapan/decidim-cfj,2024-11-04,3,2,0,1448,16
codeforjapan/decidim-cfj,2024-11-18,13,4,0,1461,16
codeforjapan/decidim-cfj,2024-11-25,5,3,0,1466,16
codeforjapan/decidim-cfj,2024-12-02,1,1,0,1467,16
codeforjapan/decidim-cfj,2024-12-09,4,2,0,1471,16
codeforjapan/decidim-cfj,2024-12-23,20,2,0,1491,16
codeforjapan/decidim-cfj,2024-12-30,4,1,0,1495,16
codeforjapan/decidim-cfj,2025-01-06,5,2,0,1500,16
codeforjapan/decidim-cfj,2025-01-13,14,2,0,1514,16
codeforjapan/decidim-cfj,2025-01-20,30,2,0,1544,16
codeforjapan/decidim-cfj,2025-01-27,32,3,0,1576,16
codeforjapan/decidim-cfj,2025-02-03,27,3,0,1603,16
codeforjapan/decidim-cfj,2025-02-10,10,3,0,1613,16
codeforjapan/decidim-cfj,2025-02-17,17,3,0,1630,16
codeforjapan/decidim-cfj,2025-02-24,6,2,0,1636,16
codeforjapan/decidim-cfj,2025-03-03,12,3,0,1648,16
codeforjapan/decidim-cfj,2025-03-10,14,4,0,1662,16
codeforjapan/decidim-cfj,2025-03-17,2,1,0,1664,16
codeforjapan/decidim-cfj,2025-03-24,14,3,0,1678,16
codeforjapan/decidim-cfj,2025-03-31,3,2,0,1681,16
codeforjapan/decidim-cfj,2025-04-07,2,2,0,1683,16
codeforjapan/decidim-cfj,2025-04-14,10,2,0,1693,16
codeforjapan/decidim-cfj,2025-04-21,10,3,0,1703,16
codeforjapan/decidim-cfj,2025-04-28,17,3,0,1720,16
codeforjapan/decidim-cfj,2025-05-05,2,2,0,1722,16
codeforjapan/decidim-cfj,2025-05-12,22,3,0,1744,16
codeforjapan/decidim-cfj,2025-05-19,10,2,0,1754,16
codeforjapan/decidim-cfj,2025-05-26,8,3,0,1762,16
codeforjapan/decidim-cfj,2025-06-16,5,1,0,1767,16
codeforjapan/decidim-cfj,2025-06-23,9,2,0,1776,16
codeforjapan/decidim-cfj,2025-06-30,6,2,0,1782,16
codeforjapan/decidim-cfj,2025-07-07,14,2,0,1796,16
codeforjapan/decidim-cfj,2025-07-14,11,3,0,1807,16
codeforjapan/decidim-cfj,2025-07-21,9,3,0,1816,16
codeforjapan/decidim-cfj,2025-07-28,31,3,0,1847,16
codeforjapan/decidim-cfj,2025-08-04,6,3,0,1853,16
codeforjapan/decidim-cfj,2025-08-18,6,2,1,1859,17
codeforjapan/decidim-cfj,2025-08-25,10,3,0,1869,17
codeforjapan/decidim-cfj,2025-09-01,22,3,0,1891,17
codeforjapan/decidim-cfj,2025-09-08,13,3,0,1904,17
codeforjapan/decidim-cfj,2025-09-15,14,3,0,1918,17
codeforjapan/decidim-cfj,2025-10-20,1,1,0,1919,17
codeforjapan/decidim-cfj,2025-11-17,6,3,0,1925,17
codeforjapan/decidim-cfj,2025-12-08,1,1,0,1926,17
codeforjapan/decidim-cfj,2025-12-15,4,3,0,1930,17
codeforjapan/decidim-cfj,2025-12-22,5,3,0,1935,17
codeforjapan/decidim-cfj,2026-01-19,1,1,0,1936,17
codeforjapan/decidim-cfj,2026-02-09,14,3,0,1950,17
codeforjapan/decidim-cfj,2026-02-16,9,3,0,1959,17
codeforjapan/decidim-cfj,2026-03-02,12,3,0,1971,17
codeforjapan/decidim-cfj,2026-03-09,1,1,0,1972,17
codeforjapan/decidim-cfj,2026-03-23,1,1,0,1973,17
codeforjapan/decidim-cfj,2026-03-30,1,1,0,1974,17
codeforjapan/decidim-cfj,2026-04-13,7,3,0,1981,17
codeforjapan/decidim-cfj,2026-04-27,1,1,0,1982,17
codeforjapan/decidim-cfj,2026-05-11,39,3,0,2021,17
codeforjapan/decidim-cfj,2026-05-18,12,2,0,2033,17
codeforjapan/decidim-cfj,2026-05-25,10,2,0,2043,17
codeforjapan/decidim-cfj,2026-06-01,1,1,0,2044,17
codeformuenster/klimawatch,2019-10-28,5,2,2,5,2
codeformuenster/klimawatch,2019-11-04,20,1,0,25,2
codeformuenster/klimawatch,2019-11-11,12,3,2,37,4
codeformuenster/klimawatch,2019-11-18,15,2,0,52,4
codeformuenster/klimawatch,2019-11-25,80,5,1,132,5
codeformuenster/klimawatch,2019-12-02,7,2,0,139,5
codeformuenster/klimawatch,2019-12-09,10,2,1,149,6
codeformuenster/klimawatch,2019-12-16,3,2,0,152,6
codeformuenster/klimawatch,2019-12-23,9,1,0,161,6
codeformuenster/klimawatch,2019-12-30,1,1,0,162,6
codeformuenster/klimawatch,2020-01-06,2,2,0,164,6
codeformuenster/klimawatch,2020-01-20,4,2,1,168,7
codeformuenster/klimawatch,2020-02-03,2,2,1,170,8
codeformuenster/klimawatch,2020-02-10,6,3,1,176,9
codeformuenster/klimawatch,2020-02-17,1,1,0,177,9
codeformuenster/klimawatch,2020-03-16,6,3,1,183,10
codeformuenster/klimawatch,2020-03-23,1,1,0,184,10
codeformuenster/klimawatch,2020-03-30,1,1,0,185,10
codeformuenster/klimawatch,2020-04-20,1,1,0,186,10
codeformuenster/klimawatch,2020-05-04,1,1,0,187,10
codeformuenster/klimawatch,2020-05-18,1,1,0,188,10
codeformuenster/klimawatch,2020-07-13,1,1,0,189,10
codeformuenster/klimawatch,2020-07-20,1,1,0,190,10
codeformuenster/klimawatch,2020-09-07,9,5,1,199,11
codeformuenster/klimawatch,2020-10-12,1,1,0,200,11
codeformuenster/klimawatch,2020-12-07,2,1,1,202,12
codeformuenster/klimawatch,2020-12-14,2,1,0,204,12
codeformuenster/klimawatch,2021-02-15,2,1,0,206,12
codeformuenster/klimawatch,2021-03-01,2,1,0,208,12
codeformuenster/klimawatch,2021-03-08,1,1,0,209,12
codeformuenster/klimawatch,2021-05-17,1,1,0,210,12
codeformuenster/klimawatch,2021-05-24,3,1,0,213,12
codeformuenster/klimawatch,2021-06-28,3,2,1,216,13
codeformuenster/klimawatch,2021-08-02,1,1,0,217,13
codeformuenster/klimawatch,2021-08-09,1,1,0,218,13
codeformuenster/klimawatch,2021-08-16,3,1,0,221,13
codeformuenster/klimawatch,2021-10-18,2,1,0,223,13
codeformuenster/klimawatch,2021-10-25,2,2,1,225,14
codeformuenster/klimawatch,2021-11-08,1,1,0,226,14
codeformuenster/klimawatch,2021-11-22,1,1,0,227,14
codeformuenster/klimawatch,2022-01-31,2,2,0,229,14
codeformuenster/klimawatch,2022-02-21,1,1,0,230,14
codeformuenster/klimawatch,2022-03-28,1,1,0,231,14
codeformuenster/klimawatch,2022-04-04,1,1,0,232,14
codeformuenster/klimawatch,2022-06-06,1,1,1,233,15
codeformuenster/klimawatch,2022-07-04,1,1,0,234,15
codeformuenster/klimawatch,2022-12-26,1,1,1,235,16
codeformuenster/klimawatch,2023-08-21,1,1,0,236,16
codeformuenster/klimawatch,2024-01-08,8,1,0,244,16
codeformuenster/klimawatch,2024-02-12,1,1,0,245,16
codeformuenster/klimawatch,2024-02-26,2,2,0,247,16
codeformuenster/klimawatch,2024-04-08,1,1,0,248,16
codeformuenster/klimawatch,2024-11-18,4,2,0,252,16
codeformuenster/klimawatch,2024-11-25,1,1,0,253,16
codeformuenster/klimawatch,2024-12-02,1,1,0,254,16
codeformuenster/klimawatch,2024-12-09,6,2,0,260,16
codeformuenster/klimawatch,2024-12-16,2,1,0,262,16
codeformuenster/klimawatch,2026-04-06,1,1,0,263,16
codeformuenster/klimawatch,2026-04-20,1,1,0,264,16
digidemlab/decidim-census,2021-07-05,13,1,1,13,1
digidemlab/decidim-census,2021-07-12,7,1,0,20,1
digidemlab/decidim-census,2021-07-19,7,1,0,27,1
digidemlab/decidim-census,2021-07-26,7,1,0,34,1
digidemlab/decidim-census,2021-08-02,8,1,0,42,1
digidemlab/decidim-census,2021-08-09,15,1,0,57,1
digidemlab/decidim-census,2021-08-16,10,1,0,67,1
digidemlab/decidim-census,2021-08-23,7,1,0,74,1
digidemlab/decidim-census,2021-08-30,7,1,0,81,1
digidemlab/decidim-census,2021-09-06,7,1,0,88,1
digidemlab/decidim-census,2021-09-13,7,1,0,95,1
digidemlab/decidim-census,2021-09-20,2,1,0,97,1
digidemlab/decidim-census,2021-11-22,1,1,0,98,1
digidemlab/decidim-census,2022-05-02,4,1,0,102,1
digidemlab/decidim-census,2022-05-09,7,1,0,109,1
digidemlab/decidim-census,2022-05-16,7,1,0,116,1
digidemlab/decidim-census,2022-05-23,7,1,0,123,1
digidemlab/decidim-census,2022-05-30,7,1,0,130,1
digidemlab/decidim-census,2022-06-06,7,1,0,137,1
digidemlab/decidim-census,2022-06-13,7,1,0,144,1
digidemlab/decidim-census,2022-06-20,7,1,0,151,1
digidemlab/decidim-census,2022-06-27,7,1,0,158,1
digidemlab/decidim-census,2022-07-04,7,1,0,165,1
digidemlab/decidim-census,2022-07-11,7,1,0,172,1
digidemlab/decidim-census,2022-07-18,7,1,0,179,1
digidemlab/decidim-census,2022-07-25,7,1,0,186,1
digidemlab/decidim-census,2022-08-01,7,1,0,193,1
digidemlab/decidim-census,2022-08-08,6,1,0,199,1
digidemlab/decidim-census,2022-08-15,7,1,0,206,1
digidemlab/decidim-census,2022-08-22,7,1,0,213,1
digidemlab/decidim-census,2022-08-29,7,1,0,220,1
digidemlab/decidim-census,2022-09-05,7,1,0,227,1
digidemlab/decidim-census,2022-09-12,7,1,0,234,1
digidemlab/decidim-census,2022-09-19,5,1,0,239,1
digidemlab/decidim-census,2022-09-26,7,1,0,246,1
digidemlab/decidim-census,2022-10-03,7,1,0,253,1
digidemlab/decidim-census,2022-10-10,7,1,0,260,1
digidemlab/decidim-census,2022-10-17,7,1,0,267,1
digidemlab/decidim-census,2022-10-24,7,1,0,274,1
digidemlab/decidim-census,2022-10-31,7,1,0,281,1
digidemlab/decidim-census,2022-11-07,7,1,0,288,1
digidemlab/decidim-census,2022-11-14,7,1,0,295,1
digidemlab/decidim-census,2022-11-21,7,1,0,302,1
digidemlab/decidim-census,2022-11-28,8,2,1,310,2
digidemlab/decidim-census,2022-12-05,4,1,0,314,2
digidemlab/decidim-census,2023-02-06,5,1,0,319,2
digidemlab/decidim-census,2023-02-13,7,1,0,326,2
digidemlab/decidim-census,2023-02-20,7,1,0,333,2
digidemlab/decidim-census,2023-02-27,7,1,0,340,2
digidemlab/decidim-census,2023-03-06,7,1,0,347,2
digidemlab/decidim-census,2023-03-13,7,1,0,354,2
digidemlab/decidim-census,2023-03-20,7,1,0,361,2
digidemlab/decidim-census,2023-03-27,7,1,0,368,2
digidemlab/decidim-census,2023-04-03,7,1,0,375,2
digidemlab/decidim-census,2023-04-10,7,1,0,382,2
digidemlab/decidim-census,2023-04-17,7,1,0,389,2
digidemlab/decidim-census,2023-04-24,7,1,0,396,2
digidemlab/decidim-census,2023-05-01,7,1,0,403,2
digidemlab/decidim-census,2023-05-08,7,1,0,410,2
digidemlab/decidim-census,2023-05-15,7,1,0,417,2
digidemlab/decidim-census,2023-05-22,7,1,0,424,2
digidemlab/decidim-census,2023-05-29,7,1,0,431,2
digidemlab/decidim-census,2023-06-05,7,1,0,438,2
digidemlab/decidim-census,2023-06-12,7,1,0,445,2
digidemlab/decidim-census,2023-06-19,7,1,0,452,2
digidemlab/decidim-census,2023-06-26,7,1,0,459,2
digidemlab/decidim-census,2023-07-03,7,1,0,466,2
digidemlab/decidim-census,2023-07-10,7,1,0,473,2
digidemlab/decidim-census,2023-07-17,7,1,0,480,2
digidemlab/decidim-census,2023-07-24,7,1,0,487,2
digidemlab/decidim-census,2023-07-31,7,1,0,494,2
digidemlab/decidim-census,2023-08-07,7,1,0,501,2
digidemlab/decidim-census,2023-08-14,7,1,0,508,2
digidemlab/decidim-census,2023-08-21,7,1,0,515,2
digidemlab/decidim-census,2023-08-28,7,1,0,522,2
digidemlab/decidim-census,2023-09-04,7,1,0,529,2
digidemlab/decidim-census,2023-09-11,7,1,0,536,2
digidemlab/decidim-census,2023-09-18,7,1,0,543,2
digidemlab/decidim-census,2023-09-25,7,1,0,550,2
digidemlab/decidim-census,2023-10-02,7,1,0,557,2
digidemlab/decidim-census,2023-10-09,7,1,0,564,2
digidemlab/decidim-census,2023-10-16,7,1,0,571,2
digidemlab/decidim-census,2023-10-23,7,1,0,578,2
digidemlab/decidim-census,2023-10-30,6,1,0,584,2
digidemlab/decidim-census,2023-11-06,5,1,0,589,2
digidemlab/decidim-census,2023-11-13,7,1,0,596,2
digidemlab/decidim-census,2023-11-20,7,1,0,603,2
digidemlab/decidim-census,2023-11-27,5,1,0,608,2
digidemlab/decidim-census,2023-12-04,2,1,0,610,2
digidemlab/decidim-census,2023-12-11,7,1,0,617,2
digidemlab/decidim-census,2023-12-18,5,1,0,622,2
digidemlab/decidim-census,2023-12-25,7,1,0,629,2
digidemlab/decidim-census,2024-01-01,6,1,0,635,2
digidemlab/decidim-census,2024-01-08,5,1,0,640,2
digidemlab/decidim-census,2024-01-15,6,1,0,646,2
digidemlab/decidim-census,2024-01-22,4,1,0,650,2
digidemlab/decidim-census,2024-01-29,5,1,0,655,2
digidemlab/decidim-census,2024-02-05,6,1,0,661,2
digidemlab/decidim-census,2024-02-12,7,1,0,668,2
digidemlab/decidim-census,2024-02-19,7,1,0,675,2
digidemlab/decidim-census,2024-02-26,7,1,0,682,2
digidemlab/decidim-census,2024-03-04,7,1,0,689,2
digidemlab/decidim-census,2024-03-11,7,1,0,696,2
digidemlab/decidim-census,2024-03-18,7,1,0,703,2
digidemlab/decidim-census,2024-03-25,7,1,0,710,2
digidemlab/decidim-census,2024-04-01,7,1,0,717,2
digidemlab/decidim-census,2024-04-08,7,1,0,724,2
digidemlab/decidim-census,2024-04-15,7,1,0,731,2
digidemlab/decidim-census,2024-04-22,7,1,0,738,2
digidemlab/decidim-census,2024-04-29,7,1,0,745,2
digidemlab/decidim-census,2024-05-06,7,1,0,752,2
digidemlab/decidim-census,2024-05-13,7,1,0,759,2
digidemlab/decidim-census,2024-05-20,7,1,0,766,2
digidemlab/decidim-census,2024-05-27,7,1,0,773,2
digidemlab/decidim-census,2024-06-03,7,1,0,780,2
digidemlab/decidim-census,2024-06-10,7,1,0,787,2
digidemlab/decidim-census,2024-06-17,7,1,0,794,2
digidemlab/decidim-census,2024-06-24,7,1,0,801,2
digidemlab/decidim-census,2024-07-01,7,1,0,808,2
digidemlab/decidim-census,2024-07-08,7,1,0,815,2
digidemlab/decidim-census,2024-07-15,7,1,0,822,2
digidemlab/decidim-census,2024-07-22,7,1,0,829,2
digidemlab/decidim-census,2024-07-29,7,1,0,836,2
digidemlab/decidim-census,2024-08-05,7,1,0,843,2
digidemlab/decidim-census,2024-08-12,6,1,0,849,2
digidemlab/decidim-census,2024-08-19,7,1,0,856,2
digidemlab/decidim-census,2024-08-26,5,1,0,861,2
digidemlab/decidim-census,2024-09-02,4,1,0,865,2
digidemlab/decidim-census,2024-09-09,6,1,0,871,2
digidemlab/decidim-census,2024-09-16,7,1,0,878,2
digidemlab/decidim-census,2024-09-23,7,1,0,885,2
digidemlab/decidim-census,2024-09-30,7,1,0,892,2
digidemlab/decidim-census,2024-10-07,7,1,0,899,2
digidemlab/decidim-census,2024-10-14,7,1,0,906,2
digidemlab/decidim-census,2024-10-21,7,1,0,913,2
digidemlab/decidim-census,2024-10-28,7,1,0,920,2
digidemlab/decidim-census,2024-11-04,5,1,0,925,2
digidemlab/decidim-census,2024-11-11,6,1,0,931,2
digidemlab/decidim-census,2024-11-18,7,1,0,938,2
digidemlab/decidim-census,2024-11-25,7,1,0,945,2
digidemlab/decidim-census,2024-12-02,7,1,0,952,2
digidemlab/decidim-census,2024-12-09,7,1,0,959,2
digidemlab/decidim-census,2024-12-16,7,1,0,966,2
digidemlab/decidim-census,2024-12-23,6,1,0,972,2
digidemlab/decidim-census,2024-12-30,7,1,0,979,2
digidemlab/decidim-census,2025-01-06,7,1,0,986,2
digidemlab/decidim-census,2025-01-13,7,1,0,993,2
digidemlab/decidim-census,2025-01-20,7,1,0,1000,2
digidemlab/decidim-census,2025-01-27,6,1,0,1006,2
digidemlab/decidim-census,2025-02-03,7,1,0,1013,2
digidemlab/decidim-census,2025-02-10,7,1,0,1020,2
digidemlab/decidim-census,2025-02-17,6,1,0,1026,2
digidemlab/decidim-census,2025-02-24,7,1,0,1033,2
digidemlab/decidim-census,2025-03-03,7,1,0,1040,2
digidemlab/decidim-census,2025-03-10,6,1,0,1046,2
digidemlab/decidim-census,2025-03-17,7,1,0,1053,2
digidemlab/decidim-census,2025-03-24,7,1,0,1060,2
digidemlab/decidim-census,2025-03-31,6,1,0,1066,2
digidemlab/decidim-census,2025-04-07,6,1,0,1072,2
digidemlab/decidim-census,2025-04-14,7,1,0,1079,2
digidemlab/decidim-census,2025-04-21,7,1,0,1086,2
digidemlab/decidim-census,2025-04-28,5,1,0,1091,2
digidemlab/decidim-census,2025-05-05,7,1,0,1098,2
digidemlab/decidim-census,2025-05-12,7,1,0,1105,2
digidemlab/decidim-census,2025-05-19,7,1,0,1112,2
digidemlab/decidim-census,2025-05-26,7,1,0,1119,2
digidemlab/decidim-census,2025-06-02,7,1,0,1126,2
digidemlab/decidim-census,2025-06-09,7,1,0,1133,2
digidemlab/decidim-census,2025-06-16,7,1,0,1140,2
digidemlab/decidim-census,2025-06-23,7,1,0,1147,2
digidemlab/decidim-census,2025-06-30,7,1,0,1154,2
digidemlab/decidim-census,2025-07-07,7,1,0,1161,2
digidemlab/decidim-census,2025-07-14,7,1,0,1168,2
digidemlab/decidim-census,2025-07-21,7,1,0,1175,2
digidemlab/decidim-census,2025-07-28,7,1,0,1182,2
digidemlab/decidim-census,2025-08-04,7,1,0,1189,2
digidemlab/decidim-census,2025-08-11,7,1,0,1196,2
digidemlab/decidim-census,2025-08-18,7,1,0,1203,2
digidemlab/decidim-census,2025-08-25,7,1,0,1210,2
digidemlab/decidim-census,2025-09-01,7,1,0,1217,2
digidemlab/decidim-census,2025-09-08,7,1,0,1224,2
digidemlab/decidim-census,2025-09-15,7,1,0,1231,2
digidemlab/decidim-census,2025-09-22,7,1,0,1238,2
digidemlab/decidim-census,2025-09-29,5,1,0,1243,2
digidemlab/decidim-census,2025-10-06,7,1,0,1250,2
digidemlab/decidim-census,2025-10-13,7,1,0,1257,2
digidemlab/decidim-census,2025-10-20,7,1,0,1264,2
digidemlab/decidim-census,2025-10-27,7,1,0,1271,2
digidemlab/decidim-census,2025-11-03,7,1,0,1278,2
digidemlab/decidim-census,2025-11-10,7,1,0,1285,2
digidemlab/decidim-census,2025-11-17,7,1,0,1292,2
digidemlab/decidim-census,2025-11-24,7,1,0,1299,2
digidemlab/decidim-census,2025-12-01,7,1,0,1306,2
digidemlab/decidim-census,2025-12-08,7,1,0,1313,2
digidemlab/decidim-census,2025-12-15,7,1,0,1320,2
digidemlab/decidim-census,2025-12-22,7,1,0,1327,2
digidemlab/decidim-census,2025-12-29,7,1,0,1334,2
digidemlab/decidim-census,2026-01-05,7,1,0,1341,2
digidemlab/decidim-census,2026-01-12,7,1,0,1348,2
digidemlab/decidim-census,2026-01-19,7,1,0,1355,2
digidemlab/decidim-census,2026-01-26,7,1,0,1362,2
digidemlab/decidim-census,2026-02-02,7,1,0,1369,2
digidemlab/decidim-census,2026-02-09,7,1,0,1376,2
digidemlab/decidim-census,2026-02-16,7,1,0,1383,2
digidemlab/decidim-census,2026-02-23,7,1,0,1390,2
digidemlab/decidim-census,2026-03-02,7,1,0,1397,2
digidemlab/decidim-census,2026-03-09,7,1,0,1404,2
digidemlab/decidim-census,2026-03-16,7,1,0,1411,2
digidemlab/decidim-census,2026-03-23,7,1,0,1418,2
digidemlab/decidim-census,2026-03-30,7,1,0,1425,2
digidemlab/decidim-census,2026-04-06,7,1,0,1432,2
digidemlab/decidim-census,2026-04-13,7,1,0,1439,2
digidemlab/decidim-census,2026-04-20,7,1,0,1446,2
digidemlab/decidim-census,2026-04-27,7,1,0,1453,2
digidemlab/decidim-census,2026-05-04,7,1,0,1460,2
digidemlab/decidim-census,2026-05-11,7,1,0,1467,2
digidemlab/decidim-census,2026-05-18,7,1,0,1474,2
digidemlab/decidim-census,2026-05-25,7,1,0,1481,2
digidemlab/decidim-census,2026-06-01,4,1,0,1485,2
fvialibre/heseia-sentence-bias-dataset,2025-05-19,1,1,1,1,1
fvialibre/heseia-sentence-bias-dataset,2025-07-28,6,1,0,7,1
fvialibre/heseia-sentence-bias-dataset,2025-09-08,2,1,0,9,1
g0v/tw-rental-house-data,2018-05-14,11,1,1,11,1
g0v/tw-rental-house-data,2018-05-21,2,1,0,13,1
g0v/tw-rental-house-data,2018-05-28,18,1,0,31,1
g0v/tw-rental-house-data,2018-06-04,8,1,0,39,1
g0v/tw-rental-house-data,2018-07-02,1,1,0,40,1
g0v/tw-rental-house-data,2018-07-09,1,1,0,41,1
g0v/tw-rental-house-data,2018-07-16,18,1,0,59,1
g0v/tw-rental-house-data,2018-07-23,12,1,0,71,1
g0v/tw-rental-house-data,2018-07-30,14,1,0,85,1
g0v/tw-rental-house-data,2018-08-06,3,1,0,88,1
g0v/tw-rental-house-data,2018-08-20,8,1,0,96,1
g0v/tw-rental-house-data,2018-08-27,8,1,0,104,1
g0v/tw-rental-house-data,2018-09-03,4,1,0,108,1
g0v/tw-rental-house-data,2018-09-24,1,1,0,109,1
g0v/tw-rental-house-data,2018-10-01,6,1,0,115,1
g0v/tw-rental-house-data,2018-10-08,3,1,0,118,1
g0v/tw-rental-house-data,2018-10-22,1,1,0,119,1
g0v/tw-rental-house-data,2018-10-29,1,1,0,120,1
g0v/tw-rental-house-data,2018-11-26,1,1,0,121,1
g0v/tw-rental-house-data,2018-12-03,1,1,0,122,1
g0v/tw-rental-house-data,2018-12-31,2,1,0,124,1
g0v/tw-rental-house-data,2019-01-28,1,1,0,125,1
g0v/tw-rental-house-data,2019-02-25,1,1,0,126,1
g0v/tw-rental-house-data,2019-03-18,3,1,0,129,1
g0v/tw-rental-house-data,2019-04-01,2,1,0,131,1
g0v/tw-rental-house-data,2019-04-15,8,1,0,139,1
g0v/tw-rental-house-data,2019-04-29,2,1,0,141,1
g0v/tw-rental-house-data,2019-05-06,2,1,0,143,1
g0v/tw-rental-house-data,2019-05-27,1,1,0,144,1
g0v/tw-rental-house-data,2019-06-03,1,1,0,145,1
g0v/tw-rental-house-data,2019-06-10,9,2,1,154,2
g0v/tw-rental-house-data,2019-07-01,2,1,0,156,2
g0v/tw-rental-house-data,2019-08-12,10,1,0,166,2
g0v/tw-rental-house-data,2019-10-28,5,2,1,171,3
g0v/tw-rental-house-data,2019-11-04,4,1,0,175,3
g0v/tw-rental-house-data,2019-12-09,1,1,0,176,3
g0v/tw-rental-house-data,2020-01-06,3,3,1,179,4
g0v/tw-rental-house-data,2020-01-13,6,1,0,185,4
g0v/tw-rental-house-data,2020-01-27,2,1,0,187,4
g0v/tw-rental-house-data,2020-04-20,2,2,1,189,5
g0v/tw-rental-house-data,2020-08-31,2,1,0,191,5
g0v/tw-rental-house-data,2020-11-09,1,1,1,192,6
g0v/tw-rental-house-data,2020-12-07,1,1,0,193,6
g0v/tw-rental-house-data,2021-01-04,4,1,0,197,6
g0v/tw-rental-house-data,2021-02-15,1,1,0,198,6
g0v/tw-rental-house-data,2021-03-29,2,1,0,200,6
g0v/tw-rental-house-data,2021-05-31,1,1,0,201,6
g0v/tw-rental-house-data,2021-10-18,1,1,0,202,6
g0v/tw-rental-house-data,2021-10-25,15,1,0,217,6
g0v/tw-rental-house-data,2022-07-25,4,1,0,221,6
g0v/tw-rental-house-data,2022-08-15,3,1,0,224,6
g0v/tw-rental-house-data,2022-09-05,4,1,0,228,6
g0v/tw-rental-house-data,2022-09-12,3,1,0,231,6
g0v/tw-rental-house-data,2022-09-19,4,1,0,235,6
g0v/tw-rental-house-data,2022-09-26,2,1,0,237,6
g0v/tw-rental-house-data,2022-10-10,5,1,0,242,6
g0v/tw-rental-house-data,2022-12-05,1,1,0,243,6
g0v/tw-rental-house-data,2023-01-02,1,1,0,244,6
g0v/tw-rental-house-data,2023-03-06,1,1,0,245,6
g0v/tw-rental-house-data,2023-08-14,1,1,0,246,6
g0v/tw-rental-house-data,2023-08-21,1,1,0,247,6
g0v/tw-rental-house-data,2023-11-27,2,1,0,249,6
g0v/tw-rental-house-data,2023-12-11,4,1,0,253,6
g0v/tw-rental-house-data,2023-12-25,10,1,0,263,6
g0v/tw-rental-house-data,2024-01-01,5,1,0,268,6
g0v/tw-rental-house-data,2024-01-08,2,2,1,270,7
g0v/tw-rental-house-data,2024-01-15,1,1,0,271,7
g0v/tw-rental-house-data,2024-01-29,4,1,0,275,7
g0v/tw-rental-house-data,2024-02-26,3,1,0,278,7
g0v/tw-rental-house-data,2024-03-04,2,1,0,280,7
g0v/tw-rental-house-data,2024-03-25,2,1,0,282,7
g0v/tw-rental-house-data,2024-08-26,2,1,0,284,7
g0v/tw-rental-house-data,2024-09-02,16,1,0,300,7
g0v/tw-rental-house-data,2024-09-09,4,2,1,304,8
g0v/tw-rental-house-data,2024-09-23,6,1,0,310,8
g0v/tw-rental-house-data,2024-10-28,7,1,0,317,8
g0v/tw-rental-house-data,2024-11-04,4,1,0,321,8
g0v/tw-rental-house-data,2025-03-03,1,1,0,322,8
g0v/tw-rental-house-data,2025-03-10,1,1,0,323,8
g0v/tw-rental-house-data,2025-03-17,3,1,0,326,8
g0v/tw-rental-house-data,2025-03-24,3,1,0,329,8
g0v/tw-rental-house-data,2025-03-31,6,1,0,335,8
g0v/tw-rental-house-data,2025-04-07,5,1,0,340,8
g0v/tw-rental-house-data,2025-05-12,1,1,1,341,9
g0v/tw-rental-house-data,2025-10-20,7,1,0,348,9
g0v/tw-rental-house-data,2025-10-27,7,1,0,355,9
g0v/tw-rental-house-data,2025-11-03,2,1,0,357,9
g0v/tw-rental-house-data,2025-11-10,1,1,0,358,9
g0v/tw-rental-house-data,2025-12-08,2,1,0,360,9
g0v/tw-rental-house-data,2025-12-15,9,1,0,369,9
g0v/tw-rental-house-data,2026-03-02,9,1,0,378,9
g0v/tw-rental-house-data,2026-03-16,3,1,0,381,9
g0v/tw-rental-house-data,2026-04-27,2,1,0,383,9
iiab/iiab,2017-05-22,8,2,2,8,2
iiab/iiab,2017-05-29,33,2,1,41,3
iiab/iiab,2017-06-05,16,3,0,57,3
iiab/iiab,2017-06-12,13,3,0,70,3
iiab/iiab,2017-06-19,19,3,1,89,4
iiab/iiab,2017-06-26,6,2,0,95,4
iiab/iiab,2017-07-03,25,3,0,120,4
iiab/iiab,2017-07-10,15,2,0,135,4
iiab/iiab,2017-07-17,17,3,0,152,4
iiab/iiab,2017-08-07,1,1,0,153,4
iiab/iiab,2017-08-14,1,1,0,154,4
iiab/iiab,2017-08-21,6,2,0,160,4
iiab/iiab,2017-08-28,16,4,0,176,4
iiab/iiab,2017-09-04,11,2,0,187,4
iiab/iiab,2017-09-11,24,3,0,211,4
iiab/iiab,2017-09-18,72,4,0,283,4
iiab/iiab,2017-09-25,73,5,1,356,5
iiab/iiab,2017-10-02,25,4,0,381,5
iiab/iiab,2017-10-09,48,4,0,429,5
iiab/iiab,2017-10-16,56,4,0,485,5
iiab/iiab,2017-10-23,221,4,0,706,5
iiab/iiab,2017-10-30,45,2,0,751,5
iiab/iiab,2017-11-06,196,3,1,947,6
iiab/iiab,2017-11-13,128,2,0,1075,6
iiab/iiab,2017-11-20,161,3,0,1236,6
iiab/iiab,2017-11-27,54,3,0,1290,6
iiab/iiab,2017-12-04,118,3,0,1408,6
iiab/iiab,2017-12-11,32,1,0,1440,6
iiab/iiab,2017-12-18,8,1,0,1448,6
iiab/iiab,2017-12-25,52,2,0,1500,6
iiab/iiab,2018-01-01,16,1,0,1516,6
iiab/iiab,2018-01-08,37,1,0,1553,6
iiab/iiab,2018-01-22,1,1,0,1554,6
iiab/iiab,2018-02-05,28,2,0,1582,6
iiab/iiab,2018-02-12,70,2,0,1652,6
iiab/iiab,2018-02-19,5,2,0,1657,6
iiab/iiab,2018-02-26,7,2,0,1664,6
iiab/iiab,2018-03-12,3,2,0,1667,6
iiab/iiab,2018-03-19,36,2,0,1703,6
iiab/iiab,2018-03-26,31,3,0,1734,6
iiab/iiab,2018-04-02,89,4,1,1823,7
iiab/iiab,2018-04-09,5,1,0,1828,7
iiab/iiab,2018-04-16,9,1,0,1837,7
iiab/iiab,2018-04-23,38,3,0,1875,7
iiab/iiab,2018-04-30,48,2,0,1923,7
iiab/iiab,2018-05-07,73,3,0,1996,7
iiab/iiab,2018-05-14,51,4,0,2047,7
iiab/iiab,2018-05-21,27,3,0,2074,7
iiab/iiab,2018-05-28,5,1,0,2079,7
iiab/iiab,2018-06-04,10,1,0,2089,7
iiab/iiab,2018-06-11,14,1,0,2103,7
iiab/iiab,2018-06-18,46,3,0,2149,7
iiab/iiab,2018-06-25,19,2,1,2168,8
iiab/iiab,2018-07-02,35,3,0,2203,8
iiab/iiab,2018-07-09,137,2,0,2340,8
iiab/iiab,2018-07-16,201,3,0,2541,8
iiab/iiab,2018-07-23,64,3,0,2605,8
iiab/iiab,2018-07-30,1,1,0,2606,8
iiab/iiab,2018-08-06,32,3,0,2638,8
iiab/iiab,2018-08-13,161,3,0,2799,8
iiab/iiab,2018-08-20,125,4,0,2924,8
iiab/iiab,2018-08-27,236,4,0,3160,8
iiab/iiab,2018-09-03,125,4,1,3285,9
iiab/iiab,2018-09-10,48,2,0,3333,9
iiab/iiab,2018-09-17,97,3,0,3430,9
iiab/iiab,2018-09-24,54,2,0,3484,9
iiab/iiab,2018-10-01,27,2,0,3511,9
iiab/iiab,2018-10-08,113,4,1,3624,10
iiab/iiab,2018-10-15,129,5,1,3753,11
iiab/iiab,2018-10-22,86,1,0,3839,11
iiab/iiab,2018-10-29,246,4,2,4085,13
iiab/iiab,2018-11-05,14,2,0,4099,13
iiab/iiab,2018-11-12,17,4,1,4116,14
iiab/iiab,2018-11-19,4,3,0,4120,14
iiab/iiab,2018-11-26,20,4,0,4140,14
iiab/iiab,2018-12-03,26,3,0,4166,14
iiab/iiab,2018-12-10,43,2,0,4209,14
iiab/iiab,2018-12-17,1,1,0,4210,14
iiab/iiab,2018-12-24,10,3,0,4220,14
iiab/iiab,2018-12-31,64,3,0,4284,14
iiab/iiab,2019-01-07,79,3,0,4363,14
iiab/iiab,2019-01-14,103,5,0,4466,14
iiab/iiab,2019-01-21,4,1,0,4470,14
iiab/iiab,2019-01-28,132,2,0,4602,14
iiab/iiab,2019-02-04,211,3,0,4813,14
iiab/iiab,2019-02-11,89,5,1,4902,15
iiab/iiab,2019-02-18,14,2,0,4916,15
iiab/iiab,2019-02-25,38,3,0,4954,15
iiab/iiab,2019-03-04,104,2,0,5058,15
iiab/iiab,2019-03-11,23,3,0,5081,15
iiab/iiab,2019-03-18,16,2,0,5097,15
iiab/iiab,2019-03-25,15,3,0,5112,15
iiab/iiab,2019-04-01,25,3,0,5137,15
iiab/iiab,2019-04-08,44,2,0,5181,15
iiab/iiab,2019-04-15,19,2,0,5200,15
iiab/iiab,2019-04-22,42,4,1,5242,16
iiab/iiab,2019-04-29,35,3,0,5277,16
iiab/iiab,2019-05-06,98,4,0,5375,16
iiab/iiab,2019-05-13,67,3,0,5442,16
iiab/iiab,2019-05-20,84,2,0,5526,16
iiab/iiab,2019-05-27,30,2,0,5556,16
iiab/iiab,2019-06-03,12,3,0,5568,16
iiab/iiab,2019-06-10,16,4,0,5584,16
iiab/iiab,2019-06-17,106,5,0,5690,16
iiab/iiab,2019-06-24,25,3,0,5715,16
iiab/iiab,2019-07-01,89,2,0,5804,16
iiab/iiab,2019-07-08,77,3,0,5881,16
iiab/iiab,2019-07-15,45,5,0,5926,16
iiab/iiab,2019-07-22,11,1,0,5937,16
iiab/iiab,2019-07-29,16,2,0,5953,16
iiab/iiab,2019-08-05,18,2,0,5971,16
iiab/iiab,2019-08-12,47,2,0,6018,16
iiab/iiab,2019-08-19,5,2,0,6023,16
iiab/iiab,2019-09-02,158,3,0,6181,16
iiab/iiab,2019-09-09,6,1,0,6187,16
iiab/iiab,2019-09-16,5,1,0,6192,16
iiab/iiab,2019-09-23,55,1,0,6247,16
iiab/iiab,2019-09-30,37,2,0,6284,16
iiab/iiab,2019-10-07,81,3,0,6365,16
iiab/iiab,2019-10-14,43,2,0,6408,16
iiab/iiab,2019-10-21,7,2,0,6415,16
iiab/iiab,2019-10-28,65,3,1,6480,17
iiab/iiab,2019-11-04,11,1,0,6491,17
iiab/iiab,2019-11-11,14,1,0,6505,17
iiab/iiab,2019-11-18,21,2,0,6526,17
iiab/iiab,2019-11-25,132,4,0,6658,17
iiab/iiab,2019-12-02,6,3,0,6664,17
iiab/iiab,2019-12-09,37,4,0,6701,17
iiab/iiab,2019-12-16,100,3,0,6801,17
iiab/iiab,2019-12-23,16,3,0,6817,17
iiab/iiab,2019-12-30,139,4,0,6956,17
iiab/iiab,2020-01-06,171,5,0,7127,17
iiab/iiab,2020-01-13,130,1,0,7257,17
iiab/iiab,2020-01-20,178,3,0,7435,17
iiab/iiab,2020-01-27,119,3,0,7554,17
iiab/iiab,2020-02-03,33,4,0,7587,17
iiab/iiab,2020-02-10,73,3,0,7660,17
iiab/iiab,2020-02-17,24,3,0,7684,17
iiab/iiab,2020-02-24,5,2,0,7689,17
iiab/iiab,2020-03-02,29,2,0,7718,17
iiab/iiab,2020-03-09,30,2,0,7748,17
iiab/iiab,2020-03-16,21,3,0,7769,17
iiab/iiab,2020-03-23,18,2,0,7787,17
iiab/iiab,2020-03-30,24,3,0,7811,17
iiab/iiab,2020-04-06,24,3,0,7835,17
iiab/iiab,2020-04-13,32,4,0,7867,17
iiab/iiab,2020-04-20,35,4,1,7902,18
iiab/iiab,2020-04-27,139,4,0,8041,18
iiab/iiab,2020-05-04,93,2,0,8134,18
iiab/iiab,2020-05-11,33,4,1,8167,19
iiab/iiab,2020-05-18,27,2,0,8194,19
iiab/iiab,2020-05-25,8,2,0,8202,19
iiab/iiab,2020-06-01,26,1,0,8228,19
iiab/iiab,2020-06-08,1,1,0,8229,19
iiab/iiab,2020-06-15,13,1,0,8242,19
iiab/iiab,2020-06-22,8,1,0,8250,19
iiab/iiab,2020-06-29,7,1,0,8257,19
iiab/iiab,2020-07-06,18,3,0,8275,19
iiab/iiab,2020-07-13,8,1,0,8283,19
iiab/iiab,2020-07-20,3,1,0,8286,19
iiab/iiab,2020-07-27,13,2,0,8299,19
iiab/iiab,2020-08-03,41,2,0,8340,19
iiab/iiab,2020-08-10,4,1,0,8344,19
iiab/iiab,2020-08-17,41,3,0,8385,19
iiab/iiab,2020-08-24,62,3,0,8447,19
iiab/iiab,2020-08-31,16,2,0,8463,19
iiab/iiab,2020-09-07,46,4,2,8509,21
iiab/iiab,2020-09-14,28,3,0,8537,21
iiab/iiab,2020-09-21,69,2,0,8606,21
iiab/iiab,2020-09-28,38,1,0,8644,21
iiab/iiab,2020-10-05,42,3,0,8686,21
iiab/iiab,2020-10-12,63,1,0,8749,21
iiab/iiab,2020-10-19,30,3,0,8779,21
iiab/iiab,2020-10-26,59,5,1,8838,22
iiab/iiab,2020-11-02,50,4,1,8888,23
iiab/iiab,2020-11-09,16,1,0,8904,23
iiab/iiab,2020-11-16,4,1,0,8908,23
iiab/iiab,2020-11-23,54,4,0,8962,23
iiab/iiab,2020-11-30,6,1,0,8968,23
iiab/iiab,2020-12-07,5,1,0,8973,23
iiab/iiab,2020-12-14,8,1,0,8981,23
iiab/iiab,2020-12-21,3,1,0,8984,23
iiab/iiab,2020-12-28,3,1,0,8987,23
iiab/iiab,2021-01-18,1,1,0,8988,23
iiab/iiab,2021-01-25,15,1,0,9003,23
iiab/iiab,2021-02-01,12,3,0,9015,23
iiab/iiab,2021-02-15,11,1,0,9026,23
iiab/iiab,2021-02-22,33,3,0,9059,23
iiab/iiab,2021-03-01,24,1,0,9083,23
iiab/iiab,2021-03-08,29,3,0,9112,23
iiab/iiab,2021-03-15,28,2,0,9140,23
iiab/iiab,2021-03-22,15,2,0,9155,23
iiab/iiab,2021-03-29,14,1,0,9169,23
iiab/iiab,2021-04-05,12,1,0,9181,23
iiab/iiab,2021-04-12,82,4,0,9263,23
iiab/iiab,2021-04-19,14,2,0,9277,23
iiab/iiab,2021-04-26,59,5,1,9336,24
iiab/iiab,2021-05-03,21,2,0,9357,24
iiab/iiab,2021-05-10,32,3,0,9389,24
iiab/iiab,2021-05-17,87,3,0,9476,24
iiab/iiab,2021-05-24,45,2,0,9521,24
iiab/iiab,2021-05-31,8,1,0,9529,24
iiab/iiab,2021-06-07,2,1,0,9531,24
iiab/iiab,2021-06-14,30,1,0,9561,24
iiab/iiab,2021-06-21,45,1,0,9606,24
iiab/iiab,2021-06-28,53,3,1,9659,25
iiab/iiab,2021-07-05,55,2,0,9714,25
iiab/iiab,2021-07-12,28,2,1,9742,26
iiab/iiab,2021-07-19,23,2,0,9765,26
iiab/iiab,2021-07-26,179,2,0,9944,26
iiab/iiab,2021-08-02,160,3,0,10104,26
iiab/iiab,2021-08-09,138,3,0,10242,26
iiab/iiab,2021-08-16,68,3,0,10310,26
iiab/iiab,2021-08-23,42,3,0,10352,26
iiab/iiab,2021-08-30,33,2,0,10385,26
iiab/iiab,2021-09-06,8,1,0,10393,26
iiab/iiab,2021-09-13,4,1,0,10397,26
iiab/iiab,2021-09-27,19,3,0,10416,26
iiab/iiab,2021-10-04,3,2,0,10419,26
iiab/iiab,2021-10-11,2,1,0,10421,26
iiab/iiab,2021-10-18,6,2,0,10427,26
iiab/iiab,2021-10-25,49,3,0,10476,26
iiab/iiab,2021-11-01,17,1,0,10493,26
iiab/iiab,2021-11-08,29,3,1,10522,27
iiab/iiab,2021-11-15,10,1,0,10532,27
iiab/iiab,2021-11-22,23,3,0,10555,27
iiab/iiab,2021-11-29,14,1,0,10569,27
iiab/iiab,2021-12-06,7,1,0,10576,27
iiab/iiab,2021-12-13,11,2,0,10587,27
iiab/iiab,2021-12-20,42,2,0,10629,27
iiab/iiab,2021-12-27,16,1,0,10645,27
iiab/iiab,2022-01-03,17,2,1,10662,28
iiab/iiab,2022-01-10,16,1,0,10678,28
iiab/iiab,2022-01-17,5,1,0,10683,28
iiab/iiab,2022-01-24,2,1,0,10685,28
iiab/iiab,2022-01-31,11,2,0,10696,28
iiab/iiab,2022-02-07,3,2,0,10699,28
iiab/iiab,2022-02-14,7,2,0,10706,28
iiab/iiab,2022-02-28,5,2,0,10711,28
iiab/iiab,2022-03-07,13,1,0,10724,28
iiab/iiab,2022-03-14,34,2,0,10758,28
iiab/iiab,2022-03-21,11,3,0,10769,28
iiab/iiab,2022-03-28,53,3,0,10822,28
iiab/iiab,2022-04-04,51,2,0,10873,28
iiab/iiab,2022-04-11,6,1,0,10879,28
iiab/iiab,2022-04-18,27,1,0,10906,28
iiab/iiab,2022-04-25,43,5,2,10949,30
iiab/iiab,2022-05-02,26,2,0,10975,30
iiab/iiab,2022-05-09,9,2,0,10984,30
iiab/iiab,2022-05-16,32,3,0,11016,30
iiab/iiab,2022-05-23,27,2,0,11043,30
iiab/iiab,2022-05-30,5,3,0,11048,30
iiab/iiab,2022-06-06,33,2,0,11081,30
iiab/iiab,2022-06-13,25,4,0,11106,30
iiab/iiab,2022-06-20,24,2,0,11130,30
iiab/iiab,2022-06-27,56,4,1,11186,31
iiab/iiab,2022-07-04,36,3,0,11222,31
iiab/iiab,2022-07-11,45,4,1,11267,32
iiab/iiab,2022-07-18,64,4,1,11331,33
iiab/iiab,2022-07-25,14,3,0,11345,33
iiab/iiab,2022-08-01,23,1,0,11368,33
iiab/iiab,2022-08-08,16,3,0,11384,33
iiab/iiab,2022-08-15,6,1,0,11390,33
iiab/iiab,2022-08-22,7,2,0,11397,33
iiab/iiab,2022-08-29,37,3,0,11434,33
iiab/iiab,2022-09-05,20,2,0,11454,33
iiab/iiab,2022-09-12,4,1,0,11458,33
iiab/iiab,2022-09-19,30,3,0,11488,33
iiab/iiab,2022-09-26,25,1,0,11513,33
iiab/iiab,2022-10-03,36,2,0,11549,33
iiab/iiab,2022-10-10,11,1,0,11560,33
iiab/iiab,2022-10-17,16,1,0,11576,33
iiab/iiab,2022-10-24,10,1,0,11586,33
iiab/iiab,2022-10-31,4,1,0,11590,33
iiab/iiab,2022-11-07,17,1,0,11607,33
iiab/iiab,2022-11-14,7,2,0,11614,33
iiab/iiab,2022-11-21,6,1,0,11620,33
iiab/iiab,2022-11-28,3,1,0,11623,33
iiab/iiab,2022-12-05,2,1,0,11625,33
iiab/iiab,2022-12-19,33,2,0,11658,33
iiab/iiab,2022-12-26,38,2,0,11696,33
iiab/iiab,2023-01-02,12,3,0,11708,33
iiab/iiab,2023-01-09,17,1,0,11725,33
iiab/iiab,2023-01-16,11,1,0,11736,33
iiab/iiab,2023-01-23,2,1,0,11738,33
iiab/iiab,2023-01-30,3,1,0,11741,33
iiab/iiab,2023-02-06,14,1,0,11755,33
iiab/iiab,2023-02-13,3,1,0,11758,33
iiab/iiab,2023-02-20,12,1,0,11770,33
iiab/iiab,2023-02-27,5,1,0,11775,33
iiab/iiab,2023-03-06,4,1,0,11779,33
iiab/iiab,2023-03-13,22,2,0,11801,33
iiab/iiab,2023-03-20,20,2,0,11821,33
iiab/iiab,2023-03-27,44,2,0,11865,33
iiab/iiab,2023-04-03,27,3,0,11892,33
iiab/iiab,2023-04-10,41,3,1,11933,34
iiab/iiab,2023-04-17,32,2,0,11965,34
iiab/iiab,2023-04-24,46,3,0,12011,34
iiab/iiab,2023-05-01,12,1,0,12023,34
iiab/iiab,2023-05-08,6,1,0,12029,34
iiab/iiab,2023-05-15,31,2,1,12060,35
iiab/iiab,2023-05-22,13,2,0,12073,35
iiab/iiab,2023-05-29,4,2,0,12077,35
iiab/iiab,2023-06-05,23,2,0,12100,35
iiab/iiab,2023-06-12,20,1,0,12120,35
iiab/iiab,2023-06-19,12,1,0,12132,35
iiab/iiab,2023-06-26,4,1,0,12136,35
iiab/iiab,2023-07-10,16,1,0,12152,35
iiab/iiab,2023-07-17,5,1,0,12157,35
iiab/iiab,2023-07-24,10,1,0,12167,35
iiab/iiab,2023-07-31,15,1,0,12182,35
iiab/iiab,2023-08-07,13,1,0,12195,35
iiab/iiab,2023-08-14,7,1,0,12202,35
iiab/iiab,2023-08-21,8,1,0,12210,35
iiab/iiab,2023-08-28,8,1,0,12218,35
iiab/iiab,2023-09-04,21,1,0,12239,35
iiab/iiab,2023-09-11,13,1,0,12252,35
iiab/iiab,2023-09-18,5,1,0,12257,35
iiab/iiab,2023-09-25,13,1,0,12270,35
iiab/iiab,2023-10-02,9,1,0,12279,35
iiab/iiab,2023-10-09,18,2,0,12297,35
iiab/iiab,2023-10-16,1,1,0,12298,35
iiab/iiab,2023-10-23,3,1,0,12301,35
iiab/iiab,2023-10-30,13,1,0,12314,35
iiab/iiab,2023-11-06,7,1,0,12321,35
iiab/iiab,2023-11-13,16,1,0,12337,35
iiab/iiab,2023-11-20,7,1,0,12344,35
iiab/iiab,2023-11-27,4,1,0,12348,35
iiab/iiab,2023-12-04,14,1,0,12362,35
iiab/iiab,2023-12-11,16,1,0,12378,35
iiab/iiab,2023-12-18,15,1,0,12393,35
iiab/iiab,2023-12-25,3,1,0,12396,35
iiab/iiab,2024-01-01,17,1,0,12413,35
iiab/iiab,2024-01-08,11,1,0,12424,35
iiab/iiab,2024-01-15,10,2,0,12434,35
iiab/iiab,2024-01-29,2,1,0,12436,35
iiab/iiab,2024-02-05,2,1,0,12438,35
iiab/iiab,2024-02-19,8,1,0,12446,35
iiab/iiab,2024-02-26,9,1,0,12455,35
iiab/iiab,2024-03-04,16,2,0,12471,35
iiab/iiab,2024-03-11,3,1,0,12474,35
iiab/iiab,2024-03-25,5,1,0,12479,35
iiab/iiab,2024-04-08,5,1,0,12484,35
iiab/iiab,2024-04-15,3,1,0,12487,35
iiab/iiab,2024-04-22,2,1,0,12489,35
iiab/iiab,2024-04-29,12,1,0,12501,35
iiab/iiab,2024-05-13,4,1,0,12505,35
iiab/iiab,2024-05-20,4,1,0,12509,35
iiab/iiab,2024-05-27,3,1,0,12512,35
iiab/iiab,2024-06-03,7,1,0,12519,35
iiab/iiab,2024-06-10,5,1,0,12524,35
iiab/iiab,2024-06-17,2,1,0,12526,35
iiab/iiab,2024-06-24,12,1,0,12538,35
iiab/iiab,2024-07-01,2,1,0,12540,35
iiab/iiab,2024-07-08,8,1,0,12548,35
iiab/iiab,2024-07-15,37,1,0,12585,35
iiab/iiab,2024-07-22,7,1,0,12592,35
iiab/iiab,2024-07-29,7,1,0,12599,35
iiab/iiab,2024-08-05,16,1,0,12615,35
iiab/iiab,2024-08-12,3,1,0,12618,35
iiab/iiab,2024-08-19,2,1,0,12620,35
iiab/iiab,2024-09-09,6,1,0,12626,35
iiab/iiab,2024-09-16,9,1,0,12635,35
iiab/iiab,2024-09-23,8,1,0,12643,35
iiab/iiab,2024-09-30,17,2,0,12660,35
iiab/iiab,2024-10-07,10,1,0,12670,35
iiab/iiab,2024-10-14,6,1,0,12676,35
iiab/iiab,2024-10-21,4,2,0,12680,35
iiab/iiab,2024-10-28,2,1,0,12682,35
iiab/iiab,2024-11-04,12,1,0,12694,35
iiab/iiab,2024-11-11,2,1,0,12696,35
iiab/iiab,2024-11-18,4,1,0,12700,35
iiab/iiab,2024-12-02,4,2,0,12704,35
iiab/iiab,2024-12-09,9,1,0,12713,35
iiab/iiab,2024-12-16,25,4,0,12738,35
iiab/iiab,2024-12-23,2,2,1,12740,36
iiab/iiab,2024-12-30,5,2,0,12745,36
iiab/iiab,2025-01-06,9,2,0,12754,36
iiab/iiab,2025-01-13,36,4,0,12790,36
iiab/iiab,2025-01-20,50,3,0,12840,36
iiab/iiab,2025-01-27,53,4,0,12893,36
iiab/iiab,2025-02-03,1,1,0,12894,36
iiab/iiab,2025-02-10,24,3,0,12918,36
iiab/iiab,2025-02-17,6,1,0,12924,36
iiab/iiab,2025-02-24,8,1,0,12932,36
iiab/iiab,2025-03-03,2,2,2,12934,38
iiab/iiab,2025-03-10,15,2,0,12949,38
iiab/iiab,2025-03-17,15,4,0,12964,38
iiab/iiab,2025-03-24,33,2,0,12997,38
iiab/iiab,2025-03-31,22,2,0,13019,38
iiab/iiab,2025-04-07,19,2,0,13038,38
iiab/iiab,2025-04-14,7,1,0,13045,38
iiab/iiab,2025-04-21,12,2,0,13057,38
iiab/iiab,2025-04-28,12,2,0,13069,38
iiab/iiab,2025-05-05,10,2,0,13079,38
iiab/iiab,2025-05-12,10,3,1,13089,39
iiab/iiab,2025-05-19,5,1,0,13094,39
iiab/iiab,2025-05-26,4,1,0,13098,39
iiab/iiab,2025-06-09,2,1,0,13100,39
iiab/iiab,2025-06-23,8,2,0,13108,39
iiab/iiab,2025-06-30,32,4,0,13140,39
iiab/iiab,2025-07-07,3,2,0,13143,39
iiab/iiab,2025-07-14,15,2,0,13158,39
iiab/iiab,2025-07-21,2,1,0,13160,39
iiab/iiab,2025-08-11,2,1,0,13162,39
iiab/iiab,2025-08-18,8,4,1,13170,40
iiab/iiab,2025-08-25,40,5,0,13210,40
iiab/iiab,2025-09-01,7,2,0,13217,40
iiab/iiab,2025-09-08,12,2,0,13229,40
iiab/iiab,2025-09-15,6,1,0,13235,40
iiab/iiab,2025-09-22,12,2,0,13247,40
iiab/iiab,2025-09-29,34,3,1,13281,41
iiab/iiab,2025-10-06,16,2,0,13297,41
iiab/iiab,2025-10-13,4,1,1,13301,42
iiab/iiab,2025-10-20,42,4,0,13343,42
iiab/iiab,2025-10-27,35,4,0,13378,42
iiab/iiab,2025-11-03,23,3,0,13401,42
iiab/iiab,2025-11-10,58,4,0,13459,42
iiab/iiab,2025-11-17,27,4,0,13486,42
iiab/iiab,2025-11-24,44,3,0,13530,42
iiab/iiab,2025-12-01,23,2,0,13553,42
iiab/iiab,2025-12-08,64,3,0,13617,42
iiab/iiab,2025-12-15,74,4,0,13691,42
iiab/iiab,2025-12-22,27,3,0,13718,42
iiab/iiab,2025-12-29,54,4,0,13772,42
iiab/iiab,2026-01-05,56,4,0,13828,42
iiab/iiab,2026-01-12,105,4,0,13933,42
iiab/iiab,2026-01-19,43,5,0,13976,42
iiab/iiab,2026-01-26,17,3,0,13993,42
iiab/iiab,2026-02-02,26,5,0,14019,42
iiab/iiab,2026-02-09,84,4,0,14103,42
iiab/iiab,2026-02-16,12,4,0,14115,42
iiab/iiab,2026-02-23,71,5,0,14186,42
iiab/iiab,2026-03-02,51,6,0,14237,42
iiab/iiab,2026-03-09,97,6,0,14334,42
iiab/iiab,2026-03-16,57,5,0,14391,42
iiab/iiab,2026-03-23,38,3,0,14429,42
iiab/iiab,2026-03-30,7,2,0,14436,42
iiab/iiab,2026-04-06,56,4,0,14492,42
iiab/iiab,2026-04-13,95,5,0,14587,42
iiab/iiab,2026-04-20,16,4,0,14603,42
iiab/iiab,2026-04-27,15,3,0,14618,42
iiab/iiab,2026-05-04,27,4,0,14645,42
iiab/iiab,2026-05-11,18,3,0,14663,42
iiab/iiab,2026-05-18,31,2,0,14694,42
iiab/iiab,2026-05-25,26,2,0,14720,42
iiab/iiab,2026-06-01,9,2,0,14729,42
meshtastic/Meshtastic-Android,2020-01-20,52,1,1,52,1
meshtastic/Meshtastic-Android,2020-01-27,9,1,0,61,1
meshtastic/Meshtastic-Android,2020-02-03,23,1,0,84,1
meshtastic/Meshtastic-Android,2020-02-10,32,1,0,116,1
meshtastic/Meshtastic-Android,2020-02-17,34,1,0,150,1
meshtastic/Meshtastic-Android,2020-02-24,37,1,0,187,1
meshtastic/Meshtastic-Android,2020-03-02,46,1,0,233,1
meshtastic/Meshtastic-Android,2020-03-09,17,1,0,250,1
meshtastic/Meshtastic-Android,2020-03-16,4,1,0,254,1
meshtastic/Meshtastic-Android,2020-03-23,4,1,0,258,1
meshtastic/Meshtastic-Android,2020-03-30,37,1,0,295,1
meshtastic/Meshtastic-Android,2020-04-06,68,1,0,363,1
meshtastic/Meshtastic-Android,2020-04-13,30,1,0,393,1
meshtastic/Meshtastic-Android,2020-04-20,63,1,0,456,1
meshtastic/Meshtastic-Android,2020-04-27,7,1,0,463,1
meshtastic/Meshtastic-Android,2020-05-04,7,1,0,470,1
meshtastic/Meshtastic-Android,2020-05-11,15,1,0,485,1
meshtastic/Meshtastic-Android,2020-05-18,21,2,1,506,2
meshtastic/Meshtastic-Android,2020-05-25,13,1,0,519,2
meshtastic/Meshtastic-Android,2020-06-01,17,1,0,536,2
meshtastic/Meshtastic-Android,2020-06-08,86,2,1,622,3
meshtastic/Meshtastic-Android,2020-06-15,34,3,1,656,4
meshtastic/Meshtastic-Android,2020-06-22,23,3,2,679,6
meshtastic/Meshtastic-Android,2020-06-29,51,2,0,730,6
meshtastic/Meshtastic-Android,2020-07-06,17,1,0,747,6
meshtastic/Meshtastic-Android,2020-07-13,32,3,1,779,7
meshtastic/Meshtastic-Android,2020-07-20,25,3,1,804,8
meshtastic/Meshtastic-Android,2020-07-27,3,1,0,807,8
meshtastic/Meshtastic-Android,2020-08-10,19,3,1,826,9
meshtastic/Meshtastic-Android,2020-08-17,8,2,1,834,10
meshtastic/Meshtastic-Android,2020-08-24,18,1,0,852,10
meshtastic/Meshtastic-Android,2020-08-31,4,1,0,856,10
meshtastic/Meshtastic-Android,2020-09-07,9,1,0,865,10
meshtastic/Meshtastic-Android,2020-09-14,20,4,3,885,13
meshtastic/Meshtastic-Android,2020-09-21,30,5,2,915,15
meshtastic/Meshtastic-Android,2020-09-28,10,3,0,925,15
meshtastic/Meshtastic-Android,2020-10-05,3,1,0,928,15
meshtastic/Meshtastic-Android,2020-10-12,6,2,0,934,15
meshtastic/Meshtastic-Android,2020-10-19,7,1,0,941,15
meshtastic/Meshtastic-Android,2020-10-26,4,1,0,945,15
meshtastic/Meshtastic-Android,2020-11-09,2,1,0,947,15
meshtastic/Meshtastic-Android,2020-11-16,5,1,0,952,15
meshtastic/Meshtastic-Android,2020-11-23,1,1,0,953,15
meshtastic/Meshtastic-Android,2020-12-07,6,1,0,959,15
meshtastic/Meshtastic-Android,2020-12-14,5,1,0,964,15
meshtastic/Meshtastic-Android,2020-12-28,2,1,0,966,15
meshtastic/Meshtastic-Android,2021-01-04,16,1,0,982,15
meshtastic/Meshtastic-Android,2021-01-11,2,1,0,984,15
meshtastic/Meshtastic-Android,2021-01-25,14,2,1,998,16
meshtastic/Meshtastic-Android,2021-02-01,47,2,0,1045,16
meshtastic/Meshtastic-Android,2021-02-08,38,2,0,1083,16
meshtastic/Meshtastic-Android,2021-02-15,21,2,1,1104,17
meshtastic/Meshtastic-Android,2021-02-22,10,3,0,1114,17
meshtastic/Meshtastic-Android,2021-03-01,27,1,0,1141,17
meshtastic/Meshtastic-Android,2021-03-08,6,1,0,1147,17
meshtastic/Meshtastic-Android,2021-03-15,31,3,1,1178,18
meshtastic/Meshtastic-Android,2021-03-22,44,4,1,1222,19
meshtastic/Meshtastic-Android,2021-03-29,20,1,0,1242,19
meshtastic/Meshtastic-Android,2021-04-05,7,2,1,1249,20
meshtastic/Meshtastic-Android,2021-04-12,12,2,0,1261,20
meshtastic/Meshtastic-Android,2021-05-03,7,1,0,1268,20
meshtastic/Meshtastic-Android,2021-05-10,3,1,0,1271,20
meshtastic/Meshtastic-Android,2021-05-24,3,1,0,1274,20
meshtastic/Meshtastic-Android,2021-06-07,5,1,0,1279,20
meshtastic/Meshtastic-Android,2021-06-14,1,1,0,1280,20
meshtastic/Meshtastic-Android,2021-06-21,4,1,0,1284,20
meshtastic/Meshtastic-Android,2021-06-28,1,1,0,1285,20
meshtastic/Meshtastic-Android,2021-07-05,6,2,1,1291,21
meshtastic/Meshtastic-Android,2021-07-19,2,2,2,1293,23
meshtastic/Meshtastic-Android,2021-07-26,12,2,1,1305,24
meshtastic/Meshtastic-Android,2021-08-23,2,1,0,1307,24
meshtastic/Meshtastic-Android,2021-08-30,6,2,0,1313,24
meshtastic/Meshtastic-Android,2021-09-06,2,2,1,1315,25
meshtastic/Meshtastic-Android,2021-11-15,19,2,0,1334,25
meshtastic/Meshtastic-Android,2021-11-22,10,2,1,1344,26
meshtastic/Meshtastic-Android,2021-11-29,2,1,0,1346,26
meshtastic/Meshtastic-Android,2021-12-06,23,2,0,1369,26
meshtastic/Meshtastic-Android,2021-12-13,12,2,0,1381,26
meshtastic/Meshtastic-Android,2021-12-20,8,2,0,1389,26
meshtastic/Meshtastic-Android,2021-12-27,10,2,0,1399,26
meshtastic/Meshtastic-Android,2022-01-03,18,3,0,1417,26
meshtastic/Meshtastic-Android,2022-01-10,11,2,0,1428,26
meshtastic/Meshtastic-Android,2022-01-17,11,3,1,1439,27
meshtastic/Meshtastic-Android,2022-01-24,36,3,1,1475,28
meshtastic/Meshtastic-Android,2022-01-31,39,3,1,1514,29
meshtastic/Meshtastic-Android,2022-02-07,26,3,0,1540,29
meshtastic/Meshtastic-Android,2022-02-14,47,3,0,1587,29
meshtastic/Meshtastic-Android,2022-02-21,33,4,0,1620,29
meshtastic/Meshtastic-Android,2022-02-28,19,3,0,1639,29
meshtastic/Meshtastic-Android,2022-03-07,25,2,0,1664,29
meshtastic/Meshtastic-Android,2022-03-14,6,2,0,1670,29
meshtastic/Meshtastic-Android,2022-03-21,12,2,0,1682,29
meshtastic/Meshtastic-Android,2022-03-28,19,3,1,1701,30
meshtastic/Meshtastic-Android,2022-04-04,20,4,0,1721,30
meshtastic/Meshtastic-Android,2022-04-11,4,2,0,1725,30
meshtastic/Meshtastic-Android,2022-04-18,30,4,0,1755,30
meshtastic/Meshtastic-Android,2022-04-25,8,2,0,1763,30
meshtastic/Meshtastic-Android,2022-05-02,9,3,0,1772,30
meshtastic/Meshtastic-Android,2022-05-16,13,3,0,1785,30
meshtastic/Meshtastic-Android,2022-05-23,5,1,0,1790,30
meshtastic/Meshtastic-Android,2022-05-30,4,1,0,1794,30
meshtastic/Meshtastic-Android,2022-06-06,20,1,0,1814,30
meshtastic/Meshtastic-Android,2022-06-13,15,2,0,1829,30
meshtastic/Meshtastic-Android,2022-06-20,10,1,0,1839,30
meshtastic/Meshtastic-Android,2022-06-27,3,1,0,1842,30
meshtastic/Meshtastic-Android,2022-07-04,2,2,1,1844,31
meshtastic/Meshtastic-Android,2022-07-11,6,1,0,1850,31
meshtastic/Meshtastic-Android,2022-07-18,2,2,0,1852,31
meshtastic/Meshtastic-Android,2022-07-25,13,2,0,1865,31
meshtastic/Meshtastic-Android,2022-08-01,6,1,0,1871,31
meshtastic/Meshtastic-Android,2022-08-08,11,3,2,1882,33
meshtastic/Meshtastic-Android,2022-08-15,17,3,0,1899,33
meshtastic/Meshtastic-Android,2022-08-22,42,4,0,1941,33
meshtastic/Meshtastic-Android,2022-08-29,18,3,0,1959,33
meshtastic/Meshtastic-Android,2022-09-05,20,1,0,1979,33
meshtastic/Meshtastic-Android,2022-09-12,23,1,0,2002,33
meshtastic/Meshtastic-Android,2022-09-19,10,2,0,2012,33
meshtastic/Meshtastic-Android,2022-09-26,12,2,0,2024,33
meshtastic/Meshtastic-Android,2022-10-03,30,2,0,2054,33
meshtastic/Meshtastic-Android,2022-10-10,33,2,0,2087,33
meshtastic/Meshtastic-Android,2022-10-17,13,2,0,2100,33
meshtastic/Meshtastic-Android,2022-10-24,12,2,0,2112,33
meshtastic/Meshtastic-Android,2022-10-31,16,1,0,2128,33
meshtastic/Meshtastic-Android,2022-11-07,6,1,0,2134,33
meshtastic/Meshtastic-Android,2022-11-14,6,1,0,2140,33
meshtastic/Meshtastic-Android,2022-11-21,3,1,0,2143,33
meshtastic/Meshtastic-Android,2022-11-28,10,3,2,2153,35
meshtastic/Meshtastic-Android,2022-12-05,6,1,0,2159,35
meshtastic/Meshtastic-Android,2022-12-12,8,2,1,2167,36
meshtastic/Meshtastic-Android,2022-12-19,6,1,0,2173,36
meshtastic/Meshtastic-Android,2022-12-26,7,1,0,2180,36
meshtastic/Meshtastic-Android,2023-01-02,17,1,0,2197,36
meshtastic/Meshtastic-Android,2023-01-09,14,2,0,2211,36
meshtastic/Meshtastic-Android,2023-01-16,10,1,0,2221,36
meshtastic/Meshtastic-Android,2023-01-23,17,1,0,2238,36
meshtastic/Meshtastic-Android,2023-01-30,19,1,0,2257,36
meshtastic/Meshtastic-Android,2023-02-06,7,1,0,2264,36
meshtastic/Meshtastic-Android,2023-02-13,21,1,0,2285,36
meshtastic/Meshtastic-Android,2023-02-20,15,1,0,2300,36
meshtastic/Meshtastic-Android,2023-02-27,10,1,0,2310,36
meshtastic/Meshtastic-Android,2023-03-06,7,2,1,2317,37
meshtastic/Meshtastic-Android,2023-03-13,7,1,0,2324,37
meshtastic/Meshtastic-Android,2023-03-20,15,1,0,2339,37
meshtastic/Meshtastic-Android,2023-03-27,25,1,0,2364,37
meshtastic/Meshtastic-Android,2023-04-03,21,2,1,2385,38
meshtastic/Meshtastic-Android,2023-04-10,21,1,0,2406,38
meshtastic/Meshtastic-Android,2023-04-17,5,1,0,2411,38
meshtastic/Meshtastic-Android,2023-04-24,10,1,0,2421,38
meshtastic/Meshtastic-Android,2023-05-01,9,1,0,2430,38
meshtastic/Meshtastic-Android,2023-05-08,21,1,0,2451,38
meshtastic/Meshtastic-Android,2023-05-15,13,1,0,2464,38
meshtastic/Meshtastic-Android,2023-05-22,15,1,0,2479,38
meshtastic/Meshtastic-Android,2023-05-29,17,2,1,2496,39
meshtastic/Meshtastic-Android,2023-06-12,7,2,1,2503,40
meshtastic/Meshtastic-Android,2023-06-19,7,1,0,2510,40
meshtastic/Meshtastic-Android,2023-06-26,9,1,0,2519,40
meshtastic/Meshtastic-Android,2023-07-03,21,2,1,2540,41
meshtastic/Meshtastic-Android,2023-07-10,4,2,0,2544,41
meshtastic/Meshtastic-Android,2023-07-17,13,2,0,2557,41
meshtastic/Meshtastic-Android,2023-07-24,14,2,0,2571,41
meshtastic/Meshtastic-Android,2023-07-31,15,1,0,2586,41
meshtastic/Meshtastic-Android,2023-08-07,9,2,1,2595,42
meshtastic/Meshtastic-Android,2023-08-14,7,1,0,2602,42
meshtastic/Meshtastic-Android,2023-08-21,15,2,0,2617,42
meshtastic/Meshtastic-Android,2023-08-28,3,2,1,2620,43
meshtastic/Meshtastic-Android,2023-09-04,28,2,0,2648,43
meshtastic/Meshtastic-Android,2023-09-11,17,2,0,2665,43
meshtastic/Meshtastic-Android,2023-09-18,7,2,0,2672,43
meshtastic/Meshtastic-Android,2023-09-25,23,2,0,2695,43
meshtastic/Meshtastic-Android,2023-10-02,18,2,0,2713,43
meshtastic/Meshtastic-Android,2023-10-09,11,1,0,2724,43
meshtastic/Meshtastic-Android,2023-10-16,14,2,0,2738,43
meshtastic/Meshtastic-Android,2023-10-23,2,2,0,2740,43
meshtastic/Meshtastic-Android,2023-10-30,5,1,0,2745,43
meshtastic/Meshtastic-Android,2023-11-06,7,2,0,2752,43
meshtastic/Meshtastic-Android,2023-11-13,9,3,1,2761,44
meshtastic/Meshtastic-Android,2023-11-20,2,1,0,2763,44
meshtastic/Meshtastic-Android,2023-11-27,10,3,1,2773,45
meshtastic/Meshtastic-Android,2023-12-04,5,2,0,2778,45
meshtastic/Meshtastic-Android,2023-12-11,13,2,0,2791,45
meshtastic/Meshtastic-Android,2023-12-25,10,2,0,2801,45
meshtastic/Meshtastic-Android,2024-01-01,3,1,0,2804,45
meshtastic/Meshtastic-Android,2024-01-08,21,3,1,2825,46
meshtastic/Meshtastic-Android,2024-01-15,10,2,0,2835,46
meshtastic/Meshtastic-Android,2024-01-22,4,2,0,2839,46
meshtastic/Meshtastic-Android,2024-01-29,11,3,0,2850,46
meshtastic/Meshtastic-Android,2024-02-05,14,3,1,2864,47
meshtastic/Meshtastic-Android,2024-02-12,17,4,0,2881,47
meshtastic/Meshtastic-Android,2024-02-19,11,3,0,2892,47
meshtastic/Meshtastic-Android,2024-02-26,18,3,0,2910,47
meshtastic/Meshtastic-Android,2024-03-04,14,3,0,2924,47
meshtastic/Meshtastic-Android,2024-03-11,7,2,1,2931,48
meshtastic/Meshtastic-Android,2024-03-18,9,1,0,2940,48
meshtastic/Meshtastic-Android,2024-03-25,19,4,1,2959,49
meshtastic/Meshtastic-Android,2024-04-01,24,3,0,2983,49
meshtastic/Meshtastic-Android,2024-04-08,5,2,0,2988,49
meshtastic/Meshtastic-Android,2024-04-15,20,4,1,3008,50
meshtastic/Meshtastic-Android,2024-04-22,1,1,0,3009,50
meshtastic/Meshtastic-Android,2024-04-29,22,2,0,3031,50
meshtastic/Meshtastic-Android,2024-05-06,7,1,0,3038,50
meshtastic/Meshtastic-Android,2024-05-13,24,2,0,3062,50
meshtastic/Meshtastic-Android,2024-05-27,8,2,0,3070,50
meshtastic/Meshtastic-Android,2024-06-03,9,1,0,3079,50
meshtastic/Meshtastic-Android,2024-06-10,25,3,1,3104,51
meshtastic/Meshtastic-Android,2024-06-17,3,1,0,3107,51
meshtastic/Meshtastic-Android,2024-06-24,20,2,0,3127,51
meshtastic/Meshtastic-Android,2024-07-01,14,4,2,3141,53
meshtastic/Meshtastic-Android,2024-07-08,19,3,0,3160,53
meshtastic/Meshtastic-Android,2024-07-15,3,1,0,3163,53
meshtastic/Meshtastic-Android,2024-07-22,17,4,0,3180,53
meshtastic/Meshtastic-Android,2024-07-29,18,3,0,3198,53
meshtastic/Meshtastic-Android,2024-08-05,10,3,0,3208,53
meshtastic/Meshtastic-Android,2024-08-12,10,3,1,3218,54
meshtastic/Meshtastic-Android,2024-08-19,18,2,0,3236,54
meshtastic/Meshtastic-Android,2024-08-26,15,3,0,3251,54
meshtastic/Meshtastic-Android,2024-09-02,20,3,0,3271,54
meshtastic/Meshtastic-Android,2024-09-09,33,3,0,3304,54
meshtastic/Meshtastic-Android,2024-09-16,38,5,1,3342,55
meshtastic/Meshtastic-Android,2024-09-23,18,3,0,3360,55
meshtastic/Meshtastic-Android,2024-09-30,33,4,1,3393,56
meshtastic/Meshtastic-Android,2024-10-07,21,5,1,3414,57
meshtastic/Meshtastic-Android,2024-10-14,27,3,0,3441,57
meshtastic/Meshtastic-Android,2024-10-21,25,5,1,3466,58
meshtastic/Meshtastic-Android,2024-10-28,24,3,1,3490,59
meshtastic/Meshtastic-Android,2024-11-04,22,3,0,3512,59
meshtastic/Meshtastic-Android,2024-11-11,20,3,1,3532,60
meshtastic/Meshtastic-Android,2024-11-18,19,4,0,3551,60
meshtastic/Meshtastic-Android,2024-11-25,20,5,3,3571,63
meshtastic/Meshtastic-Android,2024-12-02,18,3,0,3589,63
meshtastic/Meshtastic-Android,2024-12-09,19,5,0,3608,63
meshtastic/Meshtastic-Android,2024-12-16,16,3,1,3624,64
meshtastic/Meshtastic-Android,2024-12-23,3,2,0,3627,64
meshtastic/Meshtastic-Android,2024-12-30,14,3,0,3641,64
meshtastic/Meshtastic-Android,2025-01-06,8,1,0,3649,64
meshtastic/Meshtastic-Android,2025-02-10,43,5,2,3692,66
meshtastic/Meshtastic-Android,2025-02-17,7,3,0,3699,66
meshtastic/Meshtastic-Android,2025-02-24,14,4,0,3713,66
meshtastic/Meshtastic-Android,2025-03-03,13,4,0,3726,66
meshtastic/Meshtastic-Android,2025-03-10,7,3,0,3733,66
meshtastic/Meshtastic-Android,2025-03-17,14,7,3,3747,69
meshtastic/Meshtastic-Android,2025-03-24,19,4,0,3766,69
meshtastic/Meshtastic-Android,2025-03-31,4,2,0,3770,69
meshtastic/Meshtastic-Android,2025-04-14,9,1,0,3779,69
meshtastic/Meshtastic-Android,2025-04-21,13,3,0,3792,69
meshtastic/Meshtastic-Android,2025-04-28,28,5,2,3820,71
meshtastic/Meshtastic-Android,2025-05-05,13,4,0,3833,71
meshtastic/Meshtastic-Android,2025-05-12,22,3,0,3855,71
meshtastic/Meshtastic-Android,2025-05-19,55,6,1,3910,72
meshtastic/Meshtastic-Android,2025-05-26,64,5,1,3974,73
meshtastic/Meshtastic-Android,2025-06-02,44,6,1,4018,74
meshtastic/Meshtastic-Android,2025-06-09,38,7,2,4056,76
meshtastic/Meshtastic-Android,2025-06-16,82,8,0,4138,76
meshtastic/Meshtastic-Android,2025-06-23,51,7,0,4189,76
meshtastic/Meshtastic-Android,2025-06-30,36,7,0,4225,76
meshtastic/Meshtastic-Android,2025-07-07,48,5,1,4273,77
meshtastic/Meshtastic-Android,2025-07-14,27,3,0,4300,77
meshtastic/Meshtastic-Android,2025-07-21,53,5,1,4353,78
meshtastic/Meshtastic-Android,2025-07-28,60,6,2,4413,80
meshtastic/Meshtastic-Android,2025-08-04,33,5,0,4446,80
meshtastic/Meshtastic-Android,2025-08-11,54,6,3,4500,83
meshtastic/Meshtastic-Android,2025-08-18,49,3,0,4549,83
meshtastic/Meshtastic-Android,2025-08-25,70,5,0,4619,83
meshtastic/Meshtastic-Android,2025-09-01,63,7,1,4682,84
meshtastic/Meshtastic-Android,2025-09-08,69,4,0,4751,84
meshtastic/Meshtastic-Android,2025-09-15,49,4,0,4800,84
meshtastic/Meshtastic-Android,2025-09-22,64,5,0,4864,84
meshtastic/Meshtastic-Android,2025-09-29,100,5,0,4964,84
meshtastic/Meshtastic-Android,2025-10-06,71,5,1,5035,85
meshtastic/Meshtastic-Android,2025-10-13,41,5,1,5076,86
meshtastic/Meshtastic-Android,2025-10-20,18,4,1,5094,87
meshtastic/Meshtastic-Android,2025-10-27,33,6,2,5127,89
meshtastic/Meshtastic-Android,2025-11-03,34,4,1,5161,90
meshtastic/Meshtastic-Android,2025-11-10,43,6,0,5204,90
meshtastic/Meshtastic-Android,2025-11-17,50,5,0,5254,90
meshtastic/Meshtastic-Android,2025-11-24,53,5,0,5307,90
meshtastic/Meshtastic-Android,2025-12-01,34,4,0,5341,90
meshtastic/Meshtastic-Android,2025-12-08,63,5,2,5404,92
meshtastic/Meshtastic-Android,2025-12-15,42,10,3,5446,95
meshtastic/Meshtastic-Android,2025-12-22,30,5,1,5476,96
meshtastic/Meshtastic-Android,2025-12-29,30,5,2,5506,98
meshtastic/Meshtastic-Android,2026-01-05,39,3,0,5545,98
meshtastic/Meshtastic-Android,2026-01-12,56,4,1,5601,99
meshtastic/Meshtastic-Android,2026-01-19,46,4,0,5647,99
meshtastic/Meshtastic-Android,2026-01-26,71,4,2,5718,101
meshtastic/Meshtastic-Android,2026-02-02,92,5,1,5810,102
meshtastic/Meshtastic-Android,2026-02-09,46,3,0,5856,102
meshtastic/Meshtastic-Android,2026-02-16,43,4,1,5899,103
meshtastic/Meshtastic-Android,2026-02-23,38,6,2,5937,105
meshtastic/Meshtastic-Android,2026-03-02,57,3,0,5994,105
meshtastic/Meshtastic-Android,2026-03-09,56,2,0,6050,105
meshtastic/Meshtastic-Android,2026-03-16,67,5,3,6117,108
meshtastic/Meshtastic-Android,2026-03-23,53,2,0,6170,108
meshtastic/Meshtastic-Android,2026-03-30,32,3,1,6202,109
meshtastic/Meshtastic-Android,2026-04-06,90,3,0,6292,109
meshtastic/Meshtastic-Android,2026-04-13,76,2,0,6368,109
meshtastic/Meshtastic-Android,2026-04-20,52,5,2,6420,111
meshtastic/Meshtastic-Android,2026-04-27,73,6,3,6493,114
meshtastic/Meshtastic-Android,2026-05-04,40,4,0,6533,114
meshtastic/Meshtastic-Android,2026-05-11,62,6,1,6595,115
meshtastic/Meshtastic-Android,2026-05-18,110,3,0,6705,115
meshtastic/Meshtastic-Android,2026-05-25,94,6,0,6799,115
meshtastic/Meshtastic-Android,2026-06-01,39,3,0,6838,115
meshtastic/firmware,2020-01-27,20,1,1,20,1
meshtastic/firmware,2020-02-03,58,1,0,78,1
meshtastic/firmware,2020-02-10,50,2,1,128,2
meshtastic/firmware,2020-02-17,67,1,0,195,2
meshtastic/firmware,2020-02-24,31,3,2,226,4
meshtastic/firmware,2020-03-02,33,1,0,259,4
meshtastic/firmware,2020-03-09,38,4,1,297,5
meshtastic/firmware,2020-03-16,47,2,0,344,5
meshtastic/firmware,2020-03-23,47,2,0,391,5
meshtastic/firmware,2020-03-30,21,1,0,412,5
meshtastic/firmware,2020-04-06,20,4,3,432,8
meshtastic/firmware,2020-04-13,51,1,0,483,8
meshtastic/firmware,2020-04-20,43,1,0,526,8
meshtastic/firmware,2020-04-27,80,1,0,606,8
meshtastic/firmware,2020-05-04,28,3,1,634,9
meshtastic/firmware,2020-05-11,19,3,0,653,9
meshtastic/firmware,2020-05-18,48,4,1,701,10
meshtastic/firmware,2020-05-25,22,1,0,723,10
meshtastic/firmware,2020-06-01,30,1,0,753,10
meshtastic/firmware,2020-06-08,56,5,3,809,13
meshtastic/firmware,2020-06-15,64,4,2,873,15
meshtastic/firmware,2020-06-22,83,6,3,956,18
meshtastic/firmware,2020-06-29,37,6,2,993,20
meshtastic/firmware,2020-07-06,49,3,0,1042,20
meshtastic/firmware,2020-07-13,59,5,1,1101,21
meshtastic/firmware,2020-07-20,33,2,1,1134,22
meshtastic/firmware,2020-07-27,7,3,1,1141,23
meshtastic/firmware,2020-08-03,5,2,0,1146,23
meshtastic/firmware,2020-08-10,30,1,0,1176,23
meshtastic/firmware,2020-08-17,25,1,0,1201,23
meshtastic/firmware,2020-08-24,34,1,0,1235,23
meshtastic/firmware,2020-08-31,22,4,2,1257,25
meshtastic/firmware,2020-09-07,36,3,1,1293,26
meshtastic/firmware,2020-09-14,66,3,1,1359,27
meshtastic/firmware,2020-09-21,60,5,2,1419,29
meshtastic/firmware,2020-09-28,33,4,1,1452,30
meshtastic/firmware,2020-10-05,63,3,0,1515,30
meshtastic/firmware,2020-10-12,75,2,0,1590,30
meshtastic/firmware,2020-10-19,33,2,0,1623,30
meshtastic/firmware,2020-10-26,20,2,0,1643,30
meshtastic/firmware,2020-11-02,10,2,0,1653,30
meshtastic/firmware,2020-11-09,20,3,1,1673,31
meshtastic/firmware,2020-11-16,10,2,0,1683,31
meshtastic/firmware,2020-11-23,22,2,0,1705,31
meshtastic/firmware,2020-11-30,9,2,1,1714,32
meshtastic/firmware,2020-12-07,60,3,0,1774,32
meshtastic/firmware,2020-12-14,19,3,0,1793,32
meshtastic/firmware,2020-12-21,79,4,1,1872,33
meshtastic/firmware,2020-12-28,67,5,2,1939,35
meshtastic/firmware,2021-01-04,51,4,1,1990,36
meshtastic/firmware,2021-01-11,57,3,0,2047,36
meshtastic/firmware,2021-01-18,23,3,1,2070,37
meshtastic/firmware,2021-01-25,42,3,0,2112,37
meshtastic/firmware,2021-02-01,32,2,0,2144,37
meshtastic/firmware,2021-02-08,47,3,0,2191,37
meshtastic/firmware,2021-02-15,59,4,1,2250,38
meshtastic/firmware,2021-02-22,57,5,2,2307,40
meshtastic/firmware,2021-03-01,55,3,0,2362,40
meshtastic/firmware,2021-03-08,56,3,0,2418,40
meshtastic/firmware,2021-03-15,60,3,1,2478,41
meshtastic/firmware,2021-03-22,70,6,2,2548,43
meshtastic/firmware,2021-03-29,37,2,0,2585,43
meshtastic/firmware,2021-04-05,37,3,0,2622,43
meshtastic/firmware,2021-04-12,48,3,0,2670,43
meshtastic/firmware,2021-04-19,6,1,0,2676,43
meshtastic/firmware,2021-04-26,13,3,1,2689,44
meshtastic/firmware,2021-05-03,17,1,0,2706,44
meshtastic/firmware,2021-05-10,3,1,0,2709,44
meshtastic/firmware,2021-05-17,12,2,1,2721,45
meshtastic/firmware,2021-05-24,31,3,0,2752,45
meshtastic/firmware,2021-06-21,5,1,0,2757,45
meshtastic/firmware,2021-06-28,5,2,1,2762,46
meshtastic/firmware,2021-07-05,2,1,0,2764,46
meshtastic/firmware,2021-07-19,10,3,1,2774,47
meshtastic/firmware,2021-07-26,10,3,1,2784,48
meshtastic/firmware,2021-08-02,9,1,0,2793,48
meshtastic/firmware,2021-08-09,12,2,0,2805,48
meshtastic/firmware,2021-08-16,11,1,0,2816,48
meshtastic/firmware,2021-08-30,24,4,3,2840,51
meshtastic/firmware,2021-09-06,16,3,0,2856,51
meshtastic/firmware,2021-09-13,15,4,1,2871,52
meshtastic/firmware,2021-09-20,2,1,0,2873,52
meshtastic/firmware,2021-09-27,3,1,0,2876,52
meshtastic/firmware,2021-10-04,17,4,0,2893,52
meshtastic/firmware,2021-10-11,26,5,2,2919,54
meshtastic/firmware,2021-10-18,13,5,2,2932,56
meshtastic/firmware,2021-10-25,29,4,0,2961,56
meshtastic/firmware,2021-11-01,9,5,2,2970,58
meshtastic/firmware,2021-11-08,4,2,0,2974,58
meshtastic/firmware,2021-11-15,9,2,0,2983,58
meshtastic/firmware,2021-11-22,35,6,2,3018,60
meshtastic/firmware,2021-11-29,64,5,0,3082,60
meshtastic/firmware,2021-12-06,62,5,1,3144,61
meshtastic/firmware,2021-12-13,32,5,1,3176,62
meshtastic/firmware,2021-12-20,21,2,0,3197,62
meshtastic/firmware,2021-12-27,75,8,5,3272,67
meshtastic/firmware,2022-01-03,45,4,2,3317,69
meshtastic/firmware,2022-01-10,74,5,3,3391,72
meshtastic/firmware,2022-01-17,53,7,1,3444,73
meshtastic/firmware,2022-01-24,76,8,1,3520,74
meshtastic/firmware,2022-01-31,9,4,2,3529,76
meshtastic/firmware,2022-02-07,14,6,2,3543,78
meshtastic/firmware,2022-02-14,65,6,0,3608,78
meshtastic/firmware,2022-02-21,70,7,1,3678,79
meshtastic/firmware,2022-02-28,44,5,1,3722,80
meshtastic/firmware,2022-03-07,21,3,1,3743,81
meshtastic/firmware,2022-03-14,36,6,1,3779,82
meshtastic/firmware,2022-03-21,39,4,1,3818,83
meshtastic/firmware,2022-03-28,42,6,2,3860,85
meshtastic/firmware,2022-04-04,21,8,1,3881,86
meshtastic/firmware,2022-04-11,38,4,0,3919,86
meshtastic/firmware,2022-04-18,36,7,2,3955,88
meshtastic/firmware,2022-04-25,53,8,2,4008,90
meshtastic/firmware,2022-05-02,32,6,1,4040,91
meshtastic/firmware,2022-05-09,20,2,0,4060,91
meshtastic/firmware,2022-05-16,43,6,1,4103,92
meshtastic/firmware,2022-05-23,22,3,0,4125,92
meshtastic/firmware,2022-05-30,45,4,0,4170,92
meshtastic/firmware,2022-06-06,35,4,1,4205,93
meshtastic/firmware,2022-06-13,51,4,0,4256,93
meshtastic/firmware,2022-06-20,28,4,0,4284,93
meshtastic/firmware,2022-06-27,11,3,1,4295,94
meshtastic/firmware,2022-07-04,10,3,0,4305,94
meshtastic/firmware,2022-07-11,13,4,1,4318,95
meshtastic/firmware,2022-07-18,6,2,0,4324,95
meshtastic/firmware,2022-07-25,12,5,1,4336,96
meshtastic/firmware,2022-08-01,46,8,1,4382,97
meshtastic/firmware,2022-08-08,70,6,0,4452,97
meshtastic/firmware,2022-08-15,10,3,0,4462,97
meshtastic/firmware,2022-08-22,11,4,1,4473,98
meshtastic/firmware,2022-08-29,16,5,1,4489,99
meshtastic/firmware,2022-09-05,40,5,0,4529,99
meshtastic/firmware,2022-09-12,36,4,0,4565,99
meshtastic/firmware,2022-09-19,53,4,1,4618,100
meshtastic/firmware,2022-09-26,62,7,1,4680,101
meshtastic/firmware,2022-10-03,96,7,0,4776,101
meshtastic/firmware,2022-10-10,62,4,0,4838,101
meshtastic/firmware,2022-10-17,73,4,1,4911,102
meshtastic/firmware,2022-10-24,41,5,2,4952,104
meshtastic/firmware,2022-10-31,114,8,2,5066,106
meshtastic/firmware,2022-11-07,79,5,0,5145,106
meshtastic/firmware,2022-11-14,78,4,0,5223,106
meshtastic/firmware,2022-11-21,104,8,1,5327,107
meshtastic/firmware,2022-11-28,27,4,1,5354,108
meshtastic/firmware,2022-12-05,33,5,0,5387,108
meshtastic/firmware,2022-12-12,42,6,1,5429,109
meshtastic/firmware,2022-12-19,74,4,0,5503,109
meshtastic/firmware,2022-12-26,70,5,1,5573,110
meshtastic/firmware,2023-01-02,54,6,2,5627,112
meshtastic/firmware,2023-01-09,49,4,0,5676,112
meshtastic/firmware,2023-01-16,105,9,3,5781,115
meshtastic/firmware,2023-01-23,89,6,1,5870,116
meshtastic/firmware,2023-01-30,85,3,0,5955,116
meshtastic/firmware,2023-02-06,52,3,0,6007,116
meshtastic/firmware,2023-02-13,24,4,0,6031,116
meshtastic/firmware,2023-02-20,46,6,0,6077,116
meshtastic/firmware,2023-02-27,16,7,2,6093,118
meshtastic/firmware,2023-03-06,40,6,0,6133,118
meshtastic/firmware,2023-03-13,9,6,1,6142,119
meshtastic/firmware,2023-03-20,16,5,0,6158,119
meshtastic/firmware,2023-03-27,34,9,2,6192,121
meshtastic/firmware,2023-04-03,20,5,0,6212,121
meshtastic/firmware,2023-04-10,23,4,0,6235,121
meshtastic/firmware,2023-04-17,12,3,0,6247,121
meshtastic/firmware,2023-04-24,1,1,0,6248,121
meshtastic/firmware,2023-05-01,24,6,0,6272,121
meshtastic/firmware,2023-05-08,27,6,0,6299,121
meshtastic/firmware,2023-05-15,17,4,0,6316,121
meshtastic/firmware,2023-05-22,31,6,0,6347,121
meshtastic/firmware,2023-05-29,21,6,0,6368,121
meshtastic/firmware,2023-06-05,12,5,1,6380,122
meshtastic/firmware,2023-06-12,3,2,0,6383,122
meshtastic/firmware,2023-06-19,7,3,0,6390,122
meshtastic/firmware,2023-06-26,15,6,1,6405,123
meshtastic/firmware,2023-07-03,10,6,2,6415,125
meshtastic/firmware,2023-07-10,8,5,2,6423,127
meshtastic/firmware,2023-07-17,18,8,1,6441,128
meshtastic/firmware,2023-07-24,42,10,1,6483,129
meshtastic/firmware,2023-07-31,40,8,0,6523,129
meshtastic/firmware,2023-08-07,39,7,1,6562,130
meshtastic/firmware,2023-08-14,18,6,0,6580,130
meshtastic/firmware,2023-08-21,23,4,0,6603,130
meshtastic/firmware,2023-08-28,17,4,0,6620,130
meshtastic/firmware,2023-09-04,26,8,0,6646,130
meshtastic/firmware,2023-09-11,7,4,0,6653,130
meshtastic/firmware,2023-09-18,16,9,0,6669,130
meshtastic/firmware,2023-09-25,17,8,2,6686,132
meshtastic/firmware,2023-10-02,15,8,1,6701,133
meshtastic/firmware,2023-10-09,18,10,2,6719,135
meshtastic/firmware,2023-10-16,2,2,0,6721,135
meshtastic/firmware,2023-10-23,3,3,0,6724,135
meshtastic/firmware,2023-10-30,9,6,1,6733,136
meshtastic/firmware,2023-11-06,8,5,0,6741,136
meshtastic/firmware,2023-11-13,33,6,1,6774,137
meshtastic/firmware,2023-11-20,11,5,0,6785,137
meshtastic/firmware,2023-11-27,34,7,0,6819,137
meshtastic/firmware,2023-12-04,18,6,1,6837,138
meshtastic/firmware,2023-12-11,32,5,0,6869,138
meshtastic/firmware,2023-12-18,3,2,0,6872,138
meshtastic/firmware,2023-12-25,15,7,2,6887,140
meshtastic/firmware,2024-01-01,9,6,1,6896,141
meshtastic/firmware,2024-01-08,15,6,1,6911,142
meshtastic/firmware,2024-01-15,14,8,1,6925,143
meshtastic/firmware,2024-01-22,8,5,0,6933,143
meshtastic/firmware,2024-01-29,15,8,1,6948,144
meshtastic/firmware,2024-02-05,25,12,4,6973,148
meshtastic/firmware,2024-02-12,16,9,1,6989,149
meshtastic/firmware,2024-02-19,33,11,1,7022,150
meshtastic/firmware,2024-02-26,27,7,0,7049,150
meshtastic/firmware,2024-03-04,55,10,1,7104,151
meshtastic/firmware,2024-03-11,60,13,3,7164,154
meshtastic/firmware,2024-03-18,37,9,1,7201,155
meshtastic/firmware,2024-03-25,13,7,1,7214,156
meshtastic/firmware,2024-04-01,28,10,3,7242,159
meshtastic/firmware,2024-04-08,33,10,1,7275,160
meshtastic/firmware,2024-04-15,81,15,1,7356,161
meshtastic/firmware,2024-04-22,40,18,8,7396,169
meshtastic/firmware,2024-04-29,44,10,1,7440,170
meshtastic/firmware,2024-05-06,47,13,3,7487,173
meshtastic/firmware,2024-05-13,79,13,1,7566,174
meshtastic/firmware,2024-05-20,34,9,2,7600,176
meshtastic/firmware,2024-05-27,21,10,3,7621,179
meshtastic/firmware,2024-06-03,51,10,2,7672,181
meshtastic/firmware,2024-06-10,56,17,4,7728,185
meshtastic/firmware,2024-06-17,52,11,2,7780,187
meshtastic/firmware,2024-06-24,23,8,1,7803,188
meshtastic/firmware,2024-07-01,19,9,1,7822,189
meshtastic/firmware,2024-07-08,35,11,1,7857,190
meshtastic/firmware,2024-07-15,8,6,0,7865,190
meshtastic/firmware,2024-07-22,35,10,2,7900,192
meshtastic/firmware,2024-07-29,35,11,4,7935,196
meshtastic/firmware,2024-08-05,44,12,1,7979,197
meshtastic/firmware,2024-08-12,84,14,4,8063,201
meshtastic/firmware,2024-08-19,59,15,2,8122,203
meshtastic/firmware,2024-08-26,82,18,4,8204,207
meshtastic/firmware,2024-09-02,57,13,5,8261,212
meshtastic/firmware,2024-09-09,54,14,2,8315,214
meshtastic/firmware,2024-09-16,96,17,7,8411,221
meshtastic/firmware,2024-09-23,161,17,1,8572,222
meshtastic/firmware,2024-09-30,57,14,2,8629,224
meshtastic/firmware,2024-10-07,47,13,0,8676,224
meshtastic/firmware,2024-10-14,31,14,4,8707,228
meshtastic/firmware,2024-10-21,20,11,4,8727,232
meshtastic/firmware,2024-10-28,46,15,3,8773,235
meshtastic/firmware,2024-11-04,36,11,3,8809,238
meshtastic/firmware,2024-11-11,43,11,2,8852,240
meshtastic/firmware,2024-11-18,29,14,2,8881,242
meshtastic/firmware,2024-11-25,23,10,4,8904,246
meshtastic/firmware,2024-12-02,20,11,3,8924,249
meshtastic/firmware,2024-12-09,25,12,1,8949,250
meshtastic/firmware,2024-12-16,29,12,3,8978,253
meshtastic/firmware,2024-12-23,35,13,2,9013,255
meshtastic/firmware,2024-12-30,41,9,2,9054,257
meshtastic/firmware,2025-01-06,46,15,2,9100,259
meshtastic/firmware,2025-01-13,29,11,2,9129,261
meshtastic/firmware,2025-01-20,22,10,1,9151,262
meshtastic/firmware,2025-01-27,7,6,1,9158,263
meshtastic/firmware,2025-02-03,17,12,4,9175,267
meshtastic/firmware,2025-02-10,19,11,2,9194,269
meshtastic/firmware,2025-02-17,21,13,5,9215,274
meshtastic/firmware,2025-02-24,24,10,2,9239,276
meshtastic/firmware,2025-03-03,35,16,4,9274,280
meshtastic/firmware,2025-03-10,22,11,1,9296,281
meshtastic/firmware,2025-03-17,25,12,3,9321,284
meshtastic/firmware,2025-03-24,40,12,2,9361,286
meshtastic/firmware,2025-03-31,33,16,4,9394,290
meshtastic/firmware,2025-04-07,39,16,3,9433,293
meshtastic/firmware,2025-04-14,37,14,3,9470,296
meshtastic/firmware,2025-04-21,7,6,0,9477,296
meshtastic/firmware,2025-04-28,24,11,2,9501,298
meshtastic/firmware,2025-05-05,26,7,0,9527,298
meshtastic/firmware,2025-05-12,30,11,2,9557,300
meshtastic/firmware,2025-05-19,25,11,2,9582,302
meshtastic/firmware,2025-05-26,19,11,3,9601,305
meshtastic/firmware,2025-06-02,21,10,2,9622,307
meshtastic/firmware,2025-06-09,44,16,4,9666,311
meshtastic/firmware,2025-06-16,41,19,8,9707,319
meshtastic/firmware,2025-06-23,26,11,1,9733,320
meshtastic/firmware,2025-06-30,47,18,3,9780,323
meshtastic/firmware,2025-07-07,53,17,3,9833,326
meshtastic/firmware,2025-07-14,33,10,0,9866,326
meshtastic/firmware,2025-07-21,37,12,3,9903,329
meshtastic/firmware,2025-07-28,16,10,3,9919,332
meshtastic/firmware,2025-08-04,17,9,2,9936,334
meshtastic/firmware,2025-08-11,27,11,2,9963,336
meshtastic/firmware,2025-08-18,50,13,3,10013,339
meshtastic/firmware,2025-08-25,41,10,1,10054,340
meshtastic/firmware,2025-09-01,83,22,4,10137,344
meshtastic/firmware,2025-09-08,107,13,3,10244,347
meshtastic/firmware,2025-09-15,116,17,2,10360,349
meshtastic/firmware,2025-09-22,93,16,2,10453,351
meshtastic/firmware,2025-09-29,80,14,1,10533,352
meshtastic/firmware,2025-10-06,66,13,2,10599,354
meshtastic/firmware,2025-10-13,59,19,5,10658,359
meshtastic/firmware,2025-10-20,22,10,1,10680,360
meshtastic/firmware,2025-10-27,25,16,6,10705,366
meshtastic/firmware,2025-11-03,41,17,3,10746,369
meshtastic/firmware,2025-11-10,15,9,0,10761,369
meshtastic/firmware,2025-11-17,50,15,4,10811,373
meshtastic/firmware,2025-11-24,37,11,0,10848,373
meshtastic/firmware,2025-12-01,26,14,4,10874,377
meshtastic/firmware,2025-12-08,53,16,2,10927,379
meshtastic/firmware,2025-12-15,42,11,1,10969,380
meshtastic/firmware,2025-12-22,36,10,0,11005,380
meshtastic/firmware,2025-12-29,39,14,3,11044,383
meshtastic/firmware,2026-01-05,48,15,5,11092,388
meshtastic/firmware,2026-01-12,62,20,3,11154,391
meshtastic/firmware,2026-01-19,35,15,4,11189,395
meshtastic/firmware,2026-01-26,64,18,5,11253,400
meshtastic/firmware,2026-02-02,32,13,3,11285,403
meshtastic/firmware,2026-02-09,53,16,1,11338,404
meshtastic/firmware,2026-02-16,35,14,2,11373,406
meshtastic/firmware,2026-02-23,40,13,1,11413,407
meshtastic/firmware,2026-03-02,54,15,2,11467,409
meshtastic/firmware,2026-03-09,17,8,0,11484,409
meshtastic/firmware,2026-03-16,54,21,8,11538,417
meshtastic/firmware,2026-03-23,33,9,2,11571,419
meshtastic/firmware,2026-03-30,34,14,2,11605,421
meshtastic/firmware,2026-04-06,25,7,0,11630,421
meshtastic/firmware,2026-04-13,61,18,4,11691,425
meshtastic/firmware,2026-04-20,74,22,6,11765,431
meshtastic/firmware,2026-04-27,44,12,1,11809,432
meshtastic/firmware,2026-05-04,25,9,3,11834,435
meshtastic/firmware,2026-05-11,52,11,2,11886,437
meshtastic/firmware,2026-05-18,24,11,1,11910,438
meshtastic/firmware,2026-05-25,18,11,2,11928,440
meshtastic/firmware,2026-06-01,10,5,0,11938,440
meshtastic/web,2021-04-05,4,1,1,4,1
meshtastic/web,2021-04-12,2,2,1,6,2
meshtastic/web,2021-04-19,2,1,0,8,2
meshtastic/web,2021-04-26,4,1,0,12,2
meshtastic/web,2021-05-03,7,2,1,19,3
meshtastic/web,2021-05-10,1,1,0,20,3
meshtastic/web,2021-05-24,1,1,0,21,3
meshtastic/web,2021-05-31,3,1,0,24,3
meshtastic/web,2021-06-14,4,1,0,28,3
meshtastic/web,2021-06-21,1,1,0,29,3
meshtastic/web,2021-08-02,11,1,0,40,3
meshtastic/web,2021-08-09,10,3,2,50,5
meshtastic/web,2021-08-16,4,1,0,54,5
meshtastic/web,2021-08-23,11,1,0,65,5
meshtastic/web,2021-09-06,2,1,0,67,5
meshtastic/web,2021-10-04,4,1,0,71,5
meshtastic/web,2021-10-11,1,1,0,72,5
meshtastic/web,2021-10-18,1,1,0,73,5
meshtastic/web,2021-10-25,5,1,0,78,5
meshtastic/web,2021-11-08,12,1,0,90,5
meshtastic/web,2021-11-15,3,1,0,93,5
meshtastic/web,2021-11-22,4,1,0,97,5
meshtastic/web,2021-12-06,9,1,0,106,5
meshtastic/web,2021-12-13,5,1,0,111,5
meshtastic/web,2021-12-20,2,1,1,113,6
meshtastic/web,2021-12-27,6,1,0,119,6
meshtastic/web,2022-01-03,1,1,0,120,6
meshtastic/web,2022-01-10,15,1,0,135,6
meshtastic/web,2022-01-17,2,1,0,137,6
meshtastic/web,2022-01-31,2,1,0,139,6
meshtastic/web,2022-02-07,9,1,0,148,6
meshtastic/web,2022-02-14,20,1,0,168,6
meshtastic/web,2022-02-21,10,1,0,178,6
meshtastic/web,2022-02-28,6,1,0,184,6
meshtastic/web,2022-03-07,6,1,0,190,6
meshtastic/web,2022-03-21,1,1,0,191,6
meshtastic/web,2022-04-04,1,1,0,192,6
meshtastic/web,2022-04-11,1,1,0,193,6
meshtastic/web,2022-05-02,1,1,0,194,6
meshtastic/web,2022-05-09,5,1,0,199,6
meshtastic/web,2022-07-25,4,1,0,203,6
meshtastic/web,2022-08-01,5,1,0,208,6
meshtastic/web,2022-08-08,7,1,0,215,6
meshtastic/web,2022-08-15,9,2,1,224,7
meshtastic/web,2022-08-22,11,1,0,235,7
meshtastic/web,2022-08-29,4,1,0,239,7
meshtastic/web,2022-09-05,2,1,0,241,7
meshtastic/web,2022-09-19,15,1,0,256,7
meshtastic/web,2022-09-26,9,1,0,265,7
meshtastic/web,2022-10-03,19,1,0,284,7
meshtastic/web,2022-10-10,10,4,2,294,9
meshtastic/web,2022-10-17,3,2,0,297,9
meshtastic/web,2022-10-24,11,3,0,308,9
meshtastic/web,2022-10-31,4,1,0,312,9
meshtastic/web,2022-11-14,1,1,0,313,9
meshtastic/web,2022-11-21,2,1,0,315,9
meshtastic/web,2022-11-28,1,1,0,316,9
meshtastic/web,2022-12-05,13,1,0,329,9
meshtastic/web,2022-12-26,17,1,0,346,9
meshtastic/web,2023-01-02,14,2,1,360,10
meshtastic/web,2023-01-09,1,1,0,361,10
meshtastic/web,2023-01-16,5,1,0,366,10
meshtastic/web,2023-01-23,6,1,0,372,10
meshtastic/web,2023-02-06,6,1,0,378,10
meshtastic/web,2023-02-13,8,1,0,386,10
meshtastic/web,2023-02-20,7,1,0,393,10
meshtastic/web,2023-02-27,1,1,0,394,10
meshtastic/web,2023-04-17,4,1,1,398,11
meshtastic/web,2023-06-19,6,1,0,404,11
meshtastic/web,2023-07-03,5,2,1,409,12
meshtastic/web,2023-07-24,4,3,2,413,14
meshtastic/web,2023-08-07,3,1,0,416,14
meshtastic/web,2023-08-21,1,1,0,417,14
meshtastic/web,2023-09-04,4,3,0,421,14
meshtastic/web,2023-09-11,1,1,0,422,14
meshtastic/web,2023-09-25,8,2,0,430,14
meshtastic/web,2023-10-02,1,1,0,431,14
meshtastic/web,2023-10-09,1,1,0,432,14
meshtastic/web,2023-10-16,1,1,0,433,14
meshtastic/web,2023-10-23,5,2,0,438,14
meshtastic/web,2023-10-30,2,2,0,440,14
meshtastic/web,2023-11-13,5,3,0,445,14
meshtastic/web,2023-12-04,1,1,0,446,14
meshtastic/web,2023-12-11,4,1,0,450,14
meshtastic/web,2023-12-25,4,1,0,454,14
meshtastic/web,2024-01-01,4,2,1,458,15
meshtastic/web,2024-01-08,2,2,1,460,16
meshtastic/web,2024-01-15,8,5,1,468,17
meshtastic/web,2024-01-22,5,2,0,473,17
meshtastic/web,2024-02-12,3,2,0,476,17
meshtastic/web,2024-02-19,5,2,1,481,18
meshtastic/web,2024-03-11,3,2,1,484,19
meshtastic/web,2024-03-25,1,1,0,485,19
meshtastic/web,2024-04-22,1,1,0,486,19
meshtastic/web,2024-04-29,3,2,2,489,21
meshtastic/web,2024-05-13,4,2,2,493,23
meshtastic/web,2024-05-20,11,3,2,504,25
meshtastic/web,2024-05-27,11,2,1,515,26
meshtastic/web,2024-06-03,14,2,1,529,27
meshtastic/web,2024-06-10,47,4,1,576,28
meshtastic/web,2024-06-17,19,4,2,595,30
meshtastic/web,2024-06-24,17,1,0,612,30
meshtastic/web,2024-07-01,5,1,0,617,30
meshtastic/web,2024-07-15,1,1,1,618,31
meshtastic/web,2024-07-22,7,2,0,625,31
meshtastic/web,2024-08-05,9,2,1,634,32
meshtastic/web,2024-08-12,1,1,0,635,32
meshtastic/web,2024-08-19,26,3,0,661,32
meshtastic/web,2024-08-26,23,5,3,684,35
meshtastic/web,2024-09-02,25,4,1,709,36
meshtastic/web,2024-09-09,21,1,0,730,36
meshtastic/web,2024-09-16,20,2,0,750,36
meshtastic/web,2024-09-30,7,4,1,757,37
meshtastic/web,2024-10-14,1,1,1,758,38
meshtastic/web,2024-10-28,3,3,2,761,40
meshtastic/web,2024-11-04,14,5,1,775,41
meshtastic/web,2024-11-11,4,1,0,779,41
meshtastic/web,2024-11-18,3,2,0,782,41
meshtastic/web,2024-11-25,2,2,2,784,43
meshtastic/web,2024-12-02,1,1,0,785,43
meshtastic/web,2024-12-09,2,2,0,787,43
meshtastic/web,2024-12-23,2,2,1,789,44
meshtastic/web,2024-12-30,4,3,0,793,44
meshtastic/web,2025-01-06,14,5,1,807,45
meshtastic/web,2025-01-13,7,4,2,814,47
meshtastic/web,2025-01-20,30,4,0,844,47
meshtastic/web,2025-01-27,32,4,1,876,48
meshtastic/web,2025-02-03,30,5,1,906,49
meshtastic/web,2025-02-10,10,3,0,916,49
meshtastic/web,2025-02-17,65,7,2,981,51
meshtastic/web,2025-02-24,49,4,0,1030,51
meshtastic/web,2025-03-03,39,3,1,1069,52
meshtastic/web,2025-03-10,26,3,1,1095,53
meshtastic/web,2025-03-17,32,3,0,1127,53
meshtastic/web,2025-03-24,28,2,1,1155,54
meshtastic/web,2025-03-31,53,4,1,1208,55
meshtastic/web,2025-04-07,20,2,0,1228,55
meshtastic/web,2025-04-14,1,1,1,1229,56
meshtastic/web,2025-04-21,14,2,0,1243,56
meshtastic/web,2025-04-28,16,4,0,1259,56
meshtastic/web,2025-05-05,9,2,0,1268,56
meshtastic/web,2025-05-12,4,2,1,1272,57
meshtastic/web,2025-05-19,3,2,0,1275,57
meshtastic/web,2025-05-26,6,4,2,1281,59
meshtastic/web,2025-06-02,3,2,0,1284,59
meshtastic/web,2025-06-09,6,3,0,1290,59
meshtastic/web,2025-06-16,18,3,1,1308,60
meshtastic/web,2025-06-23,6,1,0,1314,60
meshtastic/web,2025-06-30,1,1,0,1315,60
meshtastic/web,2025-07-07,11,2,0,1326,60
meshtastic/web,2025-07-14,10,3,1,1336,61
meshtastic/web,2025-07-21,8,3,0,1344,61
meshtastic/web,2025-07-28,7,3,1,1351,62
meshtastic/web,2025-08-04,12,4,0,1363,62
meshtastic/web,2025-08-11,11,4,0,1374,62
meshtastic/web,2025-08-18,16,4,0,1390,62
meshtastic/web,2025-08-25,7,4,0,1397,62
meshtastic/web,2025-09-01,13,4,1,1410,63
meshtastic/web,2025-09-08,15,5,0,1425,63
meshtastic/web,2025-09-15,7,3,1,1432,64
meshtastic/web,2025-09-22,2,2,0,1434,64
meshtastic/web,2025-09-29,1,1,0,1435,64
meshtastic/web,2025-10-06,4,2,0,1439,64
meshtastic/web,2025-10-13,15,3,0,1454,64
meshtastic/web,2025-10-20,9,5,1,1463,65
meshtastic/web,2025-10-27,8,5,2,1471,67
meshtastic/web,2025-11-03,10,2,0,1481,67
meshtastic/web,2025-11-10,7,4,1,1488,68
meshtastic/web,2025-11-17,4,3,1,1492,69
meshtastic/web,2025-11-24,6,4,1,1498,70
meshtastic/web,2025-12-01,2,2,1,1500,71
meshtastic/web,2025-12-08,1,1,0,1501,71
meshtastic/web,2026-02-09,3,3,1,1504,72
meshtastic/web,2026-03-02,2,2,0,1506,72
meshtastic/web,2026-03-09,3,2,0,1509,72
meshtastic/web,2026-03-16,3,3,2,1512,74
meshtastic/web,2026-04-20,3,1,0,1515,74
meshtastic/web,2026-05-04,1,1,1,1516,75
meshtastic/web,2026-05-25,3,2,0,1519,75
mysociety/ceuk-marking,2022-12-19,11,1,1,11,1
mysociety/ceuk-marking,2023-01-02,8,1,0,19,1
mysociety/ceuk-marking,2023-01-09,12,1,0,31,1
mysociety/ceuk-marking,2023-01-16,28,2,1,59,2
mysociety/ceuk-marking,2023-01-23,28,1,0,87,2
mysociety/ceuk-marking,2023-01-30,13,1,0,100,2
mysociety/ceuk-marking,2023-02-06,7,3,1,107,3
mysociety/ceuk-marking,2023-02-20,13,1,0,120,3
mysociety/ceuk-marking,2023-02-27,6,1,0,126,3
mysociety/ceuk-marking,2023-03-06,1,1,0,127,3
mysociety/ceuk-marking,2023-03-13,19,2,0,146,3
mysociety/ceuk-marking,2023-03-20,1,1,0,147,3
mysociety/ceuk-marking,2023-03-27,3,1,0,150,3
mysociety/ceuk-marking,2023-04-03,13,1,0,163,3
mysociety/ceuk-marking,2023-04-10,7,2,0,170,3
mysociety/ceuk-marking,2023-04-17,7,2,0,177,3
mysociety/ceuk-marking,2023-04-24,2,1,0,179,3
mysociety/ceuk-marking,2023-05-01,4,1,0,183,3
mysociety/ceuk-marking,2023-05-08,4,2,0,187,3
mysociety/ceuk-marking,2023-05-15,5,1,0,192,3
mysociety/ceuk-marking,2023-05-22,31,3,0,223,3
mysociety/ceuk-marking,2023-05-29,4,2,1,227,4
mysociety/ceuk-marking,2023-06-05,9,2,0,236,4
mysociety/ceuk-marking,2023-06-19,3,1,0,239,4
mysociety/ceuk-marking,2023-06-26,3,2,0,242,4
mysociety/ceuk-marking,2023-07-03,3,1,0,245,4
mysociety/ceuk-marking,2023-07-17,8,1,0,253,4
mysociety/ceuk-marking,2023-07-24,2,2,0,255,4
mysociety/ceuk-marking,2023-07-31,2,1,0,257,4
mysociety/ceuk-marking,2023-08-07,9,2,0,266,4
mysociety/ceuk-marking,2023-08-14,8,1,0,274,4
mysociety/ceuk-marking,2023-08-28,2,1,0,276,4
mysociety/ceuk-marking,2023-09-04,4,1,0,280,4
mysociety/ceuk-marking,2023-09-11,13,1,0,293,4
mysociety/ceuk-marking,2023-09-18,7,1,0,300,4
mysociety/ceuk-marking,2023-09-25,3,1,0,303,4
mysociety/ceuk-marking,2023-10-02,4,2,0,307,4
mysociety/ceuk-marking,2023-10-16,4,2,0,311,4
mysociety/ceuk-marking,2023-10-23,7,1,0,318,4
mysociety/ceuk-marking,2023-10-30,7,1,0,325,4
mysociety/ceuk-marking,2023-11-20,2,1,0,327,4
mysociety/ceuk-marking,2023-11-27,2,2,0,329,4
mysociety/ceuk-marking,2024-02-05,1,1,0,330,4
mysociety/ceuk-marking,2024-03-04,5,1,0,335,4
mysociety/ceuk-marking,2024-03-11,2,1,0,337,4
mysociety/ceuk-marking,2024-03-18,1,1,0,338,4
mysociety/ceuk-marking,2024-04-01,1,1,0,339,4
mysociety/ceuk-marking,2024-05-06,17,1,0,356,4
mysociety/ceuk-marking,2024-05-20,2,1,0,358,4
mysociety/ceuk-marking,2024-05-27,39,3,0,397,4
mysociety/ceuk-marking,2024-06-10,1,1,0,398,4
mysociety/ceuk-marking,2024-06-17,16,1,0,414,4
mysociety/ceuk-marking,2024-06-24,18,2,0,432,4
mysociety/ceuk-marking,2024-07-01,2,1,0,434,4
mysociety/ceuk-marking,2024-07-08,5,1,0,439,4
mysociety/ceuk-marking,2024-07-15,11,2,0,450,4
mysociety/ceuk-marking,2024-07-22,2,1,0,452,4
mysociety/ceuk-marking,2024-07-29,1,1,0,453,4
mysociety/ceuk-marking,2024-08-05,7,1,0,460,4
mysociety/ceuk-marking,2024-08-12,9,2,0,469,4
mysociety/ceuk-marking,2024-08-19,13,1,0,482,4
mysociety/ceuk-marking,2024-09-09,1,1,0,483,4
mysociety/ceuk-marking,2024-09-16,3,1,0,486,4
mysociety/ceuk-marking,2024-09-23,5,1,0,491,4
mysociety/ceuk-marking,2024-09-30,14,1,0,505,4
mysociety/ceuk-marking,2024-10-07,3,1,0,508,4
mysociety/ceuk-marking,2024-10-14,8,1,0,516,4
mysociety/ceuk-marking,2024-10-21,1,1,0,517,4
mysociety/ceuk-marking,2024-11-04,2,1,0,519,4
mysociety/ceuk-marking,2024-11-11,15,1,0,534,4
mysociety/ceuk-marking,2024-11-18,12,3,0,546,4
mysociety/ceuk-marking,2024-11-25,3,1,0,549,4
mysociety/ceuk-marking,2024-12-02,3,2,0,552,4
mysociety/ceuk-marking,2024-12-09,2,1,0,554,4
mysociety/ceuk-marking,2024-12-16,8,1,0,562,4
mysociety/ceuk-marking,2025-01-06,8,1,0,570,4
mysociety/ceuk-marking,2025-01-13,1,1,0,571,4
mysociety/ceuk-marking,2025-01-20,1,1,0,572,4
mysociety/ceuk-marking,2025-01-27,9,1,0,581,4
mysociety/ceuk-marking,2025-02-03,3,1,0,584,4
mysociety/ceuk-marking,2025-02-10,1,1,0,585,4
mysociety/ceuk-marking,2025-02-17,7,1,0,592,4
mysociety/ceuk-marking,2025-02-24,2,1,0,594,4
mysociety/ceuk-marking,2025-03-03,1,1,0,595,4
mysociety/ceuk-marking,2025-03-10,1,1,0,596,4
mysociety/ceuk-marking,2025-03-17,2,1,0,598,4
mysociety/ceuk-marking,2025-04-07,1,1,0,599,4
mysociety/ceuk-marking,2025-04-14,12,1,0,611,4
mysociety/ceuk-marking,2025-04-21,3,1,0,614,4
mysociety/ceuk-marking,2025-05-05,2,1,0,616,4
mysociety/ceuk-marking,2025-05-12,2,1,0,618,4
mysociety/ceuk-marking,2025-05-19,7,1,0,625,4
mysociety/ceuk-marking,2025-05-26,2,1,0,627,4
mysociety/ceuk-marking,2025-06-02,2,1,0,629,4
mysociety/ceuk-marking,2025-06-16,2,1,0,631,4
mysociety/ceuk-marking,2025-06-23,2,1,0,633,4
mysociety/ceuk-marking,2025-07-07,2,1,0,635,4
mysociety/ceuk-marking,2025-09-08,1,1,0,636,4
mysociety/ceuk-marking,2025-10-06,1,1,0,637,4
mysociety/ceuk-marking,2025-11-10,1,1,0,638,4
mysociety/ceuk-marking,2025-12-08,1,1,0,639,4
mysociety/ceuk-marking,2026-01-12,2,1,0,641,4
mysociety/ceuk-marking,2026-03-02,8,2,1,649,5
mysociety/ceuk-marking,2026-03-09,3,1,0,652,5
mysociety/ceuk-marking,2026-03-16,4,1,0,656,5
mysociety/ceuk-marking,2026-03-23,1,1,0,657,5
mysociety/ceuk-marking,2026-03-30,4,1,0,661,5
mysociety/ceuk-marking,2026-04-06,9,1,0,670,5
mysociety/ceuk-marking,2026-04-13,1,1,0,671,5
mysociety/ceuk-marking,2026-04-20,3,1,0,674,5
mysociety/ceuk-marking,2026-05-18,2,1,0,676,5
mysociety/ceuk-marking,2026-05-25,2,1,0,678,5
mysociety/ceuk-marking,2026-06-01,1,1,0,679,5
oklabflensburg/oddfl,2024-01-29,41,1,1,41,1
oklabflensburg/oddfl,2024-02-05,2,1,0,43,1
oklabflensburg/oddfl,2024-02-12,16,2,1,59,2
oklabflensburg/oddfl,2024-02-19,4,1,0,63,2
oklabflensburg/oddfl,2024-02-26,8,1,0,71,2
oklabflensburg/oddfl,2025-01-27,7,1,0,78,2
oklabflensburg/oddfl,2025-02-03,6,1,0,84,2
oklabflensburg/oddfl,2025-02-10,4,1,0,88,2
oklabflensburg/oddfl,2026-01-26,12,2,1,100,3
oklabflensburg/oddfl,2026-02-02,10,2,0,110,3
oklabflensburg/oddfl,2026-02-09,1,1,0,111,3
oklabflensburg/open-biotope-map,2024-10-07,16,1,1,16,1
oklabflensburg/open-biotope-map,2024-10-14,8,1,0,24,1
oklabflensburg/open-biotope-map,2024-10-28,2,1,0,26,1
oklabflensburg/open-biotope-map,2024-11-18,29,1,0,55,1
oklabflensburg/open-biotope-map,2024-11-25,3,1,0,58,1
oklabflensburg/open-biotope-map,2024-12-09,1,1,0,59,1
oklabflensburg/open-biotope-map,2025-04-14,1,1,0,60,1
oklabflensburg/open-biotope-map,2026-03-30,2,1,0,62,1
oklabflensburg/open-data-api,2023-08-28,21,1,1,21,1
oklabflensburg/open-data-api,2023-09-04,5,1,0,26,1
oklabflensburg/open-data-api,2023-09-11,18,1,0,44,1
oklabflensburg/open-data-api,2023-09-25,1,1,0,45,1
oklabflensburg/open-data-api,2023-10-02,3,2,1,48,2
oklabflensburg/open-data-api,2023-10-09,4,1,0,52,2
oklabflensburg/open-data-api,2023-10-16,9,1,0,61,2
oklabflensburg/open-data-api,2024-02-12,1,1,0,62,2
oklabflensburg/open-data-api,2024-03-25,1,1,0,63,2
oklabflensburg/open-data-api,2024-04-01,1,1,0,64,2
oklabflensburg/open-data-api,2024-05-06,1,1,0,65,2
oklabflensburg/open-data-api,2024-05-13,2,1,0,67,2
oklabflensburg/open-data-api,2024-07-15,1,1,0,68,2
oklabflensburg/open-data-api,2024-09-09,1,1,0,69,2
oklabflensburg/open-data-api,2024-10-07,2,1,0,71,2
oklabflensburg/open-data-api,2024-10-14,1,1,0,72,2
oklabflensburg/open-data-api,2024-10-28,4,1,0,76,2
oklabflensburg/open-data-api,2024-11-04,6,1,0,82,2
oklabflensburg/open-data-api,2024-11-11,24,1,0,106,2
oklabflensburg/open-data-api,2024-11-18,17,1,0,123,2
oklabflensburg/open-data-api,2024-11-25,4,1,0,127,2
oklabflensburg/open-data-api,2024-12-02,14,1,0,141,2
oklabflensburg/open-data-api,2024-12-09,13,1,0,154,2
oklabflensburg/open-data-api,2024-12-16,4,1,0,158,2
oklabflensburg/open-data-api,2024-12-23,14,1,0,172,2
oklabflensburg/open-data-api,2025-01-13,1,1,0,173,2
oklabflensburg/open-data-api,2025-01-27,5,1,0,178,2
oklabflensburg/open-data-api,2025-02-03,4,1,0,182,2
oklabflensburg/open-data-api,2025-02-10,4,1,0,186,2
oklabflensburg/open-data-api,2025-02-17,1,1,0,187,2
oklabflensburg/open-data-api,2025-03-17,6,1,0,193,2
oklabflensburg/open-data-api,2025-03-31,30,1,0,223,2
oklabflensburg/open-data-api,2025-04-07,23,1,0,246,2
oklabflensburg/open-data-api,2025-04-14,10,1,0,256,2
oklabflensburg/open-data-api,2025-05-12,3,2,1,259,3
oklabflensburg/open-data-api,2025-05-19,3,1,0,262,3
oklabflensburg/open-data-api,2025-05-26,1,1,0,263,3
oklabflensburg/open-data-api,2025-06-16,1,1,0,264,3
oklabflensburg/open-data-api,2025-06-30,4,1,1,268,4
oklabflensburg/open-data-api,2025-07-07,1,1,0,269,4
oklabflensburg/open-data-api,2025-10-13,2,1,0,271,4
oklabflensburg/open-data-api,2026-04-06,1,1,0,272,4
oklabflensburg/open-emergency-map,2025-05-26,5,1,1,5,1
oklabflensburg/open-emergency-map,2025-06-02,3,1,0,8,1
oklabflensburg/open-emergency-map,2026-04-06,1,1,0,9,1
oklabflensburg/open-monuments-map,2023-02-20,11,1,1,11,1
oklabflensburg/open-monuments-map,2023-02-27,1,1,0,12,1
oklabflensburg/open-monuments-map,2023-03-06,13,1,0,25,1
oklabflensburg/open-monuments-map,2023-03-13,4,1,0,29,1
oklabflensburg/open-monuments-map,2023-03-20,4,1,0,33,1
oklabflensburg/open-monuments-map,2023-03-27,1,1,0,34,1
oklabflensburg/open-monuments-map,2023-04-03,1,1,0,35,1
oklabflensburg/open-monuments-map,2023-04-10,1,1,0,36,1
oklabflensburg/open-monuments-map,2023-04-24,1,1,0,37,1
oklabflensburg/open-monuments-map,2023-05-01,1,1,0,38,1
oklabflensburg/open-monuments-map,2023-05-15,1,1,0,39,1
oklabflensburg/open-monuments-map,2023-05-22,1,1,0,40,1
oklabflensburg/open-monuments-map,2023-06-26,1,1,0,41,1
oklabflensburg/open-monuments-map,2023-07-10,1,1,0,42,1
oklabflensburg/open-monuments-map,2023-07-17,1,1,0,43,1
oklabflensburg/open-monuments-map,2023-07-24,1,1,0,44,1
oklabflensburg/open-monuments-map,2023-07-31,1,1,0,45,1
oklabflensburg/open-monuments-map,2023-08-07,1,1,0,46,1
oklabflensburg/open-monuments-map,2023-08-14,1,1,0,47,1
oklabflensburg/open-monuments-map,2023-08-21,1,1,0,48,1
oklabflensburg/open-monuments-map,2023-08-28,2,1,0,50,1
oklabflensburg/open-monuments-map,2023-09-04,58,1,0,108,1
oklabflensburg/open-monuments-map,2023-09-11,9,1,0,117,1
oklabflensburg/open-monuments-map,2023-09-25,7,2,1,124,2
oklabflensburg/open-monuments-map,2023-10-02,2,2,1,126,3
oklabflensburg/open-monuments-map,2023-10-09,1,1,0,127,3
oklabflensburg/open-monuments-map,2023-10-16,5,1,0,132,3
oklabflensburg/open-monuments-map,2023-10-30,1,1,0,133,3
oklabflensburg/open-monuments-map,2023-11-13,13,1,0,146,3
oklabflensburg/open-monuments-map,2023-11-20,10,1,0,156,3
oklabflensburg/open-monuments-map,2023-11-27,1,1,0,157,3
oklabflensburg/open-monuments-map,2023-12-11,1,1,0,158,3
oklabflensburg/open-monuments-map,2023-12-25,2,1,0,160,3
oklabflensburg/open-monuments-map,2024-01-08,2,1,0,162,3
oklabflensburg/open-monuments-map,2024-01-29,1,1,0,163,3
oklabflensburg/open-monuments-map,2024-02-12,1,1,0,164,3
oklabflensburg/open-monuments-map,2024-02-19,12,1,0,176,3
oklabflensburg/open-monuments-map,2024-03-04,1,1,0,177,3
oklabflensburg/open-monuments-map,2024-03-11,2,1,0,179,3
oklabflensburg/open-monuments-map,2024-03-18,3,1,0,182,3
oklabflensburg/open-monuments-map,2024-03-25,4,1,0,186,3
oklabflensburg/open-monuments-map,2024-04-08,4,2,0,190,3
oklabflensburg/open-monuments-map,2024-04-15,2,1,0,192,3
oklabflensburg/open-monuments-map,2024-05-06,4,1,0,196,3
oklabflensburg/open-monuments-map,2024-06-03,1,1,0,197,3
oklabflensburg/open-monuments-map,2024-06-17,1,1,0,198,3
oklabflensburg/open-monuments-map,2024-07-01,3,2,0,201,3
oklabflensburg/open-monuments-map,2024-07-15,4,1,0,205,3
oklabflensburg/open-monuments-map,2024-07-22,1,1,0,206,3
oklabflensburg/open-monuments-map,2024-07-29,1,1,0,207,3
oklabflensburg/open-monuments-map,2024-08-12,2,1,0,209,3
oklabflensburg/open-monuments-map,2024-09-02,1,1,0,210,3
oklabflensburg/open-monuments-map,2024-09-16,1,1,0,211,3
oklabflensburg/open-monuments-map,2024-09-23,1,1,0,212,3
oklabflensburg/open-monuments-map,2024-09-30,3,1,0,215,3
oklabflensburg/open-monuments-map,2024-11-04,1,1,0,216,3
oklabflensburg/open-monuments-map,2024-11-11,2,1,0,218,3
oklabflensburg/open-monuments-map,2024-11-18,1,1,0,219,3
oklabflensburg/open-monuments-map,2024-12-02,13,1,0,232,3
oklabflensburg/open-monuments-map,2024-12-09,3,1,0,235,3
oklabflensburg/open-monuments-map,2024-12-16,2,1,0,237,3
oklabflensburg/open-monuments-map,2025-01-06,1,1,0,238,3
oklabflensburg/open-monuments-map,2025-01-13,1,1,0,239,3
oklabflensburg/open-monuments-map,2025-01-20,1,1,0,240,3
oklabflensburg/open-monuments-map,2025-01-27,8,1,0,248,3
oklabflensburg/open-monuments-map,2025-02-03,7,1,0,255,3
oklabflensburg/open-monuments-map,2025-03-31,13,1,0,268,3
oklabflensburg/open-monuments-map,2025-04-07,3,1,0,271,3
oklabflensburg/open-monuments-map,2025-04-21,2,2,0,273,3
oklabflensburg/open-monuments-map,2025-04-28,2,1,0,275,3
oklabflensburg/open-monuments-map,2025-05-19,2,1,0,277,3
oklabflensburg/open-monuments-map,2025-08-04,1,1,0,278,3
oklabflensburg/open-monuments-map,2025-10-06,11,3,1,289,4
oklabflensburg/open-monuments-map,2026-01-12,1,1,0,290,4
oklabflensburg/open-monuments-map,2026-02-09,2,1,0,292,4
oklabflensburg/open-parcel-map,2024-10-28,1,1,1,1,1
oklabflensburg/open-parcel-map,2024-11-04,12,1,0,13,1
oklabflensburg/open-parcel-map,2024-11-11,1,1,0,14,1
oklabflensburg/open-parcel-map,2024-11-18,1,1,0,15,1
oklabflensburg/open-parcel-map,2024-12-09,4,2,1,19,2
oklabflensburg/open-parcel-map,2025-03-17,5,1,0,24,2
oklabflensburg/open-parcel-map,2025-09-15,3,1,0,27,2
oklabflensburg/open-recycling-map,2023-07-24,14,1,1,14,1
oklabflensburg/open-recycling-map,2023-08-07,2,1,0,16,1
oklabflensburg/open-recycling-map,2023-08-28,1,1,0,17,1
oklabflensburg/open-recycling-map,2023-09-04,1,1,0,18,1
oklabflensburg/open-recycling-map,2024-01-08,12,1,0,30,1
oklabflensburg/open-recycling-map,2024-07-29,2,1,0,32,1
oklabflensburg/open-recycling-map,2024-10-07,1,1,0,33,1
oklabflensburg/open-recycling-map,2024-10-14,1,1,0,34,1
oklabflensburg/open-recycling-map,2024-12-09,1,1,0,35,1
oklabflensburg/open-recycling-map,2026-03-30,1,1,0,36,1
oklabflensburg/open-school-map,2024-01-01,48,1,1,48,1
oklabflensburg/open-school-map,2024-01-08,12,1,0,60,1
oklabflensburg/open-school-map,2024-01-15,1,1,0,61,1
oklabflensburg/open-school-map,2024-01-22,1,1,0,62,1
oklabflensburg/open-school-map,2024-01-29,17,1,0,79,1
oklabflensburg/open-school-map,2024-02-05,8,1,0,87,1
oklabflensburg/open-school-map,2024-02-12,1,1,0,88,1
oklabflensburg/open-school-map,2024-02-19,2,1,0,90,1
oklabflensburg/open-school-map,2024-06-24,3,1,0,93,1
oklabflensburg/open-school-map,2024-09-02,2,1,0,95,1
oklabflensburg/open-school-map,2024-09-09,1,1,0,96,1
oklabflensburg/open-school-map,2024-12-09,3,1,0,99,1
oklabflensburg/open-school-map,2025-03-17,3,1,0,102,1
oklabflensburg/open-school-map,2025-03-31,8,1,0,110,1
oklabflensburg/open-school-map,2025-04-07,6,1,0,116,1
oklabflensburg/open-school-map,2025-04-14,1,1,0,117,1
oklabflensburg/open-school-map,2025-05-05,1,1,0,118,1
oklabflensburg/open-school-map,2025-05-19,1,1,0,119,1
oklabflensburg/open-school-map,2025-10-06,2,1,0,121,1
oklabflensburg/open-school-map,2025-10-13,1,1,0,122,1
oklabflensburg/open-school-map,2026-03-09,1,1,1,123,2
oklabflensburg/open-school-map,2026-04-06,1,1,0,124,2
oklabflensburg/open-trees-map,2023-04-24,8,1,1,8,1
oklabflensburg/open-trees-map,2023-05-01,3,2,1,11,2
oklabflensburg/open-trees-map,2023-05-08,9,2,1,20,3
oklabflensburg/open-trees-map,2023-05-15,8,2,1,28,4
oklabflensburg/open-trees-map,2023-06-05,2,2,1,30,5
oklabflensburg/open-trees-map,2023-06-12,3,1,0,33,5
oklabflensburg/open-trees-map,2023-06-26,3,1,0,36,5
oklabflensburg/open-trees-map,2023-07-03,3,1,0,39,5
oklabflensburg/open-trees-map,2023-07-31,2,1,0,41,5
oklabflensburg/open-trees-map,2023-08-07,1,1,0,42,5
oklabflensburg/open-trees-map,2023-08-28,2,1,0,44,5
oklabflensburg/open-trees-map,2023-09-04,1,1,0,45,5
oklabflensburg/open-trees-map,2023-09-11,1,1,0,46,5
oklabflensburg/open-trees-map,2023-11-13,3,1,0,49,5
oklabflensburg/open-trees-map,2023-11-20,3,1,0,52,5
oklabflensburg/open-trees-map,2023-12-04,20,2,0,72,5
oklabflensburg/open-trees-map,2023-12-11,6,1,0,78,5
oklabflensburg/open-trees-map,2024-01-01,1,1,0,79,5
oklabflensburg/open-trees-map,2024-02-12,6,1,0,85,5
oklabflensburg/open-trees-map,2024-02-19,3,1,0,88,5
oklabflensburg/open-trees-map,2024-12-09,6,1,0,94,5
oklabflensburg/open-trees-map,2025-03-31,1,1,0,95,5
oklabflensburg/open-trees-map,2025-05-19,1,1,0,96,5
oklabflensburg/open-trees-map,2025-06-02,1,1,0,97,5
oklabflensburg/open-trees-map,2026-02-09,1,1,0,98,5
oklabflensburg/open-trees-map,2026-03-23,1,1,0,99,5
openlegaldata/oldp,2018-05-07,9,1,1,9,1
openlegaldata/oldp,2018-05-14,1,1,0,10,1
openlegaldata/oldp,2018-05-21,1,1,0,11,1
openlegaldata/oldp,2018-06-04,3,1,0,14,1
openlegaldata/oldp,2018-06-11,2,1,0,16,1
openlegaldata/oldp,2018-06-18,5,2,1,21,2
openlegaldata/oldp,2018-08-27,1,1,1,22,3
openlegaldata/oldp,2018-09-03,19,2,1,41,4
openlegaldata/oldp,2018-09-10,9,1,0,50,4
openlegaldata/oldp,2018-09-17,20,1,0,70,4
openlegaldata/oldp,2018-09-24,1,1,0,71,4
openlegaldata/oldp,2018-10-08,4,1,0,75,4
openlegaldata/oldp,2018-10-15,1,1,0,76,4
openlegaldata/oldp,2018-10-22,15,1,0,91,4
openlegaldata/oldp,2018-10-29,7,1,0,98,4
openlegaldata/oldp,2018-11-05,2,2,0,100,4
openlegaldata/oldp,2018-11-12,23,1,0,123,4
openlegaldata/oldp,2018-11-19,5,3,2,128,6
openlegaldata/oldp,2018-11-26,11,2,0,139,6
openlegaldata/oldp,2018-12-03,12,1,0,151,6
openlegaldata/oldp,2018-12-10,2,1,0,153,6
openlegaldata/oldp,2018-12-17,12,2,0,165,6
openlegaldata/oldp,2018-12-24,4,2,0,169,6
openlegaldata/oldp,2018-12-31,2,1,0,171,6
openlegaldata/oldp,2019-01-07,11,1,0,182,6
openlegaldata/oldp,2019-01-14,13,1,0,195,6
openlegaldata/oldp,2019-01-21,9,1,0,204,6
openlegaldata/oldp,2019-01-28,17,2,0,221,6
openlegaldata/oldp,2019-02-04,7,3,0,228,6
openlegaldata/oldp,2019-02-11,12,2,0,240,6
openlegaldata/oldp,2019-02-18,5,1,0,245,6
openlegaldata/oldp,2019-02-25,2,1,0,247,6
openlegaldata/oldp,2019-03-11,6,1,0,253,6
openlegaldata/oldp,2019-03-18,6,2,0,259,6
openlegaldata/oldp,2019-03-25,8,2,0,267,6
openlegaldata/oldp,2019-07-15,4,1,0,271,6
openlegaldata/oldp,2019-08-19,1,1,1,272,7
openlegaldata/oldp,2019-08-26,1,1,0,273,7
openlegaldata/oldp,2019-09-16,1,1,1,274,8
openlegaldata/oldp,2019-09-23,4,2,0,278,8
openlegaldata/oldp,2019-09-30,1,1,0,279,8
openlegaldata/oldp,2019-10-14,5,1,0,284,8
openlegaldata/oldp,2019-10-21,2,1,0,286,8
openlegaldata/oldp,2019-10-28,1,1,1,287,9
openlegaldata/oldp,2019-12-02,2,1,0,289,9
openlegaldata/oldp,2019-12-16,4,2,0,293,9
openlegaldata/oldp,2020-02-10,1,1,0,294,9
openlegaldata/oldp,2020-03-30,1,1,0,295,9
openlegaldata/oldp,2020-04-27,2,1,1,297,10
openlegaldata/oldp,2020-05-04,7,1,0,304,10
openlegaldata/oldp,2020-12-07,5,1,0,309,10
openlegaldata/oldp,2021-01-04,2,1,0,311,10
openlegaldata/oldp,2021-02-01,3,3,0,314,10
openlegaldata/oldp,2021-02-08,4,1,0,318,10
openlegaldata/oldp,2023-02-13,2,1,1,320,11
openlegaldata/oldp,2025-04-21,1,1,0,321,11
openlegaldata/oldp,2025-06-16,1,1,0,322,11
openlegaldata/oldp,2025-07-14,1,1,1,323,12
openlegaldata/oldp,2025-08-18,2,1,0,325,12
openlegaldata/oldp,2025-12-22,2,1,0,327,12
openlegaldata/oldp,2026-01-12,5,1,0,332,12
openlegaldata/oldp,2026-01-19,4,1,0,336,12
openlegaldata/oldp,2026-02-09,6,2,1,342,13
openlegaldata/oldp,2026-02-16,4,2,0,346,13
openlegaldata/oldp,2026-02-23,4,2,0,350,13
openlegaldata/oldp,2026-03-09,6,2,0,356,13
openlegaldata/oldp,2026-03-16,7,3,1,363,14
openlegaldata/oldp,2026-03-23,5,2,1,368,15
openlegaldata/oldp,2026-03-30,4,2,0,372,15
openlegaldata/oldp,2026-04-06,3,2,0,375,15
openlegaldata/oldp,2026-04-20,3,1,0,378,15
openlegaldata/oldp,2026-04-27,1,1,0,379,15
openlegaldata/oldp,2026-05-04,27,2,0,406,15
openlegaldata/oldp,2026-05-11,7,2,0,413,15
openlegaldata/oldp,2026-05-18,8,2,0,421,15
openlegaldata/oldp,2026-05-25,24,2,0,445,15
openlegaldata/oldp,2026-06-01,3,1,0,448,15
ton-An/station_reach,2025-08-25,101,1,1,101,1
ton-An/station_reach,2025-09-01,24,1,0,125,1
ton-An/station_reach,2025-09-08,17,1,0,142,1
ton-An/station_reach,2025-09-29,2,1,0,144,1
ton-An/station_reach,2025-10-13,11,1,0,155,1
ton-An/station_reach,2025-10-20,45,1,0,200,1
ton-An/station_reach,2025-10-27,1,1,0,201,1
ton-An/station_reach,2025-11-03,1,1,0,202,1
ton-An/station_reach,2026-03-23,18,1,0,220,1
ton-An/station_reach,2026-03-30,14,1,0,234,1
ton-An/station_reach,2026-04-06,23,1,0,257,1
ton-An/station_reach,2026-04-13,8,1,0,265,1
ton-An/station_reach,2026-04-20,6,1,0,271,1
ton-An/station_reach,2026-05-11,1,1,0,272,1
