repo_full_name,number,title,state,author_login,closed_by_login,created_at,closed_at,updated_at,comment_count,labels,time_to_close_days
DemocracyClub/UK-Polling-Stations,4,Import E06000044-Portsmouth-City,closed,davidmiller,chris48s,2015-04-01T21:27:38+00:00,2016-04-19T20:34:08+00:00,2016-04-19T20:34:12+00:00,1,Data Import,383.96
DemocracyClub/UK-Polling-Stations,5,Import E07000218-North-Warwickshire,closed,davidmiller,chris48s,2015-04-01T21:27:48+00:00,2016-04-19T20:34:11+00:00,2016-04-19T20:34:16+00:00,0,Data Import,383.96
DemocracyClub/UK-Polling-Stations,6,Import E07000120-Hyndburn,closed,davidmiller,chris48s,2015-04-01T21:27:57+00:00,2016-04-19T20:34:19+00:00,2016-04-19T20:34:23+00:00,0,Data Import,383.96
DemocracyClub/UK-Polling-Stations,7,Import E07000111-Sevenoaks,closed,davidmiller,chris48s,2015-04-01T21:28:05+00:00,2016-04-19T20:34:26+00:00,2016-04-19T20:34:29+00:00,0,Data Import,383.96
DemocracyClub/UK-Polling-Stations,8,Import E09000001-City-of-London,closed,davidmiller,symroe,2015-04-01T21:28:13+00:00,2016-03-16T15:45:45+00:00,2016-03-16T15:45:50+00:00,1,Data Import,349.76
DemocracyClub/UK-Polling-Stations,9,Import E07000209-Guildford,closed,davidmiller,symroe,2015-04-01T21:28:21+00:00,2016-02-29T11:53:51+00:00,2016-02-29T11:53:54+00:00,0,Data Import,333.6
DemocracyClub/UK-Polling-Stations,10,Import E06000045-Southampton,closed,davidmiller,chris48s,2015-04-01T21:28:29+00:00,2016-04-19T20:34:31+00:00,2016-04-19T20:34:35+00:00,0,Data Import,383.96
DemocracyClub/UK-Polling-Stations,11,Import E09000021-Kingston,closed,davidmiller,symroe,2015-04-01T21:28:36+00:00,2016-03-07T13:48:42+00:00,2016-03-07T13:48:45+00:00,0,Data Import,340.68
DemocracyClub/UK-Polling-Stations,12,Import E07000082-Stroud,closed,davidmiller,chris48s,2015-04-01T21:28:44+00:00,2016-04-19T20:34:36+00:00,2016-04-19T20:34:39+00:00,0,Data Import,383.96
DemocracyClub/UK-Polling-Stations,13,Import E07000212-Runnymede,closed,davidmiller,davidmiller,2015-04-01T21:28:53+00:00,2015-04-04T12:24:16+00:00,2015-04-04T12:24:17+00:00,0,Data Import,2.62
DemocracyClub/UK-Polling-Stations,14,Import E07000143-Breckland,closed,davidmiller,chris48s,2015-04-01T21:28:59+00:00,2016-04-19T20:34:40+00:00,2016-04-19T20:34:44+00:00,0,Data Import,383.96
DemocracyClub/UK-Polling-Stations,15,Import E06000026-Plymouth,closed,davidmiller,symroe,2015-04-01T21:29:06+00:00,2016-02-29T11:53:30+00:00,2016-02-29T11:53:34+00:00,0,Data Import,333.6
DemocracyClub/UK-Polling-Stations,16,Import E06000046-Isle-of-Wight,closed,davidmiller,chris48s,2015-04-01T21:29:12+00:00,2016-04-19T20:34:50+00:00,2016-04-19T20:34:54+00:00,0,Data Import,383.96
DemocracyClub/UK-Polling-Stations,17,Import E07000009-East-Cambridgeshire,closed,davidmiller,chris48s,2015-04-01T21:29:19+00:00,2016-04-19T20:34:58+00:00,2016-04-19T20:35:02+00:00,0,Data Import,383.96
DemocracyClub/UK-Polling-Stations,18,As a Council I would like to Embed my area on my own website,closed,davidmiller,chris48s,2015-04-01T21:53:27+00:00,2016-05-30T11:31:05+00:00,2016-05-30T11:31:05+00:00,1,enhancement,424.57
DemocracyClub/UK-Polling-Stations,19,Import E07000106-Canterbury,closed,davidmiller,chris48s,2015-04-01T21:57:17+00:00,2016-04-19T20:35:01+00:00,2016-04-19T20:35:05+00:00,0,Data Import,383.94
DemocracyClub/UK-Polling-Stations,20,Import E07000167-Ryedale,closed,davidmiller,symroe,2015-04-01T22:06:52+00:00,2016-02-29T11:53:41+00:00,2016-02-29T11:53:45+00:00,0,Data Import,333.57
DemocracyClub/UK-Polling-Stations,21,Import S12000042-Dundee,closed,davidmiller,chris48s,2015-04-01T22:12:07+00:00,2016-04-19T20:35:44+00:00,2016-04-19T20:35:48+00:00,0,Data Import,383.93
DemocracyClub/UK-Polling-Stations,22,Import E07000135-Oadby,closed,davidmiller,chris48s,2015-04-02T10:05:15+00:00,2016-04-19T20:35:30+00:00,2016-04-19T20:35:34+00:00,1,Data Import,383.44
DemocracyClub/UK-Polling-Stations,23,Import E07000124-Ribble,closed,davidmiller,chris48s,2015-04-02T10:12:01+00:00,2016-04-19T20:35:24+00:00,2016-04-19T20:35:27+00:00,0,Data Import,383.43
DemocracyClub/UK-Polling-Stations,24,Import E07000234-Bromsgrove,closed,davidmiller,chris48s,2015-04-02T10:26:50+00:00,2016-04-19T20:35:40+00:00,2016-04-19T20:35:44+00:00,2,Data Import,383.42
DemocracyClub/UK-Polling-Stations,25,Import E06000044-Portsmouth,closed,davidmiller,davidmiller,2015-04-02T10:36:23+00:00,2015-04-06T13:00:57+00:00,2015-04-06T13:00:57+00:00,1,Data Import,4.1
DemocracyClub/UK-Polling-Stations,26,Import E07000238-Wychavon,closed,davidmiller,chris48s,2015-04-02T10:38:40+00:00,2016-04-19T20:35:12+00:00,2016-04-19T20:35:15+00:00,0,Data Import,383.41
DemocracyClub/UK-Polling-Stations,27,Import E07000034-Chesterfield,closed,davidmiller,chris48s,2015-04-02T11:01:46+00:00,2016-04-19T20:35:15+00:00,2016-04-19T20:35:19+00:00,0,Data Import,383.4
DemocracyClub/UK-Polling-Stations,28,Import E07000063-Lewes,closed,davidmiller,chris48s,2015-04-02T11:06:19+00:00,2016-04-19T20:35:19+00:00,2016-04-19T20:35:23+00:00,0,Data Import,383.4
DemocracyClub/UK-Polling-Stations,29,Import E07000123-Preston,closed,davidmiller,chris48s,2015-04-02T11:10:00+00:00,2016-04-19T20:35:49+00:00,2016-04-19T20:35:52+00:00,0,Data Import,383.39
DemocracyClub/UK-Polling-Stations,30,Import E07000064-Rother,closed,davidmiller,chris48s,2015-04-02T11:46:28+00:00,2016-04-19T20:35:53+00:00,2016-04-19T20:35:56+00:00,0,Data Import,383.37
DemocracyClub/UK-Polling-Stations,31,Import E07000091-New-Forest,closed,davidmiller,chris48s,2015-04-02T11:51:08+00:00,2016-04-19T20:35:55+00:00,2016-04-19T20:35:59+00:00,0,Data Import,383.36
DemocracyClub/UK-Polling-Stations,32,Import E07000087-Fareham,closed,davidmiller,chris48s,2015-04-02T11:56:34+00:00,2016-04-19T20:35:59+00:00,2016-04-19T20:36:02+00:00,0,Data Import,383.36
DemocracyClub/UK-Polling-Stations,33,Import E09000033-Westminster,closed,davidmiller,chris48s,2015-04-02T12:03:15+00:00,2016-04-19T20:36:02+00:00,2016-04-19T20:36:08+00:00,0,Data Import,383.36
DemocracyClub/UK-Polling-Stations,34,Import E07000031-South-Lakeland,closed,davidmiller,chris48s,2015-04-02T15:58:53+00:00,2016-04-19T20:36:04+00:00,2016-04-19T20:36:08+00:00,0,Data Import,383.19
DemocracyClub/UK-Polling-Stations,35,Import E06000011-East-Riding,closed,davidmiller,davidmiller,2015-04-02T16:04:40+00:00,2015-04-07T15:21:06+00:00,2015-04-07T15:21:07+00:00,0,Data Import,4.97
DemocracyClub/UK-Polling-Stations,36,Import S12000006-Dumfries,closed,davidmiller,chris48s,2015-04-02T17:57:12+00:00,2016-04-19T20:36:07+00:00,2016-04-19T20:36:13+00:00,0,Data Import,383.11
DemocracyClub/UK-Polling-Stations,37,Import E09000022-Lambeth,closed,davidmiller,davidmiller,2015-04-02T18:00:56+00:00,2015-04-03T14:47:44+00:00,2015-04-03T14:47:45+00:00,0,Data Import,0.87
DemocracyClub/UK-Polling-Stations,39,Import E07000235-Malvern-Hills,closed,davidmiller,chris48s,2015-04-03T09:59:58+00:00,2016-04-19T20:36:11+00:00,2016-04-19T20:36:15+00:00,0,Data Import,382.44
DemocracyClub/UK-Polling-Stations,40,Import data/E08000019-Sheffield,closed,davidmiller,symroe,2015-04-03T10:36:13+00:00,2016-02-01T17:31:28+00:00,2016-02-01T17:31:32+00:00,0,Data Import,304.29
DemocracyClub/UK-Polling-Stations,41,Import data/E07000036-Erewash,closed,davidmiller,chris48s,2015-04-03T11:34:10+00:00,2016-04-19T20:36:48+00:00,2016-04-19T20:36:52+00:00,0,Data Import,382.38
DemocracyClub/UK-Polling-Stations,42,Import data/E07000109-Gravesham,closed,davidmiller,davidmiller,2015-04-03T11:38:52+00:00,2015-04-07T15:21:07+00:00,2015-04-07T15:21:08+00:00,0,Data Import,4.15
DemocracyClub/UK-Polling-Stations,43,Import E06000028-Bournemouth,closed,davidmiller,davidmiller,2015-04-03T12:04:17+00:00,2015-04-04T12:24:17+00:00,2015-04-04T12:24:18+00:00,0,Data Import,1.01
DemocracyClub/UK-Polling-Stations,44,Import E07000136-Boston,closed,davidmiller,davidmiller,2015-04-03T12:09:41+00:00,2015-04-04T12:24:15+00:00,2015-04-04T12:24:17+00:00,0,Data Import,1.01
DemocracyClub/UK-Polling-Stations,45,Import E07000213-Spelthorne,closed,davidmiller,davidmiller,2015-04-03T12:22:44+00:00,2015-04-07T15:21:08+00:00,2015-04-07T15:21:09+00:00,0,Data Import,4.12
DemocracyClub/UK-Polling-Stations,46,Import E07000194-Lichfield,closed,davidmiller,davidmiller,2015-04-03T13:23:34+00:00,2015-04-07T15:21:08+00:00,2015-04-07T15:21:08+00:00,0,Data Import,4.08
DemocracyClub/UK-Polling-Stations,47,Import E09000032-Wandsworth,closed,davidmiller,chris48s,2015-04-03T13:30:21+00:00,2016-04-19T20:36:53+00:00,2016-04-19T20:36:56+00:00,0,Data Import,382.3
DemocracyClub/UK-Polling-Stations,48,Camarthenshire - Can we scrape it ?,closed,davidmiller,chris48s,2015-04-03T13:35:04+00:00,2016-03-08T20:14:28+00:00,2016-03-08T20:14:33+00:00,2,,340.28
DemocracyClub/UK-Polling-Stations,51,Import E06000041-Wokingham,closed,davidmiller,davidmiller,2015-04-03T22:25:58+00:00,2015-04-04T12:24:03+00:00,2015-04-04T12:24:06+00:00,0,Data Import,0.58
DemocracyClub/UK-Polling-Stations,52,Import E08000012-Liverpool,closed,davidmiller,chris48s,2015-04-04T09:45:51+00:00,2016-04-19T20:36:56+00:00,2016-04-19T20:37:00+00:00,0,Data Import,381.45
DemocracyClub/UK-Polling-Stations,53,Import E07000065-Wealden,closed,davidmiller,chris48s,2015-04-04T09:57:56+00:00,2016-04-19T20:36:59+00:00,2016-04-19T20:37:03+00:00,0,Data Import,381.44
DemocracyClub/UK-Polling-Stations,54,Import E09000005-Brent,closed,davidmiller,davidmiller,2015-04-04T10:07:48+00:00,2015-04-07T15:21:09+00:00,2015-04-07T15:21:10+00:00,0,Data Import,3.22
DemocracyClub/UK-Polling-Stations,55,Import E06000037-West Berkshire,closed,davidmiller,chris48s,2015-04-04T10:09:19+00:00,2016-04-19T20:37:02+00:00,2016-04-19T20:37:05+00:00,0,Data Import,381.44
DemocracyClub/UK-Polling-Stations,56,Import E08000023-South-Tyneside,closed,davidmiller,chris48s,2015-04-04T10:13:04+00:00,2016-04-19T20:37:07+00:00,2016-04-19T20:37:12+00:00,0,Data Import,381.43
DemocracyClub/UK-Polling-Stations,59,Import E06000033-Southend,closed,davidmiller,chris48s,2015-04-07T09:08:40+00:00,2016-04-19T20:37:10+00:00,2016-04-19T20:37:14+00:00,0,Data Import,378.48
DemocracyClub/UK-Polling-Stations,60,Import E07000108-Dover,closed,davidmiller,chris48s,2015-04-07T09:10:26+00:00,2016-04-19T20:37:15+00:00,2016-04-19T20:37:19+00:00,1,Data Import,378.48
DemocracyClub/UK-Polling-Stations,61,Import E06000007-Warrington,closed,davidmiller,chris48s,2015-04-07T09:33:19+00:00,2016-04-19T20:37:19+00:00,2016-04-19T20:37:22+00:00,0,Data Import,378.46
DemocracyClub/UK-Polling-Stations,62,Import E09000027-Richmond,closed,davidmiller,chris48s,2015-04-07T09:35:22+00:00,2016-04-19T20:37:22+00:00,2016-04-19T20:37:25+00:00,0,Data Import,378.46
DemocracyClub/UK-Polling-Stations,63,Import E07000084-Basingstoke,closed,davidmiller,chris48s,2015-04-07T09:46:37+00:00,2016-04-19T20:37:24+00:00,2016-04-19T20:37:28+00:00,0,Data Import,378.45
DemocracyClub/UK-Polling-Stations,64,Import E07000228-Mid-Sussex,closed,davidmiller,symroe,2015-04-07T09:49:40+00:00,2016-02-16T11:55:44+00:00,2016-02-16T11:55:49+00:00,0,Data Import,315.09
DemocracyClub/UK-Polling-Stations,65,As a User I would like to text my postcode to a number and be told my Polling Station,closed,davidmiller,pmk01,2015-04-07T09:55:17+00:00,2024-01-17T16:37:12+00:00,2024-01-17T16:37:12+00:00,0,enhancement,3207.28
DemocracyClub/UK-Polling-Stations,66,Cope with the case where the Polling Place is not in the Polling District,closed,davidmiller,symroe,2015-04-07T09:56:08+00:00,2015-04-28T13:50:09+00:00,2015-04-28T13:50:10+00:00,1,bug :bug:,21.16
DemocracyClub/UK-Polling-Stations,67,Import E07000187-Mendip,closed,davidmiller,chris48s,2015-04-07T10:03:43+00:00,2016-04-19T20:37:48+00:00,2016-04-19T20:37:53+00:00,0,Data Import,378.44
DemocracyClub/UK-Polling-Stations,68,Import S12000023-Orkney,closed,davidmiller,chris48s,2015-04-07T10:15:00+00:00,2016-04-19T20:37:53+00:00,2016-04-19T20:37:58+00:00,0,Data Import,378.43
DemocracyClub/UK-Polling-Stations,69,Import E07000176-Rushcliffe,closed,davidmiller,chris48s,2015-04-07T10:19:58+00:00,2016-04-19T20:37:56+00:00,2016-04-19T20:38:00+00:00,0,Data Import,378.43
DemocracyClub/UK-Polling-Stations,70,Import E07000103-Watford,closed,davidmiller,symroe,2015-04-07T10:40:30+00:00,2016-02-01T17:32:00+00:00,2016-02-01T17:32:05+00:00,0,Data Import,300.29
DemocracyClub/UK-Polling-Stations,71,Import E07000132-Hinckley-Bosworth,closed,davidmiller,chris48s,2015-04-07T10:58:59+00:00,2016-04-19T20:37:59+00:00,2016-04-19T20:38:04+00:00,0,Data Import,378.4
DemocracyClub/UK-Polling-Stations,72,Import E08000006-Salford,closed,davidmiller,davidmiller,2015-04-07T12:18:26+00:00,2015-04-30T10:43:23+00:00,2015-04-30T10:43:24+00:00,0,Data Import,22.93
DemocracyClub/UK-Polling-Stations,73,Deal with Polling districts that share a Polling place,closed,davidmiller,chris48s,2015-04-07T12:21:20+00:00,2016-05-30T11:32:21+00:00,2016-05-30T11:44:28+00:00,3,bug :bug:;enhancement,418.97
DemocracyClub/UK-Polling-Stations,74,Update we're not sure messaging: ,closed,davidmiller,chris48s,2015-04-07T12:32:55+00:00,2017-04-08T20:52:39+00:00,2017-04-08T20:52:39+00:00,2,enhancement,732.35
DemocracyClub/UK-Polling-Stations,75,Add GA tracking,closed,davidmiller,symroe,2015-04-07T12:33:21+00:00,2015-04-07T19:16:41+00:00,2015-04-07T19:16:42+00:00,0,enhancement,0.28
DemocracyClub/UK-Polling-Stations,76,Import S12000024-Perth-and-Kinross,closed,davidmiller,chris48s,2015-04-07T12:36:23+00:00,2016-04-19T20:38:30+00:00,2016-04-19T20:38:34+00:00,0,Data Import,378.33
DemocracyClub/UK-Polling-Stations,77,Import E08000005-Rochdale,closed,davidmiller,chris48s,2015-04-07T12:47:43+00:00,2016-04-19T20:38:38+00:00,2016-04-19T20:38:42+00:00,1,Data Import,378.33
DemocracyClub/UK-Polling-Stations,78,Import E07000088-Gosport,closed,davidmiller,chris48s,2015-04-07T14:38:58+00:00,2016-04-19T20:38:42+00:00,2016-04-19T20:38:47+00:00,0,Data Import,378.25
DemocracyClub/UK-Polling-Stations,79,Import E07000007-Wycombe,closed,davidmiller,chris48s,2015-04-07T15:01:13+00:00,2016-04-19T20:38:45+00:00,2016-04-19T20:38:48+00:00,0,Data Import,378.23
DemocracyClub/UK-Polling-Stations,80,Import S12000036-Edinburgh,closed,davidmiller,davidmiller,2015-04-07T15:20:46+00:00,2015-04-30T10:43:22+00:00,2015-04-30T10:43:24+00:00,0,Data Import,22.81
DemocracyClub/UK-Polling-Stations,81,Import E07000115-Tonbridge,closed,davidmiller,chris48s,2015-04-07T15:48:24+00:00,2016-04-19T20:38:47+00:00,2016-04-19T20:38:51+00:00,0,Data Import,378.2
DemocracyClub/UK-Polling-Stations,82,Import E07000012-South-Cambridgeshire,closed,davidmiller,davidmiller,2015-04-07T16:21:00+00:00,2015-04-19T19:08:14+00:00,2015-04-19T19:08:15+00:00,0,Data Import,12.12
DemocracyClub/UK-Polling-Stations,83,Import E07000004-Aylesbury-Vale,closed,davidmiller,chris48s,2015-04-07T16:35:52+00:00,2016-04-19T20:38:51+00:00,2016-04-19T20:38:54+00:00,0,Data Import,378.17
DemocracyClub/UK-Polling-Stations,84,Import E07000067-Braintree,closed,davidmiller,davidmiller,2015-04-07T17:48:48+00:00,2015-04-19T19:08:16+00:00,2015-04-19T19:08:16+00:00,0,Data Import,12.06
DemocracyClub/UK-Polling-Stations,85,Import E09000030-Tower-Hamlets,closed,davidmiller,davidmiller,2015-04-07T17:54:55+00:00,2015-04-19T19:08:15+00:00,2015-04-19T19:08:16+00:00,0,Data Import,12.05
DemocracyClub/UK-Polling-Stations,86,Import E06000029-Poole,closed,davidmiller,chris48s,2015-04-07T17:58:25+00:00,2016-04-19T20:38:54+00:00,2016-04-19T20:38:57+00:00,0,Data Import,378.11
DemocracyClub/UK-Polling-Stations,87,Import E06000010-Hull-City,closed,davidmiller,chris48s,2015-04-07T19:02:41+00:00,2016-04-19T20:39:27+00:00,2016-04-19T20:39:30+00:00,0,Data Import,378.07
DemocracyClub/UK-Polling-Stations,89,Import S12000046-Glasgow,closed,davidmiller,chris48s,2015-04-10T08:54:05+00:00,2016-04-19T20:39:31+00:00,2016-04-19T20:39:35+00:00,0,Data Import,375.49
DemocracyClub/UK-Polling-Stations,90,Import E07000198-Staffodshire-Moorlands,closed,davidmiller,chris48s,2015-04-10T10:10:02+00:00,2016-04-19T20:39:34+00:00,2016-04-19T20:39:38+00:00,0,Data Import,375.44
DemocracyClub/UK-Polling-Stations,91,Import E06000038-Reading,closed,davidmiller,davidmiller,2015-04-10T11:34:33+00:00,2015-04-19T19:08:17+00:00,2015-04-19T19:08:19+00:00,0,Data Import,9.32
DemocracyClub/UK-Polling-Stations,92,Import E07000208-Epsom,closed,davidmiller,chris48s,2015-04-10T11:36:50+00:00,2016-07-24T17:43:24+00:00,2016-07-24T17:43:24+00:00,1,Data Import,471.25
DemocracyClub/UK-Polling-Stations,93,Import E09000009-Ealing,closed,davidmiller,symroe,2015-04-10T11:38:37+00:00,2016-04-08T16:14:02+00:00,2016-04-08T16:14:05+00:00,1,Data Import,364.19
DemocracyClub/UK-Polling-Stations,94,Import E07000181-West-Oxfordshire,closed,davidmiller,chris48s,2015-04-10T16:19:54+00:00,2016-04-19T20:39:51+00:00,2016-04-19T20:39:56+00:00,0,Data Import,375.18
DemocracyClub/UK-Polling-Stations,95,Import E07000118-Chorley,closed,davidmiller,davidmiller,2015-04-10T16:25:30+00:00,2015-04-19T19:08:22+00:00,2015-04-19T19:08:23+00:00,0,Data Import,9.11
DemocracyClub/UK-Polling-Stations,96,Import E07000121-Lancaster,closed,davidmiller,chris48s,2015-04-13T11:24:50+00:00,2016-04-19T20:39:55+00:00,2016-04-19T20:39:58+00:00,0,Data Import,372.39
DemocracyClub/UK-Polling-Stations,97,Import E08000022-North-Tyneside,closed,davidmiller,davidmiller,2015-04-13T12:13:59+00:00,2015-04-19T19:08:18+00:00,2015-04-19T19:08:19+00:00,0,Data Import,6.29
DemocracyClub/UK-Polling-Stations,98,Import E07000144-Broadland,closed,davidmiller,chris48s,2015-04-13T12:29:03+00:00,2016-04-19T20:39:58+00:00,2016-04-19T20:40:02+00:00,0,Data Import,372.34
DemocracyClub/UK-Polling-Stations,99,Import E07000139-North-Kestevan,closed,davidmiller,chris48s,2015-04-13T12:42:43+00:00,2016-04-19T20:40:01+00:00,2016-04-19T20:40:05+00:00,0,Data Import,372.33
DemocracyClub/UK-Polling-Stations,102,Why don't we know where Phil should vote? ,closed,davidmiller,symroe,2015-04-15T14:57:03+00:00,2015-04-27T12:49:57+00:00,2015-04-27T13:00:36+00:00,9,,11.91
DemocracyClub/UK-Polling-Stations,103,KeyError for invalid postcode,closed,PhilRumens,tfgg,2015-04-15T15:05:26+00:00,2016-03-23T10:49:29+00:00,2016-03-23T10:49:44+00:00,2,bug :bug:,342.82
DemocracyClub/UK-Polling-Stations,104,Two polling stations,closed,PhilRumens,symroe,2015-04-15T15:14:26+00:00,2015-04-27T15:04:07+00:00,2015-04-27T15:04:07+00:00,6,,11.99
DemocracyClub/UK-Polling-Stations,106,No polling station listed at http://pollingstations.democracyclub.org.uk/postcode/RG183BA/,closed,symroe,davidmiller,2015-04-27T13:02:07+00:00,2015-04-27T15:00:04+00:00,2015-04-27T15:00:06+00:00,3,,0.08
DemocracyClub/UK-Polling-Stations,111,Improvements to Embed version,closed,symroe,davidmiller,2015-04-28T18:01:18+00:00,2015-04-30T07:21:08+00:00,2015-04-30T07:21:09+00:00,2,,1.56
DemocracyClub/UK-Polling-Stations,117,No polling station displayed,closed,PhilRumens,symroe,2015-04-30T09:49:06+00:00,2015-04-30T11:47:58+00:00,2015-04-30T11:48:00+00:00,1,,0.08
DemocracyClub/UK-Polling-Stations,118,Wrong polling station displayed,closed,PhilRumens,symroe,2015-04-30T09:49:58+00:00,2015-04-30T11:46:36+00:00,2015-04-30T11:46:38+00:00,2,,0.08
DemocracyClub/UK-Polling-Stations,119,MultipleObjectsReturned at /postcode/RG145LD/,closed,PhilRumens,PhilRumens,2015-04-30T12:23:50+00:00,2015-05-05T08:33:47+00:00,2015-05-05T08:33:47+00:00,2,,4.84
DemocracyClub/UK-Polling-Stations,120,Minor Styling Issue,closed,PhilRumens,chris48s,2015-05-05T08:37:17+00:00,2016-05-30T11:34:07+00:00,2016-05-30T11:34:07+00:00,2,,391.12
DemocracyClub/UK-Polling-Stations,122,SEO for 'polling booth' etc,closed,symroe,pmk01,2015-05-07T07:50:26+00:00,2024-01-17T16:30:06+00:00,2024-01-17T16:30:06+00:00,3,help wanted,3177.36
DemocracyClub/UK-Polling-Stations,123,"East Lothian ""phone your council"" page says something weird",closed,handelaar,chris48s,2015-05-07T13:49:27+00:00,2017-04-08T20:53:04+00:00,2017-04-08T20:53:04+00:00,4,,702.29
DemocracyClub/UK-Polling-Stations,129,Project could benefit from clearer contributing guidelines,closed,chris48s,chris48s,2016-01-31T12:43:56+00:00,2017-02-19T12:15:17+00:00,2017-02-19T12:15:17+00:00,1,,384.98
DemocracyClub/UK-Polling-Stations,131,Create data takedown procedure,closed,symroe,symroe,2016-02-01T17:16:23+00:00,2017-04-10T09:55:44+00:00,2017-04-10T09:55:44+00:00,0,,433.69
DemocracyClub/UK-Polling-Stations,132,UPRN look up,closed,symroe,chris48s,2016-02-01T17:20:08+00:00,2016-07-17T12:58:45+00:00,2016-07-17T12:58:45+00:00,3,,166.82
DemocracyClub/UK-Polling-Stations,133,Performance and load testing,closed,symroe,chris48s,2016-02-01T17:21:19+00:00,2017-04-08T20:56:38+00:00,2017-04-08T20:56:38+00:00,3,,432.15
DemocracyClub/UK-Polling-Stations,134,Translations,closed,symroe,chris48s,2016-02-01T17:21:43+00:00,2016-05-30T11:36:37+00:00,2016-05-30T11:36:37+00:00,5,,118.76
DemocracyClub/UK-Polling-Stations,135,Support the Google's Civic Information API,closed,symroe,GeoWill,2016-02-01T17:22:45+00:00,2024-01-17T17:06:09+00:00,2024-01-17T17:06:09+00:00,0,On hold ⛔,2906.99
DemocracyClub/UK-Polling-Stations,137,Become more accessible to potential contributors,closed,symroe,chris48s,2016-02-05T10:02:27+00:00,2017-04-08T20:58:45+00:00,2017-04-08T20:58:49+00:00,4,,428.46
DemocracyClub/UK-Polling-Stations,138,Serve compressed static assets from a CDN,closed,symroe,chris48s,2016-02-05T10:33:01+00:00,2016-03-19T09:20:59+00:00,2016-03-19T09:21:03+00:00,1,,42.95
DemocracyClub/UK-Polling-Stations,139,"Add a ""report problems"" feedback form",closed,symroe,chris48s,2016-02-05T10:34:42+00:00,2018-03-27T13:33:37+00:00,2018-03-27T13:33:37+00:00,10,,781.12
DemocracyClub/UK-Polling-Stations,140,Write tests and set up CI,closed,symroe,chris48s,2016-02-05T10:36:33+00:00,2016-05-30T13:33:18+00:00,2016-05-30T13:33:19+00:00,3,,115.12
DemocracyClub/UK-Polling-Stations,141,Find ways to reassure data providers,closed,symroe,chris48s,2016-02-05T10:46:33+00:00,2019-01-08T17:31:30+00:00,2019-01-08T17:31:30+00:00,2,,1068.28
DemocracyClub/UK-Polling-Stations,143,Decide on logged data to report back to councils,closed,symroe,chris48s,2016-02-09T16:37:11+00:00,2019-01-08T17:28:47+00:00,2019-01-08T17:28:48+00:00,2,,1064.04
DemocracyClub/UK-Polling-Stations,144,Python 3 issues,closed,chris48s,symroe,2016-02-09T20:28:45+00:00,2016-02-16T11:55:12+00:00,2016-02-16T11:55:16+00:00,2,,6.64
DemocracyClub/UK-Polling-Stations,156,Import W06000004-Denbighshire,closed,chris48s,symroe,2016-03-05T14:51:02+00:00,2016-03-14T10:36:57+00:00,2016-03-14T10:37:00+00:00,1,Data Import,8.82
DemocracyClub/UK-Polling-Stations,157,Import W06000008-Ceredigion,closed,chris48s,symroe,2016-03-05T14:51:12+00:00,2016-04-25T08:36:05+00:00,2016-04-25T08:36:09+00:00,2,Data Import,50.74
DemocracyClub/UK-Polling-Stations,158,Import W06000014-Vale-of-Glamorgan,closed,chris48s,symroe,2016-03-05T14:51:25+00:00,2016-03-07T13:52:51+00:00,2016-03-07T13:52:55+00:00,0,,1.96
DemocracyClub/UK-Polling-Stations,164,Double check Cardiff data,closed,symroe,chris48s,2016-03-08T16:41:08+00:00,2016-05-30T11:37:37+00:00,2016-05-30T11:37:37+00:00,2,,82.79
DemocracyClub/UK-Polling-Stations,165,Import W06000016-Rhondda-Cynon-Taf,closed,chris48s,symroe,2016-03-08T20:02:09+00:00,2016-03-14T11:20:40+00:00,2016-03-14T11:20:44+00:00,0,Data Import,5.64
DemocracyClub/UK-Polling-Stations,167,Import W06000010-Carmarthenshire,closed,chris48s,chris48s,2016-03-08T20:13:15+00:00,2016-07-24T17:43:35+00:00,2016-07-24T17:43:35+00:00,6,Data Import,137.9
DemocracyClub/UK-Polling-Stations,170,Import E09000003-Barnet,closed,chris48s,chris48s,2016-03-13T16:16:13+00:00,2016-07-24T17:43:52+00:00,2016-07-24T17:43:56+00:00,1,Data Import,133.06
DemocracyClub/UK-Polling-Stations,171,Import E09000007-Camden,closed,chris48s,symroe,2016-03-13T16:16:45+00:00,2016-04-08T16:11:02+00:00,2016-04-08T16:11:07+00:00,2,Data Import,26.0
DemocracyClub/UK-Polling-Stations,172,Import E09000012-Hackney,closed,chris48s,chris48s,2016-03-13T16:17:50+00:00,2016-07-24T17:43:59+00:00,2016-07-24T17:44:03+00:00,1,Data Import,133.06
DemocracyClub/UK-Polling-Stations,173,Import W06000006-Wrexham,closed,chris48s,chris48s,2016-03-13T16:19:21+00:00,2016-07-24T17:45:27+00:00,2016-07-24T17:45:27+00:00,4,Data Import,133.06
DemocracyClub/UK-Polling-Stations,174,Councils with their own polling stations finders,closed,chris48s,symroe,2016-03-13T16:24:54+00:00,2016-04-19T07:58:21+00:00,2016-05-05T09:56:46+00:00,1,,36.65
DemocracyClub/UK-Polling-Stations,175,Obtain data directly from the web in preference to files (where possible),closed,chris48s,chris48s,2016-03-13T16:29:29+00:00,2016-07-24T17:45:56+00:00,2016-07-24T17:45:56+00:00,1,,133.05
DemocracyClub/UK-Polling-Stations,176,Import W06000009-Pembrokeshire,closed,chris48s,symroe,2016-03-13T21:33:59+00:00,2016-04-25T08:33:37+00:00,2016-04-25T08:33:42+00:00,2,Data Import,42.46
DemocracyClub/UK-Polling-Stations,179,Point NI postcodes to official site,closed,symroe,symroe,2016-03-15T09:32:24+00:00,2016-04-19T07:58:21+00:00,2016-04-19T07:58:25+00:00,1,,34.93
DemocracyClub/UK-Polling-Stations,180,Log the postcodes searched for,closed,symroe,symroe,2016-03-15T10:38:16+00:00,2016-03-26T11:42:48+00:00,2016-03-26T11:42:51+00:00,1,,11.04
DemocracyClub/UK-Polling-Stations,185,Add a English/Cymraeg toggle to the top right of the site,closed,JoeMitchell,symroe,2016-03-18T08:57:12+00:00,2016-05-02T08:59:25+00:00,2016-05-02T08:59:29+00:00,0,enhancement,45.0
DemocracyClub/UK-Polling-Stations,186,Implement routing on map directly,closed,symroe,tfgg,2016-03-18T12:32:01+00:00,2016-03-23T10:47:04+00:00,2016-03-23T10:47:07+00:00,2,enhancement,4.93
DemocracyClub/UK-Polling-Stations,187,Issues with DC Theme,closed,chris48s,symroe,2016-03-19T14:17:51+00:00,2016-06-14T19:52:56+00:00,2016-06-14T19:53:00+00:00,1,,87.23
DemocracyClub/UK-Polling-Stations,188,Update API page to use new theme,closed,chris48s,pmk01,2016-03-19T14:18:53+00:00,2024-01-17T16:55:53+00:00,2024-01-17T16:55:53+00:00,1,api,2860.11
DemocracyClub/UK-Polling-Stations,189,Improve UX for address_select view on Android (possibly other mobile devices?),closed,chris48s,chris48s,2016-03-19T14:27:58+00:00,2016-10-21T18:09:55+00:00,2016-10-21T18:09:55+00:00,0,enhancement;design 🎨,216.15
DemocracyClub/UK-Polling-Stations,192,HomeView and PostcodeView should route consistently,closed,chris48s,symroe,2016-03-19T18:34:11+00:00,2016-03-30T15:38:03+00:00,2016-03-30T15:38:07+00:00,0,,10.88
DemocracyClub/UK-Polling-Stations,194,/address endpoint should use predictable URLs,closed,chris48s,symroe,2016-03-20T19:39:33+00:00,2016-04-11T16:01:50+00:00,2016-04-11T16:01:54+00:00,0,,21.85
DemocracyClub/UK-Polling-Stations,197,Import W06000011-Swansea,closed,chris48s,chris48s,2016-03-22T07:55:00+00:00,2016-07-17T12:54:33+00:00,2016-07-17T12:54:33+00:00,2,Data Import,117.21
DemocracyClub/UK-Polling-Stations,198,Import W06000024-Merthyr-Tydfil,closed,chris48s,symroe,2016-03-22T07:55:33+00:00,2016-05-02T08:50:59+00:00,2016-05-02T08:50:59+00:00,1,Data Import,41.04
DemocracyClub/UK-Polling-Stations,199,'Coming soon' text for postcodes in councils that have provided data?,closed,JoeMitchell,symroe,2016-03-22T08:54:38+00:00,2016-04-19T07:58:21+00:00,2016-04-19T07:58:25+00:00,1,,27.96
DemocracyClub/UK-Polling-Stations,200,Test Angus Council data links,closed,JoeMitchell,chris48s,2016-03-22T09:10:49+00:00,2019-01-08T17:25:30+00:00,2019-01-08T17:25:30+00:00,1,,1022.34
DemocracyClub/UK-Polling-Stations,202,Move get_polling_station out of view code,closed,symroe,chris48s,2016-03-22T14:13:37+00:00,2016-03-27T22:20:01+00:00,2016-03-27T22:20:04+00:00,0,,5.34
DemocracyClub/UK-Polling-Stations,203,Do we need a house icon for the start location?,closed,symroe,symroe,2016-03-22T15:22:07+00:00,2016-05-03T22:00:34+00:00,2016-05-03T22:00:38+00:00,2,,42.28
DemocracyClub/UK-Polling-Stations,204,Reword heading / opening sentence on result page (to avoid repeating “polling station”),closed,davidmiller,symroe,2016-03-22T15:36:32+00:00,2017-04-10T09:56:19+00:00,2017-04-10T09:56:23+00:00,1,,383.76
DemocracyClub/UK-Polling-Stations,206,Hide map if location is NULL,closed,chris48s,symroe,2016-03-22T20:55:39+00:00,2016-03-30T15:39:17+00:00,2016-03-30T15:39:21+00:00,0,,7.78
DemocracyClub/UK-Polling-Stations,209,Include the date of polling day in the copy on the results page,closed,andylolz,symroe,2016-03-24T18:38:43+00:00,2016-06-09T12:39:58+00:00,2016-06-09T12:40:02+00:00,0,,76.75
DemocracyClub/UK-Polling-Stations,210,Import S12000036-Edinburgh,closed,chris48s,symroe,2016-03-24T18:39:16+00:00,2016-04-08T16:17:32+00:00,2016-04-08T16:17:36+00:00,1,Data Import,14.9
DemocracyClub/UK-Polling-Stations,211,"""name 'build_directions_url' is not defined"" on /address endpoint",closed,chris48s,symroe,2016-03-24T20:35:47+00:00,2016-03-30T15:38:03+00:00,2016-03-30T15:38:07+00:00,0,bug :bug:,5.79
DemocracyClub/UK-Polling-Stations,216,"Review/update existing import code + add unique_together on (council_id, internal_council_id)",closed,chris48s,symroe,2016-03-27T14:35:56+00:00,2016-04-19T07:50:51+00:00,2016-04-19T07:52:15+00:00,4,,22.72
DemocracyClub/UK-Polling-Stations,220,errors on /postcode api endpoint,closed,chris48s,chris48s,2016-04-01T20:28:11+00:00,2016-12-29T15:23:29+00:00,2016-12-29T15:23:29+00:00,1,bug :bug:;api,271.79
DemocracyClub/UK-Polling-Stations,226,"Think about asking for email address on ""polling station not found page""",closed,symroe,symroe,2016-04-04T09:25:52+00:00,2016-05-02T08:58:44+00:00,2016-05-02T08:58:49+00:00,1,,27.98
DemocracyClub/UK-Polling-Stations,227,Check contact details of councils,closed,JoeMitchell,JoeMitchell,2016-04-05T12:31:06+00:00,2016-04-18T15:30:56+00:00,2016-04-18T15:31:01+00:00,4,,13.12
DemocracyClub/UK-Polling-Stations,228,Import E06000037-West Berkshire (new data available),closed,chris48s,symroe,2016-04-07T18:56:58+00:00,2016-04-25T08:33:58+00:00,2016-04-25T08:34:03+00:00,0,Data Import,17.57
DemocracyClub/UK-Polling-Stations,229,Import E09000014-Haringey,closed,chris48s,symroe,2016-04-07T18:57:30+00:00,2016-04-25T08:30:45+00:00,2016-04-25T08:30:49+00:00,0,Data Import,17.56
DemocracyClub/UK-Polling-Stations,230,Import W06000003-Conwy,closed,chris48s,symroe,2016-04-07T18:57:50+00:00,2016-04-25T08:35:40+00:00,2016-04-25T08:35:43+00:00,0,Data Import,17.57
DemocracyClub/UK-Polling-Stations,231,Import E06000023-Bristol (new data available),closed,chris48s,chris48s,2016-04-07T18:58:50+00:00,2016-07-24T17:46:06+00:00,2016-07-24T17:46:06+00:00,2,Data Import,107.95
DemocracyClub/UK-Polling-Stations,234,Improve directions/routing where we have property-level grid refs,open,chris48s,,2016-04-10T19:35:17+00:00,,2025-10-01T10:42:48+00:00,3,,
DemocracyClub/UK-Polling-Stations,235,Wrap long address text in AddressFormView,open,chris48s,,2016-04-10T19:38:12+00:00,,2025-10-01T10:26:43+00:00,0,enhancement;design 🎨;Address picker,
DemocracyClub/UK-Polling-Stations,236,Improve code for coloured console output in data quality report,closed,chris48s,GeoWill,2016-04-11T16:24:15+00:00,2021-10-19T13:55:43+00:00,2021-10-19T13:55:43+00:00,1,enhancement,2016.9
DemocracyClub/UK-Polling-Stations,237,Produce web page version of data quality report,closed,chris48s,symroe,2016-04-12T20:14:21+00:00,2016-04-19T07:52:53+00:00,2016-04-19T07:52:57+00:00,0,,6.49
DemocracyClub/UK-Polling-Stations,238,"Retire 2015 import scripts/data, tag current data/scripts with election IDs",closed,chris48s,symroe,2016-04-12T20:15:58+00:00,2016-04-19T07:50:51+00:00,2016-04-19T07:52:14+00:00,0,,6.48
DemocracyClub/UK-Polling-Stations,242,Add notes to data reports,closed,symroe,pmk01,2016-04-19T08:45:02+00:00,2024-01-17T16:37:36+00:00,2024-01-17T16:37:36+00:00,0,,2829.33
DemocracyClub/UK-Polling-Stations,244,Copy edits for Welsh site,closed,JoeMitchell,symroe,2016-04-21T08:54:15+00:00,2016-10-06T17:20:17+00:00,2016-10-06T17:20:17+00:00,4,enhancement,168.35
DemocracyClub/UK-Polling-Stations,250,Import E08000033-Calderdale,closed,chris48s,symroe,2016-04-23T23:26:06+00:00,2016-05-02T08:52:12+00:00,2016-05-02T08:52:15+00:00,0,Data Import,8.39
DemocracyClub/UK-Polling-Stations,262,background / foreground colour combination makes “English / Cymraeg” link text difficult to read,closed,andylolz,chris48s,2016-05-04T08:40:29+00:00,2016-05-04T19:50:04+00:00,2016-05-04T22:26:36+00:00,2,,0.46
DemocracyClub/UK-Polling-Stations,264,Import Southampton from INSPIRE WMS,closed,symroe,symroe,2016-05-05T10:16:18+00:00,2016-06-09T12:39:36+00:00,2016-06-09T12:39:40+00:00,1,Data Import,35.1
DemocracyClub/UK-Polling-Stations,265,Wrong polling station returned,closed,PhilRumens,symroe,2016-05-10T10:44:55+00:00,2016-06-21T09:51:12+00:00,2016-06-21T09:51:17+00:00,11,,41.96
DemocracyClub/UK-Polling-Stations,266,Improve logging,closed,chris48s,symroe,2016-05-11T20:44:18+00:00,2016-06-09T12:55:09+00:00,2016-06-09T12:55:13+00:00,0,,28.67
DemocracyClub/UK-Polling-Stations,267,Crowdsource Polling Stations,closed,chris48s,chris48s,2016-05-11T20:46:21+00:00,2016-06-07T14:09:07+00:00,2016-06-07T14:09:07+00:00,6,,26.72
DemocracyClub/UK-Polling-Stations,272,Make the “give us data!” signup form a bit clearer,closed,andylolz,chris48s,2016-05-17T10:25:37+00:00,2017-10-02T10:14:23+00:00,2017-10-02T10:14:23+00:00,1,,502.99
DemocracyClub/UK-Polling-Stations,274,Update links to external polling station finders (inc. removing link to LondonElects),closed,andylolz,symroe,2016-05-20T12:58:45+00:00,2016-06-16T16:04:48+00:00,2016-06-16T16:04:52+00:00,1,,27.13
DemocracyClub/UK-Polling-Stations,275,Make `/league_table` a bit more league tabley,closed,andylolz,chris48s,2016-05-20T14:33:32+00:00,2019-01-08T17:24:39+00:00,2019-01-08T17:24:39+00:00,1,,963.12
DemocracyClub/UK-Polling-Stations,276,Add a “don't log this” param (to use with example postcodes),closed,andylolz,pmk01,2016-05-20T16:37:06+00:00,2024-01-17T16:54:39+00:00,2024-01-17T16:54:40+00:00,0,,2798.01
DemocracyClub/UK-Polling-Stations,278,Show an error on the homepage when an invalid postcode is entered,closed,andylolz,chris48s,2016-05-22T18:21:48+00:00,2016-09-29T19:26:24+00:00,2016-09-29T19:26:28+00:00,1,,130.04
DemocracyClub/UK-Polling-Stations,279,Add something to the “register to vote” sidebar widget about registering for a postal vote,closed,andylolz,andylolz,2016-05-26T11:55:46+00:00,2016-06-21T13:47:10+00:00,2016-06-21T13:47:10+00:00,1,,26.08
DemocracyClub/UK-Polling-Stations,280,Add some metadata,closed,andylolz,symroe,2016-05-27T08:44:12+00:00,2016-06-20T11:37:25+00:00,2016-06-20T11:37:29+00:00,1,,24.12
DemocracyClub/UK-Polling-Stations,281,Import E09000022-Lambeth,closed,chris48s,symroe,2016-05-27T11:05:28+00:00,2016-06-09T12:41:41+00:00,2016-06-09T12:41:44+00:00,0,Data Import,13.07
DemocracyClub/UK-Polling-Stations,282,Import E08000026-Coventry,closed,chris48s,chris48s,2016-05-27T11:05:44+00:00,2016-06-15T07:09:06+00:00,2016-06-15T07:09:09+00:00,5,Data Import,18.84
DemocracyClub/UK-Polling-Stations,283,Update W06000024-Merthyr-Tydfil,closed,chris48s,chris48s,2016-05-27T11:05:58+00:00,2016-07-17T12:46:10+00:00,2016-07-17T12:46:10+00:00,1,Data Import,51.07
DemocracyClub/UK-Polling-Stations,284,Import E09000033-Westminster,closed,chris48s,symroe,2016-05-27T11:06:52+00:00,2016-06-20T07:42:22+00:00,2016-06-20T07:42:26+00:00,0,Data Import,23.86
DemocracyClub/UK-Polling-Stations,285,Import E09000026-Redbridge,closed,chris48s,symroe,2016-05-27T16:20:42+00:00,2016-06-09T12:40:52+00:00,2016-06-09T12:40:55+00:00,0,Data Import,12.85
DemocracyClub/UK-Polling-Stations,289,"Update/Re-import Camden, Ealing and City of London on live site",closed,chris48s,chris48s,2016-05-30T11:51:05+00:00,2016-07-17T12:50:22+00:00,2016-07-17T12:50:26+00:00,1,Data Import,48.04
DemocracyClub/UK-Polling-Stations,290,Add automated tests for PostcodeView and AddressView,closed,chris48s,symroe,2016-05-30T13:30:58+00:00,2016-06-13T14:18:54+00:00,2016-06-13T14:18:54+00:00,0,,14.03
DemocracyClub/UK-Polling-Stations,291,Review the /about page and link it up,closed,chris48s,symroe,2016-05-30T13:50:31+00:00,2016-06-13T13:38:46+00:00,2016-06-13T13:38:51+00:00,2,,13.99
DemocracyClub/UK-Polling-Stations,293,Import E09000020-Kensington & Chelsea,closed,chris48s,symroe,2016-06-01T16:13:04+00:00,2016-06-20T07:42:05+00:00,2016-06-20T07:42:10+00:00,1,Data Import,18.65
DemocracyClub/UK-Polling-Stations,294,Import E09000021-Kingston,closed,JoeMitchell,chris48s,2016-06-06T10:32:10+00:00,2016-06-15T07:09:53+00:00,2016-06-15T07:09:53+00:00,2,Data Import,8.86
DemocracyClub/UK-Polling-Stations,295,Import E09000031-Waltham-Forest,closed,JoeMitchell,chris48s,2016-06-06T15:38:34+00:00,2016-06-15T07:13:28+00:00,2016-06-15T07:13:28+00:00,2,Data Import,8.65
DemocracyClub/UK-Polling-Stations,296,Import E09000018-Hounslow,closed,JoeMitchell,symroe,2016-06-06T16:16:12+00:00,2016-06-09T12:35:12+00:00,2016-06-09T12:35:18+00:00,1,Data Import,2.85
DemocracyClub/UK-Polling-Stations,297,Import E09000027-Richmond/2016/,closed,JoeMitchell,chris48s,2016-06-06T19:28:15+00:00,2016-07-17T12:41:20+00:00,2016-07-17T12:41:23+00:00,4,Data Import,40.72
DemocracyClub/UK-Polling-Stations,298,Import E09000030-Tower-Hamlets,closed,chris48s,symroe,2016-06-06T19:48:12+00:00,2016-06-20T07:42:39+00:00,2016-06-20T07:42:42+00:00,2,Data Import,13.5
DemocracyClub/UK-Polling-Stations,301,Import E09000005-Brent/2016,closed,JoeMitchell,chris48s,2016-06-09T10:22:11+00:00,2016-07-17T12:40:32+00:00,2016-07-17T12:40:36+00:00,2,Data Import,38.1
DemocracyClub/UK-Polling-Stations,302,Import E09000010-Enfield,closed,JoeMitchell,symroe,2016-06-09T16:16:24+00:00,2016-06-20T07:41:57+00:00,2016-06-20T07:42:00+00:00,1,Data Import,10.64
DemocracyClub/UK-Polling-Stations,303,Move data to it's own repo,closed,symroe,symroe,2016-06-09T17:22:28+00:00,2016-11-14T20:40:39+00:00,2016-11-14T20:40:43+00:00,2,,158.14
DemocracyClub/UK-Polling-Stations,311,Import E09000029-Sutton,closed,JoeMitchell,chris48s,2016-06-13T13:37:16+00:00,2016-07-17T12:39:51+00:00,2016-07-17T12:39:55+00:00,2,Data Import,33.96
DemocracyClub/UK-Polling-Stations,312,Import E09000019-Islington/2016/,closed,JoeMitchell,symroe,2016-06-13T13:38:10+00:00,2016-06-20T07:42:32+00:00,2016-06-20T07:42:37+00:00,1,Data Import,6.75
DemocracyClub/UK-Polling-Stations,313,"Re-import E09000014-Haringey (or do nothing, cos unchanged?) ",closed,JoeMitchell,chris48s,2016-06-13T13:55:50+00:00,2016-06-13T16:01:41+00:00,2016-06-13T16:01:41+00:00,2,Data Import,0.09
DemocracyClub/UK-Polling-Stations,314,Import E09000017-Hillingdon,closed,JoeMitchell,chris48s,2016-06-14T08:22:03+00:00,2016-07-17T12:38:10+00:00,2016-07-17T12:38:14+00:00,2,Data Import,33.18
DemocracyClub/UK-Polling-Stations,315,Import E09000004-Bexley,closed,JoeMitchell,symroe,2016-06-14T11:29:59+00:00,2016-06-20T07:42:15+00:00,2016-06-20T07:42:19+00:00,1,Data Import,5.84
DemocracyClub/UK-Polling-Stations,316,Import E09000003-Barnet,closed,JoeMitchell,chris48s,2016-06-14T13:44:03+00:00,2016-07-17T12:36:15+00:00,2016-07-17T12:36:19+00:00,4,Data Import,32.95
DemocracyClub/UK-Polling-Stations,317,Fix councils scraper,closed,chris48s,chris48s,2016-06-14T20:20:45+00:00,2016-10-07T20:10:45+00:00,2016-10-07T20:10:45+00:00,3,,114.99
DemocracyClub/UK-Polling-Stations,318,Improve /postcode api endpoint,closed,chris48s,chris48s,2016-06-14T20:23:10+00:00,2017-02-10T18:46:05+00:00,2017-02-10T18:46:05+00:00,1,enhancement;api,240.93
DemocracyClub/UK-Polling-Stations,319,Import E09000023-Lewisham,closed,JoeMitchell,symroe,2016-06-15T09:32:05+00:00,2016-06-20T07:43:32+00:00,2016-06-20T07:43:36+00:00,0,Data Import,4.92
DemocracyClub/UK-Polling-Stations,320,Import E09000028-Southwark,closed,JoeMitchell,symroe,2016-06-15T14:12:31+00:00,2016-06-20T07:40:54+00:00,2016-06-20T07:40:58+00:00,0,Data Import,4.73
DemocracyClub/UK-Polling-Stations,322,Import E09000002-Barking-and-Dagenham,closed,JoeMitchell,chris48s,2016-06-16T15:09:44+00:00,2016-07-17T12:39:00+00:00,2016-07-17T12:39:04+00:00,1,Data Import,30.9
DemocracyClub/UK-Polling-Stations,323,Import E09000011-Greenwich,closed,JoeMitchell,symroe,2016-06-16T17:59:08+00:00,2016-06-20T07:41:22+00:00,2016-06-20T07:41:26+00:00,0,Data Import,3.57
DemocracyClub/UK-Polling-Stations,325,Add number of postcodes that span districts to data quality report,closed,symroe,GeoWill,2016-06-17T08:52:27+00:00,2025-10-01T10:27:24+00:00,2025-10-01T10:27:24+00:00,0,,3393.07
DemocracyClub/UK-Polling-Stations,329,Import W06000012-Neath-Port-Talbot,closed,JoeMitchell,chris48s,2016-06-17T16:06:16+00:00,2016-07-17T12:37:21+00:00,2016-07-17T12:37:21+00:00,2,Data Import,29.85
DemocracyClub/UK-Polling-Stations,332,"Add ""my address is not in the list"" to address picker",closed,symroe,symroe,2016-06-19T11:45:57+00:00,2016-10-06T14:41:24+00:00,2016-10-06T14:41:28+00:00,0,,109.12
DemocracyClub/UK-Polling-Stations,342,Add option to open external links in a new window on embedded version,closed,symroe,chris48s,2016-06-20T13:05:39+00:00,2017-03-25T19:15:10+00:00,2017-03-25T19:15:10+00:00,1,,278.26
DemocracyClub/UK-Polling-Stations,343,Update South Cambridgeshire data from 5 May,closed,JoeMitchell,chris48s,2016-06-20T13:49:01+00:00,2016-07-17T12:47:09+00:00,2016-07-17T12:47:09+00:00,1,,26.96
DemocracyClub/UK-Polling-Stations,344,Add some sort of “share this site to help others find out where to vote” thing,open,andylolz,,2016-06-21T12:11:21+00:00,,2017-12-01T10:18:59+00:00,1,help wanted,
DemocracyClub/UK-Polling-Stations,345,fix map tiles on live site,closed,chris48s,symroe,2016-07-13T19:24:53+00:00,2016-09-07T13:29:35+00:00,2016-09-07T13:29:40+00:00,0,,55.75
DemocracyClub/UK-Polling-Stations,349,Make a better job of dealing with postcodes that sit across local authority boundaries,closed,chris48s,GeoWill,2016-07-16T23:03:58+00:00,2021-01-21T15:05:58+00:00,2021-01-21T15:05:58+00:00,1,in progress,1649.67
DemocracyClub/UK-Polling-Stations,351,/postcode API endpoint is not documented,closed,chris48s,chris48s,2016-07-17T13:51:42+00:00,2017-02-10T18:45:51+00:00,2017-02-10T18:45:51+00:00,1,api,208.2
DemocracyClub/UK-Polling-Stations,352,API HTML outputs are broken on live site,closed,chris48s,symroe,2016-07-17T13:52:43+00:00,2017-02-13T13:36:46+00:00,2017-02-13T13:36:50+00:00,0,bug :bug:;api,210.99
DemocracyClub/UK-Polling-Stations,356,Write more import scripts for APIs/open data,closed,chris48s,chris48s,2016-07-24T17:41:52+00:00,2017-02-12T15:34:34+00:00,2017-02-12T15:34:34+00:00,1,,202.91
DemocracyClub/UK-Polling-Stations,357,League table doesn't work on live site,closed,chris48s,chris48s,2016-08-09T18:55:23+00:00,2019-01-09T10:54:34+00:00,2019-01-09T10:54:34+00:00,3,bug :bug:,882.67
DemocracyClub/UK-Polling-Stations,360,Remove date of referendum from results page,closed,JoeMitchell,symroe,2016-09-14T08:46:17+00:00,2016-09-19T07:00:23+00:00,2016-09-19T07:00:23+00:00,2,,4.93
DemocracyClub/UK-Polling-Stations,362,Prevent some views from being indexed,closed,chris48s,symroe,2016-09-18T18:11:46+00:00,2016-10-06T16:43:00+00:00,2016-10-06T16:43:04+00:00,0,,17.94
DemocracyClub/UK-Polling-Stations,363,SSL cert for wheredoivote.wales is misconfigured,closed,chris48s,chris48s,2016-09-21T21:15:19+00:00,2017-11-24T16:53:37+00:00,2017-11-24T16:53:37+00:00,1,,428.82
DemocracyClub/UK-Polling-Stations,365,Fix map tiles (again?) ,closed,JoeMitchell,chris48s,2016-09-28T20:22:48+00:00,2016-09-29T06:46:38+00:00,2016-09-29T06:46:38+00:00,1,,0.43
DemocracyClub/UK-Polling-Stations,366,"""Your next election is ().""",closed,JoeMitchell,chris48s,2016-09-28T20:34:38+00:00,2016-09-29T06:46:54+00:00,2016-09-29T06:46:54+00:00,1,,0.43
DemocracyClub/UK-Polling-Stations,367,List of things we think need UX testing,closed,symroe,chris48s,2016-10-06T14:39:14+00:00,2017-05-24T10:30:55+00:00,2017-05-24T10:30:55+00:00,6,enhancement;help wanted;design 🎨,229.83
DemocracyClub/UK-Polling-Stations,372,don't show phone no as tel: link in browsers that don't support it,closed,symroe,pmk01,2016-10-13T10:27:19+00:00,2024-01-17T16:56:02+00:00,2024-01-17T16:56:02+00:00,3,enhancement;contender,2652.27
DemocracyClub/UK-Polling-Stations,376,Use Django System check framework to warn about missing settings,closed,chris48s,symroe,2016-10-21T18:15:51+00:00,2016-12-05T09:55:43+00:00,2016-12-05T09:55:47+00:00,0,,44.65
DemocracyClub/UK-Polling-Stations,377,Import E06000014-York,closed,chris48s,chris48s,2016-10-21T18:48:22+00:00,2016-12-15T17:04:40+00:00,2016-12-15T17:04:44+00:00,1,Data Import;recommended for beginners,54.93
DemocracyClub/UK-Polling-Stations,378,Import E08000035-Leeds,closed,chris48s,chris48s,2016-10-21T18:49:41+00:00,2016-12-15T17:02:38+00:00,2016-12-15T17:02:42+00:00,1,Data Import;recommended for beginners,54.93
DemocracyClub/UK-Polling-Stations,379,Import E07000030-Eden,closed,chris48s,chris48s,2016-10-21T18:50:17+00:00,2016-12-15T17:02:21+00:00,2016-12-15T17:02:26+00:00,1,Data Import;recommended for beginners,54.93
DemocracyClub/UK-Polling-Stations,380,Import E07000115-Tonbridge and Malling,closed,chris48s,chris48s,2016-10-21T18:51:41+00:00,2017-02-19T10:38:06+00:00,2017-02-19T10:38:10+00:00,1,Data Import;recommended for beginners,120.66
DemocracyClub/UK-Polling-Stations,382,Import E07000062-Hastings,closed,chris48s,chris48s,2016-10-29T17:05:43+00:00,2017-04-03T08:13:41+00:00,2017-04-03T08:13:45+00:00,0,Data Import,155.63
DemocracyClub/UK-Polling-Stations,383,Import E07000112-Shepway,closed,chris48s,chris48s,2016-10-29T17:06:25+00:00,2017-04-03T08:11:12+00:00,2017-04-03T08:11:16+00:00,0,Data Import,155.63
DemocracyClub/UK-Polling-Stations,384,Import E07000208-Epsom and Ewell,closed,chris48s,symroe,2016-10-29T17:11:09+00:00,2016-11-04T14:08:32+00:00,2016-11-04T14:08:39+00:00,0,Data Import,5.87
DemocracyClub/UK-Polling-Stations,385,Import E07000228-Mid-Sussex,closed,chris48s,symroe,2016-10-29T17:11:58+00:00,2016-11-04T14:09:38+00:00,2016-11-04T14:09:41+00:00,0,Data Import,5.87
DemocracyClub/UK-Polling-Stations,386,Councils table is missing Isles of Scilly,closed,chris48s,chris48s,2016-10-29T18:03:25+00:00,2017-03-25T19:14:41+00:00,2017-03-25T19:14:41+00:00,2,,147.05
DemocracyClub/UK-Polling-Stations,387,Import E07000116-Tunbridge Wells,closed,chris48s,chris48s,2016-10-29T20:16:49+00:00,2017-04-13T13:31:42+00:00,2017-04-13T13:31:47+00:00,1,Data Import,165.72
DemocracyClub/UK-Polling-Stations,392,Import E08000017-Doncaster,closed,chris48s,chris48s,2016-11-12T16:58:54+00:00,2017-04-03T08:11:04+00:00,2017-04-03T08:11:08+00:00,0,Data Import,141.63
DemocracyClub/UK-Polling-Stations,394,Import E07000081-Gloucester,closed,chris48s,symroe,2016-11-16T19:52:44+00:00,2017-01-13T13:04:24+00:00,2017-01-13T13:04:28+00:00,0,Data Import,57.72
DemocracyClub/UK-Polling-Stations,395,Import E07000078-Cheltenham,closed,chris48s,symroe,2016-11-16T19:52:47+00:00,2016-12-15T16:19:52+00:00,2016-12-15T16:19:55+00:00,0,Data Import,28.85
DemocracyClub/UK-Polling-Stations,396,Import E07000222-Warwick,closed,chris48s,symroe,2016-11-16T19:52:54+00:00,2016-12-15T16:17:09+00:00,2016-12-15T16:17:14+00:00,0,Data Import,28.85
DemocracyClub/UK-Polling-Stations,397,Import E07000195-Newcastle-under-Lyme,closed,chris48s,chris48s,2016-11-16T19:53:07+00:00,2017-04-21T13:44:35+00:00,2017-04-21T13:44:40+00:00,1,Data Import,155.74
DemocracyClub/UK-Polling-Stations,398,Import W06000009-Pembrokeshire,closed,chris48s,chris48s,2016-11-16T19:53:18+00:00,2016-12-15T17:01:23+00:00,2016-12-15T17:01:29+00:00,1,Data Import,28.88
DemocracyClub/UK-Polling-Stations,399,Import W06000021-Monmouthshire,closed,chris48s,symroe,2016-11-16T19:53:24+00:00,2016-12-15T16:28:29+00:00,2016-12-15T16:28:33+00:00,0,Data Import,28.86
DemocracyClub/UK-Polling-Stations,404,Do we need a 'last-updated' notice?,closed,JoeMitchell,chris48s,2016-11-21T15:08:01+00:00,2016-12-21T12:16:36+00:00,2016-12-21T12:26:56+00:00,6,question :grey_question:,29.88
DemocracyClub/UK-Polling-Stations,408,Import E07000007-Wycombe,closed,chris48s,symroe,2016-11-25T16:55:16+00:00,2016-12-15T16:27:08+00:00,2016-12-15T16:27:14+00:00,0,Data Import,19.98
DemocracyClub/UK-Polling-Stations,409,Import E07000037-High Peak,closed,chris48s,symroe,2016-11-25T16:55:43+00:00,2016-12-15T16:29:03+00:00,2016-12-15T16:29:07+00:00,0,Data Import,19.98
DemocracyClub/UK-Polling-Stations,412,Latest dc_base_theme breaks stuff,closed,chris48s,symroe,2016-11-26T19:07:53+00:00,2017-09-08T14:18:45+00:00,2017-09-08T14:18:45+00:00,1,,285.8
DemocracyClub/UK-Polling-Stations,415,Could we include photos of the polling stations? ,closed,JoeMitchell,GeoWill,2016-12-05T18:02:19+00:00,2025-10-01T10:29:05+00:00,2025-10-01T10:29:05+00:00,5,design 🎨,3221.69
DemocracyClub/UK-Polling-Stations,418,Even simpler tech requirements page,closed,JoeMitchell,chris48s,2016-12-12T10:09:10+00:00,2017-11-24T16:54:25+00:00,2017-11-24T16:54:25+00:00,2,,347.28
DemocracyClub/UK-Polling-Stations,423,RFC: Thoughts on improving the API,closed,chris48s,chris48s,2016-12-17T21:41:03+00:00,2017-02-14T20:02:24+00:00,2017-02-14T20:02:24+00:00,6,api,58.93
DemocracyClub/UK-Polling-Stations,424,Allow bulk import script to accept a regex,closed,chris48s,symroe,2016-12-18T12:08:06+00:00,2017-01-13T13:02:44+00:00,2017-01-13T13:02:47+00:00,0,,26.04
DemocracyClub/UK-Polling-Stations,429,Make S3 wrapper more fault-tolerant,closed,chris48s,pmk01,2016-12-27T00:36:38+00:00,2024-01-17T16:55:02+00:00,2024-01-17T16:55:02+00:00,0,enhancement,2577.68
DemocracyClub/UK-Polling-Stations,431,What do we show users if they don't have an election?,closed,JoeMitchell,symroe,2017-01-04T19:46:08+00:00,2017-03-27T10:07:04+00:00,2017-03-27T10:07:08+00:00,6,question :grey_question:,81.6
DemocracyClub/UK-Polling-Stations,432,Import E08000031-Wolverhampton,closed,chris48s,chris48s,2017-01-05T21:35:18+00:00,2017-04-13T15:17:11+00:00,2017-04-13T15:17:15+00:00,0,Data Import,97.74
DemocracyClub/UK-Polling-Stations,436,Unused white space next to station address?,closed,JoeMitchell,pmk01,2017-01-10T17:30:47+00:00,2024-01-17T16:38:05+00:00,2024-01-17T16:38:05+00:00,2,design 🎨,2562.96
DemocracyClub/UK-Polling-Stations,437,Import E07000224-Arun,closed,chris48s,symroe,2017-01-12T20:37:39+00:00,2017-01-23T13:15:45+00:00,2017-01-23T13:15:49+00:00,0,Data Import,10.69
DemocracyClub/UK-Polling-Stations,438,Import E07000236-Redditch,closed,chris48s,symroe,2017-01-12T20:37:41+00:00,2017-01-13T13:00:07+00:00,2017-01-13T13:00:10+00:00,0,Data Import,0.68
DemocracyClub/UK-Polling-Stations,440,Addresses sometimes don't sort nicely,closed,chris48s,symroe,2017-01-12T21:44:15+00:00,2017-02-13T13:55:31+00:00,2017-02-13T13:55:35+00:00,1,enhancement,31.67
DemocracyClub/UK-Polling-Stations,442,Import E07000113-Swale,closed,chris48s,chris48s,2017-01-18T18:43:58+00:00,2017-04-21T13:44:35+00:00,2017-04-21T13:44:40+00:00,0,Data Import,92.79
DemocracyClub/UK-Polling-Stations,443,Import E07000147-North Norfolk,closed,chris48s,symroe,2017-01-18T18:44:22+00:00,2017-01-23T13:18:52+00:00,2017-01-23T13:18:56+00:00,0,Data Import,4.77
DemocracyClub/UK-Polling-Stations,450,Import E07000152-East Northamptonshire,closed,chris48s,chris48s,2017-01-29T15:53:42+00:00,2017-05-05T15:33:37+00:00,2017-05-05T15:33:41+00:00,2,Data Import,95.99
DemocracyClub/UK-Polling-Stations,451,Import E07000156-Wellingborough,closed,chris48s,symroe,2017-01-29T15:55:04+00:00,2017-02-13T13:40:15+00:00,2017-02-13T13:40:18+00:00,0,Data Import,14.91
DemocracyClub/UK-Polling-Stations,460,Import E07000120-Hyndburn,closed,chris48s,symroe,2017-02-05T21:36:57+00:00,2017-02-13T13:39:05+00:00,2017-02-13T13:39:09+00:00,0,Data Import,7.67
DemocracyClub/UK-Polling-Stations,461,Import E07000235-Malvern-Hills,closed,chris48s,symroe,2017-02-05T21:37:24+00:00,2017-02-13T13:38:35+00:00,2017-02-13T13:38:39+00:00,0,Data Import,7.67
DemocracyClub/UK-Polling-Stations,467,Add MORPH_API_KEY to django's system checks,closed,symroe,symroe,2017-02-13T14:01:47+00:00,2017-03-14T15:30:25+00:00,2017-03-14T15:30:29+00:00,1,,29.06
DemocracyClub/UK-Polling-Stations,469,Import E07000238-Wychavon,closed,chris48s,chris48s,2017-02-14T07:44:43+00:00,2017-02-15T21:17:20+00:00,2017-02-15T21:17:24+00:00,0,Data Import,1.56
DemocracyClub/UK-Polling-Stations,470,Import E07000239-Wyre Forest,closed,chris48s,chris48s,2017-02-14T07:45:15+00:00,2017-02-17T20:35:44+00:00,2017-02-17T20:35:48+00:00,0,Data Import,3.54
DemocracyClub/UK-Polling-Stations,471,Import E07000089-Hart,closed,chris48s,chris48s,2017-02-14T07:45:58+00:00,2017-04-13T13:31:42+00:00,2017-04-13T13:31:47+00:00,4,Data Import,58.24
DemocracyClub/UK-Polling-Stations,472,Import E07000091-New Forest,closed,chris48s,chris48s,2017-02-14T07:47:32+00:00,2017-04-04T15:04:12+00:00,2017-04-04T15:04:17+00:00,0,Data Import,49.3
DemocracyClub/UK-Polling-Stations,473,Import E08000009-Trafford,closed,chris48s,chris48s,2017-02-14T07:47:55+00:00,2017-02-17T20:35:02+00:00,2017-02-17T20:35:06+00:00,0,Data Import,3.53
DemocracyClub/UK-Polling-Stations,474,Import E08000026-Coventry,closed,chris48s,chris48s,2017-02-14T07:48:26+00:00,2017-02-15T21:17:02+00:00,2017-02-15T21:17:06+00:00,0,Data Import,1.56
DemocracyClub/UK-Polling-Stations,475,Import E07000123-Preston,closed,chris48s,chris48s,2017-02-14T18:42:32+00:00,2017-02-15T21:17:13+00:00,2017-02-15T21:17:17+00:00,0,Data Import,1.11
DemocracyClub/UK-Polling-Stations,476,Import E07000226-Crawley,closed,chris48s,chris48s,2017-02-14T18:43:11+00:00,2017-02-17T20:34:44+00:00,2017-02-17T20:34:48+00:00,0,Data Import,3.08
DemocracyClub/UK-Polling-Stations,477,Import E06000046-Isle-of-Wight,closed,chris48s,chris48s,2017-02-14T18:45:10+00:00,2017-02-17T19:48:50+00:00,2017-02-17T19:48:54+00:00,0,Data Import,3.04
DemocracyClub/UK-Polling-Stations,478,Import E07000077-Uttlesford,closed,chris48s,chris48s,2017-02-14T18:47:11+00:00,2017-04-21T15:13:41+00:00,2017-04-21T15:13:45+00:00,1,Data Import,65.85
DemocracyClub/UK-Polling-Stations,483,A page with visitor numbers per council area?,closed,JoeMitchell,GeoWill,2017-02-16T16:33:20+00:00,2025-10-01T10:29:48+00:00,2025-10-01T10:29:48+00:00,0,,3148.75
DemocracyClub/UK-Polling-Stations,484,Import E08000003-Manchester,closed,chris48s,chris48s,2017-02-16T20:12:51+00:00,2017-02-16T20:49:38+00:00,2017-02-16T20:49:43+00:00,0,Data Import,0.03
DemocracyClub/UK-Polling-Stations,485,Import E08000004-Oldham,closed,chris48s,chris48s,2017-02-16T20:13:15+00:00,2017-02-16T20:49:31+00:00,2017-02-16T20:49:35+00:00,0,Data Import,0.03
DemocracyClub/UK-Polling-Stations,486,Import E08000007-Stockport,closed,chris48s,chris48s,2017-02-16T20:13:36+00:00,2017-02-17T19:48:50+00:00,2017-02-17T19:48:54+00:00,0,Data Import,0.98
DemocracyClub/UK-Polling-Stations,487,Update W06000003-Conwy,closed,chris48s,chris48s,2017-02-16T20:13:56+00:00,2017-02-17T21:38:46+00:00,2017-02-17T21:38:50+00:00,0,Data Import,1.06
DemocracyClub/UK-Polling-Stations,488,Update W06000004-Denbighshire,closed,chris48s,symroe,2017-02-16T20:14:21+00:00,2017-03-08T10:21:10+00:00,2017-03-08T10:21:13+00:00,0,Data Import,19.59
DemocracyClub/UK-Polling-Stations,503,Import E07000119-Fylde,closed,chris48s,chris48s,2017-02-21T19:53:21+00:00,2017-02-21T21:02:18+00:00,2017-02-21T21:02:22+00:00,0,Data Import,0.05
DemocracyClub/UK-Polling-Stations,504,Import E07000143-Breckland,closed,chris48s,chris48s,2017-02-21T19:53:48+00:00,2017-02-21T21:02:25+00:00,2017-02-21T21:02:30+00:00,0,Data Import,0.05
DemocracyClub/UK-Polling-Stations,507,Import E07000124-Ribble-Valley,closed,chris48s,symroe,2017-02-23T18:21:59+00:00,2017-03-08T09:57:58+00:00,2017-03-08T09:58:02+00:00,0,Data Import,12.65
DemocracyClub/UK-Polling-Stations,509,Update E07000228-Mid Sussex,closed,chris48s,chris48s,2017-02-27T21:40:42+00:00,2017-03-04T14:41:00+00:00,2017-03-04T14:41:04+00:00,0,Data Import,4.71
DemocracyClub/UK-Polling-Stations,510,Import E07000061-Eastbourne,closed,chris48s,symroe,2017-02-28T21:29:38+00:00,2017-03-08T09:56:11+00:00,2017-03-08T09:56:14+00:00,0,Data Import,7.52
DemocracyClub/UK-Polling-Stations,511,Import E07000079-Cotswold,closed,chris48s,chris48s,2017-02-28T21:30:00+00:00,2017-03-04T16:03:06+00:00,2017-03-04T16:03:09+00:00,0,Data Import,3.77
DemocracyClub/UK-Polling-Stations,512,Import E07000188-Sedgemoor,closed,chris48s,symroe,2017-03-01T20:38:34+00:00,2017-03-08T09:56:11+00:00,2017-03-08T09:56:14+00:00,0,Data Import,6.55
DemocracyClub/UK-Polling-Stations,513,Import E07000122-Pendle,closed,chris48s,chris48s,2017-03-02T16:59:00+00:00,2017-03-04T16:03:12+00:00,2017-03-04T16:03:16+00:00,0,Data Import,1.96
DemocracyClub/UK-Polling-Stations,515,Update E07000004-Aylesbury Vale,closed,chris48s,chris48s,2017-03-04T15:11:17+00:00,2017-03-04T15:32:33+00:00,2017-03-04T15:32:37+00:00,0,Data Import,0.01
DemocracyClub/UK-Polling-Stations,516,Import E07000223-Adur,closed,chris48s,symroe,2017-03-04T15:11:48+00:00,2017-03-08T09:57:02+00:00,2017-03-08T09:57:06+00:00,0,Data Import,3.78
DemocracyClub/UK-Polling-Stations,517,Import E07000229-Worthing,closed,chris48s,symroe,2017-03-04T15:12:16+00:00,2017-03-08T09:57:02+00:00,2017-03-08T09:57:06+00:00,0,Data Import,3.78
DemocracyClub/UK-Polling-Stations,518,Update E07000076-Tendring,closed,chris48s,chris48s,2017-03-04T15:12:43+00:00,2017-03-28T14:39:22+00:00,2017-03-28T14:39:28+00:00,1,Data Import,23.98
DemocracyClub/UK-Polling-Stations,523,'Get walking directions' doesn't work in embedded version,closed,JoeMitchell,chris48s,2017-03-06T12:16:47+00:00,2017-03-25T19:15:17+00:00,2017-03-25T19:15:17+00:00,2,,19.29
DemocracyClub/UK-Polling-Stations,524,Alias /?postcode=CV15RR to /postcode/CV15RR ??,closed,JoeMitchell,symroe,2017-03-06T15:53:33+00:00,2017-03-12T18:15:43+00:00,2017-03-27T10:38:57+00:00,8,,6.1
DemocracyClub/UK-Polling-Stations,525,Change Coventry Borough Council to City Council,closed,JoeMitchell,chris48s,2017-03-06T15:55:36+00:00,2017-04-03T17:27:30+00:00,2017-04-03T17:27:30+00:00,2,,28.06
DemocracyClub/UK-Polling-Stations,526,Import E07000118-Chorley,closed,chris48s,chris48s,2017-03-06T18:53:27+00:00,2017-03-12T11:41:54+00:00,2017-03-12T11:41:58+00:00,0,Data Import,5.7
DemocracyClub/UK-Polling-Stations,527,Import E07000010-Fenland,closed,chris48s,chris48s,2017-03-06T18:53:45+00:00,2017-03-12T11:42:02+00:00,2017-03-12T11:42:06+00:00,0,Data Import,5.7
DemocracyClub/UK-Polling-Stations,528,Import W06000011-Swansea,closed,chris48s,chris48s,2017-03-06T18:54:19+00:00,2017-03-12T11:44:24+00:00,2017-03-12T11:44:28+00:00,0,Data Import,5.7
DemocracyClub/UK-Polling-Stations,529,Import Import E07000011-Huntingdonshire,closed,chris48s,chris48s,2017-03-07T17:04:27+00:00,2017-03-12T12:19:45+00:00,2017-03-12T12:19:49+00:00,0,Data Import,4.8
DemocracyClub/UK-Polling-Stations,531,Update API docs to clarify council is nullable,closed,chris48s,symroe,2017-03-08T20:11:31+00:00,2017-03-18T20:23:13+00:00,2017-03-18T20:23:16+00:00,1,,10.01
DemocracyClub/UK-Polling-Stations,532,How big a problem are postcodes that straddle local auth boundaries?,closed,chris48s,chris48s,2017-03-08T20:14:56+00:00,2017-03-09T19:13:51+00:00,2017-03-10T11:58:48+00:00,3,,0.96
DemocracyClub/UK-Polling-Stations,534,Implement static postcode backlist,closed,chris48s,symroe,2017-03-10T17:26:05+00:00,2017-04-07T09:50:46+00:00,2017-04-07T09:50:46+00:00,0,,27.68
DemocracyClub/UK-Polling-Stations,535,import_daventry import fails,closed,symroe,symroe,2017-03-10T17:49:50+00:00,2017-04-10T09:54:28+00:00,2017-04-10T09:54:32+00:00,0,bug :bug:;Data Import,30.67
DemocracyClub/UK-Polling-Stations,536,Duplicate key 'IA' in Epsom And Ewell scraper,closed,symroe,chris48s,2017-03-10T18:17:24+00:00,2017-03-29T12:46:38+00:00,2017-03-29T12:46:41+00:00,0,bug :bug:;Data Import,18.77
DemocracyClub/UK-Polling-Stations,538,Fix URL escaping in BaseMorphApiImporter,closed,chris48s,chris48s,2017-03-10T21:14:59+00:00,2017-10-24T08:41:51+00:00,2017-10-24T08:41:51+00:00,0,,227.48
DemocracyClub/UK-Polling-Stations,540,tidy up postcode_view,closed,chris48s,symroe,2017-03-11T22:32:19+00:00,2017-12-13T21:39:33+00:00,2017-12-13T21:39:33+00:00,1,refactoring,276.96
DemocracyClub/UK-Polling-Stations,546,Set up test coverage reports,closed,chris48s,chris48s,2017-03-12T13:59:27+00:00,2017-03-12T18:14:28+00:00,2017-03-12T18:14:28+00:00,5,,0.18
DemocracyClub/UK-Polling-Stations,549,Adhere to pep8,closed,chris48s,chris48s,2017-03-12T19:15:34+00:00,2018-12-21T12:09:14+00:00,2018-12-21T12:09:17+00:00,0,,648.7
DemocracyClub/UK-Polling-Stations,551,Import S12000036-Edinburgh,closed,symroe,chris48s,2017-03-13T14:30:44+00:00,2017-04-20T15:18:55+00:00,2017-04-20T15:18:55+00:00,2,,38.03
DemocracyClub/UK-Polling-Stations,553,Import E06000023-Bristol,closed,chris48s,chris48s,2017-03-13T20:21:06+00:00,2017-04-21T13:44:35+00:00,2017-04-21T13:44:40+00:00,0,Data Import,38.72
DemocracyClub/UK-Polling-Stations,554,Import data from Scotland improvement service,closed,chris48s,chris48s,2017-03-13T20:24:29+00:00,2017-04-20T15:18:45+00:00,2017-04-20T15:18:49+00:00,0,Data Import,37.79
DemocracyClub/UK-Polling-Stations,555,Import E07000008-Cambridge,closed,chris48s,chris48s,2017-03-13T20:36:00+00:00,2017-03-29T13:39:04+00:00,2017-03-29T13:39:08+00:00,0,Data Import,15.71
DemocracyClub/UK-Polling-Stations,556,Import E07000012-South Cambridgeshire,closed,chris48s,symroe,2017-03-13T20:36:18+00:00,2017-03-29T08:26:26+00:00,2017-03-29T08:26:31+00:00,0,Data Import,15.49
DemocracyClub/UK-Polling-Stations,557,Import E07000042-Mid Devon,closed,chris48s,symroe,2017-03-13T20:36:37+00:00,2017-03-29T08:26:26+00:00,2017-03-29T08:26:31+00:00,0,Data Import,15.49
DemocracyClub/UK-Polling-Stations,558,Import E07000109-Gravesham,closed,chris48s,chris48s,2017-03-13T20:36:54+00:00,2017-03-29T13:39:16+00:00,2017-03-29T13:39:20+00:00,0,Data Import,15.71
DemocracyClub/UK-Polling-Stations,559,Import E07000105-Ashford,closed,chris48s,symroe,2017-03-13T20:37:10+00:00,2017-03-29T08:26:26+00:00,2017-03-29T08:26:32+00:00,0,Data Import,15.49
DemocracyClub/UK-Polling-Stations,560,Import E07000127-West Lancashire,closed,chris48s,symroe,2017-03-13T20:37:25+00:00,2017-03-29T08:26:26+00:00,2017-03-29T08:26:31+00:00,0,Data Import,15.49
DemocracyClub/UK-Polling-Stations,561,Import E07000125-Rossendale,closed,chris48s,symroe,2017-03-13T20:37:39+00:00,2017-03-29T08:26:26+00:00,2017-03-29T08:26:32+00:00,0,Data Import,15.49
DemocracyClub/UK-Polling-Stations,562,Import E07000117-Burnley,closed,chris48s,symroe,2017-03-13T20:38:00+00:00,2017-03-29T08:26:26+00:00,2017-03-29T08:26:31+00:00,0,Data Import,15.49
DemocracyClub/UK-Polling-Stations,563,Import E07000128-Wyre,closed,chris48s,symroe,2017-03-13T20:38:17+00:00,2017-03-29T08:26:26+00:00,2017-03-29T08:26:31+00:00,0,Data Import,15.49
DemocracyClub/UK-Polling-Stations,564,Import E07000220-Rugby,closed,chris48s,symroe,2017-03-13T20:38:32+00:00,2017-03-29T08:26:26+00:00,2017-03-29T08:26:31+00:00,0,Data Import,15.49
DemocracyClub/UK-Polling-Stations,565,Import E07000106-Canterbury,closed,chris48s,chris48s,2017-03-13T20:39:04+00:00,2017-03-31T18:17:23+00:00,2017-03-31T18:17:27+00:00,0,Data Import;recommended for beginners,17.9
DemocracyClub/UK-Polling-Stations,566,Import E07000114-Thanet,closed,chris48s,chris48s,2017-03-14T17:26:28+00:00,2017-04-04T15:04:12+00:00,2017-04-04T15:04:17+00:00,0,Data Import,20.9
DemocracyClub/UK-Polling-Stations,567,Import E07000169-Selby,closed,chris48s,symroe,2017-03-14T17:27:05+00:00,2017-03-29T08:26:27+00:00,2017-03-29T08:26:31+00:00,0,Data Import,14.62
DemocracyClub/UK-Polling-Stations,568,Fix Dover import script,closed,chris48s,chris48s,2017-03-14T20:39:55+00:00,2017-03-29T13:07:00+00:00,2017-03-29T13:07:06+00:00,0,Data Import,14.69
DemocracyClub/UK-Polling-Stations,570,Import E08000001-Bolton,closed,chris48s,symroe,2017-03-16T17:07:03+00:00,2017-03-29T08:26:27+00:00,2017-03-29T08:26:31+00:00,0,Data Import,12.64
DemocracyClub/UK-Polling-Stations,572,Import E06000001-Hartlepool,closed,chris48s,chris48s,2017-03-17T15:03:13+00:00,2017-03-30T13:43:59+00:00,2017-03-30T13:44:03+00:00,0,Data Import,12.94
DemocracyClub/UK-Polling-Stations,573,Fail cleanly on bad postcodes in API calls,closed,chris48s,symroe,2017-03-17T15:05:05+00:00,2017-03-27T17:45:38+00:00,2017-03-27T17:45:41+00:00,1,bug :bug:;api,10.11
DemocracyClub/UK-Polling-Stations,575,Dynamic example postcodes,closed,symroe,symroe,2017-03-17T19:50:59+00:00,2017-09-12T14:44:09+00:00,2017-09-12T14:44:09+00:00,2,enhancement,178.79
DemocracyClub/UK-Polling-Stations,576,Import E07000070-Chelmsford,closed,chris48s,symroe,2017-03-18T11:33:38+00:00,2017-03-29T08:26:27+00:00,2017-03-29T08:26:32+00:00,0,Data Import,10.87
DemocracyClub/UK-Polling-Stations,577,Import E07000148-Norwich,closed,chris48s,chris48s,2017-03-18T11:33:54+00:00,2017-03-30T13:43:59+00:00,2017-03-30T13:44:05+00:00,0,Data Import,12.09
DemocracyClub/UK-Polling-Stations,578,Import E07000163-Craven,closed,chris48s,chris48s,2017-03-18T11:34:11+00:00,2017-03-30T13:43:59+00:00,2017-03-30T13:44:03+00:00,0,Data Import,12.09
DemocracyClub/UK-Polling-Stations,579,Make it more explicit which import scripts have been run on a given image build,closed,chris48s,chris48s,2017-03-18T11:35:33+00:00,2017-07-10T10:53:22+00:00,2017-07-10T10:53:22+00:00,1,,113.97
DemocracyClub/UK-Polling-Stations,580,Create 'smoke tests' we can run against build images,closed,chris48s,chris48s,2017-03-18T11:37:46+00:00,2017-07-10T10:55:25+00:00,2017-07-10T10:55:25+00:00,1,,113.97
DemocracyClub/UK-Polling-Stations,584,Investigate: can we use Dredd to test our API docs?,closed,chris48s,pmk01,2017-03-19T18:38:05+00:00,2024-01-17T16:54:29+00:00,2024-01-17T16:54:29+00:00,0,help wanted;api,2494.93
DemocracyClub/UK-Polling-Stations,585,Import E07000066-Basildon,closed,chris48s,chris48s,2017-03-19T20:06:06+00:00,2017-04-09T10:44:15+00:00,2017-04-09T10:44:19+00:00,0,Data Import,20.61
DemocracyClub/UK-Polling-Stations,586,Import E07000181-West Oxfordshire,closed,chris48s,symroe,2017-03-19T20:06:23+00:00,2017-03-29T08:26:27+00:00,2017-03-29T08:26:31+00:00,0,Data Import,9.51
DemocracyClub/UK-Polling-Stations,587,Pre-election front-end tasks,closed,chris48s,symroe,2017-03-19T20:10:08+00:00,2017-03-27T10:05:54+00:00,2017-03-27T10:05:57+00:00,0,,7.58
DemocracyClub/UK-Polling-Stations,588,Oddness with Salford postcodes,closed,symroe,symroe,2017-03-21T13:38:07+00:00,2017-03-27T10:04:24+00:00,2017-03-27T10:04:27+00:00,6,bug :bug:;enhancement,5.85
DemocracyClub/UK-Polling-Stations,589,Update E08000004-Oldham,closed,chris48s,chris48s,2017-03-21T21:05:47+00:00,2017-03-27T10:14:11+00:00,2017-03-27T10:14:15+00:00,0,Data Import,5.55
DemocracyClub/UK-Polling-Stations,590,Import E08000008-Tameside,closed,chris48s,symroe,2017-03-21T21:07:17+00:00,2017-03-29T08:26:27+00:00,2017-03-29T08:26:32+00:00,0,Data Import,7.47
DemocracyClub/UK-Polling-Stations,591,Import W06000006-Wrexham,closed,chris48s,symroe,2017-03-21T21:08:11+00:00,2017-03-29T08:26:27+00:00,2017-03-29T08:26:32+00:00,0,Data Import,7.47
DemocracyClub/UK-Polling-Stations,592,Import E07000034-Chesterfield,closed,chris48s,symroe,2017-03-21T21:09:08+00:00,2017-03-29T08:26:27+00:00,2017-03-29T08:26:32+00:00,0,Data Import,7.47
DemocracyClub/UK-Polling-Stations,593,Import E07000090-Havant,closed,chris48s,symroe,2017-03-21T21:10:21+00:00,2017-03-29T08:26:27+00:00,2017-03-29T08:26:32+00:00,0,Data Import,7.47
DemocracyClub/UK-Polling-Stations,594,Import E07000093-Test Valley,closed,chris48s,symroe,2017-03-21T21:11:20+00:00,2017-03-29T08:26:27+00:00,2017-03-29T08:26:32+00:00,0,Data Import,7.47
DemocracyClub/UK-Polling-Stations,595,Import E07000126-South Ribble,closed,chris48s,chris48s,2017-03-21T21:12:01+00:00,2017-03-30T13:43:59+00:00,2017-03-30T13:44:04+00:00,0,Data Import,8.69
DemocracyClub/UK-Polling-Stations,596,Import E07000172-Broxtowe,closed,chris48s,chris48s,2017-03-21T21:12:46+00:00,2017-03-31T14:09:02+00:00,2017-03-31T14:09:06+00:00,1,Data Import,9.71
DemocracyClub/UK-Polling-Stations,597,Import E07000205-Suffolk Coastal,closed,chris48s,chris48s,2017-03-21T21:13:51+00:00,2017-04-09T10:44:15+00:00,2017-04-09T10:44:21+00:00,0,Data Import,18.56
DemocracyClub/UK-Polling-Stations,598,Import E07000199-Tamworth,closed,chris48s,symroe,2017-03-21T21:14:27+00:00,2017-03-29T08:26:27+00:00,2017-03-29T08:26:32+00:00,0,Data Import,7.47
DemocracyClub/UK-Polling-Stations,599,Import E08000010-Wigan,closed,chris48s,chris48s,2017-03-21T21:14:59+00:00,2017-03-30T13:43:59+00:00,2017-03-30T13:44:04+00:00,0,Data Import,8.69
DemocracyClub/UK-Polling-Stations,600,Import E07000165-Harrogate,closed,chris48s,chris48s,2017-03-22T17:12:44+00:00,2017-04-04T15:04:12+00:00,2017-04-04T15:04:17+00:00,0,Data Import,12.91
DemocracyClub/UK-Polling-Stations,601,Import E07000065-Wealden,closed,chris48s,symroe,2017-03-22T17:12:59+00:00,2017-03-29T08:26:27+00:00,2017-03-29T08:26:32+00:00,0,Data Import,6.63
DemocracyClub/UK-Polling-Stations,605,Import E07000102-Three Rivers,closed,chris48s,symroe,2017-03-23T12:15:09+00:00,2017-03-29T08:26:27+00:00,2017-03-29T08:26:32+00:00,0,Data Import,5.84
DemocracyClub/UK-Polling-Stations,606,League Table broken again,closed,chris48s,chris48s,2017-03-23T13:52:32+00:00,2017-11-24T17:07:28+00:00,2017-11-24T17:07:28+00:00,1,,246.14
DemocracyClub/UK-Polling-Stations,608,Improve validation on /postcode,closed,chris48s,symroe,2017-03-27T08:04:30+00:00,2017-03-30T13:49:27+00:00,2017-03-30T13:49:31+00:00,1,,3.24
DemocracyClub/UK-Polling-Stations,609,Update E07000079-Cotswold,closed,chris48s,chris48s,2017-03-27T11:05:12+00:00,2017-04-03T08:40:20+00:00,2017-04-03T08:40:24+00:00,0,Data Import;On hold ⛔,6.9
DemocracyClub/UK-Polling-Stations,610,Import E07000094-Winchester,closed,chris48s,symroe,2017-03-27T18:32:20+00:00,2017-03-29T08:26:27+00:00,2017-03-29T08:26:32+00:00,0,Data Import,1.58
DemocracyClub/UK-Polling-Stations,611,Import E07000204-St Edmundsbury,closed,chris48s,symroe,2017-03-27T18:32:41+00:00,2017-03-29T08:26:27+00:00,2017-03-29T08:26:32+00:00,0,Data Import,1.58
DemocracyClub/UK-Polling-Stations,612,Import E07000201-Forest Heath,closed,chris48s,symroe,2017-03-27T18:32:56+00:00,2017-03-29T08:26:27+00:00,2017-03-29T08:26:32+00:00,0,Data Import,1.58
DemocracyClub/UK-Polling-Stations,613,Ensure icons are always inside BBOX,closed,chris48s,symroe,2017-03-28T12:27:12+00:00,2017-10-03T10:23:33+00:00,2017-10-03T10:23:33+00:00,0,bug :bug:,188.91
DemocracyClub/UK-Polling-Stations,615,Import E07000041-Exeter,closed,chris48s,chris48s,2017-03-28T12:58:31+00:00,2017-03-30T16:19:00+00:00,2017-03-30T16:19:05+00:00,0,Data Import,2.14
DemocracyClub/UK-Polling-Stations,618,Import E08000005-Rochdale,closed,chris48s,chris48s,2017-03-29T10:26:42+00:00,2017-03-30T13:43:59+00:00,2017-03-30T13:44:04+00:00,0,Data Import,1.14
DemocracyClub/UK-Polling-Stations,619,Import W06000020-Torfaen,closed,chris48s,chris48s,2017-03-29T10:27:26+00:00,2017-04-21T13:44:35+00:00,2017-04-21T13:44:40+00:00,1,Data Import,23.14
DemocracyClub/UK-Polling-Stations,620,Import E07000110-Maidstone,closed,chris48s,chris48s,2017-03-29T10:32:38+00:00,2017-04-21T13:44:35+00:00,2017-04-21T13:45:44+00:00,0,Data Import,23.13
DemocracyClub/UK-Polling-Stations,625,Delete django admin URL from urls.py,closed,symroe,symroe,2017-03-29T14:17:52+00:00,2017-04-10T09:55:57+00:00,2017-04-10T09:56:01+00:00,1,,11.82
DemocracyClub/UK-Polling-Stations,628,Update E08000010-Wigan,closed,chris48s,chris48s,2017-03-30T14:44:38+00:00,2017-03-30T16:19:07+00:00,2017-03-30T16:19:11+00:00,0,Data Import;On hold ⛔,0.07
DemocracyClub/UK-Polling-Stations,639,Import E08000002-Bury,closed,chris48s,chris48s,2017-03-31T18:36:12+00:00,2017-04-09T10:44:15+00:00,2017-04-09T10:44:20+00:00,0,Data Import,8.67
DemocracyClub/UK-Polling-Stations,645,Import E07000098-Hertsmere,closed,chris48s,chris48s,2017-04-04T13:47:52+00:00,2017-04-10T12:34:50+00:00,2017-04-10T12:34:54+00:00,0,Data Import,5.95
DemocracyClub/UK-Polling-Stations,646,Import E08000028-Sandwell,closed,chris48s,chris48s,2017-04-04T13:48:08+00:00,2017-04-09T10:44:15+00:00,2017-04-09T10:44:19+00:00,0,Data Import,4.87
DemocracyClub/UK-Polling-Stations,648,Add a one-line command to remove all the data for a council,closed,chris48s,symroe,2017-04-05T10:20:56+00:00,2017-04-10T09:55:44+00:00,2017-04-10T09:55:47+00:00,0,,4.98
DemocracyClub/UK-Polling-Stations,650,Text in postcode_view after address select is not as accurate as it should be,closed,chris48s,symroe,2017-04-06T16:09:20+00:00,2017-04-10T09:56:19+00:00,2017-04-10T09:56:23+00:00,0,,3.74
DemocracyClub/UK-Polling-Stations,652,Import E07000044-South Hams,closed,chris48s,chris48s,2017-04-07T14:11:42+00:00,2017-04-09T10:44:15+00:00,2017-04-09T10:44:19+00:00,0,Data Import,1.86
DemocracyClub/UK-Polling-Stations,653,Update E07000170-Ashfield,closed,chris48s,chris48s,2017-04-07T14:12:00+00:00,2017-04-10T12:34:50+00:00,2017-04-10T12:34:54+00:00,1,Data Import,2.93
DemocracyClub/UK-Polling-Stations,654,Import E07000139-North Kesteven,closed,chris48s,chris48s,2017-04-07T14:12:20+00:00,2017-04-09T10:44:15+00:00,2017-04-09T10:44:19+00:00,0,Data Import,1.86
DemocracyClub/UK-Polling-Stations,655,Update E07000109-Gravesham,closed,chris48s,chris48s,2017-04-07T14:12:35+00:00,2017-04-09T10:44:15+00:00,2017-04-09T10:44:19+00:00,0,Data Import,1.86
DemocracyClub/UK-Polling-Stations,656,Update E08000003-Manchester,closed,chris48s,chris48s,2017-04-07T14:12:54+00:00,2017-04-09T10:44:15+00:00,2017-04-09T10:44:20+00:00,0,Data Import,1.86
DemocracyClub/UK-Polling-Stations,664,Update E07000228-Mid Sussex,closed,chris48s,chris48s,2017-04-10T15:20:07+00:00,2017-04-10T17:28:56+00:00,2017-04-10T17:29:00+00:00,0,Data Import,0.09
DemocracyClub/UK-Polling-Stations,666,Sort out Daventry/Wellingborough duplicate districts,closed,chris48s,chris48s,2017-04-10T19:59:32+00:00,2017-04-11T09:46:16+00:00,2017-04-11T09:46:20+00:00,0,,0.57
DemocracyClub/UK-Polling-Stations,668,Log a warning/error if polygons are outside the target council area,closed,chris48s,chris48s,2017-04-11T08:54:58+00:00,2017-07-27T16:20:18+00:00,2017-07-27T16:20:18+00:00,1,,107.31
DemocracyClub/UK-Polling-Stations,669,Import W06000012-Neath Port Talbot,closed,chris48s,chris48s,2017-04-11T13:47:16+00:00,2017-04-13T15:17:11+00:00,2017-04-13T15:17:15+00:00,0,Data Import,2.06
DemocracyClub/UK-Polling-Stations,670,Update E07000151-Daventry,closed,chris48s,chris48s,2017-04-11T16:30:27+00:00,2017-04-13T14:21:29+00:00,2017-04-13T14:21:33+00:00,0,Data Import,1.91
DemocracyClub/UK-Polling-Stations,672,Update E08000005-Rochdale,closed,chris48s,chris48s,2017-04-11T17:18:49+00:00,2017-04-11T17:45:56+00:00,2017-04-11T17:46:00+00:00,0,Data Import,0.02
DemocracyClub/UK-Polling-Stations,673,Import E07000206-Waveney,closed,chris48s,chris48s,2017-04-11T17:19:51+00:00,2017-05-05T15:33:19+00:00,2017-05-05T15:33:23+00:00,1,Data Import,23.93
DemocracyClub/UK-Polling-Stations,675,Implement sleep in Geocoder classes,closed,chris48s,chris48s,2017-04-12T10:18:35+00:00,2017-11-24T16:56:16+00:00,2017-11-24T16:56:16+00:00,1,,226.28
DemocracyClub/UK-Polling-Stations,678,Consistent postcode formatting functions,closed,chris48s,symroe,2017-04-13T11:18:09+00:00,2017-06-29T11:42:31+00:00,2017-06-29T11:42:31+00:00,0,,77.02
DemocracyClub/UK-Polling-Stations,683,Add API endpoints to robots.txt,closed,chris48s,symroe,2017-04-13T19:42:50+00:00,2017-05-01T11:34:15+00:00,2017-05-01T11:34:18+00:00,0,,17.66
DemocracyClub/UK-Polling-Stations,684,Import E06000002-Middlesbrough,closed,chris48s,chris48s,2017-04-14T18:30:23+00:00,2017-04-21T13:44:35+00:00,2017-04-21T13:44:40+00:00,0,Data Import,6.8
DemocracyClub/UK-Polling-Stations,685,Import E08000015-Wirral,closed,chris48s,chris48s,2017-04-14T18:30:56+00:00,2017-04-16T13:24:49+00:00,2017-04-16T13:24:53+00:00,0,Data Import,1.79
DemocracyClub/UK-Polling-Stations,686,Import W06000024-Merthyr,closed,chris48s,chris48s,2017-04-14T18:31:15+00:00,2017-04-16T13:24:49+00:00,2017-04-16T13:24:54+00:00,0,Data Import,1.79
DemocracyClub/UK-Polling-Stations,687,Import E07000046-Torridge,closed,chris48s,chris48s,2017-04-14T18:31:34+00:00,2017-04-16T13:24:49+00:00,2017-04-16T13:24:54+00:00,0,Data Import,1.79
DemocracyClub/UK-Polling-Stations,688,Import E07000153-Kettering,closed,chris48s,chris48s,2017-04-14T18:31:55+00:00,2017-04-16T13:24:49+00:00,2017-04-16T13:24:54+00:00,0,Data Import,1.79
DemocracyClub/UK-Polling-Stations,689,Import E07000176-Rushcliffe,closed,chris48s,chris48s,2017-04-14T18:32:11+00:00,2017-04-16T13:24:49+00:00,2017-04-16T13:24:54+00:00,0,Data Import,1.79
DemocracyClub/UK-Polling-Stations,690,Import E07000227-Horsham,closed,chris48s,chris48s,2017-04-14T18:32:28+00:00,2017-04-27T11:36:08+00:00,2017-04-27T11:36:13+00:00,0,Data Import,12.71
DemocracyClub/UK-Polling-Stations,691,Import W06000022-Newport,closed,chris48s,chris48s,2017-04-14T18:32:45+00:00,2017-04-16T13:24:49+00:00,2017-04-16T13:24:54+00:00,0,Data Import,1.79
DemocracyClub/UK-Polling-Stations,692,Import E07000082-Stroud,closed,chris48s,chris48s,2017-04-14T18:33:04+00:00,2017-04-16T13:24:49+00:00,2017-04-16T13:24:54+00:00,0,Data Import,1.79
DemocracyClub/UK-Polling-Stations,693,Import E07000214-Surrey Heath,closed,chris48s,chris48s,2017-04-14T18:33:24+00:00,2017-04-16T13:24:49+00:00,2017-04-16T13:24:54+00:00,0,Data Import,1.79
DemocracyClub/UK-Polling-Stations,694,Import E06000031-Peterborough,closed,chris48s,chris48s,2017-04-14T18:33:43+00:00,2017-04-16T13:24:49+00:00,2017-04-16T13:24:54+00:00,0,Data Import,1.79
DemocracyClub/UK-Polling-Stations,695,Import E08000029-Solihull,closed,chris48s,chris48s,2017-04-14T18:34:04+00:00,2017-04-16T13:24:49+00:00,2017-04-16T13:24:54+00:00,0,Data Import,1.79
DemocracyClub/UK-Polling-Stations,696,Import E08000011-Knowsley,closed,chris48s,chris48s,2017-04-14T18:34:24+00:00,2017-04-16T13:24:49+00:00,2017-04-16T13:24:54+00:00,0,Data Import,1.79
DemocracyClub/UK-Polling-Stations,697,Import E08000014-Sefton,closed,chris48s,chris48s,2017-04-14T18:34:39+00:00,2017-04-16T13:24:49+00:00,2017-04-16T13:24:54+00:00,0,Data Import,1.78
DemocracyClub/UK-Polling-Stations,698,Import E07000135-Oadby & Wigston,closed,chris48s,chris48s,2017-04-14T18:34:56+00:00,2017-04-16T13:24:49+00:00,2017-04-16T13:24:54+00:00,0,Data Import,1.78
DemocracyClub/UK-Polling-Stations,701,test,closed,polling-bot-4000,chris48s,2017-04-16T20:10:14+00:00,2017-04-16T20:11:11+00:00,2017-04-16T20:11:11+00:00,0,,0.0
DemocracyClub/UK-Polling-Stations,704,Import E07000131-Harborough,closed,chris48s,chris48s,2017-04-18T08:48:46+00:00,2017-04-21T13:44:35+00:00,2017-04-21T13:44:40+00:00,0,Data Import,3.21
DemocracyClub/UK-Polling-Stations,705,Tag any relevant import scripts with `parl.2017-06-08`,closed,chris48s,chris48s,2017-04-18T15:35:10+00:00,2017-04-21T14:26:50+00:00,2017-04-25T12:53:07+00:00,2,Data Import,2.95
DemocracyClub/UK-Polling-Stations,707,API Keys,closed,chris48s,pmk01,2017-04-20T10:59:37+00:00,2024-01-17T16:54:20+00:00,2024-01-17T16:54:20+00:00,1,api,2463.25
DemocracyClub/UK-Polling-Stations,708,Polling Stations,closed,jcampbell05,chris48s,2017-04-20T11:58:35+00:00,2017-06-12T10:48:52+00:00,2017-06-12T10:48:52+00:00,1,,52.95
DemocracyClub/UK-Polling-Stations,711,parl.2017-06-08: import scripts for areas with APIs,closed,chris48s,chris48s,2017-04-20T18:57:49+00:00,2017-05-09T13:17:53+00:00,2017-05-09T13:17:58+00:00,0,Data Import,18.76
DemocracyClub/UK-Polling-Stations,716,Import E07000240-St Albans,closed,chris48s,chris48s,2017-04-21T15:30:20+00:00,2017-04-21T17:59:50+00:00,2017-04-21T17:59:54+00:00,0,Data Import,0.1
DemocracyClub/UK-Polling-Stations,718,API postcode lookup failing for some blacklisted valid but badly formatted postcodes,closed,symroe,symroe,2017-04-24T07:58:21+00:00,2017-04-24T11:51:25+00:00,2017-04-24T11:51:28+00:00,1,,0.16
DemocracyClub/UK-Polling-Stations,720,Fix race condition on parallel import,closed,chris48s,symroe,2017-04-24T10:49:25+00:00,2017-04-25T09:37:06+00:00,2017-04-25T12:53:02+00:00,1,,0.95
DemocracyClub/UK-Polling-Stations,721,Deal with polling district boundaries that don't exactly clip to local auth boundaries,closed,chris48s,symroe,2017-04-24T10:50:34+00:00,2017-04-25T09:39:16+00:00,2017-04-25T09:39:19+00:00,0,,0.95
DemocracyClub/UK-Polling-Stations,725,Import E07000242-East Hertfordshire,closed,chris48s,chris48s,2017-04-24T17:00:20+00:00,2017-04-25T09:26:56+00:00,2017-04-25T09:27:00+00:00,0,Data Import,0.69
DemocracyClub/UK-Polling-Stations,726,Import E07000234-Bromsgrove,closed,chris48s,chris48s,2017-04-24T17:00:39+00:00,2017-04-25T09:26:56+00:00,2017-04-25T09:27:00+00:00,0,Data Import,0.68
DemocracyClub/UK-Polling-Stations,729,Import E07000111-Sevenoaks,closed,chris48s,chris48s,2017-04-25T09:29:07+00:00,2017-04-26T14:26:11+00:00,2017-04-26T14:26:16+00:00,1,Data Import,1.21
DemocracyClub/UK-Polling-Stations,731,Review latest data from Scotland SpatialHub,closed,chris48s,chris48s,2017-04-25T19:52:00+00:00,2017-04-26T14:26:12+00:00,2017-04-26T14:26:17+00:00,0,Data Import,0.77
DemocracyClub/UK-Polling-Stations,733,Unclear error messages,closed,andylolz,pmk01,2017-04-27T09:06:58+00:00,2024-01-17T16:38:22+00:00,2024-01-17T16:38:23+00:00,0,,2456.31
DemocracyClub/UK-Polling-Stations,734,Add note about May/June stations,closed,chris48s,chris48s,2017-04-27T10:08:30+00:00,2017-04-28T10:28:59+00:00,2017-04-28T10:29:03+00:00,0,,1.01
DemocracyClub/UK-Polling-Stations,735,Import E07000171-Bassetlaw,closed,chris48s,chris48s,2017-04-27T11:13:44+00:00,2017-04-27T11:36:09+00:00,2017-04-27T11:36:13+00:00,0,Data Import,0.02
DemocracyClub/UK-Polling-Stations,741,Fonts on home page,closed,JoeMitchell,chris48s,2017-04-27T20:21:19+00:00,2018-03-19T17:03:09+00:00,2018-03-19T17:03:09+00:00,4,design 🎨;On hold ⛔,325.86
DemocracyClub/UK-Polling-Stations,742,Better error reporting when bulk-importing in parallel,closed,chris48s,GeoWill,2017-04-27T21:06:34+00:00,2025-10-01T10:30:21+00:00,2025-10-01T10:30:35+00:00,1,,3078.56
DemocracyClub/UK-Polling-Stations,743,MOAR performance improvements in import scripts,closed,chris48s,GeoWill,2017-04-27T21:17:30+00:00,2025-10-01T10:31:34+00:00,2025-10-01T10:31:34+00:00,3,,3078.55
DemocracyClub/UK-Polling-Stations,744,Sort addresses more nicely in API outputs,closed,chris48s,symroe,2017-04-28T18:29:08+00:00,2017-05-01T11:33:53+00:00,2017-05-01T11:33:57+00:00,0,,2.71
DemocracyClub/UK-Polling-Stations,745,Update E07000111-Sevenoaks,closed,chris48s,chris48s,2017-04-28T19:44:12+00:00,2017-04-29T20:59:18+00:00,2017-04-29T20:59:22+00:00,0,Data Import,1.05
DemocracyClub/UK-Polling-Stations,751,Email me my polling station,closed,chris48s,pmk01,2017-04-30T19:23:51+00:00,2024-01-17T16:36:47+00:00,2024-01-17T16:36:47+00:00,1,enhancement,2452.88
DemocracyClub/UK-Polling-Stations,752,Tasks for after Local elections,closed,chris48s,symroe,2017-04-30T19:43:46+00:00,2017-05-08T12:22:58+00:00,2017-05-08T12:22:58+00:00,0,,7.69
DemocracyClub/UK-Polling-Stations,754,'did you find this useful' micro-feedback form,closed,chris48s,chris48s,2017-05-01T14:34:50+00:00,2017-05-28T17:00:24+00:00,2017-05-28T17:00:24+00:00,1,enhancement,27.1
DemocracyClub/UK-Polling-Stations,763,Investigate slippy map solution,closed,chris48s,symroe,2017-05-03T15:13:36+00:00,2017-05-16T11:37:27+00:00,2017-05-16T11:37:27+00:00,0,,12.85
DemocracyClub/UK-Polling-Stations,767,Declare a custom user agent string when calling APIs,closed,chris48s,pmk01,2017-05-04T10:53:53+00:00,2024-01-17T16:55:44+00:00,2024-01-17T16:55:44+00:00,1,,2449.25
DemocracyClub/UK-Polling-Stations,768,Update all local election API importers with GE election id,closed,chris48s,chris48s,2017-05-04T11:57:36+00:00,2017-05-08T16:45:29+00:00,2017-05-08T16:45:34+00:00,0,Data Import,4.2
DemocracyClub/UK-Polling-Stations,769,Import E08000032-Bradford,closed,chris48s,chris48s,2017-05-05T16:28:39+00:00,2017-05-09T13:17:53+00:00,2017-05-09T13:17:58+00:00,0,Data Import,3.87
DemocracyClub/UK-Polling-Stations,775,Import E06000021-Stoke-on-Trent,closed,chris48s,chris48s,2017-05-08T16:01:19+00:00,2017-05-09T13:17:53+00:00,2017-05-09T13:17:57+00:00,0,Data Import,0.89
DemocracyClub/UK-Polling-Stations,776,Import E06000037-West Berkshire,closed,chris48s,chris48s,2017-05-08T16:01:38+00:00,2017-05-09T13:17:53+00:00,2017-05-09T13:17:58+00:00,0,Data Import,0.89
DemocracyClub/UK-Polling-Stations,778,Import E09000029-Sutton,closed,chris48s,chris48s,2017-05-09T10:49:00+00:00,2017-05-09T13:17:53+00:00,2017-05-09T13:17:57+00:00,0,Data Import,0.1
DemocracyClub/UK-Polling-Stations,779,Update E07000046-Torridge,closed,chris48s,chris48s,2017-05-09T10:49:23+00:00,2017-05-09T13:17:53+00:00,2017-05-09T13:18:04+00:00,0,Data Import,0.1
DemocracyClub/UK-Polling-Stations,781,Fix E09000001-City of London,closed,chris48s,chris48s,2017-05-09T13:13:24+00:00,2017-05-23T13:44:52+00:00,2017-05-23T13:44:56+00:00,1,Data Import,14.02
DemocracyClub/UK-Polling-Stations,782,Fix E06000045-Southampton,closed,chris48s,chris48s,2017-05-09T13:13:44+00:00,2017-05-19T16:05:57+00:00,2017-05-19T16:06:04+00:00,0,Data Import,10.12
DemocracyClub/UK-Polling-Stations,783,Import E09000025-Newham,closed,chris48s,chris48s,2017-05-09T13:14:00+00:00,2017-05-29T10:39:42+00:00,2017-05-29T10:39:42+00:00,1,Data Import,19.89
DemocracyClub/UK-Polling-Stations,784,Import E08000033-Calderdale,closed,chris48s,chris48s,2017-05-09T13:14:21+00:00,2017-05-19T16:05:57+00:00,2017-05-19T16:06:04+00:00,0,Data Import,10.12
DemocracyClub/UK-Polling-Stations,786,Import E09000023-Lewisham,closed,chris48s,chris48s,2017-05-09T13:47:12+00:00,2017-05-16T17:54:38+00:00,2017-05-16T17:54:46+00:00,0,Data Import,7.17
DemocracyClub/UK-Polling-Stations,788,Import E06000028-Bournemouth,closed,chris48s,chris48s,2017-05-09T17:35:45+00:00,2017-05-16T17:54:39+00:00,2017-05-16T17:54:46+00:00,0,Data Import,7.01
DemocracyClub/UK-Polling-Stations,789,Import E06000019-Herefordshire,closed,chris48s,chris48s,2017-05-09T17:37:48+00:00,2017-05-16T17:54:39+00:00,2017-05-16T17:54:46+00:00,0,Data Import,7.01
DemocracyClub/UK-Polling-Stations,790,Update E07000165-Harrogate,closed,chris48s,chris48s,2017-05-09T18:12:14+00:00,2017-05-12T15:46:26+00:00,2017-05-12T15:46:32+00:00,0,Data Import,2.9
DemocracyClub/UK-Polling-Stations,791,Import W06000002-Gwynedd,closed,chris48s,chris48s,2017-05-10T12:56:20+00:00,2017-05-16T17:54:39+00:00,2017-05-16T17:54:47+00:00,0,Data Import,6.21
DemocracyClub/UK-Polling-Stations,792,Import E09000011-Greenwich,closed,chris48s,chris48s,2017-05-10T12:56:39+00:00,2017-05-16T17:54:39+00:00,2017-05-16T17:54:46+00:00,0,Data Import,6.21
DemocracyClub/UK-Polling-Stations,793,Import E09000018-Hounslow,closed,chris48s,chris48s,2017-05-10T12:56:56+00:00,2017-05-16T17:54:39+00:00,2017-05-16T17:54:47+00:00,0,Data Import,6.21
DemocracyClub/UK-Polling-Stations,794,Import E09000024-Merton,closed,chris48s,chris48s,2017-05-10T12:58:18+00:00,2017-05-20T21:33:59+00:00,2017-05-20T21:34:03+00:00,0,Data Import,10.36
DemocracyClub/UK-Polling-Stations,795,Import E06000041-Wokingham,closed,chris48s,chris48s,2017-05-10T12:58:54+00:00,2017-05-31T19:16:35+00:00,2017-05-31T19:16:39+00:00,1,Data Import,21.26
DemocracyClub/UK-Polling-Stations,796,Import W06000009-Pembrokeshire,closed,chris48s,chris48s,2017-05-10T12:59:51+00:00,2017-05-17T11:12:53+00:00,2017-05-17T11:12:58+00:00,1,Data Import,6.93
DemocracyClub/UK-Polling-Stations,797,Import E07000146-King's Lynn and West Norfolk,closed,chris48s,chris48s,2017-05-10T13:00:21+00:00,2017-06-03T22:39:14+00:00,2017-06-03T22:39:14+00:00,1,Data Import,24.4
DemocracyClub/UK-Polling-Stations,798,Do we need a special case for uncontested seats?,closed,chris48s,chris48s,2017-05-10T13:33:48+00:00,2018-04-29T16:36:53+00:00,2018-04-29T16:36:53+00:00,2,,354.13
DemocracyClub/UK-Polling-Stations,801,Import E06000032-Luton,closed,chris48s,chris48s,2017-05-10T15:45:40+00:00,2017-05-16T17:54:39+00:00,2017-05-16T17:54:46+00:00,0,Data Import,6.09
DemocracyClub/UK-Polling-Stations,802,Import E09000016-Havering,closed,chris48s,chris48s,2017-05-10T15:45:58+00:00,2017-05-19T16:05:57+00:00,2017-05-19T16:06:04+00:00,0,Data Import,9.01
DemocracyClub/UK-Polling-Stations,803,Import E06000029-Poole,closed,chris48s,chris48s,2017-05-10T15:46:16+00:00,2017-05-16T17:54:39+00:00,2017-05-16T17:54:46+00:00,0,Data Import,6.09
DemocracyClub/UK-Polling-Stations,804,Import E09000019-Islington,closed,chris48s,chris48s,2017-05-10T15:46:35+00:00,2017-05-16T17:54:39+00:00,2017-05-16T17:54:46+00:00,0,Data Import,6.09
DemocracyClub/UK-Polling-Stations,805,Import E09000031-Waltham Forest,closed,chris48s,chris48s,2017-05-10T15:46:52+00:00,2017-05-16T17:54:39+00:00,2017-05-16T17:54:50+00:00,0,Data Import,6.09
DemocracyClub/UK-Polling-Stations,806,Import E08000037-Gateshead,closed,chris48s,chris48s,2017-05-10T15:47:03+00:00,2017-05-17T14:22:38+00:00,2017-05-17T14:22:44+00:00,0,Data Import,6.94
DemocracyClub/UK-Polling-Stations,807,Import E06000020-Telford and Wrekin,closed,chris48s,chris48s,2017-05-10T15:47:20+00:00,2017-05-16T17:54:39+00:00,2017-05-16T17:54:46+00:00,0,Data Import,6.09
DemocracyClub/UK-Polling-Stations,808,Import E08000034-Kirklees,closed,chris48s,chris48s,2017-05-10T17:31:42+00:00,2017-05-16T17:54:39+00:00,2017-05-16T17:54:46+00:00,0,Data Import,6.02
DemocracyClub/UK-Polling-Stations,809,Import W06000019-Blaenau Gwent,closed,chris48s,chris48s,2017-05-10T17:32:33+00:00,2017-06-03T22:39:14+00:00,2017-06-03T22:39:14+00:00,0,Data Import,24.21
DemocracyClub/UK-Polling-Stations,810,Cache write ops?,closed,chris48s,pmk01,2017-05-10T19:12:26+00:00,2024-01-17T16:55:36+00:00,2024-01-17T16:55:36+00:00,1,contender,2442.9
DemocracyClub/UK-Polling-Stations,811,Log requests to mapit,closed,chris48s,chris48s,2017-05-10T19:14:48+00:00,2017-11-24T12:25:31+00:00,2017-11-24T12:25:31+00:00,1,,197.72
DemocracyClub/UK-Polling-Stations,812,Improve code for discarding ambiguous addresses,closed,chris48s,chris48s,2017-05-11T10:10:53+00:00,2017-05-12T15:46:15+00:00,2017-05-12T15:46:22+00:00,0,bug :bug:,1.23
DemocracyClub/UK-Polling-Stations,813,Import E06000007-Warrington,closed,chris48s,chris48s,2017-05-12T10:46:52+00:00,2017-05-16T17:54:39+00:00,2017-05-16T17:54:46+00:00,0,Data Import,4.3
DemocracyClub/UK-Polling-Stations,814,Import E06000010-Kingston upon Hull,closed,chris48s,chris48s,2017-05-12T10:47:18+00:00,2017-05-16T17:54:40+00:00,2017-05-16T17:54:46+00:00,0,Data Import,4.3
DemocracyClub/UK-Polling-Stations,815,Import E06000034-Thurrock,closed,chris48s,chris48s,2017-05-12T10:47:40+00:00,2017-05-19T16:05:57+00:00,2017-05-19T16:06:05+00:00,0,Data Import,7.22
DemocracyClub/UK-Polling-Stations,816,Import E09000021-Kingston upon Thames,closed,chris48s,chris48s,2017-05-12T10:48:01+00:00,2017-05-16T17:54:40+00:00,2017-05-16T17:54:46+00:00,0,Data Import,4.3
DemocracyClub/UK-Polling-Stations,817,Import E06000030-Swindon,closed,chris48s,chris48s,2017-05-12T10:48:19+00:00,2017-05-16T17:54:40+00:00,2017-05-16T17:54:45+00:00,0,Data Import,4.3
DemocracyClub/UK-Polling-Stations,820,Update terminology ONSAD --> ONSUD,closed,chris48s,chris48s,2017-05-13T07:28:50+00:00,2017-11-10T14:24:30+00:00,2017-11-10T14:24:30+00:00,1,,181.29
DemocracyClub/UK-Polling-Stations,822,No ‘Access-Control-Allow-Origin’ header is present,closed,JoeMitchell,symroe,2017-05-15T13:38:32+00:00,2017-05-23T19:34:15+00:00,2017-05-23T19:34:19+00:00,0,,8.25
DemocracyClub/UK-Polling-Stations,823,Don't write a LoggedPostcode for 'address select' API hits,closed,chris48s,chris48s,2017-05-15T16:08:18+00:00,2017-05-23T20:28:03+00:00,2017-05-23T20:28:07+00:00,0,,8.18
DemocracyClub/UK-Polling-Stations,824,Update E08000003-Manchester,closed,chris48s,chris48s,2017-05-16T09:50:27+00:00,2017-05-16T17:54:40+00:00,2017-05-16T17:54:46+00:00,0,Data Import,0.34
DemocracyClub/UK-Polling-Stations,825,Import E08000018-Rotherham,closed,chris48s,chris48s,2017-05-16T09:51:02+00:00,2017-05-16T17:54:40+00:00,2017-05-16T17:54:47+00:00,0,Data Import,0.34
DemocracyClub/UK-Polling-Stations,826,Import E06000015-Derby,closed,chris48s,chris48s,2017-05-16T09:51:16+00:00,2017-05-16T17:54:40+00:00,2017-05-16T17:54:46+00:00,0,Data Import,0.34
DemocracyClub/UK-Polling-Stations,827,Update E07000089-Hart,closed,chris48s,chris48s,2017-05-16T09:51:31+00:00,2017-05-16T17:54:40+00:00,2017-05-16T17:54:47+00:00,0,Data Import,0.34
DemocracyClub/UK-Polling-Stations,828,Import E06000050-Cheshire West and Chester,closed,chris48s,chris48s,2017-05-16T09:51:52+00:00,2017-05-16T17:54:40+00:00,2017-05-16T17:54:46+00:00,0,Data Import,0.34
DemocracyClub/UK-Polling-Stations,829,Ability to change the embed background colour,closed,symroe,pmk01,2017-05-16T11:02:33+00:00,2024-01-17T16:36:28+00:00,2024-01-17T16:36:28+00:00,0,,2437.23
DemocracyClub/UK-Polling-Stations,830,Update E07000172-Broxtowe,closed,chris48s,chris48s,2017-05-16T14:44:21+00:00,2017-05-19T16:05:57+00:00,2017-05-19T16:06:05+00:00,0,Data Import,3.06
DemocracyClub/UK-Polling-Stations,831,Import E09000008-Croydon,closed,chris48s,chris48s,2017-05-16T14:44:41+00:00,2017-05-19T16:05:58+00:00,2017-05-19T16:06:04+00:00,0,Data Import,3.06
DemocracyClub/UK-Polling-Stations,832,Import E06000008-Blackburn,closed,chris48s,chris48s,2017-05-16T14:45:00+00:00,2017-05-16T17:54:40+00:00,2017-05-16T17:54:47+00:00,0,Data Import,0.13
DemocracyClub/UK-Polling-Stations,833,Import E06000056-Central Bedfordshire,closed,chris48s,chris48s,2017-05-16T14:45:15+00:00,2017-05-17T14:22:39+00:00,2017-05-17T14:22:44+00:00,0,Data Import,0.98
DemocracyClub/UK-Polling-Stations,834,Import E06000036-Bracknell Forest,closed,chris48s,chris48s,2017-05-16T14:45:33+00:00,2017-05-16T17:54:40+00:00,2017-05-16T17:54:45+00:00,0,Data Import,0.13
DemocracyClub/UK-Polling-Stations,835,Import E07000048-Christchurch,closed,chris48s,chris48s,2017-05-16T14:45:46+00:00,2017-05-16T17:54:40+00:00,2017-05-16T17:54:46+00:00,0,Data Import,0.13
DemocracyClub/UK-Polling-Stations,836,Import E07000049-East Dorset,closed,chris48s,chris48s,2017-05-16T14:46:02+00:00,2017-05-16T17:54:40+00:00,2017-05-16T17:54:46+00:00,0,Data Import,0.13
DemocracyClub/UK-Polling-Stations,837,Import E07000050-North Dorset,closed,chris48s,chris48s,2017-05-16T14:46:18+00:00,2017-05-22T15:30:43+00:00,2017-05-22T15:30:47+00:00,0,Data Import,6.03
DemocracyClub/UK-Polling-Stations,838,Import E07000052-West Dorset,closed,chris48s,chris48s,2017-05-16T14:46:32+00:00,2017-05-17T14:22:39+00:00,2017-05-17T14:22:44+00:00,0,Data Import,0.98
DemocracyClub/UK-Polling-Stations,839,Import E07000053-Weymouth and Portland,closed,chris48s,chris48s,2017-05-16T14:46:48+00:00,2017-05-17T14:22:39+00:00,2017-05-17T14:22:44+00:00,0,Data Import,0.98
DemocracyClub/UK-Polling-Stations,840,Update E07000148-Norwich,closed,chris48s,chris48s,2017-05-16T14:47:07+00:00,2017-05-16T17:54:40+00:00,2017-05-16T17:54:47+00:00,0,Data Import,0.13
DemocracyClub/UK-Polling-Stations,841,Import E07000178-Oxford,closed,chris48s,chris48s,2017-05-16T14:47:19+00:00,2017-05-16T17:54:40+00:00,2017-05-16T17:54:50+00:00,0,Data Import,0.13
DemocracyClub/UK-Polling-Stations,842,Import E09000003-Barnet,closed,chris48s,chris48s,2017-05-16T17:11:37+00:00,2017-05-21T15:04:28+00:00,2017-05-21T15:04:33+00:00,0,Data Import,4.91
DemocracyClub/UK-Polling-Stations,843,Update E07000004-Aylesbury Vale,closed,chris48s,chris48s,2017-05-16T17:11:52+00:00,2017-05-17T11:12:53+00:00,2017-05-17T11:12:58+00:00,0,Data Import,0.75
DemocracyClub/UK-Polling-Stations,844,Update E07000125-Rossendale,closed,chris48s,chris48s,2017-05-16T17:12:10+00:00,2017-05-17T11:12:53+00:00,2017-05-17T11:12:58+00:00,0,Data Import,0.75
DemocracyClub/UK-Polling-Stations,847,Import E09000012 - Hackney,closed,chris48s,chris48s,2017-05-17T11:51:38+00:00,2017-05-22T15:30:41+00:00,2017-05-22T15:30:45+00:00,0,Data Import,5.15
DemocracyClub/UK-Polling-Stations,848,Import W06000014 - Vale of Glamorgan,closed,chris48s,chris48s,2017-05-17T11:52:00+00:00,2017-05-20T21:33:59+00:00,2017-05-20T21:34:03+00:00,0,Data Import,3.4
DemocracyClub/UK-Polling-Stations,850,Import E06000018-Nottingham,closed,chris48s,chris48s,2017-05-17T19:06:34+00:00,2017-05-22T15:30:43+00:00,2017-05-22T15:30:47+00:00,0,Data Import,4.85
DemocracyClub/UK-Polling-Stations,851,Import E06000038-Reading,closed,chris48s,chris48s,2017-05-17T19:06:49+00:00,2017-05-22T15:30:41+00:00,2017-05-22T15:30:46+00:00,0,Data Import,4.85
DemocracyClub/UK-Polling-Stations,852,Import E06000044-Portsmouth,closed,chris48s,chris48s,2017-05-17T19:07:04+00:00,2017-05-22T15:30:43+00:00,2017-05-22T15:30:47+00:00,0,Data Import,4.85
DemocracyClub/UK-Polling-Stations,853,Update W06000020-Torfaen,closed,chris48s,chris48s,2017-05-17T19:07:18+00:00,2017-05-19T16:05:58+00:00,2017-05-19T16:06:05+00:00,0,Data Import,1.87
DemocracyClub/UK-Polling-Stations,854,Update E07000242-East Hertfordshire,closed,chris48s,chris48s,2017-05-17T19:07:39+00:00,2017-05-19T16:05:58+00:00,2017-05-19T16:06:04+00:00,0,Data Import,1.87
DemocracyClub/UK-Polling-Stations,855,Update E07000227-Horsham,closed,chris48s,chris48s,2017-05-17T19:07:52+00:00,2017-05-19T16:05:58+00:00,2017-05-19T16:06:04+00:00,0,Data Import,1.87
DemocracyClub/UK-Polling-Stations,856,Import E09000013-Hammersmith and Fulham,closed,chris48s,chris48s,2017-05-18T15:59:33+00:00,2017-05-19T16:05:58+00:00,2017-05-19T16:06:05+00:00,0,Data Import,1.0
DemocracyClub/UK-Polling-Stations,857,Import E08000027-Dudley,closed,chris48s,chris48s,2017-05-18T15:59:54+00:00,2017-05-22T15:30:42+00:00,2017-05-22T15:30:46+00:00,0,Data Import,3.98
DemocracyClub/UK-Polling-Stations,858,Import E07000087-Fareham,closed,chris48s,chris48s,2017-05-18T16:00:10+00:00,2017-05-22T15:30:42+00:00,2017-05-22T15:30:47+00:00,0,Data Import,3.98
DemocracyClub/UK-Polling-Stations,859,Update E07000091-New Forest,closed,chris48s,chris48s,2017-05-18T16:00:24+00:00,2017-05-19T16:05:58+00:00,2017-05-19T16:06:04+00:00,0,Data Import,1.0
DemocracyClub/UK-Polling-Stations,860,Update E08000001-Bolton,closed,chris48s,chris48s,2017-05-18T16:00:39+00:00,2017-05-19T16:05:58+00:00,2017-05-19T16:06:05+00:00,0,Data Import,1.0
DemocracyClub/UK-Polling-Stations,861,Import E06000012-North East Lincolnshire,closed,chris48s,chris48s,2017-05-18T16:00:56+00:00,2017-05-22T15:30:43+00:00,2017-05-22T15:30:47+00:00,0,Data Import,3.98
DemocracyClub/UK-Polling-Stations,862,Import E06000040-Windsor and Maidenhead,closed,chris48s,chris48s,2017-05-18T16:01:09+00:00,2017-05-22T15:30:44+00:00,2017-05-22T15:30:48+00:00,0,Data Import,3.98
DemocracyClub/UK-Polling-Stations,863,Import E06000042-Milton Keynes,closed,chris48s,chris48s,2017-05-18T16:01:25+00:00,2017-05-22T15:30:42+00:00,2017-05-22T15:30:48+00:00,0,Data Import,3.98
DemocracyClub/UK-Polling-Stations,864,Update E07000008-Cambridge,closed,chris48s,chris48s,2017-05-18T16:01:44+00:00,2017-05-19T16:05:58+00:00,2017-05-19T16:06:04+00:00,0,Data Import,1.0
DemocracyClub/UK-Polling-Stations,865,Import E07000045-Teignbridge,closed,chris48s,chris48s,2017-05-18T16:01:59+00:00,2017-05-22T15:30:44+00:00,2017-05-22T15:30:48+00:00,0,Data Import,3.98
DemocracyClub/UK-Polling-Stations,866,Update E08000009-Trafford,closed,chris48s,chris48s,2017-05-19T13:19:58+00:00,2017-05-19T16:05:58+00:00,2017-05-19T16:06:04+00:00,0,Data Import,0.12
DemocracyClub/UK-Polling-Stations,867,Import E08000013-St. Helens,closed,chris48s,chris48s,2017-05-19T13:20:13+00:00,2017-05-22T15:30:43+00:00,2017-05-22T15:30:48+00:00,0,Data Import,3.09
DemocracyClub/UK-Polling-Stations,868,Import E08000023-South Tyneside,closed,chris48s,chris48s,2017-05-19T13:20:28+00:00,2017-05-22T15:30:43+00:00,2017-05-22T15:30:48+00:00,0,Data Import,3.09
DemocracyClub/UK-Polling-Stations,869,Import E06000022-Bath&NES,closed,chris48s,chris48s,2017-05-19T13:20:42+00:00,2017-05-22T15:30:42+00:00,2017-05-22T15:30:46+00:00,0,Data Import,3.09
DemocracyClub/UK-Polling-Stations,870,Import E06000026-Plymouth,closed,chris48s,chris48s,2017-05-19T13:20:58+00:00,2017-05-22T15:30:41+00:00,2017-05-22T15:30:46+00:00,0,Data Import,3.09
DemocracyClub/UK-Polling-Stations,871,Update E06000046-Isle of Wight,closed,chris48s,chris48s,2017-05-19T13:21:17+00:00,2017-05-19T16:05:58+00:00,2017-05-19T16:06:04+00:00,0,Data Import,0.11
DemocracyClub/UK-Polling-Stations,872,Update E07000042-Mid Devon,closed,chris48s,chris48s,2017-05-19T13:21:30+00:00,2017-05-19T16:05:58+00:00,2017-05-19T16:06:04+00:00,0,Data Import,0.11
DemocracyClub/UK-Polling-Stations,873,Update E07000123-Preston,closed,chris48s,chris48s,2017-05-19T13:21:44+00:00,2017-05-19T16:05:58+00:00,2017-05-19T16:06:05+00:00,0,Data Import,0.11
DemocracyClub/UK-Polling-Stations,874,Import E07000141-South Kesteven,closed,chris48s,chris48s,2017-05-19T13:21:56+00:00,2017-05-22T15:30:43+00:00,2017-05-22T15:30:47+00:00,0,Data Import,3.09
DemocracyClub/UK-Polling-Stations,875,Update E07000151-Daventry,closed,chris48s,chris48s,2017-05-19T13:22:10+00:00,2017-05-19T16:05:58+00:00,2017-05-19T16:06:06+00:00,0,Data Import,0.11
DemocracyClub/UK-Polling-Stations,876,Update E07000223-Adur,closed,chris48s,chris48s,2017-05-19T13:22:22+00:00,2017-05-19T16:05:58+00:00,2017-05-19T16:06:04+00:00,0,Data Import,0.11
DemocracyClub/UK-Polling-Stations,877,Update E07000229-Worthing,closed,chris48s,chris48s,2017-05-19T13:22:34+00:00,2017-05-19T16:05:59+00:00,2017-05-19T16:06:05+00:00,0,Data Import,0.11
DemocracyClub/UK-Polling-Stations,879,Import E09000032-Wandsworth,closed,chris48s,chris48s,2017-05-19T19:09:01+00:00,2017-05-22T15:30:42+00:00,2017-05-22T15:30:47+00:00,0,Data Import,2.85
DemocracyClub/UK-Polling-Stations,880,Update E08000026-Coventry,closed,chris48s,chris48s,2017-05-19T19:09:16+00:00,2017-05-19T21:48:57+00:00,2017-05-19T21:49:01+00:00,0,Data Import,0.11
DemocracyClub/UK-Polling-Stations,881,Import E06000003-Redcar & Cleveland,closed,chris48s,chris48s,2017-05-19T19:09:47+00:00,2017-05-22T15:30:43+00:00,2017-05-22T15:30:48+00:00,0,Data Import,2.85
DemocracyClub/UK-Polling-Stations,882,Update E06000007-Warrington,closed,chris48s,chris48s,2017-05-19T19:10:05+00:00,2017-06-03T22:39:14+00:00,2017-06-03T22:39:19+00:00,0,Data Import,15.15
DemocracyClub/UK-Polling-Stations,883,Update E07000011-Huntingdonshire,closed,chris48s,chris48s,2017-05-19T19:10:24+00:00,2017-05-31T19:16:34+00:00,2017-05-31T19:16:38+00:00,1,Data Import,12.0
DemocracyClub/UK-Polling-Stations,884,Import E07000043-North Devon,closed,chris48s,chris48s,2017-05-19T19:10:40+00:00,2017-05-22T15:30:42+00:00,2017-05-22T15:30:47+00:00,0,Data Import,2.85
DemocracyClub/UK-Polling-Stations,885,Update E07000094-Winchester,closed,chris48s,chris48s,2017-05-19T19:10:53+00:00,2017-06-02T15:15:10+00:00,2017-06-02T15:15:10+00:00,1,Data Import,13.84
DemocracyClub/UK-Polling-Stations,886,Update E07000117-Burnley,closed,chris48s,chris48s,2017-05-19T19:11:07+00:00,2017-05-23T13:44:52+00:00,2017-05-23T13:44:56+00:00,0,Data Import,3.77
DemocracyClub/UK-Polling-Stations,887,Update E07000118-Chorley,closed,chris48s,chris48s,2017-05-19T19:11:25+00:00,2017-05-19T21:48:57+00:00,2017-05-19T21:49:01+00:00,0,Data Import,0.11
DemocracyClub/UK-Polling-Stations,888,Update E07000113-Swale,closed,chris48s,chris48s,2017-05-19T19:11:37+00:00,2017-05-19T21:48:57+00:00,2017-05-19T21:49:02+00:00,0,Data Import,0.11
DemocracyClub/UK-Polling-Stations,890,Update E09000031-Waltham Forest,closed,chris48s,chris48s,2017-05-20T14:42:35+00:00,2017-05-20T21:33:59+00:00,2017-05-20T21:34:03+00:00,0,Data Import,0.29
DemocracyClub/UK-Polling-Stations,891,Import E09000015-Harrow,closed,chris48s,chris48s,2017-05-20T14:43:14+00:00,2017-05-22T15:30:41+00:00,2017-05-22T15:30:45+00:00,0,Data Import,2.03
DemocracyClub/UK-Polling-Stations,892,Update E07000135-Oadby & Wigston,closed,chris48s,chris48s,2017-05-20T18:50:22+00:00,2017-05-20T21:33:59+00:00,2017-05-20T21:34:03+00:00,0,Data Import,0.11
DemocracyClub/UK-Polling-Stations,893,Update E08000007-Stockport,closed,chris48s,chris48s,2017-05-20T18:50:37+00:00,2017-05-20T21:33:59+00:00,2017-05-20T21:34:03+00:00,0,Data Import,0.11
DemocracyClub/UK-Polling-Stations,899,Update E09000018-Hounslow,closed,chris48s,chris48s,2017-05-22T15:51:45+00:00,2017-05-23T13:44:53+00:00,2017-05-23T13:44:57+00:00,0,Data Import,0.91
DemocracyClub/UK-Polling-Stations,900,Import E07000051-Purbeck,closed,chris48s,chris48s,2017-05-22T15:52:06+00:00,2017-06-05T16:55:33+00:00,2017-06-05T16:55:33+00:00,1,Data Import,14.04
DemocracyClub/UK-Polling-Stations,901,Update E07000062-Hastings,closed,chris48s,chris48s,2017-05-22T15:52:42+00:00,2017-05-23T13:44:53+00:00,2017-05-23T13:44:56+00:00,0,Data Import,0.91
DemocracyClub/UK-Polling-Stations,902,Update Import E07000047-West Devon,closed,chris48s,chris48s,2017-05-22T16:12:39+00:00,2017-05-23T13:44:53+00:00,2017-05-23T13:44:57+00:00,0,Data Import,0.9
DemocracyClub/UK-Polling-Stations,903,Add guidance on how to contribute polling station data,closed,BenJam,chris48s,2017-05-23T09:10:58+00:00,2017-06-12T10:48:25+00:00,2017-06-12T10:48:25+00:00,4,,20.07
DemocracyClub/UK-Polling-Stations,907,Import E09000014-Haringey,closed,chris48s,chris48s,2017-05-23T16:41:31+00:00,2017-06-05T17:33:58+00:00,2017-06-05T17:34:03+00:00,0,Data Import,13.04
DemocracyClub/UK-Polling-Stations,908,Import E09000028-Southwark,closed,chris48s,chris48s,2017-05-23T16:41:44+00:00,2017-05-25T12:51:29+00:00,2017-05-25T12:51:34+00:00,0,Data Import,1.84
DemocracyClub/UK-Polling-Stations,909,Update E09000029-Sutton,closed,chris48s,chris48s,2017-05-23T16:41:59+00:00,2017-05-24T11:56:24+00:00,2017-05-24T11:56:24+00:00,0,Data Import;On hold ⛔,0.8
DemocracyClub/UK-Polling-Stations,910,Import E06000043-Brighton and Hove,closed,chris48s,chris48s,2017-05-23T16:42:46+00:00,2017-05-28T17:00:46+00:00,2017-05-28T17:00:50+00:00,1,Data Import,5.01
DemocracyClub/UK-Polling-Stations,911,Update E07000070-Chelmsford,closed,chris48s,chris48s,2017-05-23T16:43:15+00:00,2017-05-24T08:45:41+00:00,2017-05-24T08:45:46+00:00,0,Data Import,0.67
DemocracyClub/UK-Polling-Stations,912,Update E07000093-Test Valley,closed,chris48s,chris48s,2017-05-23T16:43:29+00:00,2017-05-24T08:45:42+00:00,2017-05-24T08:45:46+00:00,0,Data Import;Review,0.67
DemocracyClub/UK-Polling-Stations,913,Import E09000010-Enfield,closed,chris48s,chris48s,2017-05-23T16:43:41+00:00,2017-05-25T12:51:29+00:00,2017-05-25T12:51:34+00:00,0,Data Import,1.84
DemocracyClub/UK-Polling-Stations,916,Log 429 Too Many Requests,closed,chris48s,chris48s,2017-05-24T10:15:07+00:00,2017-11-24T16:58:41+00:00,2017-11-24T16:58:42+00:00,1,,184.28
DemocracyClub/UK-Polling-Stations,917,Update E07000167-Ryedale,closed,chris48s,chris48s,2017-05-24T14:16:24+00:00,2017-05-25T12:51:29+00:00,2017-05-25T12:51:34+00:00,0,Data Import,0.94
DemocracyClub/UK-Polling-Stations,918,Import E09000025-Newham,closed,chris48s,chris48s,2017-05-24T14:16:45+00:00,2017-05-25T12:51:30+00:00,2017-05-25T12:51:34+00:00,0,Data Import,0.94
DemocracyClub/UK-Polling-Stations,919,Import E08000016-Barnsley,closed,chris48s,chris48s,2017-05-24T14:17:00+00:00,2017-05-28T17:00:46+00:00,2017-05-28T17:00:51+00:00,0,Data Import,4.11
DemocracyClub/UK-Polling-Stations,920,Import E06000051-Shropshire,closed,chris48s,chris48s,2017-05-24T14:17:14+00:00,2017-05-25T12:51:30+00:00,2017-05-25T12:51:34+00:00,0,Data Import,0.94
DemocracyClub/UK-Polling-Stations,921,Update E07000010-Fenland,closed,chris48s,chris48s,2017-05-24T14:17:28+00:00,2017-05-25T12:51:30+00:00,2017-05-25T12:51:34+00:00,0,Data Import,0.94
DemocracyClub/UK-Polling-Stations,922,Update E07000065-Wealden,closed,chris48s,chris48s,2017-05-24T14:17:41+00:00,2017-06-12T10:47:27+00:00,2017-06-12T10:47:27+00:00,1,Data Import,18.85
DemocracyClub/UK-Polling-Stations,925,Update E07000012-South Cambridgeshire,closed,chris48s,chris48s,2017-05-25T12:54:11+00:00,2017-05-31T19:16:35+00:00,2017-05-31T19:16:39+00:00,1,Data Import,6.27
DemocracyClub/UK-Polling-Stations,929,Import E09000002-Barking and Dagenham,closed,chris48s,chris48s,2017-05-26T12:08:01+00:00,2017-05-28T17:00:46+00:00,2017-05-28T17:00:51+00:00,0,Data Import,2.2
DemocracyClub/UK-Polling-Stations,930,Import E09000005-Brent,closed,chris48s,chris48s,2017-05-26T12:08:16+00:00,2017-05-28T17:00:46+00:00,2017-05-28T17:00:51+00:00,0,Data Import,2.2
DemocracyClub/UK-Polling-Stations,931,Update E09000029-Sutton,closed,chris48s,chris48s,2017-05-26T12:08:29+00:00,2017-06-03T22:39:14+00:00,2017-06-03T22:39:19+00:00,1,Data Import,8.44
DemocracyClub/UK-Polling-Stations,933,Import E09000020-Kensington and Chelsea,closed,polling-bot-4000,chris48s,2017-05-26T19:39:50+00:00,2017-05-28T17:01:00+00:00,2017-05-28T17:01:04+00:00,0,Data Import,1.89
DemocracyClub/UK-Polling-Stations,934,Update E08000008-Tameside,closed,polling-bot-4000,chris48s,2017-05-26T19:42:37+00:00,2017-05-28T17:01:03+00:00,2017-05-28T17:01:08+00:00,0,Data Import,1.89
DemocracyClub/UK-Polling-Stations,935,Update E06000001-Hartlepool,closed,polling-bot-4000,chris48s,2017-05-26T19:45:15+00:00,2017-05-28T17:01:02+00:00,2017-05-28T17:01:07+00:00,0,Data Import,1.89
DemocracyClub/UK-Polling-Stations,936,Import E06000017-Rutland,closed,polling-bot-4000,chris48s,2017-05-26T19:46:40+00:00,2017-05-30T17:08:11+00:00,2017-05-30T17:08:11+00:00,1,Data Import;On hold ⛔,3.89
DemocracyClub/UK-Polling-Stations,937,Update W06000006-Wrexham,closed,polling-bot-4000,chris48s,2017-05-26T19:46:44+00:00,2017-05-28T17:01:03+00:00,2017-05-28T17:01:08+00:00,0,Data Import,1.88
DemocracyClub/UK-Polling-Stations,938,Update W06000024-Merthyr Tydfil,closed,polling-bot-4000,chris48s,2017-05-26T19:46:48+00:00,2017-05-28T17:01:02+00:00,2017-05-28T17:01:06+00:00,0,Data Import,1.88
DemocracyClub/UK-Polling-Stations,939,Update W06000022-Newport,closed,polling-bot-4000,chris48s,2017-05-26T19:46:51+00:00,2017-05-28T17:01:02+00:00,2017-05-28T17:01:07+00:00,0,Data Import,1.88
DemocracyClub/UK-Polling-Stations,940,Update E07000034-Chesterfield,closed,polling-bot-4000,chris48s,2017-05-26T19:46:55+00:00,2017-05-28T17:01:01+00:00,2017-05-28T17:01:05+00:00,0,Data Import,1.88
DemocracyClub/UK-Polling-Stations,941,Update E07000061-Eastbourne,closed,polling-bot-4000,chris48s,2017-05-26T19:46:59+00:00,2017-05-28T17:01:01+00:00,2017-05-28T17:01:06+00:00,0,Data Import,1.88
DemocracyClub/UK-Polling-Stations,942,Update E07000066-Basildon,closed,polling-bot-4000,chris48s,2017-05-26T19:47:03+00:00,2017-05-28T17:01:01+00:00,2017-05-28T17:01:05+00:00,0,Data Import,1.88
DemocracyClub/UK-Polling-Stations,943,Update E07000081-Gloucester,closed,polling-bot-4000,chris48s,2017-05-26T19:47:07+00:00,2017-05-28T17:01:01+00:00,2017-05-28T17:01:07+00:00,0,Data Import,1.88
DemocracyClub/UK-Polling-Stations,944,Update E07000082-Stroud,closed,polling-bot-4000,chris48s,2017-05-26T19:47:11+00:00,2017-05-28T17:01:02+00:00,2017-05-28T17:01:06+00:00,0,Data Import,1.88
DemocracyClub/UK-Polling-Stations,945,Update E07000242-East Hertfordshire,closed,polling-bot-4000,chris48s,2017-05-26T19:47:15+00:00,2017-05-28T17:01:01+00:00,2017-05-28T17:01:06+00:00,0,Data Import,1.88
DemocracyClub/UK-Polling-Stations,946,Update E07000105-Ashford,closed,polling-bot-4000,chris48s,2017-05-26T19:47:19+00:00,2017-05-28T17:01:00+00:00,2017-05-28T17:01:05+00:00,0,Data Import,1.88
DemocracyClub/UK-Polling-Stations,947,Update E07000119-Fylde,closed,polling-bot-4000,chris48s,2017-05-26T19:47:23+00:00,2017-05-28T17:01:01+00:00,2017-05-28T17:01:06+00:00,0,Data Import,1.88
DemocracyClub/UK-Polling-Stations,948,Update E07000122-Pendle,closed,polling-bot-4000,chris48s,2017-05-26T19:47:27+00:00,2017-05-28T17:01:02+00:00,2017-05-28T17:01:06+00:00,0,Data Import,1.88
DemocracyClub/UK-Polling-Stations,949,Update E07000125-Rossendale,closed,polling-bot-4000,chris48s,2017-05-26T19:47:30+00:00,2017-05-28T17:01:00+00:00,2017-05-28T17:01:05+00:00,0,Data Import,1.88
DemocracyClub/UK-Polling-Stations,950,Update E07000131-Harborough,closed,polling-bot-4000,chris48s,2017-05-26T19:47:34+00:00,2017-06-12T10:47:03+00:00,2017-06-12T10:47:03+00:00,2,Data Import;On hold ⛔,16.62
DemocracyClub/UK-Polling-Stations,951,Update E07000163-Craven,closed,polling-bot-4000,chris48s,2017-05-26T19:47:38+00:00,2017-05-28T17:01:01+00:00,2017-05-28T17:01:05+00:00,0,Data Import,1.88
DemocracyClub/UK-Polling-Stations,952,Update E07000176-Rushcliffe,closed,polling-bot-4000,chris48s,2017-05-26T19:47:42+00:00,2017-05-28T17:01:02+00:00,2017-05-28T17:01:07+00:00,0,Data Import,1.88
DemocracyClub/UK-Polling-Stations,953,Update E07000181-West Oxfordshire,closed,polling-bot-4000,chris48s,2017-05-26T19:47:46+00:00,2017-05-28T17:01:03+00:00,2017-05-28T17:01:07+00:00,0,Data Import,1.88
DemocracyClub/UK-Polling-Stations,954,Update E07000188-Sedgemoor,closed,polling-bot-4000,chris48s,2017-05-26T19:47:50+00:00,2017-05-28T17:01:02+00:00,2017-05-28T17:01:07+00:00,0,Data Import,1.88
DemocracyClub/UK-Polling-Stations,955,Update E07000199-Tamworth,closed,polling-bot-4000,chris48s,2017-05-26T19:47:54+00:00,2017-05-28T17:01:03+00:00,2017-05-28T17:01:07+00:00,0,Data Import,1.88
DemocracyClub/UK-Polling-Stations,956,Update E07000214-Surrey Heath,closed,polling-bot-4000,chris48s,2017-05-26T19:47:58+00:00,2017-05-28T17:01:02+00:00,2017-05-28T17:01:07+00:00,0,Data Import,1.88
DemocracyClub/UK-Polling-Stations,957,Update E07000222-Warwick,closed,polling-bot-4000,chris48s,2017-05-26T19:48:02+00:00,2017-05-28T17:01:03+00:00,2017-05-28T17:01:07+00:00,0,Data Import,1.88
DemocracyClub/UK-Polling-Stations,958,Update E07000226-Crawley,closed,polling-bot-4000,chris48s,2017-05-26T19:48:07+00:00,2017-05-28T17:01:01+00:00,2017-05-28T17:01:06+00:00,0,Data Import,1.88
DemocracyClub/UK-Polling-Stations,959,Update E07000234-Bromsgrove,closed,polling-bot-4000,chris48s,2017-05-26T19:48:11+00:00,2017-05-28T17:01:01+00:00,2017-05-28T17:01:05+00:00,0,Data Import,1.88
DemocracyClub/UK-Polling-Stations,960,Update E07000235-Malvern Hills,closed,polling-bot-4000,chris48s,2017-05-26T19:48:15+00:00,2017-05-28T17:01:02+00:00,2017-05-28T17:01:06+00:00,0,Data Import,1.88
DemocracyClub/UK-Polling-Stations,961,Update E07000236-Redditch,closed,polling-bot-4000,chris48s,2017-05-26T19:48:19+00:00,2017-05-31T19:16:35+00:00,2017-05-31T19:16:39+00:00,0,Data Import,4.98
DemocracyClub/UK-Polling-Stations,962,Update E07000238-Wychavon,closed,polling-bot-4000,chris48s,2017-05-26T19:48:23+00:00,2017-05-28T17:01:03+00:00,2017-05-28T17:01:08+00:00,0,Data Import,1.88
DemocracyClub/UK-Polling-Stations,963,API should behave consistently with front-end where we can not geocode,closed,chris48s,symroe,2017-05-27T17:49:07+00:00,2017-12-05T11:55:10+00:00,2017-12-05T11:55:10+00:00,1,api,191.75
DemocracyClub/UK-Polling-Stations,964,Update E08000033-Calderdale,closed,chris48s,chris48s,2017-05-27T21:07:54+00:00,2017-05-28T17:01:00+00:00,2017-05-28T17:01:04+00:00,0,Data Import,0.83
DemocracyClub/UK-Polling-Stations,967,Show EONI contact details for NI users instead of council,closed,chris48s,chris48s,2017-05-29T12:59:49+00:00,2019-01-08T17:18:00+00:00,2019-01-08T17:18:01+00:00,2,,589.18
DemocracyClub/UK-Polling-Stations,968,Review latest Scotland SpatialHub data,closed,chris48s,chris48s,2017-05-29T15:38:18+00:00,2017-06-12T10:47:57+00:00,2017-06-12T10:48:02+00:00,2,Data Import,13.8
DemocracyClub/UK-Polling-Stations,969,Can we show users in Scotland better council contact info?,open,chris48s,,2017-05-30T15:48:06+00:00,,2025-10-01T11:08:52+00:00,3,,
DemocracyClub/UK-Polling-Stations,971,Update E07000227-Horsham,closed,chris48s,chris48s,2017-05-30T16:51:15+00:00,2017-05-31T19:16:34+00:00,2017-05-31T19:16:39+00:00,0,Data Import,1.1
DemocracyClub/UK-Polling-Stations,972,Update E07000139-North Kesteven,closed,chris48s,chris48s,2017-05-30T17:23:25+00:00,2017-05-31T19:16:35+00:00,2017-05-31T19:16:39+00:00,0,Data Import,1.08
DemocracyClub/UK-Polling-Stations,973,Update E07000171-Bassetlaw,closed,chris48s,chris48s,2017-05-30T17:23:43+00:00,2017-05-31T19:16:34+00:00,2017-05-31T19:16:38+00:00,0,Data Import,1.08
DemocracyClub/UK-Polling-Stations,974,Update E07000153-Kettering,closed,chris48s,chris48s,2017-05-30T17:23:58+00:00,2017-05-31T19:16:34+00:00,2017-05-31T19:16:39+00:00,0,Data Import,1.08
DemocracyClub/UK-Polling-Stations,975,Update E08000014-Sefton,closed,chris48s,chris48s,2017-05-30T17:24:12+00:00,2017-05-31T19:16:35+00:00,2017-05-31T19:16:40+00:00,0,Data Import,1.08
DemocracyClub/UK-Polling-Stations,976,Import E06000035-Medway,closed,chris48s,chris48s,2017-05-30T17:24:27+00:00,2017-05-31T19:16:35+00:00,2017-05-31T19:16:40+00:00,1,Data Import,1.08
DemocracyClub/UK-Polling-Stations,977,Update E07000228-Mid Sussex,closed,chris48s,chris48s,2017-05-30T17:24:40+00:00,2017-06-03T22:39:14+00:00,2017-06-03T22:39:19+00:00,0,Data Import,4.22
DemocracyClub/UK-Polling-Stations,980,Import E0800002-Newcastle upon Tyne,closed,chris48s,chris48s,2017-06-01T19:05:31+00:00,2017-06-03T22:39:14+00:00,2017-06-03T22:39:20+00:00,0,Data Import,2.15
DemocracyClub/UK-Polling-Stations,981,Update E07000078-Cheltenham,closed,chris48s,chris48s,2017-06-01T19:06:42+00:00,2017-06-03T22:39:13+00:00,2017-06-03T22:39:17+00:00,0,Data Import,2.15
DemocracyClub/UK-Polling-Stations,982,Update E06000002-Middlesbrough,closed,chris48s,chris48s,2017-06-02T10:36:38+00:00,2017-06-03T22:39:14+00:00,2017-06-03T22:39:18+00:00,0,Data Import,1.5
DemocracyClub/UK-Polling-Stations,983,Update E07000105-Ashford,closed,chris48s,chris48s,2017-06-02T10:36:54+00:00,2017-06-03T22:39:13+00:00,2017-06-03T22:39:17+00:00,0,Data Import,1.5
DemocracyClub/UK-Polling-Stations,984,Import E06000027-Torbay,closed,chris48s,chris48s,2017-06-02T10:37:41+00:00,2017-06-03T22:39:15+00:00,2017-06-03T22:39:19+00:00,0,Data Import,1.5
DemocracyClub/UK-Polling-Stations,985,Import E07000033-Bolsover,closed,chris48s,chris48s,2017-06-02T10:37:54+00:00,2017-06-03T22:39:14+00:00,2017-06-03T22:39:19+00:00,0,Data Import,1.5
DemocracyClub/UK-Polling-Stations,986,Update E07000110-Maidstone,closed,chris48s,chris48s,2017-06-02T10:38:07+00:00,2017-06-03T22:39:13+00:00,2017-06-03T22:39:18+00:00,0,Data Import,1.5
DemocracyClub/UK-Polling-Stations,987,Update E07000121-Lancaster,closed,chris48s,chris48s,2017-06-02T10:38:22+00:00,2017-06-03T22:39:13+00:00,2017-06-03T22:39:18+00:00,0,Data Import,1.5
DemocracyClub/UK-Polling-Stations,988,Update E07000139-North Kesteven,closed,chris48s,chris48s,2017-06-02T10:38:44+00:00,2017-06-02T12:05:28+00:00,2017-06-02T12:05:28+00:00,0,Data Import;On hold ⛔,0.06
DemocracyClub/UK-Polling-Stations,989,Import E07000173-Gedling,closed,chris48s,chris48s,2017-06-02T10:38:56+00:00,2017-06-03T22:39:14+00:00,2017-06-03T22:39:19+00:00,0,Data Import,1.5
DemocracyClub/UK-Polling-Stations,990,Update E07000220-Rugby,closed,chris48s,chris48s,2017-06-02T10:39:06+00:00,2017-06-03T22:39:14+00:00,2017-06-03T22:39:19+00:00,0,Data Import,1.5
DemocracyClub/UK-Polling-Stations,992,Update E08000029-Solihull,closed,chris48s,chris48s,2017-06-02T20:24:38+00:00,2017-06-03T22:39:14+00:00,2017-06-03T22:39:14+00:00,0,Data Import;On hold ⛔,1.09
DemocracyClub/UK-Polling-Stations,993,Import E06000016-Leicester,closed,chris48s,chris48s,2017-06-02T20:26:25+00:00,2017-06-03T22:39:14+00:00,2017-06-03T22:39:19+00:00,0,Data Import,1.09
DemocracyClub/UK-Polling-Stations,994,Update E07000124-Ribble Valley,closed,chris48s,chris48s,2017-06-02T20:32:07+00:00,2017-06-03T22:39:38+00:00,2017-06-03T22:39:42+00:00,1,Data Import,1.09
DemocracyClub/UK-Polling-Stations,995,Update E07000143-Breckland,closed,chris48s,chris48s,2017-06-02T20:32:44+00:00,2017-06-05T17:33:58+00:00,2017-06-05T17:33:59+00:00,0,Data Import;On hold ⛔,2.88
DemocracyClub/UK-Polling-Stations,996,Update E09000001-City of London,closed,chris48s,chris48s,2017-06-02T20:33:29+00:00,2017-06-03T22:39:13+00:00,2017-06-03T22:39:18+00:00,0,Data Import,1.09
DemocracyClub/UK-Polling-Stations,997,Update W06000011-Swansea,closed,chris48s,chris48s,2017-06-02T20:34:56+00:00,2017-06-03T22:39:14+00:00,2017-06-03T22:39:19+00:00,0,Data Import,1.09
DemocracyClub/UK-Polling-Stations,998,Update E06000031-Peterborough,closed,chris48s,chris48s,2017-06-02T20:35:12+00:00,2017-06-03T22:39:14+00:00,2017-06-03T22:39:19+00:00,0,Data Import,1.09
DemocracyClub/UK-Polling-Stations,999,Odd council results for CW4 7AB,closed,chris48s,symroe,2017-06-02T21:15:06+00:00,2017-07-18T15:25:46+00:00,2017-07-18T15:25:46+00:00,2,,45.76
DemocracyClub/UK-Polling-Stations,1007,Add cycling directions (not just walking),closed,mvl22,chris48s,2017-06-05T19:38:56+00:00,2017-06-06T16:00:25+00:00,2017-06-06T16:00:39+00:00,0,,0.85
DemocracyClub/UK-Polling-Stations,1015,Improve exception handling in get_directions(),closed,chris48s,pmk01,2017-06-06T20:11:12+00:00,2024-01-17T16:54:52+00:00,2024-01-17T16:54:52+00:00,2,,2415.86
DemocracyClub/UK-Polling-Stations,1035,Add config setting to disable EE has_election() check,closed,chris48s,symroe,2017-07-14T11:11:24+00:00,2017-07-20T07:14:06+00:00,2017-07-20T07:14:06+00:00,0,,5.84
DemocracyClub/UK-Polling-Stations,1036,Error code for invalid postcode,open,chris48s,,2017-07-14T11:18:15+00:00,,2024-01-17T16:41:52+00:00,3,api,
DemocracyClub/UK-Polling-Stations,1039,Use Polling_Place_UPRN in BaseXpressDemocracyClubCsvImporter,closed,chris48s,symroe,2017-07-17T08:40:27+00:00,2017-12-01T15:40:12+00:00,2017-12-01T15:40:12+00:00,0,,137.29
DemocracyClub/UK-Polling-Stations,1040,Update to latest DC theme,closed,chris48s,chris48s,2017-07-17T08:43:37+00:00,2018-03-19T17:11:11+00:00,2018-03-19T17:11:11+00:00,5,,245.35
DemocracyClub/UK-Polling-Stations,1041,Sort out JS dependency management,closed,chris48s,symroe,2017-07-19T12:32:55+00:00,2017-09-08T14:18:45+00:00,2017-09-08T14:18:45+00:00,0,,51.07
DemocracyClub/UK-Polling-Stations,1042,Re-evaluate javascript pipelining,closed,chris48s,symroe,2017-07-19T12:36:01+00:00,2017-09-08T14:18:45+00:00,2017-09-08T14:18:45+00:00,2,,51.07
DemocracyClub/UK-Polling-Stations,1043,Should we show iOS users an apple maps link instead of google maps?,closed,chris48s,GeoWill,2017-07-19T12:41:23+00:00,2025-10-01T10:34:10+00:00,2025-10-01T10:34:10+00:00,3,question :grey_question:,2995.91
DemocracyClub/UK-Polling-Stations,1044,Show inline directions,closed,chris48s,GeoWill,2017-07-19T12:43:02+00:00,2025-10-01T10:34:52+00:00,2025-10-01T10:35:10+00:00,1,,2995.91
DemocracyClub/UK-Polling-Stations,1045,Add more automated checks to import process,closed,chris48s,chris48s,2017-07-27T16:19:58+00:00,2018-04-19T15:11:11+00:00,2018-04-19T15:11:11+00:00,6,,265.95
DemocracyClub/UK-Polling-Stations,1047,postcode_location isn't a valid GeoJSON feature,closed,chris48s,symroe,2017-08-13T14:57:55+00:00,2017-12-01T15:50:33+00:00,2017-12-01T15:50:33+00:00,1,bug :bug:;api,110.04
DemocracyClub/UK-Polling-Stations,1053,Running integration tests logs hits to google analytics,closed,chris48s,symroe,2017-09-12T10:06:32+00:00,2017-10-03T13:35:15+00:00,2017-10-03T13:35:15+00:00,0,,21.14
DemocracyClub/UK-Polling-Stations,1055,"""You don't need your poll card"" block should clarify you need to be registered",closed,chris48s,symroe,2017-09-12T12:02:07+00:00,2017-10-03T10:22:22+00:00,2017-10-03T10:22:22+00:00,0,,20.93
DemocracyClub/UK-Polling-Stations,1056,Add copy explaining you must vote at your assigned station,closed,chris48s,symroe,2017-09-12T18:34:25+00:00,2017-10-03T10:22:22+00:00,2017-10-03T10:22:22+00:00,0,,20.66
DemocracyClub/UK-Polling-Stations,1059,Add info on voter ID trials for relevant areas in May 2018,closed,chris48s,chris48s,2017-09-25T12:34:53+00:00,2018-03-28T08:21:51+00:00,2018-03-28T08:21:51+00:00,9,,183.82
DemocracyClub/UK-Polling-Stations,1075,Run AddressBase/ONSUD imports in parallell,closed,chris48s,GeoWill,2017-11-09T17:49:14+00:00,2025-10-01T10:36:39+00:00,2025-10-01T10:36:39+00:00,3,,2882.7
DemocracyClub/UK-Polling-Stations,1077,Validate postcodes before constructing Postcode() or catch ValueError gracefully,closed,chris48s,symroe,2017-11-13T14:32:35+00:00,2017-11-27T17:15:02+00:00,2017-11-27T17:15:02+00:00,3,ready,14.11
DemocracyClub/UK-Polling-Stations,1078,Import uk local authority districts (december 2016) boundaries,closed,polling-bot-4000,chris48s,2017-11-14T18:01:11+00:00,2017-11-15T10:25:01+00:00,2017-11-15T10:25:02+00:00,0,,0.68
DemocracyClub/UK-Polling-Stations,1079,Import uk local authority districts (december 2016) boundaries,closed,polling-bot-4000,chris48s,2017-11-14T18:01:12+00:00,2017-11-15T10:24:57+00:00,2017-11-15T10:24:57+00:00,0,,0.68
DemocracyClub/UK-Polling-Stations,1080,Import uk local authority districts (december 2016) boundaries,closed,polling-bot-4000,chris48s,2017-11-14T18:01:13+00:00,2017-11-15T10:24:52+00:00,2017-11-15T10:24:52+00:00,0,,0.68
DemocracyClub/UK-Polling-Stations,1081,Import uk local authority districts (december 2016) boundaries,closed,polling-bot-4000,symroe,2017-11-14T18:01:14+00:00,2017-12-01T15:38:54+00:00,2017-12-01T15:38:54+00:00,2,ready,16.9
DemocracyClub/UK-Polling-Stations,1082,Import uk local authority districts (december 2016) boundaries,closed,polling-bot-4000,chris48s,2017-11-14T18:01:16+00:00,2017-11-15T10:24:47+00:00,2017-11-15T10:24:47+00:00,0,,0.68
DemocracyClub/UK-Polling-Stations,1083,Import Local Authority Districts (December 2016) Full Extent Boundaries in the UK WGS84,closed,polling-bot-4000,chris48s,2017-11-20T12:01:12+00:00,2017-11-20T12:48:17+00:00,2017-11-20T12:48:17+00:00,1,,0.03
DemocracyClub/UK-Polling-Stations,1084,uk_geo_utils app: update ONSPD model and import script for Feb 2018 release,closed,chris48s,symroe,2017-11-21T12:21:33+00:00,2018-03-01T13:21:52+00:00,2018-03-01T13:21:52+00:00,0,,100.04
DemocracyClub/UK-Polling-Stations,1085,Import Local Authority Districts (December 2015) Full Extent Boundaries in Great Britain,closed,polling-bot-4000,chris48s,2017-11-24T12:01:11+00:00,2017-11-24T12:03:00+00:00,2017-11-24T12:03:00+00:00,1,,0.0
DemocracyClub/UK-Polling-Stations,1086,"""why don't we just use AddressBase?""",closed,chris48s,pmk01,2017-11-24T12:23:25+00:00,2024-01-17T16:32:51+00:00,2024-01-17T16:32:51+00:00,0,question :grey_question:,2245.17
DemocracyClub/UK-Polling-Stations,1087,Decide what to do about this,closed,chris48s,symroe,2017-11-24T16:01:07+00:00,2017-11-29T16:12:09+00:00,2017-11-29T16:12:09+00:00,0,ready,5.01
DemocracyClub/UK-Polling-Stations,1088,Remove Adapter layers,closed,chris48s,symroe,2017-11-24T16:23:53+00:00,2017-11-29T16:12:09+00:00,2017-11-29T16:12:09+00:00,1,ready,4.99
DemocracyClub/UK-Polling-Stations,1089,Self-serve uploads,closed,chris48s,chris48s,2017-11-24T16:48:09+00:00,2020-03-02T12:00:26+00:00,2020-03-02T12:00:26+00:00,10,,828.8
DemocracyClub/UK-Polling-Stations,1090,Package uk_geo_utils as a re-usable component,closed,chris48s,chris48s,2017-11-24T17:25:48+00:00,2018-03-05T12:58:06+00:00,2018-03-05T12:58:06+00:00,0,,100.81
DemocracyClub/UK-Polling-Stations,1092,Upgrade to django 2.0,closed,chris48s,chris48s,2017-11-27T13:41:36+00:00,2019-01-08T17:13:33+00:00,2019-01-08T17:13:34+00:00,7,,407.15
DemocracyClub/UK-Polling-Stations,1095,Initial Update,closed,pyup-bot,chris48s,2017-11-27T17:47:10+00:00,2017-11-27T17:49:28+00:00,2017-11-27T19:25:03+00:00,2,,0.0
DemocracyClub/UK-Polling-Stations,1099,Write tests for EMS import classes,closed,chris48s,symroe,2017-11-30T08:33:06+00:00,2018-03-01T13:27:16+00:00,2018-03-01T13:27:16+00:00,0,,91.2
DemocracyClub/UK-Polling-Stations,1110,IntegrityError importing councils with multiple DB connections,closed,chris48s,chris48s,2017-12-07T12:20:56+00:00,2019-09-16T13:02:22+00:00,2019-09-16T13:02:23+00:00,2,bug :bug:,648.03
DemocracyClub/UK-Polling-Stations,1121,Migrate away from MapZen as default directions provider,closed,chris48s,chris48s,2018-01-03T09:46:03+00:00,2019-07-12T15:16:53+00:00,2019-07-12T15:16:54+00:00,5,,555.23
DemocracyClub/UK-Polling-Stations,1128,Surface additional notes/meta-data to API users,closed,chris48s,chris48s,2018-01-15T17:24:32+00:00,2018-03-28T08:21:51+00:00,2018-03-28T08:21:51+00:00,1,api,71.62
DemocracyClub/UK-Polling-Stations,1129,Save UPRNs on ResidentialAddress records (if we have it),closed,chris48s,chris48s,2018-01-18T17:22:19+00:00,2018-03-19T16:53:39+00:00,2018-03-19T16:53:44+00:00,1,,59.98
DemocracyClub/UK-Polling-Stations,1131,Import Local Authority Districts (December 2017) Full Extent Boundaries in Great Britain,closed,polling-bot-4000,chris48s,2018-01-26T12:01:14+00:00,2018-01-26T14:55:30+00:00,2018-01-26T14:55:30+00:00,0,,0.12
DemocracyClub/UK-Polling-Stations,1133,Import Local Authority Districts (December 2017) Full Extent Boundaries in United Kingdom (WGS84),closed,polling-bot-4000,chris48s,2018-02-06T18:01:13+00:00,2018-02-06T18:05:29+00:00,2018-02-06T18:05:29+00:00,0,,0.0
DemocracyClub/UK-Polling-Stations,1135,Set up sentry/raven to report javascript errors,closed,chris48s,chris48s,2018-02-13T20:14:28+00:00,2019-02-05T14:18:56+00:00,2019-02-05T14:19:00+00:00,0,,356.75
DemocracyClub/UK-Polling-Stations,1140,Consistently use trailing slash in URLs,closed,chris48s,symroe,2018-02-22T21:05:09+00:00,2018-02-23T18:20:18+00:00,2018-02-23T18:20:18+00:00,0,,0.89
DemocracyClub/UK-Polling-Stations,1141,migrate the integration tests to...something else,closed,chris48s,chris48s,2018-02-23T21:55:46+00:00,2018-06-28T15:49:22+00:00,2018-06-28T15:49:25+00:00,2,,124.75
DemocracyClub/UK-Polling-Stations,1147,Import E06000010-Kingston upon Hull,closed,chris48s,chris48s,2018-02-28T12:02:20+00:00,2018-04-02T14:00:55+00:00,2018-04-02T14:00:55+00:00,0,Data Import;ready,33.08
DemocracyClub/UK-Polling-Stations,1148,Import E07000011-Huntingdonshire,closed,chris48s,chris48s,2018-02-28T12:02:51+00:00,2018-03-28T20:19:39+00:00,2018-03-28T20:19:39+00:00,1,Data Import;ready,28.34
DemocracyClub/UK-Polling-Stations,1149,Import E07000088-Gosport,closed,chris48s,chris48s,2018-02-28T12:03:26+00:00,2018-04-09T08:51:56+00:00,2018-04-09T08:52:01+00:00,0,Data Import,39.87
DemocracyClub/UK-Polling-Stations,1150,Import E07000223-Adur,closed,chris48s,chris48s,2018-02-28T12:03:34+00:00,2018-04-02T14:00:55+00:00,2018-04-02T14:00:55+00:00,0,Data Import;ready,33.08
DemocracyClub/UK-Polling-Stations,1151,Import E07000229-Worthing,closed,chris48s,chris48s,2018-02-28T12:03:40+00:00,2018-04-02T14:00:57+00:00,2018-04-02T14:00:57+00:00,0,Data Import;ready,33.08
DemocracyClub/UK-Polling-Stations,1152,Import E06000012-North East Lincolnshire,closed,chris48s,chris48s,2018-02-28T12:06:05+00:00,2018-03-07T17:18:12+00:00,2018-03-07T17:18:17+00:00,0,Data Import,7.22
DemocracyClub/UK-Polling-Stations,1153,Import E08000030-Walsall,closed,chris48s,chris48s,2018-02-28T12:06:16+00:00,2018-03-07T17:18:13+00:00,2018-03-07T17:18:24+00:00,0,Data Import,7.22
DemocracyClub/UK-Polling-Stations,1154,Import E07000120-Hyndburn,closed,chris48s,chris48s,2018-02-28T12:06:26+00:00,2018-03-07T17:18:12+00:00,2018-03-07T17:18:17+00:00,0,Data Import,7.22
DemocracyClub/UK-Polling-Stations,1155,Import E09000018-Hounslow,closed,chris48s,chris48s,2018-02-28T12:06:35+00:00,2018-03-07T17:18:12+00:00,2018-03-07T17:18:17+00:00,0,Data Import,7.22
DemocracyClub/UK-Polling-Stations,1156,Import E06000026-Plymouth,closed,chris48s,chris48s,2018-02-28T12:06:43+00:00,2018-04-04T10:15:30+00:00,2018-04-04T10:15:30+00:00,1,Data Import;ready,34.92
DemocracyClub/UK-Polling-Stations,1157,Import E09000007-Camden,closed,chris48s,chris48s,2018-02-28T12:28:15+00:00,2018-03-07T17:18:13+00:00,2018-03-07T17:18:17+00:00,0,Data Import,7.2
DemocracyClub/UK-Polling-Stations,1158,Import E09000022-Lambeth,closed,chris48s,chris48s,2018-02-28T12:31:27+00:00,2018-03-17T17:46:28+00:00,2018-03-17T17:46:32+00:00,0,Data Import,17.22
DemocracyClub/UK-Polling-Stations,1159,Import E06000045-Southampton,closed,chris48s,chris48s,2018-02-28T12:35:56+00:00,2018-03-07T17:18:12+00:00,2018-03-07T17:18:17+00:00,0,Data Import,7.2
DemocracyClub/UK-Polling-Stations,1160,Import E07000116-Tunbridge Wells,closed,chris48s,chris48s,2018-02-28T12:45:08+00:00,2018-03-07T17:18:12+00:00,2018-03-07T17:18:24+00:00,0,Data Import,7.19
DemocracyClub/UK-Polling-Stations,1161,Import E07000240-St Albans,closed,chris48s,chris48s,2018-02-28T12:46:48+00:00,2018-04-02T14:00:56+00:00,2018-04-02T14:00:56+00:00,0,Data Import;ready,33.05
DemocracyClub/UK-Polling-Stations,1162,Import E08000006-Salford,closed,chris48s,chris48s,2018-02-28T12:49:20+00:00,2018-03-07T17:18:12+00:00,2018-03-07T17:18:17+00:00,0,Data Import,7.19
DemocracyClub/UK-Polling-Stations,1163,Import E08000017-Doncaster,closed,chris48s,chris48s,2018-02-28T12:50:55+00:00,2018-04-02T14:00:55+00:00,2018-04-02T14:00:55+00:00,1,Data Import;ready,33.05
DemocracyClub/UK-Polling-Stations,1164,Import E08000031-Wolverhampton,closed,chris48s,chris48s,2018-02-28T12:51:59+00:00,2018-04-02T14:00:57+00:00,2018-04-02T14:00:57+00:00,0,Data Import;ready,33.05
DemocracyClub/UK-Polling-Stations,1165,Import E08000033-Calderdale,closed,chris48s,symroe,2018-02-28T12:53:25+00:00,2018-03-12T11:28:21+00:00,2018-03-12T11:28:25+00:00,0,Data Import,11.94
DemocracyClub/UK-Polling-Stations,1166,Import E09000005-Brent,closed,chris48s,chris48s,2018-02-28T13:15:45+00:00,2018-03-07T17:18:12+00:00,2018-03-07T17:18:23+00:00,0,Data Import,7.17
DemocracyClub/UK-Polling-Stations,1167,Import E07000095-Broxbourne,closed,chris48s,chris48s,2018-02-28T13:16:05+00:00,2018-03-07T17:18:13+00:00,2018-03-07T17:18:17+00:00,0,Data Import,7.17
DemocracyClub/UK-Polling-Stations,1168,Import E07000087-Fareham,closed,chris48s,chris48s,2018-02-28T13:17:36+00:00,2018-04-09T08:51:55+00:00,2018-04-09T08:52:00+00:00,0,Data Import,39.82
DemocracyClub/UK-Polling-Stations,1169,Import E07000090-Havant,closed,chris48s,chris48s,2018-02-28T13:18:02+00:00,2018-03-21T14:01:55+00:00,2018-03-21T14:01:55+00:00,0,Data Import;ready,21.03
DemocracyClub/UK-Polling-Stations,1170,Import E08000023-South-Tyneside,closed,chris48s,chris48s,2018-02-28T13:18:32+00:00,2018-04-02T14:00:56+00:00,2018-04-02T14:00:56+00:00,0,Data Import;ready,33.03
DemocracyClub/UK-Polling-Stations,1171,Import E08000025-Birmingham,closed,chris48s,chris48s,2018-02-28T13:19:15+00:00,2018-04-04T10:15:30+00:00,2018-04-04T10:15:30+00:00,0,Data Import;ready,34.87
DemocracyClub/UK-Polling-Stations,1178,Import E08000022-North-Tyneside,closed,chris48s,symroe,2018-03-06T13:34:03+00:00,2018-03-12T11:29:58+00:00,2018-03-12T11:30:02+00:00,0,Data Import,5.91
DemocracyClub/UK-Polling-Stations,1179,Import E08000009-Trafford,closed,chris48s,chris48s,2018-03-06T13:35:01+00:00,2018-04-02T14:00:56+00:00,2018-04-02T14:00:56+00:00,1,Data Import;ready,27.02
DemocracyClub/UK-Polling-Stations,1180,Import E07000110-Maidstone,closed,chris48s,chris48s,2018-03-06T13:35:08+00:00,2018-04-02T14:00:55+00:00,2018-04-02T14:00:55+00:00,1,Data Import;ready,27.02
DemocracyClub/UK-Polling-Stations,1181,Import E07000089-Hart,closed,chris48s,chris48s,2018-03-06T13:35:13+00:00,2018-03-28T20:19:40+00:00,2018-03-28T20:19:40+00:00,1,Data Import;ready,22.28
DemocracyClub/UK-Polling-Stations,1187,Import E07000226-Crawley,closed,chris48s,chris48s,2018-03-08T10:41:39+00:00,2018-03-28T20:19:40+00:00,2018-03-28T20:19:40+00:00,1,Data Import;ready,20.4
DemocracyClub/UK-Polling-Stations,1188,Import E08000007-Stockport,closed,chris48s,chris48s,2018-03-08T10:41:41+00:00,2018-04-04T10:15:30+00:00,2018-04-04T10:15:30+00:00,0,Data Import;ready,26.98
DemocracyClub/UK-Polling-Stations,1189,Update E08000021-Newcastle-upon-Tyne,closed,chris48s,chris48s,2018-03-08T10:41:42+00:00,2018-04-07T11:04:19+00:00,2018-04-07T11:04:23+00:00,1,Data Import,30.02
DemocracyClub/UK-Polling-Stations,1190,Import E09000011-Greenwich,closed,chris48s,chris48s,2018-03-08T10:42:13+00:00,2018-04-02T14:00:55+00:00,2018-04-02T14:00:55+00:00,0,Data Import;ready,25.14
DemocracyClub/UK-Polling-Stations,1193,Update E08000030-Walsall,closed,chris48s,chris48s,2018-03-12T16:38:40+00:00,2018-03-18T17:13:42+00:00,2018-03-18T17:13:46+00:00,0,Data Import,6.02
DemocracyClub/UK-Polling-Stations,1199,Import E09000032-Wandsworth,closed,chris48s,chris48s,2018-03-18T16:32:13+00:00,2018-03-18T17:13:42+00:00,2018-03-18T17:13:56+00:00,0,Data Import,0.03
DemocracyClub/UK-Polling-Stations,1200,Import E07000062-Hastings,closed,chris48s,chris48s,2018-03-18T16:32:35+00:00,2018-03-18T17:13:42+00:00,2018-03-18T17:13:46+00:00,0,Data Import,0.03
DemocracyClub/UK-Polling-Stations,1201,Import E08000019-Sheffield,closed,chris48s,chris48s,2018-03-18T16:32:59+00:00,2018-03-18T17:13:42+00:00,2018-03-18T17:13:46+00:00,0,Data Import,0.03
DemocracyClub/UK-Polling-Stations,1205,Refactor AddressSet,closed,chris48s,chris48s,2018-03-19T16:55:18+00:00,2019-02-14T12:52:38+00:00,2019-02-14T12:52:42+00:00,0,,331.83
DemocracyClub/UK-Polling-Stations,1206,Review icons,open,chris48s,,2018-03-19T17:08:38+00:00,,2025-10-01T10:36:53+00:00,5,,
DemocracyClub/UK-Polling-Stations,1207,review information hierarchy,closed,chris48s,chris48s,2018-03-19T17:10:08+00:00,2018-04-04T10:02:54+00:00,2018-04-04T10:02:54+00:00,0,,15.7
DemocracyClub/UK-Polling-Stations,1211,Import E07000148-Norwich,closed,chris48s,chris48s,2018-03-21T14:23:19+00:00,2018-03-28T20:19:39+00:00,2018-03-28T20:19:39+00:00,0,Data Import;ready,7.25
DemocracyClub/UK-Polling-Stations,1212,Import E09000033-Westminster,closed,chris48s,chris48s,2018-03-21T14:23:38+00:00,2018-03-28T20:19:41+00:00,2018-03-28T20:19:41+00:00,0,Data Import;ready,7.25
DemocracyClub/UK-Polling-Stations,1213,Import E08000026-Coventry,closed,chris48s,chris48s,2018-03-21T14:23:50+00:00,2018-04-07T11:04:18+00:00,2018-04-07T11:04:22+00:00,0,Data Import,16.86
DemocracyClub/UK-Polling-Stations,1216,Import E09000029-Sutton,closed,chris48s,chris48s,2018-03-22T10:18:27+00:00,2018-03-28T20:19:40+00:00,2018-03-28T20:19:40+00:00,0,Data Import;ready,6.42
DemocracyClub/UK-Polling-Stations,1218,"IntegrityError: duplicate key value violates unique constraint ""feedback_feedback_token_6d555d0d7fdc9411_uniq""",closed,symroe,symroe,2018-03-23T12:15:49+00:00,2018-03-26T09:31:13+00:00,2018-03-26T09:31:13+00:00,1,,2.89
DemocracyClub/UK-Polling-Stations,1220,Update E08000019-Sheffield,closed,chris48s,chris48s,2018-03-25T13:33:56+00:00,2018-03-28T20:19:40+00:00,2018-03-28T20:19:40+00:00,0,Data Import;ready,3.28
DemocracyClub/UK-Polling-Stations,1221,Import E09000003-Barnet,closed,chris48s,chris48s,2018-03-25T13:51:49+00:00,2018-03-28T20:19:39+00:00,2018-03-28T20:19:39+00:00,0,Data Import;ready,3.27
DemocracyClub/UK-Polling-Stations,1222,Import E09000004-Bexley,closed,chris48s,chris48s,2018-03-25T13:51:51+00:00,2018-03-28T20:19:40+00:00,2018-03-28T20:19:40+00:00,0,Data Import;ready,3.27
DemocracyClub/UK-Polling-Stations,1223,Import E09000025-Newham,closed,chris48s,chris48s,2018-03-25T13:51:53+00:00,2018-03-28T20:19:40+00:00,2018-03-28T20:19:40+00:00,0,Data Import;ready,3.27
DemocracyClub/UK-Polling-Stations,1224,Import E07000118-Chorley,closed,chris48s,chris48s,2018-03-25T13:51:55+00:00,2018-03-28T20:19:39+00:00,2018-03-28T20:19:39+00:00,0,Data Import;ready,3.27
DemocracyClub/UK-Polling-Stations,1225,Import E08000005-Rochdale,closed,chris48s,chris48s,2018-03-25T13:51:56+00:00,2018-04-02T14:00:56+00:00,2018-04-02T14:00:56+00:00,0,Data Import;ready,8.01
DemocracyClub/UK-Polling-Stations,1226,Import E06000038-Reading,closed,chris48s,chris48s,2018-03-26T19:24:32+00:00,2018-03-28T20:19:40+00:00,2018-03-28T20:19:40+00:00,0,Data Import;ready,2.04
DemocracyClub/UK-Polling-Stations,1227,Import E07000102-Three Rivers,closed,chris48s,chris48s,2018-03-26T19:24:45+00:00,2018-04-02T14:00:56+00:00,2018-04-02T14:00:56+00:00,0,Data Import;ready,6.78
DemocracyClub/UK-Polling-Stations,1228,Import E07000178-Oxford,closed,chris48s,chris48s,2018-03-26T19:24:54+00:00,2018-04-02T14:00:56+00:00,2018-04-02T14:00:56+00:00,0,Data Import;ready,6.78
DemocracyClub/UK-Polling-Stations,1231,E06000026-Plymouth,closed,chris48s,chris48s,2018-03-31T12:07:14+00:00,2018-03-31T12:09:17+00:00,2018-03-31T12:09:17+00:00,1,Data Import;ready,0.0
DemocracyClub/UK-Polling-Stations,1232,Import E06000030-Swindon,closed,chris48s,chris48s,2018-03-31T12:07:18+00:00,2018-04-07T11:04:19+00:00,2018-04-07T11:04:24+00:00,0,Data Import,6.96
DemocracyClub/UK-Polling-Stations,1233,Import E06000034-Thurrock,closed,chris48s,chris48s,2018-03-31T12:13:21+00:00,2018-04-07T11:04:20+00:00,2018-04-07T11:04:25+00:00,0,Data Import,6.95
DemocracyClub/UK-Polling-Stations,1234,Import E07000008-Cambridge,closed,chris48s,chris48s,2018-03-31T12:13:25+00:00,2018-04-15T18:55:07+00:00,2018-04-15T18:55:12+00:00,0,Data Import,15.28
DemocracyClub/UK-Polling-Stations,1235,Import E07000012-South Cambridgeshire,closed,chris48s,chris48s,2018-03-31T12:14:42+00:00,2018-04-02T14:00:56+00:00,2018-04-02T14:00:56+00:00,0,Data Import;ready,2.07
DemocracyClub/UK-Polling-Stations,1236,Import E07000041-Exeter,closed,chris48s,chris48s,2018-03-31T12:14:46+00:00,2018-04-07T11:04:19+00:00,2018-04-07T11:04:23+00:00,0,Data Import,6.95
DemocracyClub/UK-Polling-Stations,1237,Import E07000071-Colchester,closed,chris48s,chris48s,2018-03-31T12:14:50+00:00,2018-04-07T11:04:20+00:00,2018-04-07T11:04:25+00:00,0,Data Import,6.95
DemocracyClub/UK-Polling-Stations,1238,Import E07000072-Epping Forest,closed,chris48s,chris48s,2018-03-31T12:14:54+00:00,2018-04-07T11:04:20+00:00,2018-04-07T11:04:39+00:00,0,Data Import,6.95
DemocracyClub/UK-Polling-Stations,1239,Import E07000075-Rochford,closed,chris48s,chris48s,2018-03-31T12:14:58+00:00,2018-04-07T11:04:20+00:00,2018-04-07T11:04:24+00:00,0,Data Import,6.95
DemocracyClub/UK-Polling-Stations,1240,Import E07000086-Eastleigh,closed,chris48s,chris48s,2018-03-31T12:15:02+00:00,2018-04-19T10:36:03+00:00,2018-04-19T10:36:08+00:00,0,Data Import,18.93
DemocracyClub/UK-Polling-Stations,1241,Import E07000117-Burnley,closed,chris48s,chris48s,2018-03-31T12:15:06+00:00,2018-04-07T11:04:18+00:00,2018-04-07T11:04:22+00:00,0,Data Import,6.95
DemocracyClub/UK-Polling-Stations,1242,Import E07000123-Preston,closed,chris48s,chris48s,2018-03-31T12:15:10+00:00,2018-04-07T11:04:19+00:00,2018-04-07T11:04:23+00:00,0,Data Import,6.95
DemocracyClub/UK-Polling-Stations,1243,Import E07000125-Rossendale,closed,chris48s,chris48s,2018-03-31T12:15:14+00:00,2018-04-07T11:04:19+00:00,2018-04-07T11:04:23+00:00,0,Data Import,6.95
DemocracyClub/UK-Polling-Stations,1244,Import E07000151-Daventry,closed,chris48s,chris48s,2018-03-31T12:15:18+00:00,2018-04-07T11:04:19+00:00,2018-04-07T11:04:24+00:00,0,Data Import,6.95
DemocracyClub/UK-Polling-Stations,1245,Import E07000163-Craven,closed,chris48s,chris48s,2018-03-31T12:15:22+00:00,2018-04-07T11:04:18+00:00,2018-04-07T11:04:24+00:00,0,Data Import,6.95
DemocracyClub/UK-Polling-Stations,1246,Import E07000177-Cherwell,closed,chris48s,chris48s,2018-03-31T12:15:26+00:00,2018-04-25T15:39:45+00:00,2018-04-25T15:39:53+00:00,0,Data Import,25.14
DemocracyClub/UK-Polling-Stations,1247,Import E07000195-Newcastle-under-Lyme,closed,chris48s,chris48s,2018-03-31T12:15:30+00:00,2018-04-07T11:04:19+00:00,2018-04-07T11:04:23+00:00,0,Data Import,6.95
DemocracyClub/UK-Polling-Stations,1248,Import E07000199-Tamworth,closed,chris48s,chris48s,2018-03-31T12:15:34+00:00,2018-04-07T11:04:20+00:00,2018-04-07T11:04:24+00:00,0,Data Import,6.95
DemocracyClub/UK-Polling-Stations,1249,Import E07000220-Rugby,closed,chris48s,chris48s,2018-03-31T12:15:38+00:00,2018-04-07T11:04:19+00:00,2018-04-07T11:04:23+00:00,0,Data Import,6.95
DemocracyClub/UK-Polling-Stations,1250,Import E08000002-Bury,closed,chris48s,chris48s,2018-03-31T12:15:42+00:00,2018-04-07T11:04:18+00:00,2018-04-07T11:04:22+00:00,0,Data Import,6.95
DemocracyClub/UK-Polling-Stations,1251,Import E09000002-Barking and Dagenham,closed,chris48s,chris48s,2018-03-31T12:15:46+00:00,2018-04-23T10:53:13+00:00,2018-04-23T10:53:18+00:00,0,Data Import,22.94
DemocracyClub/UK-Polling-Stations,1252,Import E09000023-Lewisham,closed,chris48s,chris48s,2018-03-31T12:15:50+00:00,2018-04-02T14:00:55+00:00,2018-04-02T14:00:55+00:00,0,Data Import;ready,2.07
DemocracyClub/UK-Polling-Stations,1253,Import E09000031-Waltham Forest,closed,chris48s,chris48s,2018-03-31T12:15:54+00:00,2018-04-04T10:15:30+00:00,2018-04-04T10:15:30+00:00,0,Data Import;ready,3.92
DemocracyClub/UK-Polling-Stations,1254,Import E06000015-Derby,closed,chris48s,chris48s,2018-03-31T12:33:36+00:00,2018-04-07T11:04:19+00:00,2018-04-07T11:04:22+00:00,0,Data Import,6.94
DemocracyClub/UK-Polling-Stations,1255,Import E06000042-Milton Keynes,closed,chris48s,chris48s,2018-03-31T12:34:19+00:00,2018-04-07T11:04:19+00:00,2018-04-07T11:04:23+00:00,0,Data Import,6.94
DemocracyClub/UK-Polling-Stations,1257,Improve handling of invalid polygons,open,chris48s,,2018-04-01T20:03:17+00:00,,2025-10-01T10:42:39+00:00,1,enhancement;Data Import;On hold ⛔;contender,
DemocracyClub/UK-Polling-Stations,1262,Import E08000003-Manchester,closed,chris48s,chris48s,2018-04-04T12:46:59+00:00,2018-04-09T08:51:55+00:00,2018-04-09T08:52:00+00:00,0,Data Import,4.84
DemocracyClub/UK-Polling-Stations,1263,Import E07000066-Basildon,closed,chris48s,chris48s,2018-04-04T12:47:03+00:00,2018-04-15T18:55:07+00:00,2018-04-15T18:55:20+00:00,0,Data Import,11.26
DemocracyClub/UK-Polling-Stations,1264,Import E08000014-Sefton,closed,chris48s,chris48s,2018-04-04T12:47:07+00:00,2018-04-09T08:51:56+00:00,2018-04-09T08:52:00+00:00,0,Data Import,4.84
DemocracyClub/UK-Polling-Stations,1265,Import E07000181-West Oxfordshire,closed,chris48s,chris48s,2018-04-04T12:47:12+00:00,2018-05-02T19:13:17+00:00,2018-05-02T19:13:17+00:00,0,Data Import;On hold ⛔,28.27
DemocracyClub/UK-Polling-Stations,1266,Import E08000008-Tameside,closed,chris48s,chris48s,2018-04-04T12:47:16+00:00,2018-04-09T08:51:56+00:00,2018-04-09T08:52:02+00:00,0,Data Import,4.84
DemocracyClub/UK-Polling-Stations,1267,Import E07000122-Pendle,closed,chris48s,chris48s,2018-04-04T12:47:20+00:00,2018-04-09T08:51:55+00:00,2018-04-09T08:52:00+00:00,0,Data Import,4.84
DemocracyClub/UK-Polling-Stations,1268,Import E08000013-St. Helens,closed,chris48s,chris48s,2018-04-04T12:47:24+00:00,2018-04-09T08:51:56+00:00,2018-04-09T08:52:02+00:00,0,Data Import,4.84
DemocracyClub/UK-Polling-Stations,1269,Import E08000018-Rotherham,closed,chris48s,chris48s,2018-04-04T12:47:28+00:00,2018-04-11T14:11:50+00:00,2018-04-11T14:11:55+00:00,0,Data Import,7.06
DemocracyClub/UK-Polling-Stations,1271,Show [appropriate method of transport] directions based on distance,closed,chris48s,chris48s,2018-04-05T16:53:23+00:00,2019-02-05T14:18:36+00:00,2019-02-05T14:18:42+00:00,0,,305.89
DemocracyClub/UK-Polling-Stations,1274,Import E09000021-Kingston upon Thames,closed,chris48s,chris48s,2018-04-07T11:24:39+00:00,2018-04-11T14:11:50+00:00,2018-04-11T14:11:55+00:00,0,Data Import,4.12
DemocracyClub/UK-Polling-Stations,1275,Import E07000084-Basingstoke and Deane,closed,chris48s,chris48s,2018-04-07T11:24:43+00:00,2018-04-09T08:51:56+00:00,2018-04-09T08:52:01+00:00,0,Data Import,1.89
DemocracyClub/UK-Polling-Stations,1276,Import E07000237-Worcester,closed,chris48s,chris48s,2018-04-07T11:24:50+00:00,2018-04-24T16:14:47+00:00,2018-04-24T16:14:47+00:00,1,Data Import,17.2
DemocracyClub/UK-Polling-Stations,1277,Import E08000016-Barnsley,closed,chris48s,chris48s,2018-04-07T11:24:57+00:00,2018-04-11T14:11:49+00:00,2018-04-11T14:11:55+00:00,0,Data Import,4.12
DemocracyClub/UK-Polling-Stations,1278,Import E08000027-Dudley,closed,chris48s,chris48s,2018-04-07T11:25:03+00:00,2018-04-23T10:53:13+00:00,2018-04-23T10:53:19+00:00,0,Data Import,15.98
DemocracyClub/UK-Polling-Stations,1279,Import E08000029-Solihull,closed,chris48s,chris48s,2018-04-07T11:25:09+00:00,2018-04-11T14:11:50+00:00,2018-04-11T14:11:55+00:00,0,Data Import,4.12
DemocracyClub/UK-Polling-Stations,1281,Should we change the marker colours?,open,chris48s,,2018-04-09T20:16:19+00:00,,2022-08-02T15:49:37+00:00,5,question :grey_question:,
DemocracyClub/UK-Polling-Stations,1283,Make it easier for API users to test authentication,closed,chris48s,pmk01,2018-04-10T18:35:57+00:00,2024-01-17T16:55:11+00:00,2024-01-17T16:55:11+00:00,0,api,2107.93
DemocracyClub/UK-Polling-Stations,1284,Import E06000044-Portsmouth,closed,chris48s,chris48s,2018-04-11T11:57:56+00:00,2018-04-11T14:11:50+00:00,2018-04-11T14:11:54+00:00,0,Data Import,0.09
DemocracyClub/UK-Polling-Stations,1285,Import E07000239-Wyre Forest,closed,chris48s,chris48s,2018-04-11T11:58:09+00:00,2018-04-11T14:11:51+00:00,2018-04-11T14:11:55+00:00,0,Data Import,0.09
DemocracyClub/UK-Polling-Stations,1286,Import E09000006-Bromley,closed,chris48s,chris48s,2018-04-11T11:58:39+00:00,2018-04-11T14:11:50+00:00,2018-04-11T14:11:54+00:00,0,Data Import,0.09
DemocracyClub/UK-Polling-Stations,1287,Import E09000019-Islington,closed,chris48s,chris48s,2018-04-11T11:58:51+00:00,2018-04-11T14:11:50+00:00,2018-04-11T14:11:55+00:00,0,Data Import,0.09
DemocracyClub/UK-Polling-Stations,1288,Import E08000032-Bradford,closed,chris48s,chris48s,2018-04-11T11:59:18+00:00,2018-04-11T14:11:49+00:00,2018-04-11T14:11:55+00:00,0,Data Import,0.09
DemocracyClub/UK-Polling-Stations,1289,Import E07000069-Castle Point,closed,chris48s,chris48s,2018-04-11T11:59:31+00:00,2018-04-11T14:11:51+00:00,2018-04-11T14:11:57+00:00,0,Data Import,0.09
DemocracyClub/UK-Polling-Stations,1291,Update E08000030-Walsall,closed,chris48s,chris48s,2018-04-11T14:13:41+00:00,2018-04-12T11:53:09+00:00,2018-04-12T11:53:09+00:00,0,Data Import;On hold ⛔,0.9
DemocracyClub/UK-Polling-Stations,1292,Import E08000011-Knowsley,closed,chris48s,chris48s,2018-04-11T14:21:22+00:00,2018-04-15T18:55:08+00:00,2018-04-15T18:55:13+00:00,0,Data Import,4.19
DemocracyClub/UK-Polling-Stations,1293,Import E09000016-Havering,closed,chris48s,chris48s,2018-04-11T14:21:34+00:00,2018-04-15T18:55:08+00:00,2018-04-15T18:55:12+00:00,0,Data Import,4.19
DemocracyClub/UK-Polling-Stations,1294,Import E09000012-Hackney,closed,chris48s,chris48s,2018-04-11T14:45:14+00:00,2018-04-23T10:53:14+00:00,2018-04-23T10:53:27+00:00,0,Data Import,11.84
DemocracyClub/UK-Polling-Stations,1295,Import E08000034-Kirklees,closed,chris48s,chris48s,2018-04-11T14:47:47+00:00,2018-04-15T18:55:08+00:00,2018-04-15T18:55:13+00:00,0,Data Import,4.17
DemocracyClub/UK-Polling-Stations,1296,Import E09000008-Croydon,closed,chris48s,chris48s,2018-04-11T17:50:37+00:00,2018-04-15T18:55:08+00:00,2018-04-15T18:55:12+00:00,0,Data Import,4.04
DemocracyClub/UK-Polling-Stations,1297,Import E08000015-Wirral,closed,chris48s,chris48s,2018-04-11T17:50:49+00:00,2018-04-15T18:55:09+00:00,2018-04-15T18:55:14+00:00,0,Data Import,4.04
DemocracyClub/UK-Polling-Stations,1299,Import E07000103-Watford,closed,chris48s,chris48s,2018-04-12T17:19:56+00:00,2018-04-15T18:55:09+00:00,2018-04-15T18:55:13+00:00,0,Data Import,3.07
DemocracyClub/UK-Polling-Stations,1301,Don't track users with do not track preferences,closed,symroe,symroe,2018-04-14T08:18:46+00:00,2018-04-15T08:36:47+00:00,2018-04-15T08:36:51+00:00,0,,1.01
DemocracyClub/UK-Polling-Stations,1304,Import E08000012-Liverpool,closed,chris48s,chris48s,2018-04-15T18:29:57+00:00,2018-04-15T18:55:09+00:00,2018-04-15T18:55:13+00:00,0,Data Import,0.02
DemocracyClub/UK-Polling-Stations,1305,Import E06000033-Southend,closed,chris48s,chris48s,2018-04-15T18:30:23+00:00,2018-04-25T19:01:36+00:00,2018-04-25T19:01:41+00:00,0,Data Import,10.02
DemocracyClub/UK-Polling-Stations,1307,Import E07000127-West Lancashire,closed,chris48s,chris48s,2018-04-15T18:54:48+00:00,2018-04-19T10:36:03+00:00,2018-04-19T10:36:08+00:00,0,Data Import,3.65
DemocracyClub/UK-Polling-Stations,1311,Import E09000024-Merton,closed,chris48s,chris48s,2018-04-16T15:07:33+00:00,2018-04-19T10:36:03+00:00,2018-04-19T10:36:07+00:00,0,Data Import,2.81
DemocracyClub/UK-Polling-Stations,1312,Import E08000028-Sandwell,closed,chris48s,chris48s,2018-04-16T15:57:41+00:00,2018-04-19T10:36:03+00:00,2018-04-19T10:36:08+00:00,0,Data Import,2.78
DemocracyClub/UK-Polling-Stations,1313,Import E06000041-Wokingham,closed,chris48s,chris48s,2018-04-16T15:57:50+00:00,2018-04-19T10:36:03+00:00,2018-04-19T10:36:08+00:00,0,Data Import,2.78
DemocracyClub/UK-Polling-Stations,1314,Import E07000099-North Hertfordshire,closed,chris48s,chris48s,2018-04-16T16:35:01+00:00,2018-04-19T10:36:03+00:00,2018-04-19T10:36:08+00:00,0,Data Import,2.75
DemocracyClub/UK-Polling-Stations,1315,Import E09000020-Kensington and Chelsea,closed,chris48s,chris48s,2018-04-17T16:10:22+00:00,2018-04-19T10:36:03+00:00,2018-04-19T10:36:07+00:00,0,Data Import,1.77
DemocracyClub/UK-Polling-Stations,1316,Import E09000027-Richmond upon Thames,closed,chris48s,chris48s,2018-04-17T16:10:32+00:00,2018-04-25T15:39:45+00:00,2018-04-25T15:39:52+00:00,0,Data Import,7.98
DemocracyClub/UK-Polling-Stations,1317,Import E09000013-Hammersmith and Fulham,closed,chris48s,chris48s,2018-04-17T16:10:40+00:00,2018-04-25T15:39:44+00:00,2018-04-25T15:39:52+00:00,0,Data Import,7.98
DemocracyClub/UK-Polling-Stations,1318,Import E07000092-Rushmoor,closed,chris48s,chris48s,2018-04-17T16:10:49+00:00,2018-04-19T10:36:03+00:00,2018-04-19T10:36:10+00:00,0,Data Import,1.77
DemocracyClub/UK-Polling-Stations,1319,Import E09000017-Hillingdon,closed,chris48s,chris48s,2018-04-17T16:43:42+00:00,2018-04-19T10:36:02+00:00,2018-04-19T10:36:07+00:00,0,Data Import,1.74
DemocracyClub/UK-Polling-Stations,1321,Picture-check postcodes on ResidentialAddress import,closed,chris48s,chris48s,2018-04-18T16:18:44+00:00,2019-02-14T12:52:39+00:00,2019-02-14T12:52:42+00:00,0,enhancement;Data Import,301.86
DemocracyClub/UK-Polling-Stations,1323,Import E07000165-Harrogate,closed,chris48s,chris48s,2018-04-19T10:01:40+00:00,2018-04-23T10:53:14+00:00,2018-04-23T10:53:19+00:00,0,Data Import,4.04
DemocracyClub/UK-Polling-Stations,1324,Import E07000210-Mole Valley,closed,chris48s,chris48s,2018-04-19T10:01:49+00:00,2018-04-23T10:53:14+00:00,2018-04-23T10:53:19+00:00,0,Data Import,4.04
DemocracyClub/UK-Polling-Stations,1325,Import E08000035-Leeds,closed,chris48s,chris48s,2018-04-19T10:01:57+00:00,2018-04-23T10:53:14+00:00,2018-04-23T10:53:20+00:00,0,Data Import,4.04
DemocracyClub/UK-Polling-Stations,1327,Import E07000031-South Lakeland,closed,chris48s,chris48s,2018-04-19T10:44:07+00:00,2018-04-23T10:53:14+00:00,2018-04-23T10:53:19+00:00,0,Data Import,4.01
DemocracyClub/UK-Polling-Stations,1328,Update E09000021-Kingston upon Thames,closed,chris48s,chris48s,2018-04-19T12:27:05+00:00,2018-04-23T10:53:13+00:00,2018-04-23T10:53:18+00:00,0,Data Import,3.93
DemocracyClub/UK-Polling-Stations,1329,Check for duplicate UPRNs on import,closed,chris48s,chris48s,2018-04-19T15:07:59+00:00,2019-02-14T12:52:39+00:00,2019-02-14T12:52:42+00:00,0,enhancement;Data Import,300.91
DemocracyClub/UK-Polling-Stations,1330,Make better assumptions if residential UPRN and postcode don't match,closed,chris48s,chris48s,2018-04-19T15:16:33+00:00,2019-02-26T18:35:26+00:00,2019-02-26T18:35:30+00:00,1,enhancement;Data Import;contender,313.14
DemocracyClub/UK-Polling-Stations,1331,Import E07000073-Harlow,closed,chris48s,chris48s,2018-04-19T16:48:25+00:00,2018-04-24T16:13:59+00:00,2018-04-24T16:13:59+00:00,1,Data Import,4.98
DemocracyClub/UK-Polling-Stations,1332,Import E06000006-Halton,closed,chris48s,chris48s,2018-04-20T09:58:53+00:00,2018-04-30T12:39:02+00:00,2018-04-30T12:39:10+00:00,0,Data Import,10.11
DemocracyClub/UK-Polling-Stations,1333,Import E07000028-Carlisle,closed,chris48s,chris48s,2018-04-20T14:03:48+00:00,2018-04-23T10:53:14+00:00,2018-04-23T10:53:20+00:00,0,Data Import,2.87
DemocracyClub/UK-Polling-Stations,1334,Import E07000078-Cheltenham,closed,chris48s,chris48s,2018-04-20T14:04:13+00:00,2018-04-23T10:53:13+00:00,2018-04-23T10:53:18+00:00,0,Data Import,2.87
DemocracyClub/UK-Polling-Stations,1335,Import E09000010-Enfield,closed,chris48s,chris48s,2018-04-20T18:24:29+00:00,2018-04-23T10:53:13+00:00,2018-04-23T10:53:18+00:00,0,Data Import,2.69
DemocracyClub/UK-Polling-Stations,1336,Import E09000014-Haringey,closed,chris48s,chris48s,2018-04-20T18:24:38+00:00,2018-04-23T10:53:13+00:00,2018-04-23T10:53:18+00:00,0,Data Import,2.69
DemocracyClub/UK-Polling-Stations,1337,Import E07000145-Great Yarmouth,closed,chris48s,chris48s,2018-04-20T18:24:48+00:00,2018-04-23T10:53:14+00:00,2018-04-23T10:53:19+00:00,0,Data Import,2.69
DemocracyClub/UK-Polling-Stations,1339,Import E06000001-Hartlepool,closed,chris48s,chris48s,2018-04-23T14:57:43+00:00,2018-04-25T15:39:45+00:00,2018-04-25T15:40:04+00:00,0,Data Import,2.03
DemocracyClub/UK-Polling-Stations,1340,Import E09000009-Ealing,closed,chris48s,chris48s,2018-04-24T16:12:41+00:00,2018-04-25T15:39:45+00:00,2018-04-25T15:39:51+00:00,0,Data Import,0.98
DemocracyClub/UK-Polling-Stations,1341,Import E07000243-Stevenage,closed,chris48s,chris48s,2018-04-24T16:18:18+00:00,2018-04-30T12:39:02+00:00,2018-04-30T12:39:07+00:00,0,Data Import,5.85
DemocracyClub/UK-Polling-Stations,1342,Import E08000004-Oldham,closed,chris48s,chris48s,2018-04-25T12:44:04+00:00,2018-04-25T15:39:45+00:00,2018-04-25T15:39:56+00:00,0,Data Import,0.12
DemocracyClub/UK-Polling-Stations,1343,Update E09000014-Haringey,closed,chris48s,chris48s,2018-04-25T12:44:28+00:00,2018-04-25T15:39:44+00:00,2018-04-25T15:39:50+00:00,0,Data Import,0.12
DemocracyClub/UK-Polling-Stations,1349,Import E09000015-Harrow,closed,chris48s,chris48s,2018-04-27T12:49:56+00:00,2018-04-27T13:25:24+00:00,2018-04-27T13:25:40+00:00,0,Data Import,0.02
DemocracyClub/UK-Polling-Stations,1350,Import E09000028-Southwark,closed,chris48s,chris48s,2018-04-27T12:50:15+00:00,2018-04-27T13:25:24+00:00,2018-04-27T13:25:28+00:00,0,Data Import,0.02
DemocracyClub/UK-Polling-Stations,1352,Should we restrict client-side API usage?,closed,chris48s,pmk01,2018-04-27T16:53:34+00:00,2025-10-01T10:43:09+00:00,2025-10-01T10:43:09+00:00,0,question :grey_question:,2713.74
DemocracyClub/UK-Polling-Stations,1359,Add admin notes to bug reports,closed,chris48s,pmk01,2018-04-30T11:41:12+00:00,2024-01-17T16:30:47+00:00,2024-01-17T16:30:47+00:00,1,,2088.2
DemocracyClub/UK-Polling-Stations,1360,Can't change bug report status to 'resolved' in /admin,closed,symroe,chris48s,2018-04-30T15:18:35+00:00,2019-02-05T14:18:47+00:00,2019-02-05T14:18:49+00:00,1,bug :bug:,280.96
DemocracyClub/UK-Polling-Stations,1368,RoutingHelper should preserve get params on redirect,closed,chris48s,chris48s,2018-05-02T09:29:45+00:00,2019-11-01T16:05:21+00:00,2019-11-01T16:35:54+00:00,0,,548.27
DemocracyClub/UK-Polling-Stations,1370,Add logging events to BaseXpressCsvImporter.get_station_point,closed,chris48s,symroe,2018-05-02T13:19:08+00:00,2018-06-19T11:57:42+00:00,2018-06-19T11:57:42+00:00,0,,47.94
DemocracyClub/UK-Polling-Stations,1373,API should serve election info,closed,chris48s,chris48s,2018-05-02T19:18:00+00:00,2019-01-14T13:51:05+00:00,2019-01-14T13:51:05+00:00,3,api,256.77
DemocracyClub/UK-Polling-Stations,1376,Can we get google to show postcode search inline?,closed,chris48s,chris48s,2018-05-03T12:06:59+00:00,2019-01-31T14:17:43+00:00,2019-01-31T14:17:43+00:00,1,,273.09
DemocracyClub/UK-Polling-Stations,1377,Store has_election in LoggedPostcode table,closed,chris48s,chris48s,2018-05-03T16:59:17+00:00,2019-02-05T14:18:25+00:00,2019-02-05T14:18:28+00:00,0,,277.89
DemocracyClub/UK-Polling-Stations,1378,Not everyone gets a poll card,closed,chris48s,pmk01,2018-05-03T18:11:32+00:00,2024-01-17T16:31:11+00:00,2024-01-17T16:31:11+00:00,0,,2084.93
DemocracyClub/UK-Polling-Stations,1381,Upgrade leaflet.js to 1.x,closed,chris48s,symroe,2018-05-16T15:24:37+00:00,2018-06-19T11:30:29+00:00,2018-06-19T11:30:29+00:00,0,,33.84
DemocracyClub/UK-Polling-Stations,1386,Fuzzy edges when only subset of local auth has election,closed,chris48s,GeoWill,2018-06-12T08:49:55+00:00,2025-10-01T10:44:26+00:00,2025-10-01T10:44:26+00:00,1,,2668.08
DemocracyClub/UK-Polling-Stations,1395,Set up greenkeeper-lockfile,closed,chris48s,chris48s,2018-06-22T07:57:54+00:00,2018-06-28T21:09:45+00:00,2018-06-28T21:09:48+00:00,0,,6.55
DemocracyClub/UK-Polling-Stations,1400,Fix drafter install instructions for Mac OSX in  README,open,chris48s,,2018-06-28T15:50:13+00:00,,2021-06-30T14:43:03+00:00,3,,
DemocracyClub/UK-Polling-Stations,1401,Update to boto3,closed,chris48s,GeoWill,2018-06-28T18:16:43+00:00,2025-10-01T10:45:18+00:00,2025-10-01T10:45:18+00:00,3,dependencies,2651.69
DemocracyClub/UK-Polling-Stations,1425,Add a note to the API docs about EONI finder,closed,chris48s,chris48s,2018-10-04T14:04:45+00:00,2019-01-14T13:50:48+00:00,2019-01-14T13:50:48+00:00,1,api,101.99
DemocracyClub/UK-Polling-Stations,1456,Improve election metadata handling,closed,chris48s,chris48s,2019-01-09T10:42:29+00:00,2019-01-14T12:20:00+00:00,2019-01-14T13:51:19+00:00,1,,5.07
DemocracyClub/UK-Polling-Stations,1457,"Deal with type C, type L and type N UPRNs for May 2019",closed,chris48s,chris48s,2019-01-09T11:56:43+00:00,2019-01-29T16:00:13+00:00,2019-01-29T16:00:32+00:00,1,,20.17
DemocracyClub/UK-Polling-Stations,1459,Last few API doc updates,closed,chris48s,chris48s,2019-01-14T13:50:28+00:00,2019-03-06T13:34:26+00:00,2019-03-06T13:34:29+00:00,0,api;contender,50.99
DemocracyClub/UK-Polling-Stations,1463,Add a flag on Xpress base importer to control fallback to postcode,closed,chris48s,chris48s,2019-01-28T15:20:32+00:00,2019-02-05T14:19:18+00:00,2019-02-05T14:19:21+00:00,0,Data Import,7.96
DemocracyClub/UK-Polling-Stations,1464,Improve import process if stations gridrefs/UPRNs supplied in separate file,closed,chris48s,pmk01,2019-01-28T15:25:37+00:00,2025-10-01T10:46:04+00:00,2025-10-01T10:46:04+00:00,0,enhancement;Data Import;contender,2437.81
DemocracyClub/UK-Polling-Stations,1465,Loosen up station UPRN validation in Xpress importer,closed,chris48s,chris48s,2019-01-28T15:32:20+00:00,2019-02-05T14:19:18+00:00,2019-02-05T14:19:22+00:00,0,Data Import,7.95
DemocracyClub/UK-Polling-Stations,1466,Use named indexes (and use that to speed up import performance),closed,chris48s,GeoWill,2019-01-28T16:27:13+00:00,2025-10-01T10:46:07+00:00,2025-10-01T10:46:08+00:00,0,enhancement;Data Import;contender,2437.76
DemocracyClub/UK-Polling-Stations,1477,Import E07000035-Derbyshire Dales,closed,chris48s,chris48s,2019-02-07T16:20:27+00:00,2019-02-15T16:09:46+00:00,2019-02-15T16:09:49+00:00,0,Data Import,7.99
DemocracyClub/UK-Polling-Stations,1478,Import E07000084-Basingstoke and Deane,closed,chris48s,chris48s,2019-02-07T16:20:45+00:00,2019-02-12T17:18:07+00:00,2019-02-12T17:18:11+00:00,0,Data Import,5.04
DemocracyClub/UK-Polling-Stations,1479,Import E07000119-Fylde,closed,chris48s,chris48s,2019-02-07T16:21:01+00:00,2019-02-15T16:09:46+00:00,2019-02-15T16:09:49+00:00,0,Data Import,7.99
DemocracyClub/UK-Polling-Stations,1480,Import E07000170-Ashfield,closed,chris48s,chris48s,2019-02-07T16:21:21+00:00,2019-02-21T16:22:42+00:00,2019-02-21T16:22:45+00:00,0,Data Import,14.0
DemocracyClub/UK-Polling-Stations,1481,Import E07000188-Sedgemoor,closed,chris48s,chris48s,2019-02-07T16:21:33+00:00,2019-02-15T16:09:46+00:00,2019-02-15T16:09:49+00:00,0,Data Import,7.99
DemocracyClub/UK-Polling-Stations,1482,Import E07000202-Ipswich,closed,chris48s,chris48s,2019-02-07T16:21:50+00:00,2019-02-15T16:09:46+00:00,2019-02-15T16:09:49+00:00,0,Data Import,7.99
DemocracyClub/UK-Polling-Stations,1483,Import E06000003-Redcar and Cleveland,closed,chris48s,chris48s,2019-02-07T16:22:05+00:00,2019-02-18T17:03:08+00:00,2019-02-18T17:03:11+00:00,0,Data Import,11.03
DemocracyClub/UK-Polling-Stations,1484,Import E06000004-Stockton-on-Tees,closed,chris48s,chris48s,2019-02-07T16:22:17+00:00,2019-02-18T16:21:56+00:00,2019-02-18T16:21:58+00:00,0,Data Import,11.0
DemocracyClub/UK-Polling-Stations,1485,Import E07000092-Rushmoor,closed,chris48s,chris48s,2019-02-08T12:31:45+00:00,2019-02-21T14:54:19+00:00,2019-02-21T14:54:22+00:00,0,Data Import,13.1
DemocracyClub/UK-Polling-Stations,1486,Import E07000213-Spelthorne,closed,chris48s,chris48s,2019-02-08T12:32:01+00:00,2019-02-22T15:31:22+00:00,2019-02-22T15:31:25+00:00,0,Data Import,14.12
DemocracyClub/UK-Polling-Stations,1487,Import E07000238-Wychavon,closed,chris48s,chris48s,2019-02-08T12:32:18+00:00,2019-02-22T15:31:22+00:00,2019-02-22T15:31:25+00:00,0,Data Import,14.12
DemocracyClub/UK-Polling-Stations,1491,Import E06000001-Hartlepool,closed,chris48s,chris48s,2019-02-12T11:55:33+00:00,2019-02-18T17:03:08+00:00,2019-02-18T17:03:11+00:00,0,Data Import,6.21
DemocracyClub/UK-Polling-Stations,1492,Import E07000149-South-Norfolk,closed,chris48s,chris48s,2019-02-12T11:55:48+00:00,2019-02-21T14:54:19+00:00,2019-02-21T14:54:23+00:00,0,Data Import,9.12
DemocracyClub/UK-Polling-Stations,1493,Import E08000006-Salford,closed,chris48s,chris48s,2019-02-12T11:56:11+00:00,2019-03-07T17:02:28+00:00,2019-03-07T17:02:31+00:00,0,Data Import,23.21
DemocracyClub/UK-Polling-Stations,1494,Import E07000167-Ryedale,closed,chris48s,chris48s,2019-02-12T11:56:25+00:00,2019-02-22T15:31:22+00:00,2019-02-22T15:31:25+00:00,0,Data Import,10.15
DemocracyClub/UK-Polling-Stations,1495,Import E07000193-East-Staffordshire,closed,chris48s,chris48s,2019-02-12T11:56:42+00:00,2019-03-01T09:15:27+00:00,2019-03-01T09:15:30+00:00,0,Data Import,16.89
DemocracyClub/UK-Polling-Stations,1496,Import E07000246-Somerset-West-Taunton,closed,chris48s,chris48s,2019-02-12T11:57:23+00:00,2019-03-04T09:49:10+00:00,2019-03-04T09:49:13+00:00,1,Data Import,19.91
DemocracyClub/UK-Polling-Stations,1497,Import E07000116-Tunbridge Wells,closed,chris48s,chris48s,2019-02-12T12:54:09+00:00,2019-02-12T17:18:07+00:00,2019-02-12T17:18:10+00:00,0,Data Import;open data,0.18
DemocracyClub/UK-Polling-Stations,1498,Import E06000045-Southampton,closed,chris48s,chris48s,2019-02-12T12:54:37+00:00,2019-03-28T11:59:15+00:00,2019-03-28T11:59:15+00:00,0,Data Import;open data,43.96
DemocracyClub/UK-Polling-Stations,1501,Import E06000041-Wokingham,closed,chris48s,chris48s,2019-02-14T15:20:27+00:00,2019-02-22T15:31:14+00:00,2019-02-22T15:31:17+00:00,0,Data Import,8.01
DemocracyClub/UK-Polling-Stations,1502,Import E06000044-Portsmouth,closed,chris48s,chris48s,2019-02-14T15:20:46+00:00,2019-02-18T16:21:56+00:00,2019-02-18T16:21:58+00:00,0,Data Import,4.04
DemocracyClub/UK-Polling-Stations,1503,Import E07000030-Eden,closed,chris48s,chris48s,2019-02-14T15:21:49+00:00,2019-03-01T09:15:27+00:00,2019-03-01T09:15:30+00:00,0,Data Import,14.75
DemocracyClub/UK-Polling-Stations,1504,Import E07000118-Chorley,closed,chris48s,chris48s,2019-02-14T15:22:16+00:00,2019-03-01T09:15:27+00:00,2019-03-01T09:15:30+00:00,0,Data Import,14.75
DemocracyClub/UK-Polling-Stations,1505,Import E07000174-Mansfield,closed,chris48s,chris48s,2019-02-14T15:22:29+00:00,2019-03-03T15:12:04+00:00,2019-03-03T15:12:07+00:00,0,Data Import,16.99
DemocracyClub/UK-Polling-Stations,1506,Import E07000199-Tamworth,closed,chris48s,chris48s,2019-02-14T15:22:50+00:00,2019-02-22T15:31:14+00:00,2019-02-22T15:31:17+00:00,0,Data Import,8.01
DemocracyClub/UK-Polling-Stations,1507,Import E07000208-Epsom and Ewell,closed,chris48s,chris48s,2019-02-14T15:23:20+00:00,2019-02-17T21:27:24+00:00,2019-02-17T21:27:24+00:00,0,Data Import;open data,3.25
DemocracyClub/UK-Polling-Stations,1508,Import E07000240-St Albans,closed,chris48s,chris48s,2019-02-14T15:23:58+00:00,2019-02-21T17:00:20+00:00,2019-02-21T17:00:23+00:00,0,Data Import;open data,7.07
DemocracyClub/UK-Polling-Stations,1509,Import E08000003-Manchester,closed,chris48s,chris48s,2019-02-14T15:24:12+00:00,2019-02-22T15:31:14+00:00,2019-02-22T15:31:17+00:00,0,Data Import,8.0
DemocracyClub/UK-Polling-Stations,1510,Import E08000006-Salford,closed,chris48s,chris48s,2019-02-14T15:24:27+00:00,2019-02-17T15:29:55+00:00,2019-02-17T15:29:58+00:00,1,Data Import,3.0
DemocracyClub/UK-Polling-Stations,1511,Import E08000007-Stockport,closed,chris48s,chris48s,2019-02-14T15:24:39+00:00,2019-03-01T09:18:08+00:00,2019-03-01T09:18:12+00:00,0,Data Import,14.75
DemocracyClub/UK-Polling-Stations,1512,Import E08000011-Knowsley,closed,chris48s,chris48s,2019-02-14T15:24:53+00:00,2019-03-01T09:18:09+00:00,2019-03-01T09:18:12+00:00,0,Data Import,14.75
DemocracyClub/UK-Polling-Stations,1518,Import Local Authority Districts (December 2018) Full Extent Boundaries UK,closed,polling-bot-4000,chris48s,2019-02-15T18:01:12+00:00,2019-02-19T13:08:42+00:00,2019-02-19T13:08:45+00:00,0,,3.8
DemocracyClub/UK-Polling-Stations,1524,hide all district stats in data quality report if we're not importing districts,closed,chris48s,chris48s,2019-02-18T16:42:13+00:00,2019-11-01T16:33:40+00:00,2019-11-01T16:33:40+00:00,0,Data Import,255.99
DemocracyClub/UK-Polling-Stations,1531,Import E07000063-Lewes,closed,chris48s,chris48s,2019-02-19T21:33:37+00:00,2019-03-03T15:12:04+00:00,2019-03-03T15:12:07+00:00,0,Data Import,11.74
DemocracyClub/UK-Polling-Stations,1532,Import E07000093-Test Valley,closed,chris48s,chris48s,2019-02-19T21:34:00+00:00,2019-03-04T11:21:46+00:00,2019-03-04T11:21:49+00:00,0,Data Import,12.57
DemocracyClub/UK-Polling-Stations,1533,Import E07000139-North Kesteven,closed,chris48s,chris48s,2019-02-19T21:34:16+00:00,2019-03-04T11:21:46+00:00,2019-03-04T11:21:49+00:00,0,Data Import,12.57
DemocracyClub/UK-Polling-Stations,1534,Import E07000141-South Kesteven,closed,chris48s,chris48s,2019-02-19T21:34:34+00:00,2019-03-04T11:21:46+00:00,2019-03-04T11:21:49+00:00,0,Data Import,12.57
DemocracyClub/UK-Polling-Stations,1535,Import E07000212-Runnymede,closed,chris48s,chris48s,2019-02-19T21:34:51+00:00,2019-03-06T15:41:02+00:00,2019-03-06T15:41:05+00:00,0,Data Import,14.75
DemocracyClub/UK-Polling-Stations,1536,Import E08000033-Calderdale,closed,chris48s,chris48s,2019-02-19T21:35:05+00:00,2019-02-21T17:00:20+00:00,2019-02-21T17:00:24+00:00,0,Data Import;open data,1.81
DemocracyClub/UK-Polling-Stations,1537,Import E06000031-Peterborough,closed,chris48s,chris48s,2019-02-19T21:35:54+00:00,2019-03-03T15:12:04+00:00,2019-03-03T15:12:07+00:00,0,Data Import,11.73
DemocracyClub/UK-Polling-Stations,1538,Import E06000020-Telford and Wrekin,closed,chris48s,chris48s,2019-02-19T21:36:15+00:00,2019-03-03T15:12:04+00:00,2019-03-03T15:12:07+00:00,0,Data Import,11.73
DemocracyClub/UK-Polling-Stations,1539,Import E06000036-Bracknell Forest,closed,chris48s,chris48s,2019-02-19T21:36:28+00:00,2019-03-06T15:41:02+00:00,2019-03-06T15:41:05+00:00,0,Data Import,14.75
DemocracyClub/UK-Polling-Stations,1540,Import E07000086-Eastleigh,closed,chris48s,chris48s,2019-02-19T21:36:43+00:00,2019-03-05T17:08:27+00:00,2019-03-05T17:08:30+00:00,0,Data Import,13.81
DemocracyClub/UK-Polling-Stations,1541,"change ""we don't know of any upcoming elections"" wording",closed,chris48s,chris48s,2019-02-20T15:45:04+00:00,2019-03-25T09:04:38+00:00,2019-03-25T09:04:38+00:00,2,Review;contender,32.72
DemocracyClub/UK-Polling-Stations,1543,Import E06000016-Leicester,closed,chris48s,chris48s,2019-02-21T17:38:58+00:00,2019-03-05T17:08:27+00:00,2019-03-05T17:08:30+00:00,0,Data Import,11.98
DemocracyClub/UK-Polling-Stations,1544,Import E07000091-New Forest,closed,chris48s,chris48s,2019-02-21T17:39:14+00:00,2019-03-05T17:08:27+00:00,2019-03-05T17:08:30+00:00,0,Data Import,11.98
DemocracyClub/UK-Polling-Stations,1545,Import E07000106-Canterbury,closed,chris48s,chris48s,2019-02-21T17:39:37+00:00,2019-03-13T17:03:25+00:00,2019-03-13T17:03:28+00:00,0,Data Import;open data,19.97
DemocracyClub/UK-Polling-Stations,1546,Import E07000117-Burnley,closed,chris48s,chris48s,2019-02-21T17:39:54+00:00,2019-03-06T15:41:15+00:00,2019-03-06T15:41:18+00:00,0,Data Import,12.92
DemocracyClub/UK-Polling-Stations,1547,Import E07000127-West Lancashire,closed,chris48s,chris48s,2019-02-21T17:40:21+00:00,2019-03-14T13:46:21+00:00,2019-03-14T13:46:24+00:00,0,Data Import,20.84
DemocracyClub/UK-Polling-Stations,1548,Import E07000171-Bassetlaw,closed,chris48s,chris48s,2019-02-21T17:40:38+00:00,2019-03-14T13:46:20+00:00,2019-03-14T13:46:25+00:00,0,Data Import,20.84
DemocracyClub/UK-Polling-Stations,1549,Import E07000196-South Staffordshire,closed,chris48s,chris48s,2019-02-21T17:40:53+00:00,2019-03-15T17:08:42+00:00,2019-03-15T17:08:46+00:00,0,Data Import,21.98
DemocracyClub/UK-Polling-Stations,1550,Import E08000029-Solihull,closed,chris48s,chris48s,2019-02-21T17:41:10+00:00,2019-03-11T17:03:56+00:00,2019-03-11T17:03:59+00:00,0,Data Import,17.97
DemocracyClub/UK-Polling-Stations,1552,Import E07000121-Lancaster,closed,chris48s,chris48s,2019-02-22T15:04:10+00:00,2019-02-22T15:31:22+00:00,2019-02-22T15:31:24+00:00,0,Data Import;open data,0.02
DemocracyClub/UK-Polling-Stations,1553,Import E06000015-Derby,closed,chris48s,chris48s,2019-02-22T15:04:27+00:00,2019-03-15T17:08:42+00:00,2019-03-15T17:08:45+00:00,0,Data Import,21.09
DemocracyClub/UK-Polling-Stations,1554,Import E08000015-Wirral,closed,chris48s,chris48s,2019-02-22T15:04:44+00:00,2019-03-15T17:08:42+00:00,2019-03-15T17:08:45+00:00,0,Data Import,21.09
DemocracyClub/UK-Polling-Stations,1559,Import E07000061-Eastbourne,closed,chris48s,chris48s,2019-02-27T10:47:34+00:00,2019-03-07T17:02:28+00:00,2019-03-07T17:02:31+00:00,0,Data Import,8.26
DemocracyClub/UK-Polling-Stations,1560,Import E07000112-Folkestone and Hythe,closed,chris48s,chris48s,2019-02-27T10:48:04+00:00,2019-03-07T17:02:28+00:00,2019-03-07T17:02:31+00:00,0,Data Import,8.26
DemocracyClub/UK-Polling-Stations,1561,Import E07000209-Guildford,closed,chris48s,chris48s,2019-02-27T10:48:27+00:00,2019-03-01T09:15:27+00:00,2019-03-01T09:15:30+00:00,0,Data Import;open data,1.94
DemocracyClub/UK-Polling-Stations,1562,Import E07000226-Crawley,closed,chris48s,chris48s,2019-02-27T10:48:47+00:00,2019-03-07T17:02:28+00:00,2019-03-07T17:02:31+00:00,0,Data Import,8.26
DemocracyClub/UK-Polling-Stations,1563,Import E08000030-Walsall,closed,chris48s,chris48s,2019-02-27T10:49:36+00:00,2019-03-13T17:03:24+00:00,2019-03-13T17:03:27+00:00,0,Data Import,14.26
DemocracyClub/UK-Polling-Stations,1567,Import E07000073-Harlow,closed,chris48s,chris48s,2019-02-28T16:54:41+00:00,2019-03-07T17:02:29+00:00,2019-03-07T17:02:32+00:00,0,Data Import,7.01
DemocracyClub/UK-Polling-Stations,1568,Import E07000034-Chesterfield,closed,chris48s,chris48s,2019-02-28T16:59:28+00:00,2019-03-07T17:02:29+00:00,2019-03-07T17:02:33+00:00,0,Data Import,7.0
DemocracyClub/UK-Polling-Stations,1569,Import E07000109-Gravesham,closed,chris48s,chris48s,2019-02-28T17:00:19+00:00,2019-03-07T17:02:28+00:00,2019-03-07T17:02:31+00:00,0,Data Import,7.0
DemocracyClub/UK-Polling-Stations,1570,Import E07000113-Swale,closed,chris48s,chris48s,2019-02-28T17:01:03+00:00,2019-03-11T17:10:41+00:00,2019-03-11T17:10:46+00:00,0,Data Import,11.01
DemocracyClub/UK-Polling-Stations,1571,Import E07000124-Ribble Valley,closed,chris48s,chris48s,2019-02-28T17:01:53+00:00,2019-03-05T17:08:28+00:00,2019-03-05T17:08:30+00:00,0,Data Import,5.0
DemocracyClub/UK-Polling-Stations,1572,Import E07000214-Surrey Heath,closed,chris48s,chris48s,2019-02-28T17:02:56+00:00,2019-03-11T17:10:41+00:00,2019-03-11T17:10:44+00:00,0,Data Import,11.01
DemocracyClub/UK-Polling-Stations,1573,Import E07000215-Tandridge,closed,chris48s,chris48s,2019-02-28T17:03:33+00:00,2019-03-12T13:57:27+00:00,2019-03-12T13:57:34+00:00,0,Data Import,11.87
DemocracyClub/UK-Polling-Stations,1574,Import E07000089-Hart,closed,chris48s,chris48s,2019-02-28T17:04:29+00:00,2019-03-13T17:03:24+00:00,2019-03-13T17:03:27+00:00,0,Data Import,13.0
DemocracyClub/UK-Polling-Stations,1575,Import E07000229-Worthing,closed,chris48s,chris48s,2019-02-28T17:05:59+00:00,2019-03-12T13:57:28+00:00,2019-03-12T13:57:34+00:00,0,Data Import,11.87
DemocracyClub/UK-Polling-Stations,1576,Import E08000035-Leeds,closed,chris48s,chris48s,2019-02-28T17:07:23+00:00,2019-03-15T17:08:43+00:00,2019-03-15T17:08:45+00:00,0,Data Import,15.0
DemocracyClub/UK-Polling-Stations,1577,Import E07000085-East Hampshire,closed,chris48s,chris48s,2019-02-28T17:09:31+00:00,2019-03-13T17:03:24+00:00,2019-03-13T17:03:27+00:00,0,Data Import,13.0
DemocracyClub/UK-Polling-Stations,1578,Import E07000173-Gedling,closed,chris48s,chris48s,2019-02-28T17:10:17+00:00,2019-03-13T17:03:24+00:00,2019-03-13T17:03:27+00:00,0,Data Import,13.0
DemocracyClub/UK-Polling-Stations,1579,Import E06000032-Luton,closed,chris48s,chris48s,2019-02-28T17:11:12+00:00,2019-03-17T20:03:32+00:00,2019-03-17T20:03:36+00:00,0,Data Import,17.12
DemocracyClub/UK-Polling-Stations,1580,Import E06000008-Blackburn with Darwen,closed,chris48s,chris48s,2019-02-28T17:11:50+00:00,2019-03-17T20:03:32+00:00,2019-03-17T20:03:35+00:00,0,Data Import,17.12
DemocracyClub/UK-Polling-Stations,1581,Update E08000003-Manchester,closed,chris48s,chris48s,2019-02-28T17:12:22+00:00,2019-03-13T17:03:24+00:00,2019-03-13T17:03:27+00:00,0,Data Import,12.99
DemocracyClub/UK-Polling-Stations,1584,Import E07000095-Broxbourne,closed,chris48s,chris48s,2019-03-01T10:15:00+00:00,2019-03-05T16:58:28+00:00,2019-03-05T16:58:28+00:00,1,,4.28
DemocracyClub/UK-Polling-Stations,1585,Import E06000014-York,closed,chris48s,chris48s,2019-03-01T10:15:22+00:00,2019-03-08T09:17:54+00:00,2019-03-08T09:17:57+00:00,0,Data Import;open data,6.96
DemocracyClub/UK-Polling-Stations,1586,"E06000058-Bournemouth, Christchurch and Poole",closed,chris48s,chris48s,2019-03-01T10:16:39+00:00,2019-03-04T09:49:10+00:00,2019-03-04T09:49:13+00:00,0,Data Import,2.98
DemocracyClub/UK-Polling-Stations,1595,Import E07000115-Tonbridge and Malling,closed,chris48s,chris48s,2019-03-05T14:43:43+00:00,2019-03-07T17:02:29+00:00,2019-03-07T17:02:32+00:00,0,Data Import;open data,2.1
DemocracyClub/UK-Polling-Stations,1596,Import E07000090-Havant,closed,chris48s,chris48s,2019-03-05T14:45:39+00:00,2019-03-25T08:51:01+00:00,2019-03-25T08:51:01+00:00,0,Data Import;ready,19.75
DemocracyClub/UK-Polling-Stations,1597,Import E07000096-Dacorum,closed,chris48s,chris48s,2019-03-05T15:06:54+00:00,2019-03-23T20:29:12+00:00,2019-03-23T20:29:12+00:00,0,Data Import;ready,18.22
DemocracyClub/UK-Polling-Stations,1598,Import E07000222-Warwick,closed,chris48s,chris48s,2019-03-05T15:08:36+00:00,2019-03-27T14:13:22+00:00,2019-03-27T14:13:22+00:00,0,Data Import;ready,21.96
DemocracyClub/UK-Polling-Stations,1599,Import E06000002-Middlesbrough,closed,chris48s,chris48s,2019-03-05T15:09:09+00:00,2019-03-25T08:51:01+00:00,2019-03-25T08:51:01+00:00,0,Data Import;ready,19.74
DemocracyClub/UK-Polling-Stations,1600,Import E06000010-Kingston upon Hull,closed,chris48s,chris48s,2019-03-05T15:09:55+00:00,2019-03-26T17:00:55+00:00,2019-03-26T17:00:55+00:00,0,Data Import;ready,21.08
DemocracyClub/UK-Polling-Stations,1601,Import E06000050-Cheshire West and Chester,closed,chris48s,chris48s,2019-03-05T15:13:29+00:00,2019-04-02T10:52:51+00:00,2019-04-02T10:52:51+00:00,0,Data Import;ready,27.82
DemocracyClub/UK-Polling-Stations,1602,Import E07000107-Dartford,closed,chris48s,chris48s,2019-03-05T15:13:46+00:00,2019-03-17T20:03:33+00:00,2019-03-17T20:03:35+00:00,0,Data Import,12.2
DemocracyClub/UK-Polling-Stations,1603,Import E07000095-Broxbourne,closed,chris48s,chris48s,2019-03-05T16:03:13+00:00,2019-03-17T20:03:32+00:00,2019-03-17T20:03:35+00:00,0,Data Import,12.17
DemocracyClub/UK-Polling-Stations,1604,Import E07000143-Breckland,closed,chris48s,chris48s,2019-03-05T16:03:28+00:00,2019-03-17T20:03:32+00:00,2019-03-17T20:03:35+00:00,0,Data Import,12.17
DemocracyClub/UK-Polling-Stations,1611,Update E06000041-Wokingham,closed,chris48s,chris48s,2019-03-06T15:39:40+00:00,2019-03-21T16:56:10+00:00,2019-03-21T16:56:10+00:00,0,Data Import;ready,15.05
DemocracyClub/UK-Polling-Stations,1612,Import E07000099-North Hertfordshire,closed,chris48s,chris48s,2019-03-06T15:55:36+00:00,2019-03-17T20:03:33+00:00,2019-03-17T20:03:36+00:00,0,Data Import,11.17
DemocracyClub/UK-Polling-Stations,1613,Import E06000033-Southend-on-Sea,closed,chris48s,chris48s,2019-03-06T15:56:00+00:00,2019-04-02T10:53:08+00:00,2019-04-02T10:53:08+00:00,0,Data Import;ready,26.79
DemocracyClub/UK-Polling-Stations,1614,Import E06000038-Reading,closed,chris48s,chris48s,2019-03-06T15:56:15+00:00,2019-03-18T12:10:14+00:00,2019-03-18T12:10:16+00:00,0,Data Import,11.84
DemocracyClub/UK-Polling-Stations,1615,Import E07000242-East Hertfordshire,closed,chris48s,chris48s,2019-03-06T15:56:47+00:00,2019-03-18T12:10:14+00:00,2019-03-18T12:10:16+00:00,0,Data Import,11.84
DemocracyClub/UK-Polling-Stations,1616,Import E07000148-Norwich,closed,chris48s,chris48s,2019-03-06T15:57:26+00:00,2019-03-23T20:29:44+00:00,2019-03-23T20:29:44+00:00,0,Data Import;ready,17.19
DemocracyClub/UK-Polling-Stations,1617,Import E07000111-Sevenoaks,closed,chris48s,chris48s,2019-03-07T13:16:54+00:00,2019-03-21T16:56:10+00:00,2019-03-21T16:56:10+00:00,0,Data Import;ready;open data,14.15
DemocracyClub/UK-Polling-Stations,1618,Import E08000016-Barnsley,closed,chris48s,chris48s,2019-03-07T14:26:34+00:00,2019-03-23T20:29:44+00:00,2019-03-23T20:29:44+00:00,0,Data Import;ready,16.25
DemocracyClub/UK-Polling-Stations,1619,Import E07000179-South Oxfordshire,closed,chris48s,chris48s,2019-03-07T14:26:51+00:00,2019-03-27T13:25:04+00:00,2019-03-27T13:25:04+00:00,0,Data Import;ready,19.96
DemocracyClub/UK-Polling-Stations,1620,Import E07000180-Vale of White Horse,closed,chris48s,chris48s,2019-03-07T14:27:05+00:00,2019-03-27T13:25:04+00:00,2019-03-27T13:25:04+00:00,0,Data Import;ready,19.96
DemocracyClub/UK-Polling-Stations,1623,Update E07000063-Lewes,closed,chris48s,chris48s,2019-03-07T16:26:56+00:00,2019-03-11T17:04:19+00:00,2019-03-11T17:04:22+00:00,0,Data Import,4.03
DemocracyClub/UK-Polling-Stations,1625,More new local auth split postcode fixes,closed,chris48s,chris48s,2019-03-08T11:41:53+00:00,2019-03-11T17:04:05+00:00,2019-03-11T17:04:08+00:00,2,bug :bug:,3.22
DemocracyClub/UK-Polling-Stations,1626,Import E07000221-Stratford-on-Avon,closed,chris48s,chris48s,2019-03-08T14:16:44+00:00,2019-03-27T13:46:17+00:00,2019-03-27T13:46:17+00:00,0,Data Import;ready,18.98
DemocracyClub/UK-Polling-Stations,1627,Import E08000022-North Tyneside,closed,chris48s,chris48s,2019-03-08T14:18:12+00:00,2019-03-24T14:57:19+00:00,2019-03-24T14:57:19+00:00,0,Data Import;ready,16.03
DemocracyClub/UK-Polling-Stations,1630,Keep track of new local auth workarounds,open,chris48s,,2019-03-08T16:48:59+00:00,,2019-03-08T16:49:08+00:00,0,,
DemocracyClub/UK-Polling-Stations,1636,Import E07000009-East Cambridgeshire,closed,chris48s,chris48s,2019-03-12T16:03:10+00:00,2019-03-26T16:58:01+00:00,2019-03-26T16:58:01+00:00,0,Data Import;ready,14.04
DemocracyClub/UK-Polling-Stations,1637,Import E08000009-Trafford,closed,chris48s,chris48s,2019-03-12T16:03:55+00:00,2019-03-24T14:57:19+00:00,2019-03-24T14:57:19+00:00,0,Data Import;ready,11.95
DemocracyClub/UK-Polling-Stations,1638,Import E06000024-North Somerset,closed,chris48s,chris48s,2019-03-12T16:05:32+00:00,2019-03-24T14:57:20+00:00,2019-03-24T14:57:20+00:00,0,Data Import;ready,11.95
DemocracyClub/UK-Polling-Stations,1639,Import E06000037-West Berkshire,closed,chris48s,chris48s,2019-03-12T16:06:03+00:00,2019-03-26T16:58:26+00:00,2019-03-26T16:58:26+00:00,0,Data Import;ready,14.04
DemocracyClub/UK-Polling-Stations,1640,Import E06000040-Windsor and Maidenhead,closed,chris48s,chris48s,2019-03-12T16:06:40+00:00,2019-03-25T15:14:54+00:00,2019-03-25T15:14:54+00:00,0,Data Import;ready,12.96
DemocracyClub/UK-Polling-Stations,1642,Import E07000108-Dover,closed,chris48s,chris48s,2019-03-13T16:22:34+00:00,2019-03-13T17:03:25+00:00,2019-03-13T17:03:28+00:00,0,Data Import;open data,0.03
DemocracyClub/UK-Polling-Stations,1643,Import E07000114-Thanet,closed,chris48s,chris48s,2019-03-13T16:22:47+00:00,2019-03-13T17:03:25+00:00,2019-03-13T17:03:28+00:00,0,Data Import;open data,0.03
DemocracyClub/UK-Polling-Stations,1645,Import E08000031-Wolverhampton,closed,chris48s,chris48s,2019-03-13T17:03:57+00:00,2019-04-09T15:18:05+00:00,2019-04-09T15:18:05+00:00,1,Data Import;ready,26.93
DemocracyClub/UK-Polling-Stations,1646,Import E07000076-Tendring,closed,chris48s,chris48s,2019-03-13T17:11:31+00:00,2019-03-27T13:46:18+00:00,2019-03-27T13:46:18+00:00,0,Data Import;ready,13.86
DemocracyClub/UK-Polling-Stations,1647,Import E08000001-Bolton,closed,chris48s,chris48s,2019-03-13T17:11:42+00:00,2019-04-10T16:44:49+00:00,2019-04-10T16:44:49+00:00,0,Data Import;ready,27.98
DemocracyClub/UK-Polling-Stations,1648,Import E06000005-Darlington,closed,chris48s,chris48s,2019-03-13T17:12:19+00:00,2019-03-27T17:55:24+00:00,2019-03-27T17:55:24+00:00,0,Data Import;ready,14.03
DemocracyClub/UK-Polling-Stations,1649,Import E07000239-Wyre Forest,closed,chris48s,chris48s,2019-03-13T17:12:51+00:00,2019-03-27T13:46:18+00:00,2019-03-27T13:46:18+00:00,1,Data Import;ready,13.86
DemocracyClub/UK-Polling-Stations,1651,Update E07000112-Folkestone and Hythe,closed,chris48s,chris48s,2019-03-14T16:30:56+00:00,2019-03-15T17:08:42+00:00,2019-03-15T17:08:44+00:00,0,Data Import,1.03
DemocracyClub/UK-Polling-Stations,1652,Import E08000008-Tameside,closed,chris48s,chris48s,2019-03-14T16:40:39+00:00,2019-04-01T19:37:45+00:00,2019-04-01T19:37:45+00:00,0,Data Import;ready,18.12
DemocracyClub/UK-Polling-Stations,1653,Import E07000043-North Devon,closed,chris48s,chris48s,2019-03-14T16:40:58+00:00,2019-04-01T19:37:45+00:00,2019-04-01T19:37:45+00:00,0,Data Import;ready,18.12
DemocracyClub/UK-Polling-Stations,1654,Import E08000028-Sandwell,closed,chris48s,chris48s,2019-03-14T16:41:18+00:00,2019-04-01T19:40:22+00:00,2019-04-01T19:40:22+00:00,0,Data Import;ready,18.12
DemocracyClub/UK-Polling-Stations,1655,Update E07000127-West Lancashire,closed,chris48s,chris48s,2019-03-14T16:54:12+00:00,2019-03-15T17:08:42+00:00,2019-03-15T17:08:44+00:00,0,Data Import,1.01
DemocracyClub/UK-Polling-Stations,1657,Import E06000022-Bath and North East Somerset,closed,chris48s,chris48s,2019-03-15T17:08:01+00:00,2019-03-23T20:29:12+00:00,2019-03-23T20:29:12+00:00,0,Data Import;ready,8.14
DemocracyClub/UK-Polling-Stations,1658,Import E06000012-North East Lincolnshire,closed,chris48s,chris48s,2019-03-15T17:08:15+00:00,2019-03-27T17:55:24+00:00,2019-03-27T17:55:24+00:00,0,Data Import;ready,12.03
DemocracyClub/UK-Polling-Stations,1665,remove 'register to vote' deadline,closed,chris48s,chris48s,2019-03-19T14:13:01+00:00,2019-04-16T07:52:42+00:00,2019-04-16T07:52:42+00:00,3,,27.74
DemocracyClub/UK-Polling-Stations,1668,Import E08000023-South Tyneside,closed,chris48s,chris48s,2019-03-19T19:10:38+00:00,2019-04-01T19:40:22+00:00,2019-04-01T19:40:22+00:00,0,Data Import;ready,13.02
DemocracyClub/UK-Polling-Stations,1669,Import E08000019-Sheffield,closed,chris48s,chris48s,2019-03-19T19:10:58+00:00,2019-03-28T11:38:24+00:00,2019-03-28T11:38:24+00:00,0,Data Import;ready,8.69
DemocracyClub/UK-Polling-Stations,1670,Import E08000012-Liverpool,closed,chris48s,chris48s,2019-03-19T19:11:30+00:00,2019-04-01T19:40:22+00:00,2019-04-01T19:40:22+00:00,0,Data Import;ready,13.02
DemocracyClub/UK-Polling-Stations,1671,Import E07000220-Rugby,closed,chris48s,chris48s,2019-03-19T19:11:53+00:00,2019-03-28T11:59:15+00:00,2019-03-28T11:59:15+00:00,0,Data Import;ready,8.7
DemocracyClub/UK-Polling-Stations,1672,Import E07000181-West Oxfordshire,closed,chris48s,chris48s,2019-03-19T19:12:09+00:00,2019-03-29T17:22:12+00:00,2019-03-29T17:22:12+00:00,0,Data Import;ready,9.92
DemocracyClub/UK-Polling-Stations,1673,Import E07000131-Harborough,closed,chris48s,chris48s,2019-03-19T19:12:26+00:00,2019-03-29T17:22:12+00:00,2019-03-29T17:22:12+00:00,0,Data Import;ready,9.92
DemocracyClub/UK-Polling-Stations,1674,Import E07000128-Wyre,closed,chris48s,chris48s,2019-03-19T19:12:41+00:00,2019-04-02T11:04:47+00:00,2019-04-02T11:04:47+00:00,0,Data Import;ready,13.66
DemocracyClub/UK-Polling-Stations,1675,Import E07000126-South Ribble,closed,chris48s,chris48s,2019-03-19T19:12:58+00:00,2019-03-29T17:22:13+00:00,2019-03-29T17:22:13+00:00,0,Data Import;ready,9.92
DemocracyClub/UK-Polling-Stations,1676,Import E07000110-Maidstone,closed,chris48s,chris48s,2019-03-19T19:13:18+00:00,2019-04-01T15:03:07+00:00,2019-04-01T15:03:07+00:00,0,Data Import;ready,12.83
DemocracyClub/UK-Polling-Stations,1677,Import E07000065-Wealden,closed,chris48s,chris48s,2019-03-19T19:13:34+00:00,2019-04-03T11:16:55+00:00,2019-04-03T11:16:55+00:00,0,Data Import;ready,14.67
DemocracyClub/UK-Polling-Stations,1678,Import E07000041-Exeter,closed,chris48s,chris48s,2019-03-19T19:13:50+00:00,2019-04-01T15:03:07+00:00,2019-04-01T15:03:07+00:00,0,Data Import;ready,12.83
DemocracyClub/UK-Polling-Stations,1679,Import E07000029-Copeland,closed,chris48s,chris48s,2019-03-19T19:14:10+00:00,2019-04-05T15:52:52+00:00,2019-04-05T15:52:52+00:00,0,Data Import;ready,16.86
DemocracyClub/UK-Polling-Stations,1680,Import E07000027-Barrow-in-Furness,closed,chris48s,chris48s,2019-03-19T19:14:40+00:00,2019-04-05T15:52:52+00:00,2019-04-05T15:52:52+00:00,0,Data Import;ready,16.86
DemocracyClub/UK-Polling-Stations,1681,Import E06000059-Dorset,closed,chris48s,chris48s,2019-03-19T19:14:56+00:00,2019-04-07T15:21:36+00:00,2019-04-07T15:21:36+00:00,0,Data Import;ready,18.84
DemocracyClub/UK-Polling-Stations,1682,Update E06000015-Derby,closed,chris48s,chris48s,2019-03-19T19:15:15+00:00,2019-03-21T16:56:09+00:00,2019-03-21T16:56:09+00:00,0,Data Import;ready,1.9
DemocracyClub/UK-Polling-Stations,1683,Update E08000029-Solihull,closed,chris48s,chris48s,2019-03-19T19:15:30+00:00,2019-03-21T16:56:10+00:00,2019-03-21T16:56:10+00:00,1,Data Import;ready,1.9
DemocracyClub/UK-Polling-Stations,1684,Import E08000013-St. Helens,closed,chris48s,chris48s,2019-03-20T19:02:17+00:00,2019-04-03T10:55:21+00:00,2019-04-03T10:55:21+00:00,0,Data Import;ready,13.66
DemocracyClub/UK-Polling-Stations,1685,Import E07000216-Waverley,closed,chris48s,chris48s,2019-03-20T19:02:29+00:00,2019-04-03T08:24:37+00:00,2019-04-03T08:24:37+00:00,0,Data Import;ready,13.56
DemocracyClub/UK-Polling-Stations,1686,Import E07000040-East Devon,closed,chris48s,chris48s,2019-03-20T19:02:42+00:00,2019-05-06T18:40:10+00:00,2019-05-06T18:40:10+00:00,1,Data Import;On hold ⛔,46.98
DemocracyClub/UK-Polling-Stations,1687,Import E07000032-Amber Valley,closed,chris48s,chris48s,2019-03-20T19:02:53+00:00,2019-04-07T15:21:36+00:00,2019-04-07T15:21:36+00:00,0,Data Import;ready,17.85
DemocracyClub/UK-Polling-Stations,1688,Import E06000043-Brighton and Hove,closed,chris48s,chris48s,2019-03-20T19:03:37+00:00,2019-04-04T10:05:14+00:00,2019-04-04T10:05:14+00:00,0,Data Import;ready,14.63
DemocracyClub/UK-Polling-Stations,1689,Update E07000174-Mansfield,closed,chris48s,chris48s,2019-03-20T19:03:54+00:00,2019-03-21T16:56:09+00:00,2019-03-21T16:56:09+00:00,0,Data Import;ready,0.91
DemocracyClub/UK-Polling-Stations,1690,Import E06000026-Plymouth,closed,chris48s,chris48s,2019-03-20T19:04:09+00:00,2019-04-03T08:24:37+00:00,2019-04-03T08:24:37+00:00,0,Data Import;ready,13.56
DemocracyClub/UK-Polling-Stations,1691,Update E06000032-Luton,closed,chris48s,chris48s,2019-03-20T19:04:26+00:00,2019-03-21T16:56:09+00:00,2019-03-21T16:56:09+00:00,0,Data Import;ready,0.91
DemocracyClub/UK-Polling-Stations,1693,Import E07000164-Hambleton,closed,chris48s,chris48s,2019-03-21T17:06:43+00:00,2019-04-07T15:15:46+00:00,2019-04-07T15:15:46+00:00,0,Data Import;ready,16.92
DemocracyClub/UK-Polling-Stations,1694,Import E06000030-Swindon,closed,chris48s,chris48s,2019-03-21T17:07:03+00:00,2019-04-07T15:14:37+00:00,2019-04-07T15:14:37+00:00,0,Data Import;ready,16.92
DemocracyClub/UK-Polling-Stations,1695,Import E08000034-Kirklees,closed,chris48s,chris48s,2019-03-21T17:07:19+00:00,2019-04-08T10:48:27+00:00,2019-04-08T10:48:27+00:00,0,Data Import;ready,17.74
DemocracyClub/UK-Polling-Stations,1696,Import E07000105-Ashford,closed,chris48s,chris48s,2019-03-21T17:07:51+00:00,2019-03-23T20:29:12+00:00,2019-03-23T20:29:12+00:00,0,Data Import;ready,2.14
DemocracyClub/UK-Polling-Stations,1697,Import E06000057-Northumberland,closed,chris48s,chris48s,2019-03-21T17:08:08+00:00,2019-04-10T16:55:56+00:00,2019-04-10T16:55:56+00:00,1,Data Import;ready,19.99
DemocracyClub/UK-Polling-Stations,1698,Import Local Authority Districts (April 2019) Full Extent Boundaries UK,closed,polling-bot-4000,chris48s,2019-03-22T12:01:15+00:00,2019-09-10T15:35:35+00:00,2019-09-10T15:35:35+00:00,2,On hold ⛔,172.15
DemocracyClub/UK-Polling-Stations,1712,Import E07000102-Three Rivers,closed,chris48s,chris48s,2019-03-26T17:15:44+00:00,2019-04-11T12:50:18+00:00,2019-04-11T12:50:18+00:00,0,Data Import;ready,15.82
DemocracyClub/UK-Polling-Stations,1713,Import E07000008-Cambridge,closed,chris48s,chris48s,2019-03-26T17:15:59+00:00,2019-04-10T16:55:57+00:00,2019-04-10T16:55:57+00:00,0,Data Import;ready,14.99
DemocracyClub/UK-Polling-Stations,1714,Import E07000235-Malvern Hills,closed,chris48s,chris48s,2019-03-26T17:16:17+00:00,2019-04-07T15:14:38+00:00,2019-04-07T15:14:38+00:00,0,Data Import;ready,11.92
DemocracyClub/UK-Polling-Stations,1715,Import E08000026-Coventry,closed,chris48s,chris48s,2019-03-26T17:16:30+00:00,2019-04-10T16:42:51+00:00,2019-04-10T16:42:51+00:00,0,Data Import;ready,14.98
DemocracyClub/UK-Polling-Stations,1717,Import E07000077-Uttlesford,closed,chris48s,chris48s,2019-03-27T10:51:14+00:00,2019-04-13T15:25:16+00:00,2019-04-13T15:25:16+00:00,1,Data Import;ready;open data,17.19
DemocracyClub/UK-Polling-Stations,1720,Import E07000194-Lichfield,closed,chris48s,chris48s,2019-03-27T16:28:00+00:00,2019-04-14T18:44:56+00:00,2019-04-14T18:44:56+00:00,1,Data Import;ready,18.1
DemocracyClub/UK-Polling-Stations,1723,Import E07000144-Broadland,closed,chris48s,chris48s,2019-03-27T17:36:29+00:00,2019-04-10T16:55:57+00:00,2019-04-10T16:55:57+00:00,0,Data Import;ready,13.97
DemocracyClub/UK-Polling-Stations,1724,Import E08000010-Wigan,closed,chris48s,chris48s,2019-03-27T17:39:22+00:00,2019-04-10T16:55:57+00:00,2019-04-10T16:55:57+00:00,0,Data Import;ready,13.97
DemocracyClub/UK-Polling-Stations,1725,Import E07000125-Rossendale,closed,chris48s,chris48s,2019-03-27T17:39:35+00:00,2019-04-11T12:50:06+00:00,2019-04-11T12:50:06+00:00,0,Data Import;ready,14.8
DemocracyClub/UK-Polling-Stations,1726,Import E07000145-Great Yarmouth,closed,chris48s,chris48s,2019-03-27T17:39:51+00:00,2019-04-13T15:25:16+00:00,2019-04-13T15:25:16+00:00,0,Data Import;ready,16.91
DemocracyClub/UK-Polling-Stations,1727,Import E06000019-Herefordshire,closed,chris48s,chris48s,2019-03-27T17:40:04+00:00,2019-04-14T18:44:56+00:00,2019-04-14T18:44:56+00:00,0,Data Import;ready,18.05
DemocracyClub/UK-Polling-Stations,1729,Import E07000172-Broxtowe,closed,chris48s,chris48s,2019-03-28T11:59:03+00:00,2019-03-29T17:22:13+00:00,2019-03-29T17:22:13+00:00,1,Data Import;ready;open data,1.22
DemocracyClub/UK-Polling-Stations,1730,Import E07000135-Oadby and Wigston,closed,chris48s,chris48s,2019-03-28T12:03:40+00:00,2019-04-13T15:25:36+00:00,2019-04-13T15:25:36+00:00,0,Data Import;ready,16.14
DemocracyClub/UK-Polling-Stations,1731,Import E07000177-Cherwell,closed,chris48s,chris48s,2019-03-28T17:30:21+00:00,2019-04-25T09:34:06+00:00,2019-04-25T09:34:06+00:00,0,Data Import;ready,27.67
DemocracyClub/UK-Polling-Stations,1742,Update E07000076-Tendring,closed,chris48s,chris48s,2019-04-02T14:16:45+00:00,2019-04-03T12:45:28+00:00,2019-04-03T12:45:28+00:00,0,Data Import;ready,0.94
DemocracyClub/UK-Polling-Stations,1744,Import E07000066-Basildon,closed,chris48s,chris48s,2019-04-02T16:00:00+00:00,2019-04-15T16:16:28+00:00,2019-04-15T16:16:28+00:00,0,Data Import;ready,13.01
DemocracyClub/UK-Polling-Stations,1745,Import E07000072-Epping Forest,closed,chris48s,chris48s,2019-04-02T16:01:36+00:00,2019-04-17T12:43:26+00:00,2019-04-17T12:43:26+00:00,0,Data Import;ready,14.86
DemocracyClub/UK-Polling-Stations,1746,Import E07000163-Craven,closed,chris48s,chris48s,2019-04-03T10:52:04+00:00,2019-04-17T16:04:25+00:00,2019-04-17T16:04:25+00:00,0,Data Import;ready,14.22
DemocracyClub/UK-Polling-Stations,1747,Import E07000210-Mole Valley,closed,chris48s,chris48s,2019-04-03T10:54:02+00:00,2019-04-28T10:49:29+00:00,2019-04-28T10:49:29+00:00,0,Data Import;ready,25.0
DemocracyClub/UK-Polling-Stations,1750,Update E06000024-North Somerset,closed,chris48s,chris48s,2019-04-03T16:17:54+00:00,2019-04-04T12:23:51+00:00,2019-04-04T12:23:51+00:00,0,Data Import;ready,0.84
DemocracyClub/UK-Polling-Stations,1754,Import E07000225-Chichester,closed,chris48s,chris48s,2019-04-04T16:45:39+00:00,2019-04-28T10:49:38+00:00,2019-04-28T10:49:38+00:00,0,Data Import;ready,23.75
DemocracyClub/UK-Polling-Stations,1757,Import E06000025-South Gloucestershire,closed,chris48s,chris48s,2019-04-05T12:40:30+00:00,2019-04-22T19:55:34+00:00,2019-04-22T19:55:35+00:00,1,Data Import;ready,17.3
DemocracyClub/UK-Polling-Stations,1763,re-check E07000208-Epsom and Ewell,closed,chris48s,chris48s,2019-04-08T17:44:03+00:00,2019-04-09T16:10:43+00:00,2019-04-09T16:10:43+00:00,0,Data Import;ready,0.94
DemocracyClub/UK-Polling-Stations,1767,Import E06000027-Torbay,closed,chris48s,chris48s,2019-04-09T16:26:04+00:00,2019-04-23T15:26:23+00:00,2019-04-23T15:26:23+00:00,0,Data Import;ready,13.96
DemocracyClub/UK-Polling-Stations,1768,Import E07000028-Carlisle,closed,chris48s,chris48s,2019-04-09T16:26:17+00:00,2019-04-16T14:16:38+00:00,2019-04-16T14:16:38+00:00,0,Data Import;ready,6.91
DemocracyClub/UK-Polling-Stations,1769,Import E07000176-Rushcliffe,closed,chris48s,chris48s,2019-04-09T16:26:31+00:00,2019-04-16T14:16:38+00:00,2019-04-16T14:16:38+00:00,0,Data Import;ready,6.91
DemocracyClub/UK-Polling-Stations,1770,Import E07000228-Mid Sussex,closed,chris48s,chris48s,2019-04-09T16:26:58+00:00,2019-04-17T12:54:59+00:00,2019-04-17T12:54:59+00:00,0,Data Import;ready,7.85
DemocracyClub/UK-Polling-Stations,1771,Import E07000244-East Suffolk,closed,chris48s,chris48s,2019-04-09T16:27:12+00:00,2019-04-20T15:10:24+00:00,2019-04-20T15:10:24+00:00,0,Data Import;ready,10.95
DemocracyClub/UK-Polling-Stations,1772,Import E08000032-Bradford,closed,chris48s,chris48s,2019-04-09T16:27:24+00:00,2019-04-20T15:21:08+00:00,2019-04-20T15:21:08+00:00,0,Data Import;ready,10.95
DemocracyClub/UK-Polling-Stations,1773,Import E06000056-Central Bedfordshire,closed,chris48s,chris48s,2019-04-09T16:27:46+00:00,2019-04-20T15:21:09+00:00,2019-04-20T15:21:09+00:00,1,Data Import;ready,10.95
DemocracyClub/UK-Polling-Stations,1777,Import E07000045-Teignbridge,closed,chris48s,chris48s,2019-04-10T16:54:42+00:00,2019-04-20T15:21:23+00:00,2019-04-20T15:21:23+00:00,0,Data Import;ready,9.94
DemocracyClub/UK-Polling-Stations,1778,Import E07000094-Winchester,closed,chris48s,chris48s,2019-04-10T16:54:57+00:00,2019-04-25T09:51:38+00:00,2019-04-25T09:51:38+00:00,0,Data Import;ready,14.71
DemocracyClub/UK-Polling-Stations,1779,Import E06000055-Bedford,closed,chris48s,chris48s,2019-04-10T16:55:14+00:00,2019-04-20T15:11:09+00:00,2019-04-20T15:11:09+00:00,0,Data Import;ready,9.93
DemocracyClub/UK-Polling-Stations,1780,Import E07000044-South Hams,closed,chris48s,chris48s,2019-04-10T16:55:26+00:00,2019-04-20T15:21:09+00:00,2019-04-20T15:21:09+00:00,0,Data Import;ready,9.93
DemocracyClub/UK-Polling-Stations,1784,Import E07000083-Tewkesbury,closed,chris48s,chris48s,2019-04-11T12:49:19+00:00,2019-04-20T15:11:09+00:00,2019-04-20T15:11:09+00:00,0,Data Import;ready,9.1
DemocracyClub/UK-Polling-Stations,1789,Remove 2 May-specific references,closed,chris48s,chris48s,2019-04-12T14:46:16+00:00,2019-05-03T10:33:39+00:00,2019-05-03T10:33:39+00:00,4,,20.82
DemocracyClub/UK-Polling-Stations,1791,Import E07000075-Rochford,closed,chris48s,chris48s,2019-04-12T18:09:42+00:00,2019-04-24T13:44:11+00:00,2019-04-24T13:44:12+00:00,0,Data Import;ready,11.82
DemocracyClub/UK-Polling-Stations,1792,Import E08000021-Newcastle upon Tyne,closed,chris48s,chris48s,2019-04-12T18:09:58+00:00,2019-04-25T09:44:19+00:00,2019-04-25T09:44:19+00:00,0,Data Import;ready,12.65
DemocracyClub/UK-Polling-Stations,1800,Import E08000004-Oldham,closed,chris48s,chris48s,2019-04-16T18:28:55+00:00,2019-04-20T15:21:23+00:00,2019-04-20T15:21:23+00:00,0,Data Import;ready,3.87
DemocracyClub/UK-Polling-Stations,1801,Import E08000005-Rochdale,closed,chris48s,chris48s,2019-04-16T18:29:13+00:00,2019-04-20T15:21:23+00:00,2019-04-20T15:21:23+00:00,0,Data Import;ready,3.87
DemocracyClub/UK-Polling-Stations,1802,Import E08000037-Gateshead,closed,chris48s,chris48s,2019-04-16T18:29:42+00:00,2019-04-20T15:21:24+00:00,2019-04-20T15:21:24+00:00,0,Data Import;ready,3.87
DemocracyClub/UK-Polling-Stations,1803,remove 'register to vote' deadline,closed,chris48s,chris48s,2019-04-17T10:39:33+00:00,2019-05-09T13:24:29+00:00,2019-05-09T13:24:29+00:00,3,,22.11
DemocracyClub/UK-Polling-Stations,1804,Import E07000123-Preston,closed,chris48s,chris48s,2019-04-17T12:33:45+00:00,2019-04-17T12:55:00+00:00,2019-04-17T12:55:00+00:00,0,Data Import;ready;open data,0.01
DemocracyClub/UK-Polling-Stations,1807,Import E08000027-Dudley,closed,chris48s,chris48s,2019-04-17T15:22:53+00:00,2019-04-20T15:21:24+00:00,2019-04-20T15:21:24+00:00,0,Data Import;ready,3.0
DemocracyClub/UK-Polling-Stations,1808,Log a warning when imported station has no geometry,closed,GeoWill,pmk01,2019-04-18T13:19:10+00:00,2024-01-17T16:55:28+00:00,2024-01-17T16:55:28+00:00,0,enhancement;Data Import,1735.15
DemocracyClub/UK-Polling-Stations,1819,Import E09000031-Waltham Forest,closed,chris48s,chris48s,2019-04-21T19:39:00+00:00,2019-04-23T15:38:36+00:00,2019-04-23T15:38:36+00:00,0,Data Import;ready,1.83
DemocracyClub/UK-Polling-Stations,1820,Import E07000012-South Cambridgeshire,closed,chris48s,chris48s,2019-04-21T19:39:18+00:00,2019-04-25T09:46:18+00:00,2019-04-25T09:46:18+00:00,0,Data Import;ready,3.59
DemocracyClub/UK-Polling-Stations,1821,Import E07000110-Maidstone,closed,chris48s,chris48s,2019-04-21T19:51:13+00:00,2019-05-06T18:26:42+00:00,2019-05-06T18:26:42+00:00,0,Data Import;ready,14.94
DemocracyClub/UK-Polling-Stations,1825,Import E08000018-Rotherham,closed,chris48s,chris48s,2019-04-23T13:28:52+00:00,2019-04-25T09:47:10+00:00,2019-04-25T09:47:10+00:00,0,Data Import;ready,1.85
DemocracyClub/UK-Polling-Stations,1826,Import E07000125-Rossendale,closed,chris48s,chris48s,2019-04-23T15:17:26+00:00,2019-05-06T18:25:25+00:00,2019-05-06T18:25:25+00:00,0,Data Import;ready,13.13
DemocracyClub/UK-Polling-Stations,1830,Import E09000008-Croydon,closed,chris48s,chris48s,2019-04-24T09:40:11+00:00,2019-05-09T16:40:12+00:00,2019-05-09T16:40:13+00:00,0,Data Import;ready,15.29
DemocracyClub/UK-Polling-Stations,1832,Import E09000032-Wandsworth,closed,chris48s,chris48s,2019-04-24T10:35:16+00:00,2019-05-08T10:38:13+00:00,2019-05-08T10:38:14+00:00,0,Data Import;ready,14.0
DemocracyClub/UK-Polling-Stations,1834,Import E07000047-West Devon,closed,chris48s,chris48s,2019-04-24T10:42:38+00:00,2019-04-24T13:44:19+00:00,2019-04-24T13:44:19+00:00,0,Data Import;ready,0.13
DemocracyClub/UK-Polling-Stations,1838,Import E09000025-Newham,closed,chris48s,chris48s,2019-04-24T15:14:43+00:00,2019-05-08T15:48:33+00:00,2019-05-08T15:48:33+00:00,0,Data Import;ready,14.02
DemocracyClub/UK-Polling-Stations,1839,Import E07000170-Ashfield,closed,chris48s,chris48s,2019-04-24T15:15:13+00:00,2019-05-08T10:38:59+00:00,2019-05-08T10:39:00+00:00,0,Data Import;ready,13.81
DemocracyClub/UK-Polling-Stations,1847,Import E06000050-Cheshire West and Chester,closed,chris48s,chris48s,2019-04-25T15:33:10+00:00,2019-05-21T09:25:50+00:00,2019-05-21T09:25:50+00:00,0,Data Import;ready,25.74
DemocracyClub/UK-Polling-Stations,1848,Import E07000047-West Devon,closed,chris48s,chris48s,2019-04-25T15:33:28+00:00,2019-05-16T08:55:38+00:00,2019-05-16T08:55:38+00:00,0,Data Import;ready,20.72
DemocracyClub/UK-Polling-Stations,1849,Import E07000171-Bassetlaw,closed,chris48s,chris48s,2019-04-25T15:33:58+00:00,2019-05-11T16:59:53+00:00,2019-05-11T16:59:53+00:00,0,Data Import;ready,16.06
DemocracyClub/UK-Polling-Stations,1855,Import E06000055-Bedford,closed,chris48s,chris48s,2019-04-27T19:46:40+00:00,2019-05-11T17:46:58+00:00,2019-05-11T17:46:59+00:00,0,Data Import;ready,13.92
DemocracyClub/UK-Polling-Stations,1856,"Import E06000058-Bournemouth, Christchurch & Poole",closed,chris48s,chris48s,2019-04-27T19:47:04+00:00,2019-05-14T15:56:04+00:00,2019-05-14T15:56:05+00:00,0,Data Import;ready,16.84
DemocracyClub/UK-Polling-Stations,1857,Import E07000112-Folkestone & Hythe,closed,chris48s,chris48s,2019-04-27T19:47:40+00:00,2019-05-11T17:46:59+00:00,2019-05-11T17:46:59+00:00,1,Data Import;ready,13.92
DemocracyClub/UK-Polling-Stations,1858,Import E07000178-Oxford,closed,chris48s,chris48s,2019-04-27T19:48:09+00:00,2019-05-21T16:36:27+00:00,2019-05-21T16:36:27+00:00,0,Data Import;ready,23.87
DemocracyClub/UK-Polling-Stations,1859,Import E06000047-Durham,closed,chris48s,chris48s,2019-04-27T19:49:16+00:00,2019-05-14T09:34:09+00:00,2019-05-14T09:34:09+00:00,3,Data Import;ready,16.57
DemocracyClub/UK-Polling-Stations,1860,Import E09000018-Hounslow,closed,chris48s,chris48s,2019-04-27T19:49:34+00:00,2019-05-11T17:46:58+00:00,2019-05-11T17:46:58+00:00,0,Data Import;ready,13.91
DemocracyClub/UK-Polling-Stations,1861,Import E08000035-Leeds,closed,chris48s,chris48s,2019-04-27T19:50:27+00:00,2019-05-08T16:00:16+00:00,2019-05-08T16:00:16+00:00,0,Data Import;ready,10.84
DemocracyClub/UK-Polling-Stations,1868,Be more tolerant of failed GML schema,closed,chris48s,GeoWill,2019-04-30T09:22:38+00:00,2025-10-01T10:47:25+00:00,2025-10-01T10:47:25+00:00,1,Data Import,2346.06
DemocracyClub/UK-Polling-Stations,1882,Import E06000003-Redcar and Cleveland,closed,chris48s,chris48s,2019-05-07T15:42:41+00:00,2019-05-09T16:42:58+00:00,2019-05-09T16:42:58+00:00,0,Data Import;ready,2.04
DemocracyClub/UK-Polling-Stations,1883,Import E06000005-Darlington,closed,chris48s,chris48s,2019-05-07T15:44:02+00:00,2019-05-08T16:00:16+00:00,2019-05-08T16:00:16+00:00,0,Data Import;ready,1.01
DemocracyClub/UK-Polling-Stations,1884,Import E06000036-Bracknell Forest,closed,chris48s,chris48s,2019-05-07T15:44:08+00:00,2019-05-11T17:46:59+00:00,2019-05-11T17:46:59+00:00,0,Data Import;ready,4.09
DemocracyClub/UK-Polling-Stations,1885,Import E06000042-Milton Keynes,closed,chris48s,chris48s,2019-05-07T15:45:46+00:00,2019-05-11T17:46:59+00:00,2019-05-11T17:46:59+00:00,0,Data Import;ready,4.08
DemocracyClub/UK-Polling-Stations,1886,Import E06000046-Isle of Wight,closed,chris48s,chris48s,2019-05-07T15:45:52+00:00,2019-05-11T17:46:59+00:00,2019-05-11T17:46:59+00:00,0,Data Import;ready,4.08
DemocracyClub/UK-Polling-Stations,1887,Import E06000051-Shropshire,closed,chris48s,chris48s,2019-05-07T15:46:00+00:00,2019-05-11T17:21:37+00:00,2019-05-11T17:21:37+00:00,0,Data Import;ready,4.07
DemocracyClub/UK-Polling-Stations,1888,Import E06000052-Cornwall,closed,chris48s,chris48s,2019-05-07T15:46:07+00:00,2019-05-18T21:50:45+00:00,2019-05-18T21:50:45+00:00,1,Data Import;ready,11.25
DemocracyClub/UK-Polling-Stations,1889,Import E06000054-Wiltshire,closed,chris48s,chris48s,2019-05-07T15:46:14+00:00,2019-05-09T16:42:58+00:00,2019-05-09T16:42:58+00:00,0,Data Import;ready,2.04
DemocracyClub/UK-Polling-Stations,1890,Import E06000059-Dorset,closed,chris48s,chris48s,2019-05-07T15:46:20+00:00,2019-05-08T16:00:17+00:00,2019-05-08T16:00:17+00:00,0,Data Import;ready,1.01
DemocracyClub/UK-Polling-Stations,1891,Import E07000004-Aylesbury Vale,closed,chris48s,chris48s,2019-05-07T15:46:27+00:00,2019-05-09T16:42:57+00:00,2019-05-09T16:42:57+00:00,0,Data Import;ready,2.04
DemocracyClub/UK-Polling-Stations,1892,Import E07000007-Wycombe,closed,chris48s,chris48s,2019-05-07T15:46:34+00:00,2019-05-11T17:46:59+00:00,2019-05-11T17:46:59+00:00,0,Data Import;ready,4.08
DemocracyClub/UK-Polling-Stations,1893,Import E07000011-Huntingdonshire,closed,chris48s,chris48s,2019-05-07T15:46:40+00:00,2019-05-11T17:47:00+00:00,2019-05-11T17:47:00+00:00,0,Data Import;ready,4.08
DemocracyClub/UK-Polling-Stations,1894,Import E07000042-Mid Devon,closed,chris48s,chris48s,2019-05-07T15:46:46+00:00,2019-05-09T16:42:58+00:00,2019-05-09T16:42:58+00:00,0,Data Import;ready,2.04
DemocracyClub/UK-Polling-Stations,1895,Import E07000045-Teignbridge,closed,chris48s,chris48s,2019-05-07T15:46:53+00:00,2019-05-08T16:00:17+00:00,2019-05-08T16:00:17+00:00,0,Data Import;ready,1.01
DemocracyClub/UK-Polling-Stations,1896,Import E07000087-Fareham,closed,chris48s,chris48s,2019-05-07T15:46:59+00:00,2019-05-11T17:47:00+00:00,2019-05-11T17:47:00+00:00,0,Data Import;ready,4.08
DemocracyClub/UK-Polling-Stations,1897,Import E07000088-Gosport,closed,chris48s,chris48s,2019-05-07T15:47:05+00:00,2019-05-08T16:00:17+00:00,2019-05-08T16:00:17+00:00,0,Data Import;ready,1.01
DemocracyClub/UK-Polling-Stations,1898,Import E07000090-Havant,closed,chris48s,chris48s,2019-05-07T15:47:12+00:00,2019-05-08T16:00:17+00:00,2019-05-08T16:00:17+00:00,0,Data Import;ready,1.01
DemocracyClub/UK-Polling-Stations,1899,Import E07000093-Test Valley,closed,chris48s,chris48s,2019-05-07T15:47:18+00:00,2019-05-08T16:00:17+00:00,2019-05-08T16:00:17+00:00,0,Data Import;ready,1.01
DemocracyClub/UK-Polling-Stations,1900,Import E07000105-Ashford,closed,chris48s,chris48s,2019-05-07T15:47:25+00:00,2019-05-09T16:42:57+00:00,2019-05-09T16:42:57+00:00,0,Data Import;ready,2.04
DemocracyClub/UK-Polling-Stations,1901,Import E07000127-West Lancashire,closed,chris48s,chris48s,2019-05-07T15:47:31+00:00,2019-05-09T16:42:58+00:00,2019-05-09T16:42:58+00:00,0,Data Import;ready,2.04
DemocracyClub/UK-Polling-Stations,1902,Import E07000141-South Kesteven,closed,chris48s,chris48s,2019-05-07T15:47:37+00:00,2019-05-11T17:12:44+00:00,2019-05-11T17:12:44+00:00,0,Data Import;ready,4.06
DemocracyClub/UK-Polling-Stations,1903,Import E07000150-Corby,closed,chris48s,chris48s,2019-05-07T15:47:43+00:00,2019-05-11T17:47:00+00:00,2019-05-11T17:47:00+00:00,0,Data Import;ready,4.08
DemocracyClub/UK-Polling-Stations,1904,Import E07000151-Daventry,closed,chris48s,chris48s,2019-05-07T15:47:50+00:00,2019-05-14T09:35:45+00:00,2019-05-14T09:35:45+00:00,0,Data Import;ready,6.74
DemocracyClub/UK-Polling-Stations,1905,Import E07000152-East Northamptonshire,closed,chris48s,chris48s,2019-05-07T15:47:56+00:00,2019-05-17T14:12:42+00:00,2019-05-17T14:12:42+00:00,0,Data Import;ready,9.93
DemocracyClub/UK-Polling-Stations,1906,Import E07000156-Wellingborough,closed,chris48s,chris48s,2019-05-07T15:48:04+00:00,2019-05-14T09:45:59+00:00,2019-05-14T09:45:59+00:00,0,Data Import;ready,6.75
DemocracyClub/UK-Polling-Stations,1907,Import E07000181-West Oxfordshire,closed,chris48s,chris48s,2019-05-07T15:48:11+00:00,2019-05-09T16:42:58+00:00,2019-05-09T16:42:58+00:00,0,Data Import;ready,2.04
DemocracyClub/UK-Polling-Stations,1908,Import E07000210-Mole Valley,closed,chris48s,chris48s,2019-05-07T15:48:17+00:00,2019-05-14T09:45:59+00:00,2019-05-14T09:45:59+00:00,0,Data Import;ready,6.75
DemocracyClub/UK-Polling-Stations,1909,Import E07000214-Surrey Heath,closed,chris48s,chris48s,2019-05-07T15:48:23+00:00,2019-05-14T09:45:59+00:00,2019-05-14T09:45:59+00:00,0,Data Import;ready,6.75
DemocracyClub/UK-Polling-Stations,1910,Import E07000235-Malvern Hills,closed,chris48s,chris48s,2019-05-07T15:48:30+00:00,2019-05-11T17:12:44+00:00,2019-05-11T17:12:44+00:00,0,Data Import;ready,4.06
DemocracyClub/UK-Polling-Stations,1911,Import E07000238-Wychavon,closed,chris48s,chris48s,2019-05-07T15:48:36+00:00,2019-05-08T16:00:17+00:00,2019-05-08T16:00:18+00:00,0,Data Import;ready,1.01
DemocracyClub/UK-Polling-Stations,1912,Import E08000012-Liverpool,closed,chris48s,chris48s,2019-05-07T15:48:42+00:00,2019-05-14T09:45:59+00:00,2019-05-14T09:45:59+00:00,0,Data Import;ready,6.75
DemocracyClub/UK-Polling-Stations,1913,Import E08000026-Coventry,closed,chris48s,chris48s,2019-05-07T15:48:49+00:00,2019-05-14T15:56:17+00:00,2019-05-14T15:56:17+00:00,0,Data Import;ready,7.01
DemocracyClub/UK-Polling-Stations,1914,Import E09000006-Bromley,closed,chris48s,chris48s,2019-05-07T15:48:56+00:00,2019-05-17T12:11:24+00:00,2019-05-17T12:11:24+00:00,0,Data Import;ready,9.85
DemocracyClub/UK-Polling-Stations,1915,Import E09000009-Ealing,closed,chris48s,chris48s,2019-05-07T15:49:03+00:00,2019-05-17T12:11:24+00:00,2019-05-17T12:11:24+00:00,0,Data Import;ready,9.85
DemocracyClub/UK-Polling-Stations,1916,Import E09000015-Harrow,closed,chris48s,chris48s,2019-05-07T15:49:10+00:00,2019-05-17T12:11:25+00:00,2019-05-17T12:11:25+00:00,0,Data Import;ready,9.85
DemocracyClub/UK-Polling-Stations,1917,Import E09000016-Havering,closed,chris48s,chris48s,2019-05-07T15:49:19+00:00,2019-05-17T12:11:25+00:00,2019-05-17T12:11:25+00:00,0,Data Import;ready,9.85
DemocracyClub/UK-Polling-Stations,1918,Import E09000020-Kensington and Chelsea,closed,chris48s,chris48s,2019-05-07T15:49:26+00:00,2019-05-09T16:42:57+00:00,2019-05-09T16:42:57+00:00,0,Data Import;ready,2.04
DemocracyClub/UK-Polling-Stations,1919,Import E09000023-Lewisham,closed,chris48s,chris48s,2019-05-07T15:49:33+00:00,2019-05-09T16:42:58+00:00,2019-05-09T16:42:58+00:00,0,Data Import;ready,2.04
DemocracyClub/UK-Polling-Stations,1920,Import W06000003-Conwy,closed,chris48s,chris48s,2019-05-07T15:49:40+00:00,2019-05-17T12:11:24+00:00,2019-05-17T12:11:24+00:00,0,Data Import;ready,9.85
DemocracyClub/UK-Polling-Stations,1921,Import E07000081-Gloucester,closed,chris48s,chris48s,2019-05-07T15:51:18+00:00,2019-05-15T17:13:50+00:00,2019-05-15T17:13:50+00:00,0,Data Import;ready,8.06
DemocracyClub/UK-Polling-Stations,1922,Import E07000165-Harrogate,closed,chris48s,chris48s,2019-05-07T15:51:46+00:00,2019-05-11T17:12:44+00:00,2019-05-11T17:12:44+00:00,0,Data Import;ready,4.06
DemocracyClub/UK-Polling-Stations,1923,Import E09000002-Barking and Dagenham,closed,chris48s,chris48s,2019-05-07T15:52:03+00:00,2019-05-11T17:12:44+00:00,2019-05-11T17:12:44+00:00,0,Data Import;ready,4.06
DemocracyClub/UK-Polling-Stations,1924,Import W06000004-Denbighshire,closed,chris48s,chris48s,2019-05-07T15:52:25+00:00,2019-05-14T15:56:17+00:00,2019-05-14T15:56:17+00:00,0,Data Import,7.0
DemocracyClub/UK-Polling-Stations,1925,Import E06000007-Warrington,closed,chris48s,chris48s,2019-05-07T15:53:15+00:00,2019-05-17T14:25:09+00:00,2019-05-17T14:25:09+00:00,0,Data Import;ready,9.94
DemocracyClub/UK-Polling-Stations,1926,Import E07000026-Allerdale,closed,chris48s,chris48s,2019-05-07T15:53:38+00:00,2019-05-21T09:28:47+00:00,2019-05-21T09:28:47+00:00,0,Data Import;ready,13.73
DemocracyClub/UK-Polling-Stations,1927,Import E09000003-Barnet,closed,chris48s,chris48s,2019-05-07T15:53:44+00:00,2019-05-21T09:28:47+00:00,2019-05-21T09:28:47+00:00,0,Data Import;ready,13.73
DemocracyClub/UK-Polling-Stations,1928,Import E09000005-Brent,closed,chris48s,chris48s,2019-05-07T15:53:50+00:00,2019-05-08T16:00:18+00:00,2019-05-08T16:00:18+00:00,0,Data Import;ready,1.0
DemocracyClub/UK-Polling-Stations,1929,Import E09000021-Kingston Upon Thames,closed,chris48s,chris48s,2019-05-07T15:53:56+00:00,2019-05-21T09:28:48+00:00,2019-05-21T09:28:48+00:00,0,Data Import;ready,13.73
DemocracyClub/UK-Polling-Stations,1930,Import E09000029-Sutton,closed,chris48s,chris48s,2019-05-07T15:54:03+00:00,2019-05-11T17:12:45+00:00,2019-05-11T17:12:45+00:00,0,Data Import;ready,4.05
DemocracyClub/UK-Polling-Stations,1931,Import E07000008-Cambridge,closed,chris48s,chris48s,2019-05-07T15:54:57+00:00,2019-05-09T16:42:57+00:00,2019-05-09T16:42:57+00:00,0,Data Import;ready,2.03
DemocracyClub/UK-Polling-Stations,1932,Import E07000113-Swale,closed,chris48s,chris48s,2019-05-07T15:55:22+00:00,2019-05-14T15:56:17+00:00,2019-05-14T15:56:17+00:00,0,Data Import;ready,7.0
DemocracyClub/UK-Polling-Stations,1933,Import E07000126-South Ribble,closed,chris48s,chris48s,2019-05-07T15:55:28+00:00,2019-05-11T17:12:44+00:00,2019-05-11T17:12:44+00:00,0,Data Import;ready,4.05
DemocracyClub/UK-Polling-Stations,1934,Import E08000019-Sheffield,closed,chris48s,chris48s,2019-05-07T15:55:34+00:00,2019-05-11T17:12:44+00:00,2019-05-11T17:12:44+00:00,0,Data Import;ready,4.05
DemocracyClub/UK-Polling-Stations,1935,Import E08000025-Birmingham,closed,chris48s,chris48s,2019-05-07T15:55:40+00:00,2019-05-14T15:56:16+00:00,2019-05-14T15:56:16+00:00,0,Data Import;ready,7.0
DemocracyClub/UK-Polling-Stations,1936,Import E09000001-City of London,closed,chris48s,chris48s,2019-05-07T15:55:48+00:00,2019-05-21T09:28:48+00:00,2019-05-21T09:28:48+00:00,0,Data Import;ready,13.73
DemocracyClub/UK-Polling-Stations,1937,Import E09000011-Greenwich,closed,chris48s,chris48s,2019-05-07T15:55:55+00:00,2019-05-17T12:11:25+00:00,2019-05-17T12:11:25+00:00,0,Data Import;ready,9.84
DemocracyClub/UK-Polling-Stations,1938,Import E09000013-Hammersmith and Fulham,closed,chris48s,chris48s,2019-05-07T15:56:02+00:00,2019-05-17T14:05:06+00:00,2019-05-17T14:05:06+00:00,0,Data Import;ready,9.92
DemocracyClub/UK-Polling-Stations,1939,Import E09000033-Westminster,closed,chris48s,chris48s,2019-05-07T15:56:09+00:00,2019-05-21T16:40:05+00:00,2019-05-21T16:40:05+00:00,0,Data Import;ready,14.03
DemocracyClub/UK-Polling-Stations,1940,Import E09000017-Hillingdon,closed,chris48s,chris48s,2019-05-07T15:57:28+00:00,2019-05-14T15:56:17+00:00,2019-05-14T15:56:17+00:00,0,Data Import;ready,7.0
DemocracyClub/UK-Polling-Stations,1941,Import W06000020-Torfaen,closed,chris48s,chris48s,2019-05-07T15:57:47+00:00,2019-05-21T16:45:14+00:00,2019-05-21T16:45:14+00:00,0,Data Import;ready,14.03
DemocracyClub/UK-Polling-Stations,1943,Import E08000003-Manchester,closed,chris48s,chris48s,2019-05-08T09:39:41+00:00,2019-05-13T15:42:42+00:00,2019-05-13T15:42:42+00:00,0,Data Import;ready,5.25
DemocracyClub/UK-Polling-Stations,1947,Import E07000084-Basingstoke and Deane,closed,chris48s,chris48s,2019-05-08T16:32:37+00:00,2019-05-15T17:13:50+00:00,2019-05-15T17:13:50+00:00,0,Data Import;ready,7.03
DemocracyClub/UK-Polling-Stations,1948,Import E07000065-Wealden,closed,chris48s,chris48s,2019-05-08T16:32:54+00:00,2019-05-15T17:13:52+00:00,2019-05-15T17:13:52+00:00,0,Data Import;ready,7.03
DemocracyClub/UK-Polling-Stations,1949,Import E07000076-Tendring,closed,chris48s,chris48s,2019-05-08T16:33:12+00:00,2019-05-15T17:13:51+00:00,2019-05-15T17:13:51+00:00,0,Data Import;ready,7.03
DemocracyClub/UK-Polling-Stations,1950,Import E07000032-Amber Valley,closed,chris48s,chris48s,2019-05-08T16:34:01+00:00,2019-05-21T16:45:12+00:00,2019-05-21T16:45:12+00:00,0,Data Import;On hold ⛔,13.01
DemocracyClub/UK-Polling-Stations,1951,Import W06000011-Swansea,closed,chris48s,chris48s,2019-05-08T16:34:19+00:00,2019-05-20T19:23:44+00:00,2019-05-20T19:23:44+00:00,0,Data Import;ready,12.12
DemocracyClub/UK-Polling-Stations,1952,Import E07000043-North Devon,closed,chris48s,chris48s,2019-05-08T16:34:38+00:00,2019-05-17T14:05:06+00:00,2019-05-17T14:05:06+00:00,0,Data Import;ready,8.9
DemocracyClub/UK-Polling-Stations,1953,Import E07000149-South Norfolk,closed,chris48s,chris48s,2019-05-08T16:34:59+00:00,2019-05-13T15:42:42+00:00,2019-05-13T15:42:42+00:00,0,Data Import;ready,4.96
DemocracyClub/UK-Polling-Stations,1954,Import E06000053-Isles of Scilly,closed,chris48s,chris48s,2019-05-08T16:35:14+00:00,2019-05-21T16:45:16+00:00,2019-05-21T16:45:16+00:00,0,Data Import,13.01
DemocracyClub/UK-Polling-Stations,1955,Import W06000010-Carmarthenshire,closed,chris48s,chris48s,2019-05-08T16:35:32+00:00,2019-05-21T16:45:18+00:00,2019-05-21T16:45:18+00:00,0,Data Import,13.01
DemocracyClub/UK-Polling-Stations,1961,Import E06000056-Central Bedfordshire,closed,chris48s,chris48s,2019-05-09T16:37:19+00:00,2019-05-15T17:13:50+00:00,2019-05-15T17:13:50+00:00,0,Data Import;ready,6.03
DemocracyClub/UK-Polling-Stations,1962,Import E07000211-Reigate and Banstead,closed,chris48s,chris48s,2019-05-09T16:37:36+00:00,2019-05-21T16:37:05+00:00,2019-05-21T16:37:05+00:00,0,Data Import;ready,12.0
DemocracyClub/UK-Polling-Stations,1963,Import E07000163-Craven,closed,chris48s,chris48s,2019-05-09T16:37:51+00:00,2019-05-17T14:05:06+00:00,2019-05-17T14:05:06+00:00,0,Data Import;ready,7.89
DemocracyClub/UK-Polling-Stations,1964,Import E08000033-Calderdale,closed,chris48s,chris48s,2019-05-09T16:38:13+00:00,2019-05-11T17:12:44+00:00,2019-05-11T17:12:44+00:00,0,Data Import;ready;open data,2.02
DemocracyClub/UK-Polling-Stations,1965,Import E08000021-Newcastle,closed,chris48s,chris48s,2019-05-09T16:38:34+00:00,2019-05-13T15:42:42+00:00,2019-05-13T15:42:42+00:00,0,Data Import;ready,3.96
DemocracyClub/UK-Polling-Stations,1966,Import E07000144-Broadland,closed,chris48s,chris48s,2019-05-09T16:39:07+00:00,2019-05-13T15:42:41+00:00,2019-05-13T15:42:41+00:00,0,Data Import;ready,3.96
DemocracyClub/UK-Polling-Stations,1967,Import E06000023-Bristol,closed,chris48s,chris48s,2019-05-09T16:39:27+00:00,2019-05-11T17:12:44+00:00,2019-05-11T17:12:44+00:00,0,Data Import;ready;open data,2.02
DemocracyClub/UK-Polling-Stations,1974,Import E06000030-Swindon,closed,chris48s,chris48s,2019-05-11T18:51:01+00:00,2019-05-13T15:42:42+00:00,2019-05-13T15:42:42+00:00,0,Data Import;ready,1.87
DemocracyClub/UK-Polling-Stations,1975,Import E06000037-West Berkshire,closed,chris48s,chris48s,2019-05-11T18:51:23+00:00,2019-05-13T15:42:42+00:00,2019-05-13T15:42:42+00:00,0,Data Import;ready,1.87
DemocracyClub/UK-Polling-Stations,1976,Import E07000075-Rochford,closed,chris48s,chris48s,2019-05-11T18:51:50+00:00,2019-05-13T15:42:42+00:00,2019-05-13T15:42:42+00:00,0,Data Import;ready,1.87
DemocracyClub/UK-Polling-Stations,1977,Import E07000188-Sedgemoor,closed,chris48s,chris48s,2019-05-11T18:52:12+00:00,2019-05-14T15:56:17+00:00,2019-05-14T15:56:17+00:00,0,Data Import;ready,2.88
DemocracyClub/UK-Polling-Stations,1978,Import E06000021-Stoke on Trent,closed,chris48s,chris48s,2019-05-11T18:52:42+00:00,2019-05-14T12:19:54+00:00,2019-05-14T12:19:54+00:00,1,Data Import;On hold ⛔,2.73
DemocracyClub/UK-Polling-Stations,1979,Import E06000022-Bath & North East Somerset,closed,chris48s,chris48s,2019-05-11T18:53:14+00:00,2019-05-20T08:28:12+00:00,2019-05-20T08:28:12+00:00,0,Data Import;ready,8.57
DemocracyClub/UK-Polling-Stations,1980,Import E07000143-Breckland,closed,chris48s,chris48s,2019-05-11T18:53:32+00:00,2019-05-20T08:28:12+00:00,2019-05-20T08:28:12+00:00,0,Data Import;ready,8.57
DemocracyClub/UK-Polling-Stations,1981,Import E07000173-Gedling,closed,chris48s,chris48s,2019-05-11T18:53:47+00:00,2019-05-21T09:28:48+00:00,2019-05-21T09:28:48+00:00,0,Data Import;ready,9.61
DemocracyClub/UK-Polling-Stations,1982,Import E07000176-Rushcliffe,closed,chris48s,chris48s,2019-05-11T18:53:59+00:00,2019-05-21T16:39:54+00:00,2019-05-21T16:39:54+00:00,0,Data Import;ready,9.91
DemocracyClub/UK-Polling-Stations,1983,Import E07000212-Runnymede,closed,chris48s,chris48s,2019-05-11T18:54:15+00:00,2019-05-21T16:39:54+00:00,2019-05-21T16:39:54+00:00,0,Data Import;ready,9.91
DemocracyClub/UK-Polling-Stations,1984,Import E07000228-Mid Sussex,closed,chris48s,chris48s,2019-05-11T18:54:26+00:00,2019-05-21T16:39:54+00:00,2019-05-21T16:39:54+00:00,0,Data Import;ready,9.91
DemocracyClub/UK-Polling-Stations,1985,Import E07000167-Ryedale,closed,chris48s,chris48s,2019-05-11T18:54:41+00:00,2019-05-20T08:28:12+00:00,2019-05-20T08:28:12+00:00,0,Data Import;ready,8.56
DemocracyClub/UK-Polling-Stations,1986,Import E09000019-Islington,closed,chris48s,chris48s,2019-05-11T18:54:56+00:00,2019-05-21T16:39:54+00:00,2019-05-21T16:39:54+00:00,0,Data Import;ready,9.91
DemocracyClub/UK-Polling-Stations,1987,Update E07000045-Teignbridge,closed,chris48s,chris48s,2019-05-11T18:56:03+00:00,2019-05-15T17:13:51+00:00,2019-05-15T17:13:51+00:00,0,Data Import;ready,3.93
DemocracyClub/UK-Polling-Stations,1998,Import E07000099-North Hertfordshire,closed,chris48s,chris48s,2019-05-15T09:34:22+00:00,2019-05-21T16:39:54+00:00,2019-05-21T16:39:54+00:00,0,Data Import;ready,6.3
DemocracyClub/UK-Polling-Stations,1999,Import E07000118-Chorley,closed,chris48s,chris48s,2019-05-15T09:34:33+00:00,2019-05-20T19:23:44+00:00,2019-05-20T19:23:44+00:00,0,Data Import;ready,5.41
DemocracyClub/UK-Polling-Stations,2000,Import E07000246-Somerset West & Taunton,closed,chris48s,chris48s,2019-05-15T09:34:49+00:00,2019-05-21T16:43:47+00:00,2019-05-21T16:43:47+00:00,0,Data Import;ready,6.3
DemocracyClub/UK-Polling-Stations,2001,Import E07000109-Gravesham,closed,chris48s,chris48s,2019-05-15T09:35:10+00:00,2019-05-15T17:13:51+00:00,2019-05-15T17:13:51+00:00,0,Data Import;ready,0.32
DemocracyClub/UK-Polling-Stations,2002,Import E08000029-Solihull,closed,chris48s,chris48s,2019-05-15T09:36:37+00:00,2019-05-15T17:13:51+00:00,2019-05-15T17:13:51+00:00,0,Data Import;ready,0.32
DemocracyClub/UK-Polling-Stations,2003,Import E07000179-South Oxfordshire,closed,chris48s,chris48s,2019-05-15T09:37:35+00:00,2019-05-15T17:13:51+00:00,2019-05-15T17:13:51+00:00,0,Data Import;ready,0.32
DemocracyClub/UK-Polling-Stations,2004,Import E07000180-Vale of White Horse,closed,chris48s,chris48s,2019-05-15T09:37:53+00:00,2019-05-15T17:13:51+00:00,2019-05-15T17:13:51+00:00,0,Data Import;ready,0.32
DemocracyClub/UK-Polling-Stations,2009,Import E06000025-South Gloucestershire,closed,chris48s,chris48s,2019-05-15T17:18:20+00:00,2019-05-20T19:23:44+00:00,2019-05-20T19:23:44+00:00,0,Data Import;ready,5.09
DemocracyClub/UK-Polling-Stations,2022,alternate SpatialHub base class,closed,chris48s,pmk01,2019-05-18T19:18:59+00:00,2024-01-17T16:34:14+00:00,2024-01-17T16:34:14+00:00,0,Data Import,1704.89
DemocracyClub/UK-Polling-Stations,2034,Import E06000043-Brighton and Hove,closed,GeoWill,chris48s,2019-05-21T14:54:10+00:00,2019-05-21T16:44:29+00:00,2019-05-21T16:44:29+00:00,0,,0.08
DemocracyClub/UK-Polling-Stations,2050,Improve 'status' values for user error reports,closed,chris48s,pmk01,2019-05-23T14:09:35+00:00,2024-01-17T16:33:53+00:00,2024-01-17T16:33:53+00:00,0,,1700.1
DemocracyClub/UK-Polling-Stations,2051,Time-specific content for polling day,closed,chris48s,pmk01,2019-05-23T19:44:12+00:00,2024-01-17T16:33:26+00:00,2024-01-17T16:33:26+00:00,0,,1699.87
DemocracyClub/UK-Polling-Stations,2078,Generate import script based on input file,closed,chris48s,GeoWill,2019-08-20T16:03:39+00:00,2025-10-01T10:47:41+00:00,2025-10-01T10:47:41+00:00,0,Data Import,2233.78
DemocracyClub/UK-Polling-Stations,2080,Convert getters to properties in EE wrapper,open,chris48s,,2019-08-21T11:43:59+00:00,,2019-10-24T15:32:54+00:00,0,refactoring,
DemocracyClub/UK-Polling-Stations,2109,remove registration deadline,closed,chris48s,chris48s,2019-10-31T11:23:08+00:00,2019-11-27T10:30:02+00:00,2019-11-27T10:30:02+00:00,4,,26.96
DemocracyClub/UK-Polling-Stations,2114,Import E07000210-Mole Valley District Council,closed,chris48s,chris48s,2019-11-04T11:59:26+00:00,2019-11-07T15:39:32+00:00,2019-11-07T15:39:32+00:00,0,Data Import;ready,3.15
DemocracyClub/UK-Polling-Stations,2115,Import E07000203-Mid Suffolk District Council,closed,chris48s,chris48s,2019-11-04T11:59:36+00:00,2019-11-07T11:00:53+00:00,2019-11-07T11:00:53+00:00,0,Data Import;ready,2.96
DemocracyClub/UK-Polling-Stations,2116,Import E07000200-Babergh District Council,closed,chris48s,chris48s,2019-11-04T11:59:45+00:00,2019-11-07T11:01:00+00:00,2019-11-07T11:01:01+00:00,0,Data Import;ready,2.96
DemocracyClub/UK-Polling-Stations,2117,Import E07000111-Sevenoaks District Council,closed,chris48s,chris48s,2019-11-04T12:00:00+00:00,2019-11-06T17:02:43+00:00,2019-11-06T17:02:43+00:00,0,Data Import;ready;open data,2.21
DemocracyClub/UK-Polling-Stations,2118,Import E06000002-Middlesbrough Borough Council,closed,chris48s,chris48s,2019-11-04T12:00:10+00:00,2019-11-06T17:02:43+00:00,2019-11-06T17:02:44+00:00,0,Data Import;ready,2.21
DemocracyClub/UK-Polling-Stations,2119,Import E07000105-Ashford Borough Council,closed,chris48s,chris48s,2019-11-04T14:09:29+00:00,2019-11-06T17:02:44+00:00,2019-11-06T17:02:44+00:00,1,Data Import;ready,2.12
DemocracyClub/UK-Polling-Stations,2120,Import E07000112-Folkestone & Hythe District Council,closed,chris48s,chris48s,2019-11-04T14:09:44+00:00,2019-11-06T17:02:44+00:00,2019-11-06T17:02:44+00:00,1,Data Import;ready,2.12
DemocracyClub/UK-Polling-Stations,2121,Import E09000021-Royal Borough of Kingston Upon Thames,closed,chris48s,chris48s,2019-11-04T14:19:35+00:00,2019-11-06T17:02:45+00:00,2019-11-06T17:02:45+00:00,1,Data Import;ready,2.11
DemocracyClub/UK-Polling-Stations,2122,Import E07000165-Harrogate Borough Council,closed,chris48s,chris48s,2019-11-04T15:38:56+00:00,2019-11-06T17:02:45+00:00,2019-11-06T17:02:45+00:00,0,Data Import;ready,2.06
DemocracyClub/UK-Polling-Stations,2123,Import E07000143-Breckland Council,closed,chris48s,chris48s,2019-11-04T15:39:16+00:00,2019-11-06T17:02:46+00:00,2019-11-06T17:02:46+00:00,0,Data Import;ready,2.06
DemocracyClub/UK-Polling-Stations,2124,Import E08000013-St Helens Metropolitan Borough Council,closed,chris48s,chris48s,2019-11-04T16:19:03+00:00,2019-11-13T17:25:27+00:00,2019-11-13T17:25:27+00:00,0,Data Import;ready,9.05
DemocracyClub/UK-Polling-Stations,2126,Import E07000113-Swale Borough Council,closed,chris48s,chris48s,2019-11-05T10:58:57+00:00,2019-11-07T15:41:43+00:00,2019-11-07T15:41:43+00:00,0,Data Import;ready,2.2
DemocracyClub/UK-Polling-Stations,2127,Import E07000121-Lancaster City Council,closed,chris48s,chris48s,2019-11-05T10:59:13+00:00,2019-11-06T17:02:46+00:00,2019-11-06T17:02:46+00:00,0,Data Import;ready;open data,1.25
DemocracyClub/UK-Polling-Stations,2128,Import E07000164-Hambleton District Council,closed,chris48s,chris48s,2019-11-05T10:59:29+00:00,2019-11-07T15:41:10+00:00,2019-11-07T15:41:10+00:00,1,Data Import,2.2
DemocracyClub/UK-Polling-Stations,2129,Import E07000171-Bassetlaw District Council,closed,chris48s,chris48s,2019-11-05T10:59:42+00:00,2019-11-08T15:53:14+00:00,2019-11-08T15:53:15+00:00,0,Data Import;ready,3.2
DemocracyClub/UK-Polling-Stations,2130,Import E07000193-East Staffordshire Borough Council,closed,chris48s,chris48s,2019-11-05T10:59:55+00:00,2019-11-09T16:57:57+00:00,2019-11-09T16:57:57+00:00,0,Data Import;ready,4.25
DemocracyClub/UK-Polling-Stations,2131,Import E07000212-Runnymede Borough Council,closed,chris48s,chris48s,2019-11-05T11:00:16+00:00,2019-11-08T12:18:53+00:00,2019-11-08T12:18:53+00:00,0,Data Import;ready,3.05
DemocracyClub/UK-Polling-Stations,2132,Import E07000238-Wychavon District Council,closed,chris48s,chris48s,2019-11-05T11:00:30+00:00,2019-11-08T15:53:40+00:00,2019-11-08T15:53:40+00:00,0,Data Import;ready,3.2
DemocracyClub/UK-Polling-Stations,2133,Import W06000004-Denbighshire County Borough Council,closed,chris48s,chris48s,2019-11-05T11:00:44+00:00,2019-11-08T16:33:22+00:00,2019-11-08T16:33:22+00:00,0,Data Import;ready,3.23
DemocracyClub/UK-Polling-Stations,2134,Import E07000208-Epsom and Ewell Borough Council,closed,chris48s,chris48s,2019-11-05T14:34:12+00:00,2019-11-06T17:02:46+00:00,2019-11-06T17:02:47+00:00,0,Data Import;ready;open data,1.1
DemocracyClub/UK-Polling-Stations,2135,Import S12000042-Dundee City Council,closed,chris48s,chris48s,2019-11-05T14:34:33+00:00,2019-11-06T17:02:47+00:00,2019-11-06T17:02:47+00:00,0,Data Import;ready;open data,1.1
DemocracyClub/UK-Polling-Stations,2136,Import E07000066-Basildon Borough Council,closed,chris48s,chris48s,2019-11-05T14:57:03+00:00,2019-11-08T15:54:35+00:00,2019-11-08T15:54:36+00:00,0,Data Import;ready,3.04
DemocracyClub/UK-Polling-Stations,2137,Import E07000120-Hyndburn Borough Council,closed,chris48s,chris48s,2019-11-05T14:57:16+00:00,2019-11-08T12:19:13+00:00,2019-11-08T12:19:13+00:00,0,Data Import;ready,2.89
DemocracyClub/UK-Polling-Stations,2138,Import E07000135-Oadby & Wigston District Council,closed,chris48s,chris48s,2019-11-05T14:57:30+00:00,2019-11-08T15:55:14+00:00,2019-11-08T15:55:15+00:00,0,Data Import;ready,3.04
DemocracyClub/UK-Polling-Stations,2139,Import E07000146-King's Lynn & West Norfolk,closed,chris48s,chris48s,2019-11-05T14:57:44+00:00,2019-11-17T13:45:52+00:00,2019-11-17T13:45:52+00:00,0,Data Import;ready,11.95
DemocracyClub/UK-Polling-Stations,2140,Import E07000214-Surrey Heath Borough Council,closed,chris48s,GeoWill,2019-11-05T14:57:56+00:00,2019-11-20T11:14:58+00:00,2019-11-20T11:14:58+00:00,1,Data Import;ready,14.85
DemocracyClub/UK-Polling-Stations,2141,Import S12000011-East Renfrewshire Council,closed,chris48s,chris48s,2019-11-05T16:49:14+00:00,2019-12-06T13:58:50+00:00,2019-12-06T13:58:50+00:00,1,Data Import;open data,30.88
DemocracyClub/UK-Polling-Stations,2142,Import E06000056-Central Bedfordshire Council,closed,chris48s,chris48s,2019-11-05T17:05:19+00:00,2019-11-13T16:52:47+00:00,2019-11-13T16:52:47+00:00,0,Data Import;ready,7.99
DemocracyClub/UK-Polling-Stations,2143,Import W06000011-Swansea County Council,closed,chris48s,chris48s,2019-11-05T17:05:50+00:00,2019-11-10T19:15:06+00:00,2019-11-10T19:15:06+00:00,0,Data Import;ready,5.09
DemocracyClub/UK-Polling-Stations,2144,Import E06000003-Redcar and Cleveland Borough Council,closed,chris48s,GeoWill,2019-11-05T17:06:34+00:00,2019-11-15T11:29:15+00:00,2019-11-15T11:29:16+00:00,0,Data Import;ready,9.77
DemocracyClub/UK-Polling-Stations,2145,Import E06000016-Leicester City Council,closed,chris48s,chris48s,2019-11-05T17:06:46+00:00,2019-11-09T16:58:27+00:00,2019-11-09T16:58:27+00:00,0,Data Import;ready,3.99
DemocracyClub/UK-Polling-Stations,2146,Import E06000021-Stoke on Trent City Council,closed,chris48s,chris48s,2019-11-05T17:06:59+00:00,2019-11-11T16:42:29+00:00,2019-11-11T16:42:29+00:00,0,Data Import;ready;On hold ⛔,5.98
DemocracyClub/UK-Polling-Stations,2147,Import E06000031-Peterborough City Council,closed,chris48s,GeoWill,2019-11-05T17:07:15+00:00,2019-11-14T09:48:49+00:00,2019-11-14T09:48:50+00:00,0,Data Import;ready,8.7
DemocracyClub/UK-Polling-Stations,2148,Import E07000034-Chesterfield Borough Council,closed,chris48s,chris48s,2019-11-05T17:07:35+00:00,2019-11-10T19:15:04+00:00,2019-11-10T19:15:05+00:00,0,Data Import;ready,5.09
DemocracyClub/UK-Polling-Stations,2149,Import E07000043-North Devon Council,closed,chris48s,chris48s,2019-11-05T17:07:49+00:00,2019-11-10T19:15:05+00:00,2019-11-10T19:15:06+00:00,0,Data Import;ready,5.09
DemocracyClub/UK-Polling-Stations,2150,Import E07000085-East Hampshire District Council,closed,chris48s,chris48s,2019-11-05T17:08:03+00:00,2019-11-10T19:15:05+00:00,2019-11-10T19:15:05+00:00,0,Data Import;ready,5.09
DemocracyClub/UK-Polling-Stations,2151,Import E07000117-Burnley Borough Council,closed,chris48s,chris48s,2019-11-05T17:09:47+00:00,2019-11-11T16:43:04+00:00,2019-11-11T16:43:05+00:00,0,Data Import;ready,5.98
DemocracyClub/UK-Polling-Stations,2152,Import E07000142-West Lindsey District Council,closed,chris48s,chris48s,2019-11-05T17:10:05+00:00,2019-11-11T16:43:05+00:00,2019-11-11T16:43:06+00:00,0,Data Import;ready,5.98
DemocracyClub/UK-Polling-Stations,2153,Import E07000151-Daventry District Council,closed,chris48s,chris48s,2019-11-05T17:10:22+00:00,2019-11-11T16:43:05+00:00,2019-11-11T16:43:05+00:00,0,Data Import;ready,5.98
DemocracyClub/UK-Polling-Stations,2154,Import E07000153-Kettering Borough Council,closed,chris48s,chris48s,2019-11-05T17:10:40+00:00,2019-11-09T16:58:13+00:00,2019-11-09T16:58:13+00:00,0,Data Import;ready,3.99
DemocracyClub/UK-Polling-Stations,2155,Import E07000224-Arun District Council,closed,chris48s,chris48s,2019-11-05T17:10:57+00:00,2019-11-13T16:48:55+00:00,2019-11-13T16:48:56+00:00,0,Data Import;ready,7.98
DemocracyClub/UK-Polling-Stations,2156,Import E08000010-Wigan Metropolitan Borough Council,closed,chris48s,chris48s,2019-11-05T17:11:09+00:00,2019-11-14T11:01:38+00:00,2019-11-14T11:01:39+00:00,0,Data Import;ready,8.74
DemocracyClub/UK-Polling-Stations,2157,Import W06000021-Monmouthshire County Council,closed,chris48s,chris48s,2019-11-05T17:11:26+00:00,2019-11-13T16:49:35+00:00,2019-11-13T16:49:36+00:00,0,Data Import;ready,7.98
DemocracyClub/UK-Polling-Stations,2158,Import E09000010-London Borough of Enfield,closed,chris48s,chris48s,2019-11-05T17:12:03+00:00,2019-11-14T11:23:18+00:00,2019-11-14T11:23:19+00:00,0,Data Import;ready,8.76
DemocracyClub/UK-Polling-Stations,2166,Import E07000241-Welwyn Hatfield Borough Council,closed,chris48s,chris48s,2019-11-06T16:06:15+00:00,2019-11-06T17:02:47+00:00,2019-11-06T17:02:48+00:00,0,Data Import;ready,0.04
DemocracyClub/UK-Polling-Stations,2167,Import E07000172-Broxtowe Borough Council,closed,chris48s,chris48s,2019-11-06T16:07:13+00:00,2019-11-19T17:34:33+00:00,2019-11-19T17:34:33+00:00,0,Data Import;ready;open data,13.06
DemocracyClub/UK-Polling-Stations,2168,Import E07000240-St Albans City & District Council,closed,chris48s,chris48s,2019-11-06T16:07:31+00:00,2019-11-14T17:32:46+00:00,2019-11-14T17:32:46+00:00,0,Data Import;ready;open data,8.06
DemocracyClub/UK-Polling-Stations,2169,Import S12000048-Perth & Kinross Council,closed,chris48s,chris48s,2019-11-06T16:07:48+00:00,2019-11-14T17:32:46+00:00,2019-11-14T17:32:47+00:00,0,Data Import;ready;open data,8.06
DemocracyClub/UK-Polling-Stations,2170,Import W06000009-Pembrokeshire County Council,closed,chris48s,chris48s,2019-11-06T16:08:09+00:00,2019-11-14T17:32:47+00:00,2019-11-14T17:32:47+00:00,0,Data Import;ready;open data,8.06
DemocracyClub/UK-Polling-Stations,2183,Import E07000106-Canterbury City Council,closed,chris48s,chris48s,2019-11-07T17:37:35+00:00,2019-11-18T14:53:06+00:00,2019-11-18T14:53:29+00:00,1,Data Import,10.89
DemocracyClub/UK-Polling-Stations,2184,Import E06000006-Halton Borough Council,closed,chris48s,chris48s,2019-11-07T17:43:21+00:00,2019-11-13T16:50:22+00:00,2019-11-13T16:50:22+00:00,0,Data Import;ready,5.96
DemocracyClub/UK-Polling-Stations,2185,Import E06000008-Blackburn with Darwen Borough Council,closed,chris48s,chris48s,2019-11-07T17:45:58+00:00,2019-11-14T17:32:48+00:00,2019-11-14T17:32:48+00:00,0,Data Import;ready,6.99
DemocracyClub/UK-Polling-Stations,2186,Import E07000011-Huntingdonshire District Council,closed,chris48s,chris48s,2019-11-07T17:46:04+00:00,2019-11-13T16:50:14+00:00,2019-11-13T16:50:15+00:00,0,Data Import;ready,5.96
DemocracyClub/UK-Polling-Stations,2187,Import E07000047-West Devon Borough Council,closed,chris48s,chris48s,2019-11-07T17:46:11+00:00,2019-11-14T10:39:50+00:00,2019-11-14T10:39:50+00:00,0,Data Import;ready,6.7
DemocracyClub/UK-Polling-Stations,2188,Import E07000079-Cotswold District Council,closed,chris48s,chris48s,2019-11-07T17:46:17+00:00,2019-11-14T10:43:17+00:00,2019-11-14T10:43:17+00:00,0,Data Import;ready,6.71
DemocracyClub/UK-Polling-Stations,2189,Import E07000084-Basingstoke and Deane Borough Council,closed,chris48s,chris48s,2019-11-07T17:46:23+00:00,2019-11-14T10:44:23+00:00,2019-11-14T10:44:24+00:00,0,Data Import;ready,6.71
DemocracyClub/UK-Polling-Stations,2190,Import E07000086-Eastleigh Borough Council,closed,chris48s,chris48s,2019-11-07T17:46:29+00:00,2019-11-14T10:50:50+00:00,2019-11-14T10:50:51+00:00,0,Data Import;ready,6.71
DemocracyClub/UK-Polling-Stations,2191,Import E07000088-Gosport Borough Council,closed,chris48s,chris48s,2019-11-07T17:46:35+00:00,2019-11-14T17:32:47+00:00,2019-11-14T17:32:47+00:00,0,Data Import;ready,6.99
DemocracyClub/UK-Polling-Stations,2192,Import E07000127-West Lancashire Borough Council,closed,chris48s,GeoWill,2019-11-07T17:46:41+00:00,2019-11-20T11:09:45+00:00,2019-11-20T11:09:46+00:00,0,Data Import;ready,12.72
DemocracyClub/UK-Polling-Stations,2193,Import E07000136-Boston Borough Council,closed,chris48s,chris48s,2019-11-07T17:46:47+00:00,2019-11-14T10:53:48+00:00,2019-11-14T10:53:49+00:00,0,Data Import;ready,6.71
DemocracyClub/UK-Polling-Stations,2194,Import E07000139-North Kesteven District Council,closed,chris48s,chris48s,2019-11-07T17:46:53+00:00,2019-11-14T10:57:15+00:00,2019-11-14T10:57:15+00:00,0,Data Import;ready,6.72
DemocracyClub/UK-Polling-Stations,2195,Import E07000141-South Kesteven District Council,closed,chris48s,chris48s,2019-11-07T17:46:59+00:00,2019-11-22T15:53:45+00:00,2019-11-22T15:53:46+00:00,0,Data Import;ready,14.92
DemocracyClub/UK-Polling-Stations,2196,Import E07000174-Mansfield District Council,closed,chris48s,chris48s,2019-11-07T17:47:05+00:00,2019-11-19T17:35:20+00:00,2019-11-19T17:35:21+00:00,0,Data Import;ready,11.99
DemocracyClub/UK-Polling-Stations,2197,Import E07000216-Waverley Borough Council,closed,chris48s,chris48s,2019-11-07T17:47:11+00:00,2019-11-19T17:35:23+00:00,2019-11-19T17:35:24+00:00,0,Data Import;On hold ⛔,11.99
DemocracyClub/UK-Polling-Stations,2198,Import E08000001-Bolton Metropolitan Borough Council,closed,chris48s,GeoWill,2019-11-07T17:47:17+00:00,2019-11-19T10:29:12+00:00,2019-11-19T10:29:12+00:00,0,Data Import;ready,11.7
DemocracyClub/UK-Polling-Stations,2199,Import E08000005-Rochdale Metropolitan Borough Council,closed,chris48s,chris48s,2019-11-07T17:47:23+00:00,2019-11-19T17:34:10+00:00,2019-11-19T17:34:10+00:00,0,Data Import;ready,11.99
DemocracyClub/UK-Polling-Stations,2200,Import E09000025-London Borough of Newham,closed,chris48s,chris48s,2019-11-07T17:47:30+00:00,2019-11-22T15:53:57+00:00,2019-11-22T15:53:57+00:00,0,Data Import;ready,14.92
DemocracyClub/UK-Polling-Stations,2201,Import E06000004-Stockton-on-Tees Borough Council,closed,chris48s,chris48s,2019-11-07T17:47:36+00:00,2019-11-17T14:08:28+00:00,2019-11-17T14:08:28+00:00,0,Data Import;ready,9.85
DemocracyClub/UK-Polling-Stations,2202,Import E06000005-Darlington Borough Council,closed,chris48s,chris48s,2019-11-07T17:47:42+00:00,2019-11-17T14:08:29+00:00,2019-11-17T14:08:29+00:00,0,Data Import;ready,9.85
DemocracyClub/UK-Polling-Stations,2203,Import E06000007-Warrington Borough Council,closed,chris48s,chris48s,2019-11-07T17:47:48+00:00,2019-11-17T14:08:29+00:00,2019-11-17T14:08:29+00:00,0,Data Import;ready,9.85
DemocracyClub/UK-Polling-Stations,2204,Import E06000011-East Riding of Yorkshire Council,closed,chris48s,chris48s,2019-11-07T17:47:54+00:00,2019-11-17T14:08:29+00:00,2019-11-17T14:08:29+00:00,0,Data Import;ready,9.85
DemocracyClub/UK-Polling-Stations,2205,Import E06000015-Derby City Council,closed,chris48s,chris48s,2019-11-07T17:48:00+00:00,2019-11-22T15:54:05+00:00,2019-11-22T15:54:05+00:00,0,Data Import;ready,14.92
DemocracyClub/UK-Polling-Stations,2206,Import E06000046-Isle of Wight Council,closed,chris48s,chris48s,2019-11-07T17:48:07+00:00,2019-11-17T14:08:30+00:00,2019-11-17T14:08:30+00:00,0,Data Import;ready,9.85
DemocracyClub/UK-Polling-Stations,2207,Import E07000027-Barrow-in-Furness Borough Council,closed,chris48s,chris48s,2019-11-07T17:48:13+00:00,2019-11-17T14:08:30+00:00,2019-11-17T14:08:30+00:00,0,Data Import;ready,9.85
DemocracyClub/UK-Polling-Stations,2208,Import E07000040-East Devon District Council,closed,chris48s,chris48s,2019-11-07T17:48:19+00:00,2019-11-24T15:37:57+00:00,2019-11-24T15:37:57+00:00,0,Data Import;ready,16.91
DemocracyClub/UK-Polling-Stations,2209,Import E07000081-Gloucester City Council,closed,chris48s,GeoWill,2019-11-07T17:48:25+00:00,2019-11-22T08:41:54+00:00,2019-11-22T08:41:55+00:00,0,Data Import;ready,14.62
DemocracyClub/UK-Polling-Stations,2210,Import E07000082-Stroud District Council,closed,chris48s,chris48s,2019-11-07T17:48:31+00:00,2019-11-17T14:08:30+00:00,2019-11-17T14:08:31+00:00,0,Data Import;ready,9.85
DemocracyClub/UK-Polling-Stations,2211,Import E07000089-Hart District Council,closed,chris48s,chris48s,2019-11-07T17:48:38+00:00,2019-11-20T12:43:36+00:00,2019-11-20T12:43:36+00:00,0,Data Import;ready,12.79
DemocracyClub/UK-Polling-Stations,2212,Import E07000125-Rossendale Borough Council,closed,chris48s,chris48s,2019-11-07T17:48:44+00:00,2019-11-14T17:32:48+00:00,2019-11-14T17:32:49+00:00,0,Data Import;ready,6.99
DemocracyClub/UK-Polling-Stations,2213,Import E07000181-West Oxfordshire District Council,closed,chris48s,chris48s,2019-11-07T17:48:50+00:00,2019-11-20T12:43:33+00:00,2019-11-20T12:43:33+00:00,0,Data Import;ready,12.79
DemocracyClub/UK-Polling-Stations,2214,Import E07000202-Ipswich Borough Council,closed,chris48s,chris48s,2019-11-07T17:48:56+00:00,2019-11-20T12:43:34+00:00,2019-11-20T12:43:34+00:00,0,Data Import;ready,12.79
DemocracyClub/UK-Polling-Stations,2215,Import E08000015-Wirral Metropolitan Borough of,closed,chris48s,chris48s,2019-11-07T17:49:02+00:00,2019-11-20T12:43:34+00:00,2019-11-20T12:43:34+00:00,0,Data Import;ready,12.79
DemocracyClub/UK-Polling-Stations,2216,Import E08000037-Gateshead Metropolitan Borough Council,closed,chris48s,chris48s,2019-11-07T17:49:08+00:00,2019-11-20T12:43:35+00:00,2019-11-20T12:43:35+00:00,0,Data Import;ready,12.79
DemocracyClub/UK-Polling-Stations,2217,Import E09000015-London Borough of Harrow,closed,chris48s,chris48s,2019-11-07T17:49:14+00:00,2019-11-20T12:43:35+00:00,2019-11-20T12:43:35+00:00,0,Data Import;ready,12.79
DemocracyClub/UK-Polling-Stations,2218,Import E06000026-Plymouth City Council,closed,chris48s,chris48s,2019-11-07T17:49:20+00:00,2019-11-21T15:28:02+00:00,2019-11-21T15:28:02+00:00,0,Data Import;ready,13.9
DemocracyClub/UK-Polling-Stations,2219,Import E06000032-Luton Borough Council,closed,chris48s,chris48s,2019-11-07T17:49:26+00:00,2019-11-14T17:32:47+00:00,2019-11-14T17:32:48+00:00,0,Data Import;ready,6.99
DemocracyClub/UK-Polling-Stations,2220,Import E07000071-Colchester Borough Council,closed,chris48s,chris48s,2019-11-07T17:49:33+00:00,2019-11-21T15:28:02+00:00,2019-11-21T15:28:02+00:00,0,Data Import;ready,13.9
DemocracyClub/UK-Polling-Stations,2221,Import E07000076-Tendring District Council,closed,chris48s,chris48s,2019-11-07T17:49:39+00:00,2019-11-21T15:28:03+00:00,2019-11-21T15:28:03+00:00,0,Data Import;ready,13.9
DemocracyClub/UK-Polling-Stations,2222,Import E07000091-New Forest District Council,closed,chris48s,chris48s,2019-11-07T17:49:45+00:00,2019-11-21T15:28:03+00:00,2019-11-21T15:28:03+00:00,0,Data Import;ready,13.9
DemocracyClub/UK-Polling-Stations,2223,Import E07000095-Broxbourne Borough Council,closed,chris48s,chris48s,2019-11-07T17:49:51+00:00,2019-11-21T15:28:03+00:00,2019-11-21T15:28:04+00:00,0,Data Import;ready,13.9
DemocracyClub/UK-Polling-Stations,2224,Import E07000119-Fylde Borough Council,closed,chris48s,GeoWill,2019-11-07T17:49:57+00:00,2019-11-22T17:53:26+00:00,2019-11-22T17:53:27+00:00,0,Data Import;ready,15.0
DemocracyClub/UK-Polling-Stations,2225,Import E07000173-Gedling Borough Council,closed,chris48s,GeoWill,2019-11-07T17:50:03+00:00,2019-11-22T08:53:03+00:00,2019-11-22T08:53:03+00:00,0,Data Import;ready,14.63
DemocracyClub/UK-Polling-Stations,2226,Import E07000235-Malvern Hills District Council,closed,chris48s,chris48s,2019-11-07T17:50:09+00:00,2019-11-21T15:28:04+00:00,2019-11-21T15:28:04+00:00,0,Data Import;ready,13.9
DemocracyClub/UK-Polling-Stations,2227,Import E07000244-East Suffolk Council,closed,chris48s,chris48s,2019-11-07T17:50:15+00:00,2019-11-24T15:37:57+00:00,2019-11-24T15:37:58+00:00,0,Data Import;ready,16.91
DemocracyClub/UK-Polling-Stations,2228,Import E08000004-Oldham Metropolitan Borough Council,closed,chris48s,chris48s,2019-11-07T17:50:21+00:00,2019-11-21T15:28:05+00:00,2019-11-21T15:28:05+00:00,0,Data Import;ready,13.9
DemocracyClub/UK-Polling-Stations,2229,Import E08000022-North Tyneside Council,closed,chris48s,chris48s,2019-11-07T17:50:27+00:00,2019-11-19T17:35:21+00:00,2019-11-19T17:35:22+00:00,0,Data Import;ready,11.99
DemocracyClub/UK-Polling-Stations,2230,Import E09000001-City of London Corporation,closed,chris48s,chris48s,2019-11-07T17:50:33+00:00,2019-11-21T15:28:05+00:00,2019-11-21T15:28:05+00:00,0,Data Import;ready,13.9
DemocracyClub/UK-Polling-Stations,2231,Import E09000019-London Borough of Islington,closed,chris48s,chris48s,2019-11-07T17:50:39+00:00,2019-11-19T17:35:19+00:00,2019-11-19T17:35:20+00:00,0,Data Import;ready,11.99
DemocracyClub/UK-Polling-Stations,2232,Import E09000020-Royal Borough of Kensington and Chelsea,closed,chris48s,chris48s,2019-11-07T17:50:46+00:00,2019-11-21T15:28:05+00:00,2019-11-21T15:28:06+00:00,0,Data Import;ready,13.9
DemocracyClub/UK-Polling-Stations,2233,Import E09000032-London Borough of Wandsworth,closed,chris48s,chris48s,2019-11-07T17:50:52+00:00,2019-11-21T15:28:06+00:00,2019-11-21T15:28:06+00:00,0,Data Import;ready,13.9
DemocracyClub/UK-Polling-Stations,2234,Import E07000045-Teignbridge District Council,closed,chris48s,chris48s,2019-11-07T17:50:58+00:00,2019-11-19T17:35:23+00:00,2019-11-19T17:35:23+00:00,0,Data Import;ready,11.99
DemocracyClub/UK-Polling-Stations,2235,Import E07000069-Castle Point Borough Council,closed,chris48s,chris48s,2019-11-07T17:51:04+00:00,2019-11-22T17:50:29+00:00,2019-11-22T17:50:29+00:00,0,Data Import;ready,15.0
DemocracyClub/UK-Polling-Stations,2236,Import E07000225-Chichester District Council,closed,chris48s,chris48s,2019-11-07T17:51:10+00:00,2019-11-21T15:25:36+00:00,2019-11-21T15:25:37+00:00,0,Data Import;ready,13.9
DemocracyClub/UK-Polling-Stations,2237,Import E07000087-Fareham Borough Council,closed,chris48s,chris48s,2019-11-07T17:51:16+00:00,2019-12-03T12:21:31+00:00,2019-12-03T12:21:31+00:00,1,Data Import;ready,25.77
DemocracyClub/UK-Polling-Stations,2238,Import E07000170-Ashfield District Council,closed,chris48s,chris48s,2019-11-07T17:51:23+00:00,2019-11-22T17:50:29+00:00,2019-11-22T17:50:29+00:00,0,Data Import;ready,15.0
DemocracyClub/UK-Polling-Stations,2239,Import E08000009-Trafford Metropolitan Borough Council,closed,chris48s,chris48s,2019-11-07T17:51:30+00:00,2019-11-22T17:50:30+00:00,2019-11-22T17:50:30+00:00,0,Data Import;ready,15.0
DemocracyClub/UK-Polling-Stations,2240,Import E08000018-Rotherham Metropolitan Borough Council,closed,chris48s,chris48s,2019-11-07T17:51:36+00:00,2019-11-22T17:50:30+00:00,2019-11-22T17:50:30+00:00,0,Data Import;ready,15.0
DemocracyClub/UK-Polling-Stations,2241,Import E08000025-Birmingham City Council,closed,chris48s,chris48s,2019-11-07T17:51:42+00:00,2019-11-22T17:50:30+00:00,2019-11-22T17:50:31+00:00,0,Data Import;ready,15.0
DemocracyClub/UK-Polling-Stations,2242,Import E08000028-Sandwell Metropolitan Borough Council,closed,chris48s,GeoWill,2019-11-07T17:51:48+00:00,2019-11-22T17:58:21+00:00,2019-11-22T17:58:22+00:00,0,Data Import;ready,15.0
DemocracyClub/UK-Polling-Stations,2243,Import E06000001-Hartlepool Borough Council,closed,chris48s,chris48s,2019-11-07T17:51:54+00:00,2019-11-26T16:17:30+00:00,2019-11-26T16:17:30+00:00,0,Data Import;ready,18.93
DemocracyClub/UK-Polling-Stations,2244,Import E08000023-South Tyneside Metropolitan Borough Council,closed,chris48s,chris48s,2019-11-07T17:52:01+00:00,2019-11-17T13:46:02+00:00,2019-11-17T13:46:02+00:00,0,Data Import;ready,9.83
DemocracyClub/UK-Polling-Stations,2283,Import E07000004-Aylesbury Vale District Council,closed,chris48s,chris48s,2019-11-15T11:34:54+00:00,2019-11-22T17:50:31+00:00,2019-11-22T17:50:31+00:00,0,Data Import;ready,7.26
DemocracyClub/UK-Polling-Stations,2284,Import E07000046-Torridge District Council,closed,chris48s,GeoWill,2019-11-15T11:35:02+00:00,2019-11-25T10:54:38+00:00,2019-11-25T10:54:38+00:00,0,Data Import;ready,9.97
DemocracyClub/UK-Polling-Stations,2285,Import E07000090-Havant Borough Council,closed,chris48s,chris48s,2019-11-15T11:35:43+00:00,2019-11-22T17:50:31+00:00,2019-11-22T17:50:31+00:00,0,Data Import;ready,7.26
DemocracyClub/UK-Polling-Stations,2286,Import E07000096-Dacorum Borough Council,closed,chris48s,chris48s,2019-11-15T11:35:49+00:00,2019-11-26T16:17:30+00:00,2019-11-26T16:17:30+00:00,0,Data Import;ready,11.2
DemocracyClub/UK-Polling-Stations,2287,Import E07000226-Crawley Borough Council,closed,chris48s,chris48s,2019-11-15T11:35:55+00:00,2019-11-26T16:37:28+00:00,2019-11-26T16:37:29+00:00,0,Data Import;ready,11.21
DemocracyClub/UK-Polling-Stations,2288,Import E08000026-Coventry City Council,closed,chris48s,chris48s,2019-11-15T11:36:04+00:00,2019-11-21T15:28:10+00:00,2019-11-21T15:28:11+00:00,0,Data Import;ready,6.16
DemocracyClub/UK-Polling-Stations,2289,Import W06000003-Conwy County Borough Council,closed,chris48s,chris48s,2019-11-15T11:36:10+00:00,2019-11-22T17:50:32+00:00,2019-11-22T17:50:32+00:00,0,Data Import;ready,7.26
DemocracyClub/UK-Polling-Stations,2290,Import E06000019-Herefordshire Council,closed,chris48s,chris48s,2019-11-15T11:36:16+00:00,2019-11-22T17:50:32+00:00,2019-11-22T17:50:32+00:00,0,Data Import;ready,7.26
DemocracyClub/UK-Polling-Stations,2291,Import E06000055-Bedford Borough Council,closed,chris48s,chris48s,2019-11-15T11:36:22+00:00,2019-11-22T17:50:33+00:00,2019-11-22T17:50:33+00:00,0,Data Import;ready,7.26
DemocracyClub/UK-Polling-Stations,2292,Import E07000030-Eden District Council,closed,chris48s,chris48s,2019-11-15T11:36:28+00:00,2019-12-03T12:45:48+00:00,2019-12-03T12:45:48+00:00,0,Data Import;ready,18.05
DemocracyClub/UK-Polling-Stations,2293,Import E07000035-Derbyshire Dales District Council,closed,chris48s,chris48s,2019-11-15T11:36:34+00:00,2019-11-26T16:17:29+00:00,2019-11-26T16:17:30+00:00,0,Data Import;ready,11.2
DemocracyClub/UK-Polling-Stations,2294,Import E07000078-Cheltenham Borough Council,closed,chris48s,chris48s,2019-11-15T11:36:40+00:00,2019-11-24T15:37:55+00:00,2019-11-24T15:37:56+00:00,0,Data Import;ready,9.17
DemocracyClub/UK-Polling-Stations,2295,Import E07000148-Norwich City Council,closed,chris48s,chris48s,2019-11-15T11:36:46+00:00,2019-11-24T15:37:56+00:00,2019-11-24T15:37:56+00:00,0,Data Import;ready,9.17
DemocracyClub/UK-Polling-Stations,2296,Import E07000213-Spelthorne Borough Council,closed,chris48s,chris48s,2019-11-15T11:36:52+00:00,2019-11-24T15:37:56+00:00,2019-11-24T15:37:56+00:00,0,Data Import;ready,9.17
DemocracyClub/UK-Polling-Stations,2297,Import E07000228-Mid Sussex District Council,closed,chris48s,chris48s,2019-11-15T11:36:58+00:00,2019-11-24T15:37:57+00:00,2019-11-24T15:37:57+00:00,1,Data Import;ready,9.17
DemocracyClub/UK-Polling-Stations,2298,Import E07000245-West Suffolk Council,closed,chris48s,chris48s,2019-11-15T11:37:05+00:00,2019-11-28T11:20:11+00:00,2019-11-28T11:20:12+00:00,0,Data Import;ready,12.99
DemocracyClub/UK-Polling-Stations,2299,Import E08000016-Barnsley Metropolitan Borough Council,closed,chris48s,chris48s,2019-11-15T11:37:11+00:00,2019-11-26T16:17:30+00:00,2019-11-26T16:17:31+00:00,0,Data Import;ready,11.19
DemocracyClub/UK-Polling-Stations,2300,Import E08000030-Walsall Metropolitan Borough Council,closed,chris48s,chris48s,2019-11-15T11:37:17+00:00,2019-11-26T16:17:31+00:00,2019-11-26T16:17:31+00:00,0,Data Import;ready,11.19
DemocracyClub/UK-Polling-Stations,2301,Import E09000004-London Borough of Bexley,closed,chris48s,GeoWill,2019-11-15T11:37:23+00:00,2019-11-26T10:15:03+00:00,2019-11-26T10:15:03+00:00,0,Data Import;ready,10.94
DemocracyClub/UK-Polling-Stations,2302,Import E09000023-London Borough of Lewisham,closed,chris48s,chris48s,2019-11-15T11:37:29+00:00,2019-11-26T16:17:31+00:00,2019-11-26T16:17:32+00:00,0,Data Import;ready,11.19
DemocracyClub/UK-Polling-Stations,2303,Import W06000015-City of Cardiff Council,closed,chris48s,chris48s,2019-11-15T11:37:34+00:00,2019-11-26T16:17:32+00:00,2019-11-26T16:17:32+00:00,0,Data Import;ready,11.19
DemocracyClub/UK-Polling-Stations,2304,Import E06000030-Swindon Borough Council,closed,chris48s,chris48s,2019-11-15T11:37:40+00:00,2019-11-28T11:53:39+00:00,2019-11-28T11:53:40+00:00,0,Data Import;ready,13.01
DemocracyClub/UK-Polling-Stations,2305,Import E07000103-Watford Borough Council,closed,chris48s,chris48s,2019-11-15T11:37:46+00:00,2019-11-28T10:56:22+00:00,2019-11-28T10:56:22+00:00,0,Data Import;ready,12.97
DemocracyClub/UK-Polling-Stations,2306,Import E07000188-Sedgemoor District Council,closed,chris48s,chris48s,2019-11-15T11:37:52+00:00,2019-11-28T10:56:21+00:00,2019-11-28T10:56:22+00:00,0,Data Import;ready,12.97
DemocracyClub/UK-Polling-Stations,2307,Import E08000035-Leeds City Council,closed,chris48s,chris48s,2019-11-15T11:37:58+00:00,2019-11-28T10:56:19+00:00,2019-11-28T10:56:20+00:00,0,Data Import;ready,12.97
DemocracyClub/UK-Polling-Stations,2308,Import W06000012-Neath Port Talbot County Borough Council,closed,chris48s,chris48s,2019-11-15T11:38:04+00:00,2019-11-28T10:56:20+00:00,2019-11-28T10:56:20+00:00,0,Data Import;ready,12.97
DemocracyClub/UK-Polling-Stations,2309,Import E06000037-West Berkshire Council,closed,chris48s,chris48s,2019-11-15T11:38:11+00:00,2019-11-28T10:56:20+00:00,2019-11-28T10:56:20+00:00,0,Data Import;ready,12.97
DemocracyClub/UK-Polling-Stations,2310,Import E07000061-Eastbourne Borough Council,closed,chris48s,chris48s,2019-11-15T11:38:16+00:00,2019-11-28T10:56:21+00:00,2019-11-28T10:56:21+00:00,0,Data Import;ready,12.97
DemocracyClub/UK-Polling-Stations,2311,Import E07000073-Harlow District Council,closed,chris48s,chris48s,2019-11-15T11:38:22+00:00,2019-11-28T10:56:21+00:00,2019-11-28T10:56:21+00:00,0,Data Import;ready,12.97
DemocracyClub/UK-Polling-Stations,2312,Import E07000178-Oxford City Council,closed,chris48s,chris48s,2019-11-15T11:38:28+00:00,2019-11-21T15:28:11+00:00,2019-11-21T15:28:11+00:00,0,Data Import;ready,6.16
DemocracyClub/UK-Polling-Stations,2313,Import W06000013-Bridgend County Borough Council,closed,chris48s,chris48s,2019-11-15T11:38:34+00:00,2019-11-28T10:56:22+00:00,2019-11-28T10:56:22+00:00,0,Data Import;ready,12.97
DemocracyClub/UK-Polling-Stations,2314,Import E07000033-Bolsover District Council,closed,chris48s,chris48s,2019-11-15T11:38:40+00:00,2019-11-29T11:37:08+00:00,2019-11-29T11:37:09+00:00,0,Data Import;ready,14.0
DemocracyClub/UK-Polling-Stations,2315,Import E08000003-Manchester City Council,closed,chris48s,chris48s,2019-11-15T11:38:46+00:00,2019-11-28T12:12:28+00:00,2019-11-28T12:12:28+00:00,0,Data Import;ready,13.02
DemocracyClub/UK-Polling-Stations,2316,Import E06000043-Brighton and Hove Council,closed,chris48s,chris48s,2019-11-15T11:38:52+00:00,2019-11-25T16:10:18+00:00,2019-11-25T16:10:19+00:00,0,Data Import;ready,10.19
DemocracyClub/UK-Polling-Stations,2317,Import E07000107-Dartford Borough Council,closed,chris48s,chris48s,2019-11-15T11:38:58+00:00,2019-11-28T10:56:23+00:00,2019-11-28T10:56:23+00:00,0,Data Import;ready,12.97
DemocracyClub/UK-Polling-Stations,2318,Import E07000118-Chorley Borough Council,closed,chris48s,chris48s,2019-11-15T11:39:04+00:00,2019-11-28T10:56:23+00:00,2019-11-28T10:56:23+00:00,0,Data Import;ready,12.97
DemocracyClub/UK-Polling-Stations,2319,Import E07000145-Great Yarmouth Borough Council,closed,chris48s,chris48s,2019-11-15T11:39:10+00:00,2019-11-28T10:56:23+00:00,2019-11-28T10:56:24+00:00,0,Data Import;ready,12.97
DemocracyClub/UK-Polling-Stations,2320,Import E09000016-London Borough of Havering,closed,chris48s,chris48s,2019-11-15T11:39:16+00:00,2019-11-28T11:20:09+00:00,2019-11-28T11:20:09+00:00,0,Data Import;ready,12.99
DemocracyClub/UK-Polling-Stations,2321,Import E06000024-North Somerset Council,closed,chris48s,chris48s,2019-11-15T11:39:22+00:00,2019-12-10T14:29:39+00:00,2019-12-10T14:29:39+00:00,0,Data Import;ready,25.12
DemocracyClub/UK-Polling-Stations,2322,Import E07000194-Lichfield District Council,closed,chris48s,chris48s,2019-11-15T11:39:28+00:00,2019-12-03T12:21:59+00:00,2019-12-03T12:21:59+00:00,0,Data Import;ready,18.03
DemocracyClub/UK-Polling-Stations,2323,Import E07000196-South Staffordshire District Council,closed,chris48s,chris48s,2019-11-15T11:39:34+00:00,2019-11-28T11:20:09+00:00,2019-11-28T11:20:10+00:00,0,Data Import;ready,12.99
DemocracyClub/UK-Polling-Stations,2324,Import E07000246-Somerset West & Taunton Council,closed,chris48s,chris48s,2019-11-15T11:39:40+00:00,2019-11-28T11:20:10+00:00,2019-11-28T11:20:10+00:00,0,Data Import;ready,12.99
DemocracyClub/UK-Polling-Stations,2325,Import E07000029-Copeland Borough Council,closed,chris48s,chris48s,2019-11-15T11:39:46+00:00,2019-11-28T11:20:10+00:00,2019-11-28T11:20:11+00:00,0,Data Import;ready,12.99
DemocracyClub/UK-Polling-Stations,2326,Import E07000126-South Ribble Borough Council,closed,chris48s,chris48s,2019-11-15T11:39:52+00:00,2019-11-28T11:20:11+00:00,2019-11-28T11:20:11+00:00,0,Data Import;ready,12.99
DemocracyClub/UK-Polling-Stations,2327,Import E08000008-Tameside Metropolitan Borough Council,closed,chris48s,chris48s,2019-11-15T11:39:58+00:00,2019-11-28T11:20:11+00:00,2019-11-28T11:20:11+00:00,0,Data Import;ready,12.99
DemocracyClub/UK-Polling-Stations,2328,Import E09000002-London Borough of Barking and Dagenham,closed,chris48s,chris48s,2019-11-15T11:40:04+00:00,2019-11-28T11:20:12+00:00,2019-11-28T11:20:12+00:00,0,Data Import;ready,12.99
DemocracyClub/UK-Polling-Stations,2329,Import W06000005-Flintshire County Council,closed,chris48s,chris48s,2019-11-15T11:40:11+00:00,2019-12-03T15:32:52+00:00,2019-12-03T15:32:52+00:00,0,Data Import;ready,18.16
DemocracyClub/UK-Polling-Stations,2330,Import E06000017-Rutland County Council,closed,chris48s,chris48s,2019-11-15T11:40:17+00:00,2019-11-28T11:20:12+00:00,2019-11-28T11:20:12+00:00,0,Data Import;ready,12.99
DemocracyClub/UK-Polling-Stations,2331,Import S12000020-Moray Council,closed,chris48s,chris48s,2019-11-15T11:50:43+00:00,2019-11-19T17:35:21+00:00,2019-11-19T17:35:21+00:00,0,Data Import;ready;open data,4.24
DemocracyClub/UK-Polling-Stations,2332,Import E09000022-London Borough of Lambeth,closed,chris48s,chris48s,2019-11-15T11:50:59+00:00,2019-11-19T17:35:20+00:00,2019-11-19T17:35:20+00:00,0,Data Import;ready;open data,4.24
DemocracyClub/UK-Polling-Stations,2333,Import E06000018-Nottingham City Council,closed,chris48s,chris48s,2019-11-15T11:51:18+00:00,2019-11-19T17:35:22+00:00,2019-11-19T17:35:22+00:00,0,Data Import;ready;open data,4.24
DemocracyClub/UK-Polling-Stations,2334,Import E07000108-Dover District Council,closed,chris48s,chris48s,2019-11-15T11:51:31+00:00,2019-11-19T17:35:18+00:00,2019-11-19T17:35:19+00:00,0,Data Import;ready;open data,4.24
DemocracyClub/UK-Polling-Stations,2335,Import E07000106-Canterbury City Council,closed,chris48s,chris48s,2019-11-15T11:51:45+00:00,2019-11-19T17:35:18+00:00,2019-11-19T17:35:18+00:00,0,Data Import;ready;open data,4.24
DemocracyClub/UK-Polling-Stations,2336,Import S12000036-City of Edinburgh Council,closed,chris48s,chris48s,2019-11-15T11:51:59+00:00,2019-11-19T17:35:19+00:00,2019-11-19T17:35:19+00:00,0,Data Import;ready;open data,4.24
DemocracyClub/UK-Polling-Stations,2337,Import E06000041-Wokingham Borough Council,closed,chris48s,chris48s,2019-11-15T12:01:09+00:00,2019-11-28T11:20:13+00:00,2019-11-28T11:20:13+00:00,0,Data Import;ready,12.97
DemocracyClub/UK-Polling-Stations,2338,Import E07000009-East Cambridgeshire District Council,closed,chris48s,chris48s,2019-11-15T12:01:22+00:00,2019-11-29T16:20:56+00:00,2019-11-29T16:20:57+00:00,0,Data Import;ready,14.18
DemocracyClub/UK-Polling-Stations,2339,Import E07000012-South Cambridgeshire District Council,closed,chris48s,chris48s,2019-11-15T12:01:34+00:00,2019-11-26T16:37:29+00:00,2019-11-26T16:37:30+00:00,0,Data Import;ready,11.19
DemocracyClub/UK-Polling-Stations,2340,Import E07000065-Wealden District Council,closed,chris48s,chris48s,2019-11-15T12:01:57+00:00,2019-11-29T16:20:57+00:00,2019-11-29T16:20:57+00:00,0,Data Import;ready,14.18
DemocracyClub/UK-Polling-Stations,2341,Import E07000070-Chelmsford City Council,closed,chris48s,chris48s,2019-11-15T12:02:09+00:00,2019-11-21T15:28:10+00:00,2019-11-21T15:28:10+00:00,0,Data Import;ready,6.14
DemocracyClub/UK-Polling-Stations,2342,Import E07000093-Test Valley Borough Council,closed,chris48s,chris48s,2019-11-15T12:02:20+00:00,2019-11-29T16:20:57+00:00,2019-11-29T16:20:57+00:00,0,Data Import;ready,14.18
DemocracyClub/UK-Polling-Stations,2343,Import E07000223-Adur District Council,closed,chris48s,chris48s,2019-11-15T12:02:48+00:00,2019-11-29T16:20:58+00:00,2019-11-29T16:20:58+00:00,0,Data Import;ready,14.18
DemocracyClub/UK-Polling-Stations,2344,Import E07000229-Worthing Borough Council,closed,chris48s,chris48s,2019-11-15T12:02:59+00:00,2019-11-29T16:20:58+00:00,2019-11-29T16:20:58+00:00,0,Data Import;ready,14.18
DemocracyClub/UK-Polling-Stations,2346,Import E06000059-Dorset Council,closed,chris48s,chris48s,2019-11-15T12:04:23+00:00,2019-11-29T16:20:58+00:00,2019-11-29T16:20:59+00:00,0,Data Import;ready,14.18
DemocracyClub/UK-Polling-Stations,2347,"Import E06000058-Bournemouth, Christchurch & Poole Council",closed,chris48s,chris48s,2019-11-15T12:04:36+00:00,2019-11-25T16:10:18+00:00,2019-11-25T16:10:18+00:00,0,Data Import;ready,10.17
DemocracyClub/UK-Polling-Stations,2348,Import E07000005-Chiltern District Council,closed,chris48s,chris48s,2019-11-15T12:04:59+00:00,2019-12-04T13:36:16+00:00,2019-12-04T13:36:17+00:00,0,Data Import;ready,19.06
DemocracyClub/UK-Polling-Stations,2349,Import E07000006-South Buckinghamshire District Council,closed,chris48s,chris48s,2019-11-15T12:05:10+00:00,2019-12-04T13:36:29+00:00,2019-12-04T13:36:29+00:00,0,Data Import;ready,19.06
DemocracyClub/UK-Polling-Stations,2350,Import E07000179-South Oxfordshire District Council,closed,chris48s,chris48s,2019-11-15T12:05:36+00:00,2019-11-28T11:53:54+00:00,2019-11-28T11:53:54+00:00,0,Data Import;ready,12.99
DemocracyClub/UK-Polling-Stations,2351,Import E07000180-Vale of White Horse District Council,closed,chris48s,chris48s,2019-11-15T12:05:48+00:00,2019-11-28T11:53:55+00:00,2019-11-28T11:53:55+00:00,0,Data Import;ready,12.99
DemocracyClub/UK-Polling-Stations,2360,Import E08000033-Calderdale Metropolitan Borough Council,closed,chris48s,chris48s,2019-11-18T14:52:18+00:00,2019-11-19T17:35:18+00:00,2019-11-19T17:35:18+00:00,0,Data Import;ready;open data,1.11
DemocracyClub/UK-Polling-Stations,2368,Import E09000028-London Borough of Southwark,closed,chris48s,chris48s,2019-11-20T15:42:55+00:00,2019-11-29T16:20:59+00:00,2019-11-29T16:20:59+00:00,0,Data Import;ready,9.03
DemocracyClub/UK-Polling-Stations,2383,Import E07000114-Thanet District Council,closed,chris48s,chris48s,2019-11-22T20:24:00+00:00,2019-11-28T11:53:54+00:00,2019-11-28T11:53:55+00:00,0,Data Import;ready;open data,5.65
DemocracyClub/UK-Polling-Stations,2384,Import E07000115-Tonbridge and Malling Borough Council,closed,chris48s,chris48s,2019-11-22T20:24:17+00:00,2019-11-28T11:53:55+00:00,2019-11-28T11:53:55+00:00,0,Data Import;ready;open data,5.65
DemocracyClub/UK-Polling-Stations,2385,Import E06000045-Southampton City Council,closed,chris48s,chris48s,2019-11-22T20:24:50+00:00,2019-11-28T11:53:54+00:00,2019-11-28T11:53:54+00:00,0,Data Import;ready;open data,5.65
DemocracyClub/UK-Polling-Stations,2386,Import E09000007-London Borough of Camden,closed,chris48s,chris48s,2019-11-22T20:25:10+00:00,2019-11-28T11:53:53+00:00,2019-11-28T11:53:53+00:00,0,Data Import;ready;open data,5.64
DemocracyClub/UK-Polling-Stations,2387,Import S12000028-South Ayrshire Council,closed,chris48s,chris48s,2019-11-22T20:25:29+00:00,2019-11-25T16:10:19+00:00,2019-11-25T16:10:19+00:00,0,Data Import;ready;open data,2.82
DemocracyClub/UK-Polling-Stations,2388,Import E06000020-Telford and Wrekin Council,closed,chris48s,chris48s,2019-11-22T20:28:52+00:00,2019-11-29T16:20:59+00:00,2019-11-29T16:20:59+00:00,0,Data Import;ready,6.83
DemocracyClub/UK-Polling-Stations,2389,Import E06000025-South Gloucestershire Council,closed,chris48s,GeoWill,2019-11-22T20:29:11+00:00,2019-12-02T10:12:16+00:00,2019-12-02T10:12:16+00:00,0,Data Import;ready,9.57
DemocracyClub/UK-Polling-Stations,2390,Import E06000051-Shropshire Council,closed,chris48s,GeoWill,2019-11-22T20:29:17+00:00,2019-12-03T13:12:28+00:00,2019-12-03T13:12:29+00:00,0,Data Import;ready,10.7
DemocracyClub/UK-Polling-Stations,2391,Import E06000054-Wiltshire Council,closed,chris48s,GeoWill,2019-11-22T20:29:23+00:00,2019-12-02T10:13:48+00:00,2019-12-02T10:13:48+00:00,0,Data Import;ready,9.57
DemocracyClub/UK-Polling-Stations,2392,Import E07000008-Cambridge City Council,closed,chris48s,chris48s,2019-11-22T20:29:29+00:00,2019-11-29T16:22:02+00:00,2019-11-29T16:22:02+00:00,1,Data Import;ready,6.83
DemocracyClub/UK-Polling-Stations,2393,Import E07000031-South Lakeland District Council,closed,chris48s,chris48s,2019-11-22T20:29:35+00:00,2019-11-29T16:21:00+00:00,2019-11-29T16:21:00+00:00,0,Data Import;ready,6.83
DemocracyClub/UK-Polling-Stations,2394,Import E07000042-Mid Devon District Council,closed,chris48s,chris48s,2019-11-22T20:29:42+00:00,2019-11-29T16:39:06+00:00,2019-11-29T16:39:06+00:00,0,Data Import;ready,6.84
DemocracyClub/UK-Polling-Stations,2395,Import E07000044-South Hams District Council,closed,chris48s,chris48s,2019-11-22T20:29:48+00:00,2019-11-29T16:39:06+00:00,2019-11-29T16:39:06+00:00,0,Data Import;ready,6.84
DemocracyClub/UK-Polling-Stations,2396,Import E07000110-Maidstone Borough Council,closed,chris48s,GeoWill,2019-11-22T20:29:54+00:00,2019-11-29T16:46:48+00:00,2019-11-29T16:46:48+00:00,0,Data Import;ready,6.85
DemocracyClub/UK-Polling-Stations,2397,Import E07000122-Pendle Borough Council,closed,chris48s,chris48s,2019-11-22T20:30:00+00:00,2019-12-03T12:22:09+00:00,2019-12-03T12:22:09+00:00,0,Data Import;ready,10.66
DemocracyClub/UK-Polling-Stations,2398,Import E07000131-Harborough District Council,closed,chris48s,chris48s,2019-11-22T20:30:06+00:00,2019-11-26T16:37:29+00:00,2019-11-26T16:37:29+00:00,0,Data Import;ready,3.84
DemocracyClub/UK-Polling-Stations,2399,Import E07000144-Broadland District Council,closed,chris48s,chris48s,2019-11-22T20:30:12+00:00,2019-12-02T17:03:39+00:00,2019-12-02T17:03:39+00:00,0,Data Import;ready,9.86
DemocracyClub/UK-Polling-Stations,2400,Import E07000147-North Norfolk District Council,closed,chris48s,chris48s,2019-11-22T20:30:18+00:00,2019-11-29T16:39:06+00:00,2019-11-29T16:39:07+00:00,0,Data Import;ready,6.84
DemocracyClub/UK-Polling-Stations,2401,Import E07000149-South Norfolk District Council,closed,chris48s,chris48s,2019-11-22T20:30:24+00:00,2019-11-29T16:39:07+00:00,2019-11-29T16:39:07+00:00,0,Data Import;ready,6.84
DemocracyClub/UK-Polling-Stations,2402,Import E07000156-Wellingborough Borough Council,closed,chris48s,chris48s,2019-11-22T20:30:30+00:00,2019-12-03T12:45:48+00:00,2019-12-03T12:45:49+00:00,0,Data Import;ready,10.68
DemocracyClub/UK-Polling-Stations,2403,Import E07000239-Wyre Forest District Council,closed,chris48s,chris48s,2019-11-22T20:30:36+00:00,2019-12-04T16:01:19+00:00,2019-12-04T16:01:20+00:00,0,Data Import;ready,11.81
DemocracyClub/UK-Polling-Stations,2404,Import E08000029-Solihull Metropolitan Borough Council,closed,chris48s,chris48s,2019-11-22T20:30:42+00:00,2019-12-03T12:58:31+00:00,2019-12-03T12:58:31+00:00,0,Data Import;ready,10.69
DemocracyClub/UK-Polling-Stations,2405,Import E09000013-London Borough of Hammersmith and Fulham,closed,chris48s,chris48s,2019-11-22T20:30:48+00:00,2019-12-03T12:45:49+00:00,2019-12-03T12:45:49+00:00,0,Data Import;ready,10.68
DemocracyClub/UK-Polling-Stations,2406,Import E06000033-Southend-on-Sea Borough Council,closed,chris48s,chris48s,2019-11-22T20:30:54+00:00,2019-12-03T12:45:49+00:00,2019-12-03T12:45:49+00:00,0,Data Import;ready,10.68
DemocracyClub/UK-Polling-Stations,2407,Import E06000042-Milton Keynes Council,closed,chris48s,chris48s,2019-11-22T20:31:00+00:00,2019-12-03T12:45:50+00:00,2019-12-03T12:45:50+00:00,0,Data Import;ready,10.68
DemocracyClub/UK-Polling-Stations,2408,Import E06000047-Durham County Council,closed,chris48s,chris48s,2019-11-22T20:31:06+00:00,2019-12-03T12:45:50+00:00,2019-12-03T12:45:50+00:00,0,Data Import;ready,10.68
DemocracyClub/UK-Polling-Stations,2409,Import E07000080-Forest of Dean District Council,closed,chris48s,chris48s,2019-11-22T20:31:12+00:00,2019-12-04T16:01:43+00:00,2019-12-04T16:01:44+00:00,0,Data Import;ready,11.81
DemocracyClub/UK-Polling-Stations,2410,Import E07000137-East Lindsey District Council,closed,chris48s,chris48s,2019-11-22T20:31:18+00:00,2019-12-06T17:01:20+00:00,2019-12-06T17:01:21+00:00,0,Data Import;ready,13.85
DemocracyClub/UK-Polling-Stations,2411,Import E08000032-Bradford Council,closed,chris48s,GeoWill,2019-11-22T20:31:24+00:00,2019-12-04T15:42:04+00:00,2019-12-04T15:42:05+00:00,0,Data Import;ready,11.8
DemocracyClub/UK-Polling-Stations,2412,Import E07000075-Rochford District Council,closed,chris48s,chris48s,2019-11-22T20:31:30+00:00,2019-12-04T13:45:47+00:00,2019-12-04T13:45:47+00:00,0,Data Import;ready,11.72
DemocracyClub/UK-Polling-Stations,2413,Import E07000167-Ryedale District Council,closed,chris48s,chris48s,2019-11-22T20:31:36+00:00,2019-12-04T13:45:46+00:00,2019-12-04T13:45:46+00:00,0,Data Import;ready,11.72
DemocracyClub/UK-Polling-Stations,2414,Import E07000169-Selby District Council,closed,chris48s,GeoWill,2019-11-22T20:31:42+00:00,2019-12-05T08:28:01+00:00,2019-12-05T08:28:02+00:00,0,Data Import;ready,12.5
DemocracyClub/UK-Polling-Stations,2415,Import E08000011-Knowsley Metropolitan Borough Council,closed,chris48s,chris48s,2019-11-22T20:31:48+00:00,2019-12-04T13:45:46+00:00,2019-12-04T13:45:46+00:00,0,Data Import;ready,11.72
DemocracyClub/UK-Polling-Stations,2416,Import E09000003-London Borough of Barnet,closed,chris48s,chris48s,2019-11-22T20:31:54+00:00,2019-12-10T14:29:37+00:00,2019-12-10T14:29:38+00:00,0,Data Import;ready,17.75
DemocracyClub/UK-Polling-Stations,2417,Import W06000020-Torfaen County Borough Council,closed,chris48s,chris48s,2019-11-22T20:32:00+00:00,2019-12-02T17:03:39+00:00,2019-12-02T17:03:39+00:00,0,Data Import;ready,9.86
DemocracyClub/UK-Polling-Stations,2418,Import E06000044-Portsmouth City Council,closed,chris48s,chris48s,2019-11-22T20:32:06+00:00,2019-12-04T13:45:47+00:00,2019-12-04T13:45:48+00:00,0,Data Import;ready,11.72
DemocracyClub/UK-Polling-Stations,2419,Import E07000176-Rushcliffe Borough Council,closed,chris48s,GeoWill,2019-11-22T20:32:13+00:00,2019-12-04T13:14:18+00:00,2019-12-04T13:14:18+00:00,0,Data Import;ready,11.7
DemocracyClub/UK-Polling-Stations,2420,Import E07000234-Bromsgrove District Council,closed,chris48s,chris48s,2019-11-22T20:32:19+00:00,2019-12-04T13:45:48+00:00,2019-12-04T13:45:48+00:00,0,Data Import;ready,11.72
DemocracyClub/UK-Polling-Stations,2421,Import E07000236-Redditch Borough Council,closed,chris48s,GeoWill,2019-11-22T20:32:25+00:00,2019-12-04T15:40:41+00:00,2019-12-04T15:40:41+00:00,0,Data Import;ready,11.8
DemocracyClub/UK-Polling-Stations,2422,Import E09000008-London Borough of Croydon,closed,chris48s,chris48s,2019-11-22T20:32:31+00:00,2019-12-04T13:45:48+00:00,2019-12-04T13:45:48+00:00,0,Data Import;ready,11.72
DemocracyClub/UK-Polling-Stations,2423,Import E07000163-Craven District Council,closed,chris48s,chris48s,2019-11-22T20:32:37+00:00,2019-12-05T15:57:16+00:00,2019-12-05T15:57:16+00:00,0,Data Import;ready,12.81
DemocracyClub/UK-Polling-Stations,2424,Import E06000039-Slough Borough Council,closed,chris48s,chris48s,2019-11-22T20:32:43+00:00,2019-12-04T16:01:44+00:00,2019-12-04T16:01:45+00:00,0,Data Import;ready,11.81
DemocracyClub/UK-Polling-Stations,2425,Import E07000218-North Warwickshire Borough Council,closed,chris48s,chris48s,2019-11-22T20:32:49+00:00,2019-12-04T16:01:44+00:00,2019-12-04T16:01:44+00:00,0,Data Import;ready,11.81
DemocracyClub/UK-Polling-Stations,2426,Import E09000031-London Borough of Waltham Forest,closed,chris48s,chris48s,2019-11-22T20:32:55+00:00,2019-12-04T16:01:43+00:00,2019-12-04T16:01:43+00:00,0,Data Import;ready,11.81
DemocracyClub/UK-Polling-Stations,2429,Import E07000123-Preston City Council,closed,chris48s,chris48s,2019-11-25T15:59:13+00:00,2019-11-28T11:53:54+00:00,2019-11-28T11:53:54+00:00,0,Data Import;ready;open data,2.83
DemocracyClub/UK-Polling-Stations,2450,Import E07000063-Lewes District Council,closed,chris48s,chris48s,2019-11-29T12:08:41+00:00,2019-12-04T19:50:06+00:00,2019-12-04T19:50:06+00:00,0,Data Import;ready,5.32
DemocracyClub/UK-Polling-Stations,2451,Import E07000083-Tewkesbury Borough Council,closed,chris48s,chris48s,2019-11-29T12:09:02+00:00,2019-12-04T19:50:06+00:00,2019-12-04T19:50:07+00:00,0,Data Import;ready,5.32
DemocracyClub/UK-Polling-Stations,2452,Import E07000152-East Northamptonshire Council,closed,chris48s,chris48s,2019-11-29T12:09:14+00:00,2019-12-04T19:50:07+00:00,2019-12-04T19:50:07+00:00,0,Data Import;ready,5.32
DemocracyClub/UK-Polling-Stations,2453,Import E07000209-Guildford Borough Council,closed,chris48s,chris48s,2019-11-29T12:09:40+00:00,2019-12-03T17:11:39+00:00,2019-12-03T17:11:40+00:00,0,Data Import;ready;open data,4.21
DemocracyClub/UK-Polling-Stations,2454,Import E09000029-London Borough of Sutton,closed,chris48s,chris48s,2019-11-29T12:09:53+00:00,2019-12-04T19:50:07+00:00,2019-12-04T19:50:08+00:00,0,Data Import;ready,5.32
DemocracyClub/UK-Polling-Stations,2455,Import E06000022-Bath & North East Somerset Council,closed,chris48s,chris48s,2019-11-29T12:11:18+00:00,2019-12-04T19:50:08+00:00,2019-12-04T19:50:08+00:00,0,Data Import;ready,5.32
DemocracyClub/UK-Polling-Stations,2456,Import E06000052-Cornwall Council,closed,chris48s,chris48s,2019-11-29T12:11:29+00:00,2019-12-04T19:50:08+00:00,2019-12-04T19:50:09+00:00,0,Data Import;ready,5.32
DemocracyClub/UK-Polling-Stations,2457,Import E07000242-East Hertfordshire District Council,closed,chris48s,chris48s,2019-11-29T12:11:39+00:00,2019-12-04T19:50:09+00:00,2019-12-04T19:50:09+00:00,0,Data Import;ready,5.32
DemocracyClub/UK-Polling-Stations,2458,Import E07000099-North Hertfordshire District Council,closed,chris48s,chris48s,2019-11-29T12:11:48+00:00,2019-12-04T19:50:09+00:00,2019-12-04T19:50:10+00:00,0,Data Import;ready,5.32
DemocracyClub/UK-Polling-Stations,2459,Import E06000036-Bracknell Forest Borough Council,closed,chris48s,chris48s,2019-11-29T12:11:59+00:00,2019-12-06T17:01:21+00:00,2019-12-06T17:01:21+00:00,0,Data Import;ready,7.2
DemocracyClub/UK-Polling-Stations,2460,Import E07000220-Rugby Borough Council,closed,chris48s,chris48s,2019-11-29T12:12:10+00:00,2019-12-05T15:57:40+00:00,2019-12-05T16:15:06+00:00,1,Data Import;ready,6.16
DemocracyClub/UK-Polling-Stations,2461,Import E07000215-Tandridge District Council,closed,chris48s,chris48s,2019-11-29T12:12:27+00:00,2019-12-06T17:01:22+00:00,2019-12-06T17:01:22+00:00,0,Data Import;ready,7.2
DemocracyClub/UK-Polling-Stations,2462,Import E06000012-North East Lincolnshire Council,closed,chris48s,chris48s,2019-11-29T12:12:42+00:00,2019-12-06T17:01:22+00:00,2019-12-06T17:01:22+00:00,0,Data Import;ready,7.2
DemocracyClub/UK-Polling-Stations,2472,Import E08000031-Wolverhampton City Council,closed,chris48s,chris48s,2019-12-02T16:38:25+00:00,2019-12-09T13:18:00+00:00,2019-12-09T13:18:01+00:00,0,Data Import;ready;open data,6.86
DemocracyClub/UK-Polling-Stations,2473,Import E08000027-Dudley Metropolitan Borough Council,closed,chris48s,chris48s,2019-12-02T16:46:16+00:00,2019-12-05T15:57:30+00:00,2019-12-05T16:15:03+00:00,1,Data Import;ready,2.97
DemocracyClub/UK-Polling-Stations,2474,Import E06000050-Cheshire West and Chester,closed,chris48s,chris48s,2019-12-02T16:46:30+00:00,2019-12-06T17:01:23+00:00,2019-12-06T17:01:23+00:00,0,Data Import;ready,4.01
DemocracyClub/UK-Polling-Stations,2479,Import E07000116-Tunbridge Wells Borough Council,closed,chris48s,chris48s,2019-12-03T10:32:08+00:00,2019-12-03T17:11:40+00:00,2019-12-03T17:11:40+00:00,0,Data Import;ready;open data,0.28
DemocracyClub/UK-Polling-Stations,2480,Import E08000017-Doncaster Metropolitan Borough Council,closed,chris48s,chris48s,2019-12-03T10:33:07+00:00,2019-12-04T16:01:42+00:00,2019-12-04T16:01:42+00:00,0,Data Import;ready;open data,1.23
DemocracyClub/UK-Polling-Stations,2481,Import E08000006-Salford City Council,closed,chris48s,chris48s,2019-12-03T10:33:24+00:00,2019-12-04T16:01:42+00:00,2019-12-04T16:01:43+00:00,0,Data Import;ready;open data,1.23
DemocracyClub/UK-Polling-Stations,2498,Import E06000038-Reading Borough Council,closed,chris48s,chris48s,2019-12-05T12:22:29+00:00,2019-12-06T17:01:23+00:00,2019-12-06T17:01:23+00:00,0,Data Import;ready,1.19
DemocracyClub/UK-Polling-Stations,2499,Import E07000102-Three Rivers District Council,closed,chris48s,chris48s,2019-12-05T16:30:13+00:00,2019-12-06T16:49:42+00:00,2019-12-06T16:49:42+00:00,0,Data Import;ready,1.01
DemocracyClub/UK-Polling-Stations,2502,Import E08000034-Kirklees,closed,chris48s,chris48s,2019-12-06T13:31:51+00:00,2019-12-08T16:07:18+00:00,2019-12-08T16:07:18+00:00,0,Data Import;ready,2.11
DemocracyClub/UK-Polling-Stations,2503,Import E06000023-Bristol,closed,chris48s,chris48s,2019-12-06T13:32:43+00:00,2019-12-11T13:02:52+00:00,2019-12-11T13:02:52+00:00,0,Data Import;On hold ⛔;open data,4.98
DemocracyClub/UK-Polling-Stations,2509,Import E08000012-Liverpool,closed,chris48s,chris48s,2019-12-09T19:28:22+00:00,2019-12-10T14:29:38+00:00,2019-12-10T14:29:39+00:00,0,Data Import;ready,0.79
DemocracyClub/UK-Polling-Stations,2510,Update E09000032-Wandsworth,closed,chris48s,chris48s,2019-12-09T19:28:45+00:00,2019-12-10T14:29:39+00:00,2019-12-10T14:29:40+00:00,0,Data Import;ready,0.79
DemocracyClub/UK-Polling-Stations,2516,Import E08000019-Sheffield,closed,chris48s,chris48s,2019-12-10T15:22:22+00:00,2019-12-11T10:44:21+00:00,2019-12-11T10:44:21+00:00,0,Data Import;ready,0.81
DemocracyClub/UK-Polling-Stations,2539,Import E07000225-Chichester District Council,closed,polling-bot-4000,chris48s,2020-01-22T16:27:59+00:00,2020-01-22T17:39:28+00:00,2020-01-22T17:39:28+00:00,2,,0.05
DemocracyClub/UK-Polling-Stations,2540,Allow more than 2 files to be uploaded in a single upload transaction,open,chris48s,,2020-01-22T16:52:23+00:00,,2020-01-22T16:52:23+00:00,0,file uploads 📂,
DemocracyClub/UK-Polling-Stations,2541,Allow user to provide a note or message when uploading files,open,chris48s,,2020-01-22T16:52:42+00:00,,2025-10-01T10:52:56+00:00,1,file uploads 📂,
DemocracyClub/UK-Polling-Stations,2542,"Better errors/explanation for ""expected"" unexpected file types",open,chris48s,,2020-01-22T16:53:03+00:00,,2020-01-22T16:53:03+00:00,0,file uploads 📂,
DemocracyClub/UK-Polling-Stations,2543,Auto-reload after upload,open,chris48s,,2020-01-22T16:53:17+00:00,,2020-01-22T16:53:17+00:00,0,file uploads 📂,
DemocracyClub/UK-Polling-Stations,2544,Improve error handling on promise rejection,open,chris48s,,2020-01-22T16:53:34+00:00,,2025-10-01T10:53:23+00:00,1,file uploads 📂,
DemocracyClub/UK-Polling-Stations,2545,Code improvements in file_uploads app,open,chris48s,,2020-01-22T16:53:53+00:00,,2020-01-22T16:54:59+00:00,0,file uploads 📂,
DemocracyClub/UK-Polling-Stations,2546,Accept zip files,open,chris48s,,2020-01-22T16:55:23+00:00,,2020-01-22T16:55:23+00:00,0,file uploads 📂,
DemocracyClub/UK-Polling-Stations,2547,Make file uploads aware of elections,closed,chris48s,GeoWill,2020-01-22T17:35:32+00:00,2022-02-07T17:12:13+00:00,2022-02-07T17:12:13+00:00,1,file uploads 📂,746.98
DemocracyClub/UK-Polling-Stations,2553,Provide a suggestion/auto-correct invalid postcodes,closed,chris48s,GeoWill,2020-01-30T12:29:14+00:00,2020-03-06T09:55:48+00:00,2020-03-06T09:55:48+00:00,1,Data Import;contender,35.89
DemocracyClub/UK-Polling-Stations,2554,Provide a suggestion for addresses outside local auth,closed,chris48s,GeoWill,2020-01-30T12:34:28+00:00,2025-10-01T10:58:20+00:00,2025-10-01T10:58:20+00:00,0,Data Import;contender,2070.93
DemocracyClub/UK-Polling-Stations,2555,"Flag for ""where did this data come from""",open,chris48s,,2020-01-30T15:27:53+00:00,,2020-01-30T15:27:53+00:00,0,Data Import;contender,
DemocracyClub/UK-Polling-Stations,2557,Import E07000087-Fareham Borough Council,closed,polling-bot-4000,GeoWill,2020-02-03T10:02:41+00:00,2020-03-02T17:56:25+00:00,2020-03-02T17:56:25+00:00,0,Data Import;ready,28.33
DemocracyClub/UK-Polling-Stations,2558,Import E07000188-Sedgemoor District Council,closed,polling-bot-4000,GeoWill,2020-02-03T10:24:00+00:00,2020-03-02T17:56:25+00:00,2020-03-02T17:56:25+00:00,0,Data Import;ready,28.31
DemocracyClub/UK-Polling-Stations,2559,Import E07000096-Dacorum Borough Council,closed,polling-bot-4000,GeoWill,2020-02-03T10:27:53+00:00,2020-03-02T17:56:25+00:00,2020-03-02T17:56:25+00:00,0,Data Import;ready,28.31
DemocracyClub/UK-Polling-Stations,2561,Import E08000030-Walsall Metropolitan Borough Council,closed,polling-bot-4000,GeoWill,2020-02-03T14:09:53+00:00,2020-03-02T17:56:26+00:00,2020-03-02T17:56:26+00:00,0,Data Import;ready,28.16
DemocracyClub/UK-Polling-Stations,2563,Import E07000226-Crawley Borough Council,closed,polling-bot-4000,GeoWill,2020-02-04T10:50:12+00:00,2020-03-02T17:56:25+00:00,2020-03-02T17:56:25+00:00,0,Data Import;ready,27.3
DemocracyClub/UK-Polling-Stations,2564,Add cluster markers to dashboard,closed,GeoWill,GeoWill,2020-02-04T11:52:45+00:00,2020-03-03T12:07:12+00:00,2020-03-03T12:07:12+00:00,1,,28.01
DemocracyClub/UK-Polling-Stations,2571,Import E07000092-Rushmoor Borough Council,closed,polling-bot-4000,GeoWill,2020-02-10T11:07:36+00:00,2020-03-02T17:56:24+00:00,2020-03-02T17:56:24+00:00,0,Data Import;ready,21.28
DemocracyClub/UK-Polling-Stations,2572,Import E07000119-Fylde Borough Council,closed,polling-bot-4000,GeoWill,2020-02-10T11:11:57+00:00,2020-03-05T16:02:44+00:00,2020-03-05T16:02:44+00:00,0,Data Import;ready,24.2
DemocracyClub/UK-Polling-Stations,2579,Import E07000225-Chichester District Council,closed,polling-bot-4000,GeoWill,2020-02-12T10:50:49+00:00,2020-03-05T16:02:44+00:00,2020-03-05T16:02:44+00:00,0,Data Import;ready,22.22
DemocracyClub/UK-Polling-Stations,2580,Import E07000089-Hart District Council,closed,polling-bot-4000,GeoWill,2020-02-13T16:28:05+00:00,2020-03-05T16:02:45+00:00,2020-03-05T16:02:45+00:00,0,Data Import;ready,20.98
DemocracyClub/UK-Polling-Stations,2584,Import E07000005-Chiltern District Council,closed,polling-bot-4000,chris48s,2020-02-17T12:11:54+00:00,2020-03-30T10:05:26+00:00,2020-03-30T10:05:26+00:00,2,Data Import;On hold ⛔,41.91
DemocracyClub/UK-Polling-Stations,2585,Import E07000006-South Buckinghamshire District Council,closed,polling-bot-4000,chris48s,2020-02-17T12:12:48+00:00,2020-03-30T10:05:26+00:00,2020-03-30T10:05:26+00:00,2,Data Import;On hold ⛔,41.91
DemocracyClub/UK-Polling-Stations,2586,Import E09000028-London Borough of Southwark,closed,polling-bot-4000,GeoWill,2020-02-17T14:30:45+00:00,2020-03-05T16:02:45+00:00,2020-03-05T16:02:45+00:00,0,Data Import;ready,17.06
DemocracyClub/UK-Polling-Stations,2589,Import E09000018-London Borough of Hounslow,closed,polling-bot-4000,GeoWill,2020-02-19T10:00:16+00:00,2020-03-05T16:05:17+00:00,2020-03-05T16:05:17+00:00,0,Data Import;ready,15.25
DemocracyClub/UK-Polling-Stations,2590,Import E09000017-London Borough of Hillingdon,closed,polling-bot-4000,GeoWill,2020-02-19T10:05:28+00:00,2020-03-05T16:05:17+00:00,2020-03-05T16:05:17+00:00,0,Data Import;ready,15.25
DemocracyClub/UK-Polling-Stations,2593,Import E07000137-East Lindsey District Council,closed,polling-bot-4000,GeoWill,2020-02-19T11:37:42+00:00,2020-03-05T16:05:17+00:00,2020-03-05T16:05:18+00:00,0,Data Import;ready,15.19
DemocracyClub/UK-Polling-Stations,2594,Import E09000020-Royal Borough of Kensington and Chelsea,closed,polling-bot-4000,GeoWill,2020-02-19T13:28:26+00:00,2020-03-05T16:05:18+00:00,2020-03-05T16:05:18+00:00,2,Data Import;ready,15.11
DemocracyClub/UK-Polling-Stations,2597,Import E08000012-Liverpool City Council,closed,polling-bot-4000,chris48s,2020-02-24T10:28:09+00:00,2020-03-30T10:05:27+00:00,2020-03-30T10:05:27+00:00,0,Data Import;ready,34.98
DemocracyClub/UK-Polling-Stations,2598,Import E09000019-London Borough of Islington,closed,polling-bot-4000,chris48s,2020-02-24T10:33:14+00:00,2020-03-30T10:05:27+00:00,2020-03-30T10:05:27+00:00,0,Data Import;ready,34.98
DemocracyClub/UK-Polling-Stations,2599,Import E08000037-Gateshead Metropolitan Borough Council,closed,polling-bot-4000,chris48s,2020-02-24T11:50:57+00:00,2020-03-30T10:05:27+00:00,2020-03-30T10:05:27+00:00,0,Data Import;ready,34.93
DemocracyClub/UK-Polling-Stations,2600,"Unit tests for {create,import}_uprn_council_lookup",closed,GeoWill,GeoWill,2020-02-24T11:51:28+00:00,2025-10-02T09:06:03+00:00,2025-10-02T09:06:03+00:00,1,,2046.89
DemocracyClub/UK-Polling-Stations,2601,Docs on setting up develpment copy with addressbase,closed,GeoWill,GeoWill,2020-02-24T11:54:04+00:00,2020-03-06T09:54:06+00:00,2020-03-06T09:54:06+00:00,2,,10.92
DemocracyClub/UK-Polling-Stations,2602,Import E07000210-Mole Valley District Council,closed,polling-bot-4000,chris48s,2020-02-24T11:55:07+00:00,2020-03-30T10:05:27+00:00,2020-03-30T10:05:27+00:00,0,Data Import;ready,34.92
DemocracyClub/UK-Polling-Stations,2603,Import E06000032-Luton Borough Council,closed,polling-bot-4000,chris48s,2020-02-24T12:00:46+00:00,2020-03-30T10:05:27+00:00,2020-03-30T10:05:27+00:00,0,Data Import;ready,34.92
DemocracyClub/UK-Polling-Stations,2604,Import E07000131-Harborough District Council,closed,polling-bot-4000,chris48s,2020-02-24T12:06:37+00:00,2020-03-30T10:05:28+00:00,2020-03-30T10:05:28+00:00,0,Data Import;ready,34.92
DemocracyClub/UK-Polling-Stations,2605,Import E07000150-Corby Borough Council,closed,polling-bot-4000,chris48s,2020-02-24T12:11:44+00:00,2020-03-30T10:05:28+00:00,2020-03-30T10:05:28+00:00,0,Data Import;ready,34.91
DemocracyClub/UK-Polling-Stations,2606,Import E07000228-Mid Sussex District Council,closed,polling-bot-4000,chris48s,2020-02-24T14:06:38+00:00,2020-03-30T10:05:28+00:00,2020-03-30T10:05:28+00:00,0,Data Import;ready,34.83
DemocracyClub/UK-Polling-Stations,2607,Import E07000142-West Lindsey District Council,closed,polling-bot-4000,chris48s,2020-02-24T14:10:37+00:00,2020-03-30T10:05:28+00:00,2020-03-30T10:05:28+00:00,0,Data Import;ready,34.83
DemocracyClub/UK-Polling-Stations,2608,Import E07000088-Gosport Borough Council,closed,polling-bot-4000,chris48s,2020-02-24T14:38:31+00:00,2020-03-30T10:05:29+00:00,2020-03-30T10:05:29+00:00,0,Data Import;ready,34.81
DemocracyClub/UK-Polling-Stations,2609,Import E07000042-Mid Devon District Council,closed,polling-bot-4000,chris48s,2020-02-24T14:42:23+00:00,2020-03-30T10:05:29+00:00,2020-03-30T10:05:29+00:00,0,Data Import;ready,34.81
DemocracyClub/UK-Polling-Stations,2610,Import E07000086-Eastleigh Borough Council,closed,polling-bot-4000,chris48s,2020-02-24T14:47:06+00:00,2020-03-30T10:05:29+00:00,2020-03-30T10:05:29+00:00,0,Data Import;ready,34.8
DemocracyClub/UK-Polling-Stations,2611,Import E07000167-Ryedale District Council,closed,polling-bot-4000,chris48s,2020-02-24T14:49:50+00:00,2020-03-30T10:05:29+00:00,2020-03-30T10:05:29+00:00,1,Data Import;ready,34.8
DemocracyClub/UK-Polling-Stations,2612,Import E07000172-Broxtowe Borough Council,closed,chris48s,GeoWill,2020-02-24T14:52:59+00:00,2020-03-12T09:08:48+00:00,2020-03-12T09:08:48+00:00,0,Data Import;ready;open data,16.76
DemocracyClub/UK-Polling-Stations,2613,Import E07000030-Eden District Council,closed,polling-bot-4000,chris48s,2020-02-24T15:09:08+00:00,2020-03-30T10:05:29+00:00,2020-03-30T10:05:29+00:00,0,Data Import;ready,34.79
DemocracyClub/UK-Polling-Stations,2614,Import E07000143-Breckland Council,closed,polling-bot-4000,chris48s,2020-02-24T15:11:57+00:00,2020-03-30T10:05:30+00:00,2020-03-30T10:05:30+00:00,0,Data Import;ready,34.79
DemocracyClub/UK-Polling-Stations,2615,Import E07000211-Reigate and Banstead Borough Council,closed,polling-bot-4000,chris48s,2020-02-24T15:20:09+00:00,2020-03-30T10:05:30+00:00,2020-03-30T10:05:30+00:00,0,Data Import;ready,34.78
DemocracyClub/UK-Polling-Stations,2617,Import E09000027-London Borough of Richmond Upon Thames,closed,polling-bot-4000,chris48s,2020-02-25T16:21:22+00:00,2020-03-30T10:05:30+00:00,2020-03-30T10:05:30+00:00,0,Data Import;ready,33.74
DemocracyClub/UK-Polling-Stations,2618,Import E07000076-Tendring District Council,closed,polling-bot-4000,chris48s,2020-02-25T16:56:08+00:00,2020-03-30T10:05:30+00:00,2020-03-30T10:05:30+00:00,1,Data Import;ready,33.71
DemocracyClub/UK-Polling-Stations,2620,Import W06000012-Neath Port Talbot County Borough Council,closed,polling-bot-4000,chris48s,2020-02-26T13:53:41+00:00,2020-03-30T10:05:30+00:00,2020-03-30T10:05:30+00:00,0,Data Import;ready,32.84
DemocracyClub/UK-Polling-Stations,2623,Import E07000127-West Lancashire Borough Council,closed,polling-bot-4000,chris48s,2020-03-02T10:22:51+00:00,2020-03-30T10:05:30+00:00,2020-03-30T10:05:30+00:00,0,Data Import;ready,27.99
DemocracyClub/UK-Polling-Stations,2624,Import E07000040-East Devon District Council,closed,polling-bot-4000,chris48s,2020-03-02T10:29:38+00:00,2020-03-30T10:04:57+00:00,2020-03-30T10:04:57+00:00,0,Data Import;ready,27.98
DemocracyClub/UK-Polling-Stations,2625,Import E07000109-Gravesham Borough Council,closed,polling-bot-4000,chris48s,2020-03-02T10:49:20+00:00,2020-03-30T10:04:57+00:00,2020-03-30T10:04:57+00:00,0,Data Import;ready,27.97
DemocracyClub/UK-Polling-Stations,2626,Import E07000091-New Forest District Council,closed,polling-bot-4000,chris48s,2020-03-02T10:53:23+00:00,2020-03-30T10:04:57+00:00,2020-03-30T10:04:57+00:00,0,Data Import;ready,27.97
DemocracyClub/UK-Polling-Stations,2627,Import E06000003-Redcar and Cleveland Borough Council,closed,polling-bot-4000,chris48s,2020-03-02T11:00:29+00:00,2020-03-30T10:04:58+00:00,2020-03-30T10:04:58+00:00,0,Data Import;ready,27.96
DemocracyClub/UK-Polling-Stations,2628,Import E06000001-Hartlepool Borough Council,closed,polling-bot-4000,chris48s,2020-03-02T16:02:42+00:00,2020-03-30T10:04:58+00:00,2020-03-30T10:04:58+00:00,0,Data Import;ready,27.75
DemocracyClub/UK-Polling-Stations,2629,Import E07000081-Gloucester City Council,closed,polling-bot-4000,chris48s,2020-03-02T16:05:48+00:00,2020-03-30T10:04:58+00:00,2020-03-30T10:04:58+00:00,0,Data Import;ready,27.75
DemocracyClub/UK-Polling-Stations,2630,Import E06000020-Telford and Wrekin Council,closed,polling-bot-4000,chris48s,2020-03-02T16:13:09+00:00,2020-03-30T10:04:59+00:00,2020-03-30T10:04:59+00:00,0,Data Import;ready,27.74
DemocracyClub/UK-Polling-Stations,2631,Import E07000113-Swale Borough Council,closed,polling-bot-4000,chris48s,2020-03-03T11:20:24+00:00,2020-03-30T10:04:59+00:00,2020-03-30T10:04:59+00:00,0,Data Import;ready,26.95
DemocracyClub/UK-Polling-Stations,2632,Import E08000028-Sandwell Metropolitan Borough Council,closed,polling-bot-4000,chris48s,2020-03-03T11:25:21+00:00,2020-03-30T10:04:59+00:00,2020-03-30T10:04:59+00:00,0,Data Import;ready,26.94
DemocracyClub/UK-Polling-Stations,2633,Import E07000141-South Kesteven District Council,closed,polling-bot-4000,chris48s,2020-03-03T11:28:49+00:00,2020-03-30T10:05:00+00:00,2020-03-30T10:05:00+00:00,0,Data Import;ready,26.94
DemocracyClub/UK-Polling-Stations,2634,Import E07000029-Copeland Borough Council,closed,polling-bot-4000,chris48s,2020-03-03T11:31:22+00:00,2020-03-30T10:05:00+00:00,2020-03-30T10:05:00+00:00,0,Data Import;ready,26.94
DemocracyClub/UK-Polling-Stations,2635,Import E09000021-Royal Borough of Kingston Upon Thames,closed,polling-bot-4000,chris48s,2020-03-03T11:37:43+00:00,2020-03-30T10:05:00+00:00,2021-04-13T10:57:46+00:00,0,Data Import;ready,26.94
DemocracyClub/UK-Polling-Stations,2636,Import E07000116-Tunbridge Wells Borough Council,closed,polling-bot-4000,chris48s,2020-03-03T11:42:15+00:00,2020-03-30T10:05:00+00:00,2020-03-30T10:05:00+00:00,1,Data Import;On hold ⛔,26.93
DemocracyClub/UK-Polling-Stations,2637,Import E06000006-Halton Borough Council,closed,polling-bot-4000,chris48s,2020-03-03T15:41:14+00:00,2020-03-30T10:05:00+00:00,2020-03-30T10:05:00+00:00,0,Data Import;ready,26.77
DemocracyClub/UK-Polling-Stations,2638,Import E06000046-Isle of Wight Council,closed,polling-bot-4000,chris48s,2020-03-03T16:29:50+00:00,2020-03-30T10:05:01+00:00,2020-03-30T10:05:01+00:00,0,Data Import;ready,26.73
DemocracyClub/UK-Polling-Stations,2640,Import E07000212-Runnymede Borough Council,closed,polling-bot-4000,chris48s,2020-03-04T09:44:09+00:00,2020-03-30T10:05:01+00:00,2020-03-30T10:05:01+00:00,0,Data Import;ready,26.01
DemocracyClub/UK-Polling-Stations,2644,Import E07000135-Oadby & Wigston Borough Council,closed,polling-bot-4000,chris48s,2020-03-04T13:05:44+00:00,2020-03-30T10:05:01+00:00,2020-03-30T10:05:01+00:00,0,Data Import;ready,25.87
DemocracyClub/UK-Polling-Stations,2645,Import E09000002-London Borough of Barking and Dagenham,closed,polling-bot-4000,chris48s,2020-03-04T14:26:41+00:00,2020-03-30T10:05:01+00:00,2020-03-30T10:05:01+00:00,0,Data Import;ready,25.82
DemocracyClub/UK-Polling-Stations,2646,Import E07000084-Basingstoke and Deane Borough Council,closed,polling-bot-4000,chris48s,2020-03-04T16:19:29+00:00,2020-03-30T10:05:01+00:00,2020-03-30T10:05:02+00:00,0,Data Import;ready,25.74
DemocracyClub/UK-Polling-Stations,2651,Import E07000209-Guildford Borough Council,closed,polling-bot-4000,chris48s,2020-03-09T10:01:31+00:00,2020-03-30T10:05:02+00:00,2020-03-30T10:05:02+00:00,2,Data Import;On hold ⛔,21.0
DemocracyClub/UK-Polling-Stations,2652,Import E07000107-Dartford Borough Council,closed,polling-bot-4000,chris48s,2020-03-09T10:13:19+00:00,2020-03-30T10:05:02+00:00,2020-03-30T10:05:02+00:00,0,Data Import;ready,20.99
DemocracyClub/UK-Polling-Stations,2653,Import E07000148-Norwich City Council,closed,polling-bot-4000,chris48s,2020-03-09T10:49:24+00:00,2020-03-30T10:05:03+00:00,2020-03-30T10:05:03+00:00,0,Data Import;ready,20.97
DemocracyClub/UK-Polling-Stations,2654,Import E07000139-North Kesteven District Council,closed,polling-bot-4000,chris48s,2020-03-09T10:52:31+00:00,2020-03-30T10:05:03+00:00,2020-03-30T10:05:03+00:00,1,Data Import;ready,20.97
DemocracyClub/UK-Polling-Stations,2655,Import E07000045-Teignbridge District Council,closed,polling-bot-4000,chris48s,2020-03-09T11:00:59+00:00,2020-03-30T10:05:03+00:00,2020-03-30T10:05:03+00:00,0,Data Import;ready,20.96
DemocracyClub/UK-Polling-Stations,2656,Import E07000093-Test Valley Borough Council,closed,polling-bot-4000,chris48s,2020-03-09T11:02:50+00:00,2020-03-30T10:05:03+00:00,2020-03-30T10:05:03+00:00,0,Data Import;ready,20.96
DemocracyClub/UK-Polling-Stations,2657,Import E07000169-Selby District Council,closed,polling-bot-4000,chris48s,2020-03-09T11:05:56+00:00,2020-03-30T10:04:10+00:00,2020-03-30T10:04:10+00:00,0,Data Import;ready,20.96
DemocracyClub/UK-Polling-Stations,2658,Import E08000034-Kirklees Metropolitan Council,closed,polling-bot-4000,chris48s,2020-03-09T13:22:43+00:00,2020-03-30T10:04:10+00:00,2020-03-30T10:04:10+00:00,0,Data Import;ready,20.86
DemocracyClub/UK-Polling-Stations,2659,Import E06000019-Herefordshire Council,closed,polling-bot-4000,chris48s,2020-03-09T15:37:52+00:00,2020-03-30T10:04:11+00:00,2020-03-30T10:04:11+00:00,0,Data Import;ready,20.77
DemocracyClub/UK-Polling-Stations,2660,Import E07000238-Wychavon District Council,closed,polling-bot-4000,chris48s,2020-03-10T10:44:31+00:00,2020-03-30T10:04:11+00:00,2020-03-30T10:04:11+00:00,0,Data Import;ready,19.97
DemocracyClub/UK-Polling-Stations,2661,Import E07000078-Cheltenham Borough Council,closed,polling-bot-4000,chris48s,2020-03-10T11:46:03+00:00,2020-03-30T10:04:11+00:00,2020-03-30T10:04:11+00:00,0,Data Import;ready,19.93
DemocracyClub/UK-Polling-Stations,2662,Import E07000090-Havant Borough Council,closed,polling-bot-4000,chris48s,2020-03-10T11:49:17+00:00,2020-03-30T10:04:11+00:00,2020-03-30T10:04:11+00:00,0,Data Import;ready,19.93
DemocracyClub/UK-Polling-Stations,2663,Import E08000006-Salford City Council,closed,chris48s,GeoWill,2020-03-10T13:40:51+00:00,2020-03-12T09:08:48+00:00,2020-03-12T09:08:48+00:00,0,Data Import;ready;open data,1.81
DemocracyClub/UK-Polling-Stations,2664,Import E07000120-Hyndburn Borough Council,closed,polling-bot-4000,chris48s,2020-03-10T14:13:03+00:00,2020-03-30T10:04:11+00:00,2020-03-30T10:04:11+00:00,0,Data Import;ready,19.83
DemocracyClub/UK-Polling-Stations,2665,Import E07000173-Gedling Borough Council,closed,polling-bot-4000,chris48s,2020-03-10T14:15:31+00:00,2020-03-30T10:04:11+00:00,2020-03-30T10:04:11+00:00,0,Data Import;ready,19.83
DemocracyClub/UK-Polling-Stations,2666,Import E07000066-Basildon Borough Council,closed,polling-bot-4000,chris48s,2020-03-10T14:43:42+00:00,2020-03-30T10:04:12+00:00,2020-03-30T10:04:12+00:00,0,Data Import;ready,19.81
DemocracyClub/UK-Polling-Stations,2667,Import E06000030-Swindon Borough Council,closed,polling-bot-4000,chris48s,2020-03-10T14:45:35+00:00,2020-03-30T10:04:12+00:00,2020-03-30T10:04:12+00:00,0,Data Import;ready,19.8
DemocracyClub/UK-Polling-Stations,2668,Import E06000036-Bracknell Forest Borough Council,closed,polling-bot-4000,chris48s,2020-03-10T15:46:02+00:00,2020-03-30T10:04:12+00:00,2020-03-30T10:04:12+00:00,0,Data Import;ready,19.76
DemocracyClub/UK-Polling-Stations,2669,Import E06000059-Dorset Council,closed,polling-bot-4000,chris48s,2020-03-11T13:45:28+00:00,2020-03-30T10:04:12+00:00,2020-03-30T10:04:12+00:00,0,Data Import;ready,18.85
DemocracyClub/UK-Polling-Stations,2670,Import E06000056-Central Bedfordshire Council,closed,polling-bot-4000,chris48s,2020-03-11T13:53:27+00:00,2020-03-30T10:04:12+00:00,2020-03-30T10:04:12+00:00,0,Data Import;ready,18.84
DemocracyClub/UK-Polling-Stations,2671,"Import E06000058-Bournemouth, Christchurch & Poole Council",closed,polling-bot-4000,chris48s,2020-03-11T14:01:46+00:00,2020-03-30T10:04:13+00:00,2020-03-30T10:04:13+00:00,0,Data Import;ready,18.84
DemocracyClub/UK-Polling-Stations,2672,Import E08000022-North Tyneside Council,closed,polling-bot-4000,chris48s,2020-03-11T14:04:55+00:00,2020-03-30T10:04:13+00:00,2020-03-30T10:04:13+00:00,0,Data Import;ready,18.83
DemocracyClub/UK-Polling-Stations,2673,Import E08000023-South Tyneside Metropolitan Borough Council,closed,polling-bot-4000,chris48s,2020-03-11T14:07:29+00:00,2020-03-30T10:04:13+00:00,2020-03-30T10:04:13+00:00,0,Data Import;ready,18.83
DemocracyClub/UK-Polling-Stations,2674,Import E06000045-Southampton City Council,closed,chris48s,GeoWill,2020-03-11T14:23:17+00:00,2020-03-12T09:08:49+00:00,2020-03-12T09:08:49+00:00,0,Data Import;ready;open data,0.78
DemocracyClub/UK-Polling-Stations,2675,Import E06000018-Nottingham City Council,closed,chris48s,GeoWill,2020-03-11T14:26:10+00:00,2020-03-12T09:08:48+00:00,2020-03-12T09:08:48+00:00,0,Data Import;ready;open data,0.78
DemocracyClub/UK-Polling-Stations,2677,Import E09000016-London Borough of Havering,closed,polling-bot-4000,chris48s,2020-03-12T09:59:59+00:00,2020-03-30T10:04:14+00:00,2020-03-30T10:04:14+00:00,0,Data Import;ready,18.0
DemocracyClub/UK-Polling-Stations,2678,Import E07000012-South Cambridgeshire District Council,closed,polling-bot-4000,chris48s,2020-03-12T10:03:33+00:00,2020-03-30T10:04:14+00:00,2020-03-30T10:04:14+00:00,0,Data Import;ready,18.0
DemocracyClub/UK-Polling-Stations,2679,Import E07000075-Rochford District Council,closed,polling-bot-4000,chris48s,2020-03-12T11:13:29+00:00,2020-03-30T10:04:14+00:00,2020-03-30T10:04:14+00:00,0,Data Import;ready,17.95
DemocracyClub/UK-Polling-Stations,2680,Import E07000181-West Oxfordshire District Council,closed,polling-bot-4000,chris48s,2020-03-12T11:43:57+00:00,2020-03-30T10:04:14+00:00,2020-03-30T10:04:14+00:00,0,Data Import;ready,17.93
DemocracyClub/UK-Polling-Stations,2681,Import E08000032-Bradford Council,closed,polling-bot-4000,chris48s,2020-03-12T15:34:01+00:00,2020-03-30T10:04:15+00:00,2020-03-30T10:04:15+00:00,0,Data Import;ready,17.77
DemocracyClub/UK-Polling-Stations,2685,Import E07000180-Vale of White Horse District Council,closed,polling-bot-4000,chris48s,2020-03-16T13:22:07+00:00,2020-03-30T10:04:15+00:00,2020-03-30T10:04:15+00:00,0,Data Import;ready,13.86
DemocracyClub/UK-Polling-Stations,2686,Import E07000179-South Oxfordshire District Council,closed,polling-bot-4000,chris48s,2020-03-16T13:23:13+00:00,2020-03-30T10:04:15+00:00,2020-03-30T10:04:15+00:00,0,Data Import;ready,13.86
DemocracyClub/UK-Polling-Stations,2687,Import E08000014-Sefton Metropolitan Borough Council,closed,polling-bot-4000,chris48s,2020-03-16T13:24:59+00:00,2020-03-30T10:04:15+00:00,2020-03-30T10:04:15+00:00,0,Data Import;ready,13.86
DemocracyClub/UK-Polling-Stations,2688,Import E08000035-Leeds City Council,closed,polling-bot-4000,chris48s,2020-03-16T13:27:58+00:00,2020-03-30T10:04:15+00:00,2020-03-30T10:04:15+00:00,0,Data Import;ready,13.86
DemocracyClub/UK-Polling-Stations,2713,import_uprn_council_lookup doesn't strip header row from input csv,closed,chris48s,GeoWill,2020-04-06T09:15:10+00:00,2020-12-16T17:27:07+00:00,2020-12-16T17:27:07+00:00,1,bug :bug:,254.34
DemocracyClub/UK-Polling-Stations,2725,Correct help text for `import_councils --contact_type` flag,open,GeoWill,,2020-04-23T11:20:39+00:00,,2021-02-09T14:09:11+00:00,0,recommended for beginners,
DemocracyClub/UK-Polling-Stations,2739,Should `get_uprn_hash_table` be a custom manager?,open,GeoWill,,2020-05-14T18:40:16+00:00,,2025-10-02T09:07:58+00:00,0,,
DemocracyClub/UK-Polling-Stations,2747,Show ONSPD in dashboard,closed,GeoWill,GeoWill,2020-05-21T12:41:08+00:00,2021-02-16T13:04:14+00:00,2021-02-16T13:04:14+00:00,1,,271.02
DemocracyClub/UK-Polling-Stations,2802,Run tests with fail-on-template-vars,open,symroe,,2020-08-09T14:23:44+00:00,,2020-08-09T14:26:00+00:00,0,enhancement;recommended for beginners,
DemocracyClub/UK-Polling-Stations,2810,Support >1 phone number on council contact details,open,symroe,,2020-08-17T18:51:12+00:00,,2020-08-17T18:51:12+00:00,0,enhancement;design 🎨;recommended for beginners,
DemocracyClub/UK-Polling-Stations,2811,Consider showing registation details,closed,symroe,pmk01,2020-08-17T18:53:34+00:00,2025-10-01T11:21:26+00:00,2025-10-01T11:21:26+00:00,0,,1870.69
DemocracyClub/UK-Polling-Stations,2816,Incorrect escaping in some council data,closed,chris48s,symroe,2020-08-19T16:28:38+00:00,2020-08-24T10:04:21+00:00,2020-08-24T10:04:21+00:00,2,,4.73
DemocracyClub/UK-Polling-Stations,2823,Return UK 'territory' in postcode_location key,closed,symroe,GeoWill,2020-08-27T15:10:22+00:00,2020-12-22T12:58:55+00:00,2020-12-22T12:58:55+00:00,3,,116.91
DemocracyClub/UK-Polling-Stations,2898,Travis not caching,closed,GeoWill,GeoWill,2020-10-29T14:31:11+00:00,2021-02-09T14:07:43+00:00,2021-02-09T14:07:43+00:00,1,,102.98
DemocracyClub/UK-Polling-Stations,2909,Checks on council imports,open,GeoWill,,2020-11-05T09:02:22+00:00,,2020-11-05T09:02:22+00:00,0,,
DemocracyClub/UK-Polling-Stations,2917,Improve import report,closed,GeoWill,GeoWill,2020-11-10T11:15:57+00:00,2021-10-19T13:55:43+00:00,2021-10-19T13:55:43+00:00,6,help wanted,343.11
DemocracyClub/UK-Polling-Stations,2918,Explanation of what a UPRN is,closed,GeoWill,GeoWill,2020-11-10T11:18:42+00:00,2025-10-01T11:22:42+00:00,2025-10-01T11:22:42+00:00,0,documentation,1786.0
DemocracyClub/UK-Polling-Stations,2935,Electoral registration services contact details,open,GeoWill,,2020-11-24T14:59:42+00:00,,2025-10-01T11:19:41+00:00,3,,
DemocracyClub/UK-Polling-Stations,2950,gss codes vs reg codes,closed,GeoWill,GeoWill,2020-12-13T23:05:03+00:00,2021-02-09T14:08:11+00:00,2022-03-09T09:50:37+00:00,1,,57.63
DemocracyClub/UK-Polling-Stations,2954,Reg codes in the UprnToCouncil 'lad' column,closed,GeoWill,GeoWill,2020-12-15T20:15:16+00:00,2021-02-09T14:07:13+00:00,2021-02-09T14:07:13+00:00,1,,55.74
DemocracyClub/UK-Polling-Stations,2959,GSS/reg codes in API docs,open,GeoWill,,2020-12-17T12:04:02+00:00,,2020-12-17T12:04:11+00:00,0,api;documentation,
DemocracyClub/UK-Polling-Stations,2972,Import DAC-Dacorum Borough Council,closed,polling-bot-4000,GeoWill,2021-01-15T10:15:02+00:00,2021-02-24T09:12:28+00:00,2022-03-09T09:50:33+00:00,2,Data Import;ready,39.96
DemocracyClub/UK-Polling-Stations,2974,Can we take council boundaries from EE?,open,GeoWill,,2021-01-21T14:47:58+00:00,,2021-01-21T14:47:58+00:00,0,question :grey_question:,
DemocracyClub/UK-Polling-Stations,2982,Import TAW-Tamworth Borough Council,closed,polling-bot-4000,GeoWill,2021-01-25T10:51:19+00:00,2021-02-16T11:00:31+00:00,2022-03-09T09:50:33+00:00,0,Data Import;ready,22.01
DemocracyClub/UK-Polling-Stations,2986,Remove donate button in footer,closed,pmk01,GeoWill,2021-01-27T15:19:55+00:00,2021-01-28T12:12:25+00:00,2021-01-28T12:12:25+00:00,0,,0.87
DemocracyClub/UK-Polling-Stations,2989,Import SAL-St Albans City & District Council,closed,polling-bot-4000,GeoWill,2021-01-29T13:04:36+00:00,2021-04-15T08:54:10+00:00,2022-03-09T09:50:33+00:00,2,Data Import;ready;check_api,75.83
DemocracyClub/UK-Polling-Stations,2993,Don't show postcodes with no polling stations in the dashboard,closed,GeoWill,GeoWill,2021-02-03T12:50:36+00:00,2021-02-09T14:06:03+00:00,2022-03-09T09:50:37+00:00,1,Data Import,6.05
DemocracyClub/UK-Polling-Stations,2995,Import WLL-Walsall Metropolitan Borough Council,closed,polling-bot-4000,GeoWill,2021-02-04T16:32:46+00:00,2021-02-26T12:11:22+00:00,2022-03-09T09:50:33+00:00,0,Data Import;ready,21.82
DemocracyClub/UK-Polling-Stations,3004,Import SHE-Folkestone & Hythe District Council,closed,polling-bot-4000,GeoWill,2021-02-10T16:39:56+00:00,2021-02-26T12:11:21+00:00,2022-03-09T09:50:33+00:00,0,Data Import;ready,15.81
DemocracyClub/UK-Polling-Stations,3006,Import MAV-Malvern Hills District Council,closed,polling-bot-4000,GeoWill,2021-02-11T16:37:15+00:00,2021-02-26T12:11:22+00:00,2022-03-09T09:50:33+00:00,0,Data Import;ready,14.82
DemocracyClub/UK-Polling-Stations,3010,Import ADU-Adur District Council,closed,polling-bot-4000,GeoWill,2021-02-15T11:20:32+00:00,2021-02-23T14:17:53+00:00,2022-03-09T09:50:33+00:00,0,Data Import;ready,8.12
DemocracyClub/UK-Polling-Stations,3011,Import WOT-Worthing Borough Council,closed,polling-bot-4000,GeoWill,2021-02-15T11:22:07+00:00,2021-02-24T09:05:20+00:00,2022-03-09T09:50:33+00:00,0,Data Import;ready,8.91
DemocracyClub/UK-Polling-Stations,3012,Import WYR-Wyre Borough Council,closed,polling-bot-4000,GeoWill,2021-02-15T11:25:40+00:00,2021-02-25T17:07:11+00:00,2022-03-09T09:50:34+00:00,0,Data Import;ready,10.24
DemocracyClub/UK-Polling-Stations,3015,Group 'Largest distances to polling places' by postcode in dashboard,closed,GeoWill,GeoWill,2021-02-16T13:14:46+00:00,2022-03-09T09:52:36+00:00,2022-03-09T09:52:36+00:00,1,enhancement;Data Import,385.86
DemocracyClub/UK-Polling-Stations,3017,Import FAR-Fareham Borough Council,closed,polling-bot-4000,GeoWill,2021-02-17T11:13:35+00:00,2021-02-25T17:27:13+00:00,2022-03-09T09:50:34+00:00,0,Data Import;ready,8.26
DemocracyClub/UK-Polling-Stations,3018,Import FYL-Fylde Borough Council,closed,polling-bot-4000,GeoWill,2021-02-17T15:08:35+00:00,2021-03-02T16:25:55+00:00,2022-03-09T09:50:34+00:00,0,Data Import;ready,13.05
DemocracyClub/UK-Polling-Stations,3024,Import COR-Corby Borough Council,closed,polling-bot-4000,GeoWill,2021-02-18T12:25:11+00:00,2021-03-10T11:53:59+00:00,2022-03-09T09:50:34+00:00,0,Data Import;ready,19.98
DemocracyClub/UK-Polling-Stations,3025,Import RYE-Ryedale District Council,closed,polling-bot-4000,GeoWill,2021-02-18T12:35:22+00:00,2021-03-05T18:00:38+00:00,2022-03-09T09:50:34+00:00,0,Data Import;ready,15.23
DemocracyClub/UK-Polling-Stations,3026,Import ENO-East Northamptonshire Council,closed,polling-bot-4000,GeoWill,2021-02-18T16:05:26+00:00,2021-03-16T14:53:25+00:00,2022-03-09T09:50:34+00:00,0,Data Import;ready,25.95
DemocracyClub/UK-Polling-Stations,3033,Import SST-South Staffordshire District Council,closed,polling-bot-4000,GeoWill,2021-02-22T10:55:18+00:00,2021-03-24T16:55:49+00:00,2022-03-09T09:50:34+00:00,2,Data Import;ready,30.25
DemocracyClub/UK-Polling-Stations,3034,Import NHE-North Hertfordshire District Council,closed,polling-bot-4000,GeoWill,2021-02-22T12:07:40+00:00,2021-04-16T16:03:10+00:00,2022-03-09T09:50:34+00:00,2,Data Import;ready,53.16
DemocracyClub/UK-Polling-Stations,3035,Import CHO-Chorley Borough Council,closed,polling-bot-4000,alexdutton,2021-02-22T12:43:45+00:00,2021-03-22T12:12:44+00:00,2022-03-09T09:50:34+00:00,0,Data Import;ready,27.98
DemocracyClub/UK-Polling-Stations,3038,Import HEF-Herefordshire Council,closed,polling-bot-4000,GeoWill,2021-02-23T12:40:53+00:00,2021-03-10T12:19:20+00:00,2022-03-09T09:50:34+00:00,0,Data Import;ready,14.99
DemocracyClub/UK-Polling-Stations,3039,Import EST-East Staffordshire Borough Council,closed,polling-bot-4000,alexdutton,2021-02-23T13:27:21+00:00,2021-03-22T11:41:27+00:00,2022-03-09T09:50:34+00:00,0,Data Import;ready,26.93
DemocracyClub/UK-Polling-Stations,3040,Import COT-Cotswold District Council,closed,polling-bot-4000,GeoWill,2021-02-23T13:29:57+00:00,2021-03-05T17:39:28+00:00,2022-03-09T09:50:35+00:00,1,Data Import;ready,10.17
DemocracyClub/UK-Polling-Stations,3041,Import EHA-East Hampshire District Council,closed,polling-bot-4000,GeoWill,2021-02-23T13:33:02+00:00,2021-03-04T13:35:12+00:00,2022-03-09T09:50:35+00:00,0,Data Import;ready,9.0
DemocracyClub/UK-Polling-Stations,3044,Import ESK-East Suffolk Council,closed,polling-bot-4000,GeoWill,2021-02-24T12:07:22+00:00,2021-04-06T16:57:21+00:00,2022-03-09T09:50:35+00:00,1,Data Import;ready;On hold ⛔,41.2
DemocracyClub/UK-Polling-Stations,3045,Import NEW-New Forest District Council,closed,polling-bot-4000,GeoWill,2021-02-24T12:13:32+00:00,2021-02-26T14:23:07+00:00,2022-03-09T09:50:35+00:00,0,Data Import;ready,2.09
DemocracyClub/UK-Polling-Stations,3050,Import SAW-Sandwell Metropolitan Borough Council,closed,polling-bot-4000,GeoWill,2021-02-25T09:05:10+00:00,2021-03-08T13:46:47+00:00,2022-03-09T09:50:35+00:00,0,Data Import;ready,11.2
DemocracyClub/UK-Polling-Stations,3051,Only report validation when all files are processed,closed,pmk01,VirginiaDooley,2021-02-25T10:36:10+00:00,2023-03-01T09:23:47+00:00,2023-03-01T09:23:47+00:00,5,file uploads 📂,733.95
DemocracyClub/UK-Polling-Stations,3052,Import CHI-Chichester District Council,closed,polling-bot-4000,GeoWill,2021-02-25T10:59:22+00:00,2021-03-10T11:53:48+00:00,2022-03-09T09:50:35+00:00,1,Data Import;ready,13.04
DemocracyClub/UK-Polling-Stations,3064,Import WAE-Waverley Borough Council,closed,polling-bot-4000,GeoWill,2021-03-01T10:16:53+00:00,2021-03-02T17:02:44+00:00,2022-03-09T09:50:35+00:00,0,Data Import;ready,1.28
DemocracyClub/UK-Polling-Stations,3066,Import EAY-East Ayrshire Council,closed,polling-bot-4000,GeoWill,2021-03-02T10:34:23+00:00,2021-03-16T18:10:52+00:00,2022-03-09T09:50:35+00:00,1,Data Import;ready;Scotland 🏴󠁧󠁢󠁳󠁣󠁴󠁿,14.32
DemocracyClub/UK-Polling-Stations,3067,Import NAY-North Ayrshire Council,closed,polling-bot-4000,GeoWill,2021-03-02T10:37:23+00:00,2021-03-16T18:10:53+00:00,2022-03-09T09:50:35+00:00,1,Data Import;ready;Scotland 🏴󠁧󠁢󠁳󠁣󠁴󠁿,14.31
DemocracyClub/UK-Polling-Stations,3068,Import SAY-South Ayrshire Council,closed,polling-bot-4000,GeoWill,2021-03-02T10:38:19+00:00,2021-03-16T18:10:53+00:00,2022-03-09T09:50:35+00:00,1,Data Import;ready;Scotland 🏴󠁧󠁢󠁳󠁣󠁴󠁿,14.31
DemocracyClub/UK-Polling-Stations,3071,Import MOL-Mole Valley District Council,closed,polling-bot-4000,GeoWill,2021-03-02T12:34:56+00:00,2021-04-09T09:58:57+00:00,2022-03-09T09:50:36+00:00,0,Data Import;ready,37.89
DemocracyClub/UK-Polling-Stations,3074,Import ISL-London Borough of Islington,closed,polling-bot-4000,GeoWill,2021-03-02T15:01:28+00:00,2021-03-04T12:17:01+00:00,2022-03-09T09:50:36+00:00,1,Data Import;ready;London 💂,1.89
DemocracyClub/UK-Polling-Stations,3076,Import HAE-Hambleton District Council,closed,polling-bot-4000,GeoWill,2021-03-02T16:29:35+00:00,2021-03-04T14:37:27+00:00,2022-03-09T09:50:36+00:00,0,Data Import;ready,1.92
DemocracyClub/UK-Polling-Stations,3078,Import GOS-Gosport Borough Council,closed,polling-bot-4000,GeoWill,2021-03-02T17:12:07+00:00,2021-03-04T14:30:00+00:00,2022-03-09T09:50:36+00:00,0,Data Import;ready,1.89
DemocracyClub/UK-Polling-Stations,3080,Import RUN-Runnymede Borough Council,closed,polling-bot-4000,GeoWill,2021-03-03T10:09:59+00:00,2021-03-04T13:48:18+00:00,2022-03-09T09:50:36+00:00,0,Data Import;ready,1.15
DemocracyClub/UK-Polling-Stations,3082,Import HAT-Hart District Council,closed,polling-bot-4000,GeoWill,2021-03-03T10:59:55+00:00,2021-03-04T13:57:05+00:00,2022-03-09T09:50:36+00:00,0,Data Import;ready,1.12
DemocracyClub/UK-Polling-Stations,3083,Import BUN-Burnley Borough Council,closed,polling-bot-4000,GeoWill,2021-03-03T11:08:13+00:00,2021-03-09T15:47:32+00:00,2022-03-09T09:50:36+00:00,0,Data Import;ready,6.19
DemocracyClub/UK-Polling-Stations,3084,Import BAN-Basingstoke and Deane Borough Council,closed,polling-bot-4000,GeoWill,2021-03-03T11:11:38+00:00,2021-03-04T14:15:56+00:00,2022-03-09T09:50:36+00:00,0,Data Import;ready,1.13
DemocracyClub/UK-Polling-Stations,3085,Import TES-Test Valley Borough Council,closed,polling-bot-4000,GeoWill,2021-03-03T11:18:14+00:00,2021-03-08T09:17:12+00:00,2022-03-09T09:50:36+00:00,0,Data Import;ready,4.92
DemocracyClub/UK-Polling-Stations,3086,Import SCE-Scarborough Borough Council,closed,polling-bot-4000,GeoWill,2021-03-03T12:49:16+00:00,2021-03-21T10:55:13+00:00,2022-03-09T09:50:36+00:00,1,Data Import;ready,17.92
DemocracyClub/UK-Polling-Stations,3087,Import EAT-Eastleigh Borough Council,closed,polling-bot-4000,GeoWill,2021-03-03T12:57:18+00:00,2021-03-05T17:53:59+00:00,2022-03-09T09:50:36+00:00,0,Data Import;ready,2.21
DemocracyClub/UK-Polling-Stations,3089,Import COP-Copeland Borough Council,closed,polling-bot-4000,GeoWill,2021-03-03T13:29:58+00:00,2021-03-15T10:30:18+00:00,2022-03-09T09:50:37+00:00,0,Data Import;ready,11.88
DemocracyClub/UK-Polling-Stations,3090,Import MAV-Malvern Hills District Council,closed,polling-bot-4000,GeoWill,2021-03-03T13:40:13+00:00,2021-03-05T18:00:22+00:00,2022-03-09T09:50:37+00:00,2,Data Import;ready,2.18
DemocracyClub/UK-Polling-Stations,3099,Import HCK-London Borough of Hackney,closed,polling-bot-4000,GeoWill,2021-03-04T10:42:47+00:00,2021-03-05T17:58:58+00:00,2022-03-09T09:50:37+00:00,0,Data Import;ready;London 💂,1.3
DemocracyClub/UK-Polling-Stations,3100,Import EAS-Eastbourne Borough Council,closed,polling-bot-4000,GeoWill,2021-03-04T10:47:27+00:00,2021-03-15T10:30:19+00:00,2022-03-09T09:50:37+00:00,0,Data Import;ready,10.99
DemocracyClub/UK-Polling-Stations,3101,Import ANS-Angus Council,closed,polling-bot-4000,GeoWill,2021-03-04T10:52:32+00:00,2021-03-19T08:49:52+00:00,2022-03-09T09:50:37+00:00,1,Data Import;ready;Scotland 🏴󠁧󠁢󠁳󠁣󠁴󠁿,14.91
DemocracyClub/UK-Polling-Stations,3104,Import DOR-Dorset Council,closed,polling-bot-4000,GeoWill,2021-03-04T13:36:04+00:00,2021-04-01T15:52:24+00:00,2022-03-09T09:50:37+00:00,0,Data Import;ready;On hold ⛔,28.09
DemocracyClub/UK-Polling-Stations,3105,Import SEG-Sedgemoor District Council,closed,polling-bot-4000,GeoWill,2021-03-04T13:46:37+00:00,2021-03-15T10:30:19+00:00,2022-03-09T09:50:37+00:00,0,Data Import;ready,10.86
DemocracyClub/UK-Polling-Stations,3107,Import GRA-Gravesham Borough Council,closed,polling-bot-4000,GeoWill,2021-03-04T15:09:00+00:00,2021-03-21T10:56:29+00:00,2022-03-09T09:50:37+00:00,0,Data Import;ready,16.82
DemocracyClub/UK-Polling-Stations,3108,Import SNO-South Norfolk District Council,closed,polling-bot-4000,GeoWill,2021-03-04T15:54:38+00:00,2021-03-21T10:56:29+00:00,2022-03-09T09:50:39+00:00,0,Data Import;ready,16.79
DemocracyClub/UK-Polling-Stations,3109,Import ECA-East Cambridgeshire District Council,closed,polling-bot-4000,GeoWill,2021-03-04T16:04:28+00:00,2021-03-21T10:56:29+00:00,2022-03-09T09:50:39+00:00,1,Data Import;ready,16.79
DemocracyClub/UK-Polling-Stations,3112,Import BRO-Broadland District Council,closed,polling-bot-4000,alexdutton,2021-03-05T09:13:15+00:00,2021-03-22T17:07:20+00:00,2022-03-09T09:50:40+00:00,0,Data Import;ready,17.33
DemocracyClub/UK-Polling-Stations,3115,Import BAS-Bath & North East Somerset Council,closed,polling-bot-4000,alexdutton,2021-03-05T11:00:04+00:00,2021-03-30T12:13:34+00:00,2022-03-09T09:50:40+00:00,0,Data Import;ready,25.05
DemocracyClub/UK-Polling-Stations,3116,Import GRT-Guildford Borough Council,closed,polling-bot-4000,GeoWill,2021-03-05T15:09:40+00:00,2021-04-01T16:03:52+00:00,2022-03-09T09:50:40+00:00,1,Data Import;ready,27.04
DemocracyClub/UK-Polling-Stations,3121,Import STV-Stevenage Borough Council,closed,polling-bot-4000,alexdutton,2021-03-08T10:02:49+00:00,2021-03-30T12:58:43+00:00,2022-03-09T09:50:40+00:00,1,Data Import;ready;On hold ⛔,22.12
DemocracyClub/UK-Polling-Stations,3122,Import STT-Stockton-on-Tees Borough Council,closed,polling-bot-4000,GeoWill,2021-03-08T13:27:20+00:00,2021-03-10T12:01:35+00:00,2022-03-09T09:50:40+00:00,1,Data Import;ready,1.94
DemocracyClub/UK-Polling-Stations,3123,Import EDN-Eden District Council,closed,polling-bot-4000,alexdutton,2021-03-08T13:56:18+00:00,2021-03-30T12:58:58+00:00,2022-03-09T09:50:40+00:00,1,Data Import;ready;On hold ⛔,21.96
DemocracyClub/UK-Polling-Stations,3126,Import NWP-Newport City Council,closed,polling-bot-4000,GeoWill,2021-03-08T19:46:42+00:00,2021-04-15T10:57:47+00:00,2022-03-09T09:50:40+00:00,1,Data Import;ready;Wales 🏴󠁧󠁢󠁷󠁬󠁳󠁿,37.63
DemocracyClub/UK-Polling-Stations,3127,Import BAR-Barrow-in-Furness Borough Council,closed,polling-bot-4000,GeoWill,2021-03-08T19:54:21+00:00,2021-03-22T22:57:11+00:00,2022-03-09T09:50:40+00:00,0,Data Import;ready,14.13
DemocracyClub/UK-Polling-Stations,3128,Import STR-Stratford on Avon District Council,closed,polling-bot-4000,GeoWill,2021-03-08T19:57:29+00:00,2021-03-22T22:57:11+00:00,2022-03-09T09:50:40+00:00,0,Data Import;ready,14.12
DemocracyClub/UK-Polling-Stations,3132,Import UTT-Uttlesford District Council,closed,polling-bot-4000,GeoWill,2021-03-09T11:58:10+00:00,2021-03-19T08:32:52+00:00,2022-03-09T09:50:40+00:00,0,Data Import;ready,9.86
DemocracyClub/UK-Polling-Stations,3133,Support for a Welsh translation,open,alexdutton,,2021-03-09T16:41:19+00:00,,2025-10-02T13:53:16+00:00,3,enhancement;design 🎨,
DemocracyClub/UK-Polling-Stations,3135,Import SRI-South Ribble Borough Council,closed,polling-bot-4000,GeoWill,2021-03-09T23:18:41+00:00,2021-03-22T22:57:11+00:00,2022-03-09T09:50:40+00:00,0,Data Import;ready,12.99
DemocracyClub/UK-Polling-Stations,3138,Import RCC-Redcar and Cleveland Borough Council,closed,polling-bot-4000,GeoWill,2021-03-10T11:51:46+00:00,2021-03-16T12:50:33+00:00,2022-03-09T09:50:41+00:00,0,Data Import;ready,6.04
DemocracyClub/UK-Polling-Stations,3139,Import COT-Cotswold District Council,closed,polling-bot-4000,GeoWill,2021-03-10T12:05:23+00:00,2021-03-10T17:52:03+00:00,2022-03-09T09:50:41+00:00,0,Data Import;ready,0.24
DemocracyClub/UK-Polling-Stations,3140,Import CRF-City of Cardiff Council,closed,polling-bot-4000,GeoWill,2021-03-10T12:19:28+00:00,2021-03-24T16:57:01+00:00,2022-03-09T09:50:41+00:00,1,Data Import;ready;Wales 🏴󠁧󠁢󠁷󠁬󠁳󠁿,14.19
DemocracyClub/UK-Polling-Stations,3142,Import LIC-Lincoln City Council,closed,polling-bot-4000,GeoWill,2021-03-10T14:31:57+00:00,2021-03-23T09:13:09+00:00,2022-03-09T09:50:41+00:00,0,Data Import;ready,12.78
DemocracyClub/UK-Polling-Stations,3144,Import STE-Stoke on Trent City Council,closed,polling-bot-4000,GeoWill,2021-03-10T15:10:56+00:00,2021-03-12T12:52:55+00:00,2022-03-09T09:50:41+00:00,0,Data Import;ready,1.9
DemocracyClub/UK-Polling-Stations,3146,Import STN-London Borough of Sutton,closed,polling-bot-4000,GeoWill,2021-03-10T16:04:58+00:00,2021-03-23T09:13:10+00:00,2022-03-09T09:50:41+00:00,0,Data Import;ready;London 💂,12.71
DemocracyClub/UK-Polling-Stations,3147,Import BUN-Burnley Borough Council,closed,polling-bot-4000,GeoWill,2021-03-10T16:07:25+00:00,2021-03-16T11:04:32+00:00,2022-03-09T09:50:41+00:00,2,Data Import;ready,5.79
DemocracyClub/UK-Polling-Stations,3149,Import IOW-Isle of Wight Council,closed,polling-bot-4000,GeoWill,2021-03-10T21:37:12+00:00,2021-03-12T12:50:13+00:00,2022-03-09T09:50:41+00:00,0,Data Import;ready,1.63
DemocracyClub/UK-Polling-Stations,3150,Import BRD-Bradford Council,closed,polling-bot-4000,GeoWill,2021-03-10T21:41:25+00:00,2021-03-18T22:02:04+00:00,2022-03-09T09:50:41+00:00,0,Data Import;ready,8.01
DemocracyClub/UK-Polling-Stations,3155,Import RUT-Rutland County Council,closed,polling-bot-4000,alexdutton,2021-03-11T15:18:15+00:00,2021-03-30T12:59:13+00:00,2021-03-30T12:59:13+00:00,1,Data Import;ready;On hold ⛔,18.9
DemocracyClub/UK-Polling-Stations,3156,Import NEL-North East Lincolnshire Council,closed,polling-bot-4000,GeoWill,2021-03-11T16:28:43+00:00,2021-03-30T12:48:19+00:00,2022-03-09T09:50:41+00:00,0,Data Import;ready;On hold ⛔,18.85
DemocracyClub/UK-Polling-Stations,3160,Import WDE-West Devon Borough Council,closed,polling-bot-4000,GeoWill,2021-03-12T10:39:21+00:00,2021-03-16T15:21:16+00:00,2022-03-09T09:50:41+00:00,0,Data Import;ready,4.2
DemocracyClub/UK-Polling-Stations,3161,Import WOX-West Oxfordshire District Council,closed,polling-bot-4000,GeoWill,2021-03-12T11:00:24+00:00,2021-04-09T09:58:06+00:00,2022-03-09T09:50:42+00:00,3,Data Import;ready,27.96
DemocracyClub/UK-Polling-Stations,3163,Import DAR-Dartford Borough Council,closed,polling-bot-4000,GeoWill,2021-03-12T12:25:40+00:00,2021-04-01T15:17:26+00:00,2022-03-09T09:50:42+00:00,0,Data Import;ready,20.12
DemocracyClub/UK-Polling-Stations,3164,Import WRT-Warrington Borough Council,closed,polling-bot-4000,GeoWill,2021-03-12T13:29:37+00:00,2021-04-02T13:41:29+00:00,2022-03-09T09:50:42+00:00,1,Data Import;ready,21.01
DemocracyClub/UK-Polling-Stations,3165,Import BNS-Barnsley Metropolitan Borough Council,closed,polling-bot-4000,GeoWill,2021-03-12T14:20:42+00:00,2021-04-05T11:52:31+00:00,2022-03-09T09:50:42+00:00,0,Data Import;ready,23.9
DemocracyClub/UK-Polling-Stations,3168,Import DER-Derby City Council,closed,polling-bot-4000,GeoWill,2021-03-12T15:53:42+00:00,2021-03-16T18:09:13+00:00,2022-03-09T09:50:42+00:00,0,Data Import;ready,4.09
DemocracyClub/UK-Polling-Stations,3174,Import CMN-Carmarthenshire County Council,closed,polling-bot-4000,GeoWill,2021-03-15T10:01:02+00:00,2021-04-15T11:09:30+00:00,2022-03-09T09:50:42+00:00,0,Data Import;ready;Wales 🏴󠁧󠁢󠁷󠁬󠁳󠁿,31.05
DemocracyClub/UK-Polling-Stations,3175,"Import BPC-Bournemouth, Christchurch & Poole Council",closed,polling-bot-4000,GeoWill,2021-03-15T10:09:08+00:00,2021-03-18T22:06:31+00:00,2022-03-09T09:50:42+00:00,0,Data Import;ready,3.5
DemocracyClub/UK-Polling-Stations,3177,Import OAD-Oadby & Wigston Borough Council,closed,polling-bot-4000,GeoWill,2021-03-15T10:46:13+00:00,2021-03-19T15:16:21+00:00,2022-03-09T09:50:42+00:00,4,Data Import;ready,4.19
DemocracyClub/UK-Polling-Stations,3178,Import DAV-Daventry District Council,closed,polling-bot-4000,GeoWill,2021-03-15T10:49:37+00:00,2021-03-18T22:10:27+00:00,2022-03-09T09:50:42+00:00,0,Data Import;ready,3.47
DemocracyClub/UK-Polling-Stations,3179,Import SWT-Somerset West & Taunton Council,closed,polling-bot-4000,GeoWill,2021-03-15T10:53:25+00:00,2021-03-22T14:48:42+00:00,2022-03-09T09:50:42+00:00,0,Data Import;ready,7.16
DemocracyClub/UK-Polling-Stations,3180,Import GED-Gedling Borough Council,closed,polling-bot-4000,GeoWill,2021-03-15T11:20:30+00:00,2021-03-18T22:15:55+00:00,2022-03-09T09:50:42+00:00,0,Data Import;ready,3.46
DemocracyClub/UK-Polling-Stations,3181,Import ROT-Rotherham Metropolitan Borough Council,closed,polling-bot-4000,GeoWill,2021-03-15T11:30:37+00:00,2021-03-18T22:08:48+00:00,2022-03-09T09:50:42+00:00,0,Data Import;ready,3.44
DemocracyClub/UK-Polling-Stations,3182,Import TOF-Torfaen County Borough Council,closed,polling-bot-4000,GeoWill,2021-03-15T11:44:16+00:00,2021-04-01T15:51:48+00:00,2022-03-09T09:50:43+00:00,0,Data Import;ready;Wales 🏴󠁧󠁢󠁷󠁬󠁳󠁿,17.17
DemocracyClub/UK-Polling-Stations,3184,Import COP-Copeland Borough Council,closed,polling-bot-4000,GeoWill,2021-03-15T11:51:49+00:00,2021-04-01T15:53:04+00:00,2022-03-09T09:50:43+00:00,1,Data Import;ready,17.17
DemocracyClub/UK-Polling-Stations,3186,Import NOW-Norwich City Council,closed,polling-bot-4000,GeoWill,2021-03-15T14:50:18+00:00,2021-04-01T15:55:57+00:00,2022-03-09T09:50:43+00:00,1,Data Import;ready,17.05
DemocracyClub/UK-Polling-Stations,3189,Import HUN-Huntingdonshire District Council,closed,polling-bot-4000,GeoWill,2021-03-15T15:45:39+00:00,2021-03-22T15:15:22+00:00,2022-03-09T09:50:43+00:00,1,Data Import;ready,6.98
DemocracyClub/UK-Polling-Stations,3190,Import SOX-South Oxfordshire District Council,closed,polling-bot-4000,GeoWill,2021-03-15T16:24:33+00:00,2021-03-24T14:35:49+00:00,2022-03-09T09:50:43+00:00,1,Data Import;ready,8.92
DemocracyClub/UK-Polling-Stations,3192,Import VAL-Vale of White Horse District Council,closed,polling-bot-4000,GeoWill,2021-03-15T16:26:22+00:00,2021-03-30T12:45:21+00:00,2022-03-09T09:50:43+00:00,1,Data Import;ready,14.85
DemocracyClub/UK-Polling-Stations,3193,Welsh contextual mutations implementation,open,alexdutton,,2021-03-15T17:24:31+00:00,,2021-03-24T09:52:11+00:00,0,enhancement;Wales 🏴󠁧󠁢󠁷󠁬󠁳󠁿,
DemocracyClub/UK-Polling-Stations,3196,Import WND-London Borough of Wandsworth,closed,polling-bot-4000,GeoWill,2021-03-16T07:46:30+00:00,2021-03-22T15:36:24+00:00,2022-03-09T09:50:43+00:00,0,Data Import;ready;London 💂,6.33
DemocracyClub/UK-Polling-Stations,3198,Import NOR-Northampton Borough Council,closed,polling-bot-4000,GeoWill,2021-03-16T10:05:55+00:00,2021-03-19T15:15:29+00:00,2022-03-09T09:50:43+00:00,0,Data Import;ready,3.21
DemocracyClub/UK-Polling-Stations,3199,Import CHL-Chelmsford City Council,closed,polling-bot-4000,GeoWill,2021-03-16T10:19:32+00:00,2021-03-24T09:15:18+00:00,2022-03-09T09:50:43+00:00,1,Data Import;ready,7.96
DemocracyClub/UK-Polling-Stations,3200,Import RIB-Ribble Valley Borough Council,closed,polling-bot-4000,GeoWill,2021-03-16T10:23:07+00:00,2021-03-25T15:38:05+00:00,2022-03-09T09:50:43+00:00,0,Data Import;ready,9.22
DemocracyClub/UK-Polling-Stations,3201,Import WFT-London Borough of Waltham Forest,closed,polling-bot-4000,GeoWill,2021-03-16T10:55:02+00:00,2021-03-22T15:43:20+00:00,2022-03-09T09:50:47+00:00,0,Data Import;ready;London 💂,6.2
DemocracyClub/UK-Polling-Stations,3202,Import SCA-South Cambridgeshire District Council,closed,polling-bot-4000,GeoWill,2021-03-16T10:57:47+00:00,2021-03-19T15:26:19+00:00,2022-03-09T09:50:47+00:00,0,Data Import;ready,3.19
DemocracyClub/UK-Polling-Stations,3206,Import WLL-Walsall Metropolitan Borough Council,closed,polling-bot-4000,GeoWill,2021-03-16T13:31:55+00:00,2021-04-01T15:57:56+00:00,2022-03-09T09:50:47+00:00,2,Data Import;ready,16.1
DemocracyClub/UK-Polling-Stations,3207,Import TAN-Tandridge District Council,closed,polling-bot-4000,GeoWill,2021-03-16T13:46:54+00:00,2021-04-01T16:00:12+00:00,2022-03-09T09:50:47+00:00,0,Data Import;ready,16.09
DemocracyClub/UK-Polling-Stations,3208,Import TEN-Tendring District Council,closed,polling-bot-4000,GeoWill,2021-03-16T13:50:30+00:00,2021-03-19T17:22:32+00:00,2022-03-09T09:50:47+00:00,0,Data Import;ready,3.15
DemocracyClub/UK-Polling-Stations,3209,Import BAI-Basildon Borough Council,closed,polling-bot-4000,GeoWill,2021-03-16T14:13:10+00:00,2021-03-19T17:23:15+00:00,2022-03-09T09:50:47+00:00,0,Data Import;ready,3.13
DemocracyClub/UK-Polling-Stations,3210,Import SEL-Selby District Council,closed,polling-bot-4000,GeoWill,2021-03-16T14:34:40+00:00,2021-03-19T17:24:38+00:00,2022-03-09T09:50:47+00:00,0,Data Import;ready,3.12
DemocracyClub/UK-Polling-Stations,3211,Import AMB-Amber Valley Borough Council,closed,polling-bot-4000,GeoWill,2021-03-16T14:36:24+00:00,2021-04-05T11:52:31+00:00,2022-03-09T09:50:47+00:00,0,Data Import;ready,19.89
DemocracyClub/UK-Polling-Stations,3213,Import SWA-City & County of Swansea,closed,polling-bot-4000,GeoWill,2021-03-16T15:47:02+00:00,2021-04-09T09:55:53+00:00,2022-03-09T09:50:47+00:00,1,Data Import;ready;Wales 🏴󠁧󠁢󠁷󠁬󠁳󠁿,23.76
DemocracyClub/UK-Polling-Stations,3214,Import CBF-Central Bedfordshire Council,closed,polling-bot-4000,GeoWill,2021-03-16T16:11:31+00:00,2021-03-19T17:25:27+00:00,2022-03-09T09:50:48+00:00,0,Data Import;ready,3.05
DemocracyClub/UK-Polling-Stations,3220,Import BGE-Bridgend County Borough Council,closed,polling-bot-4000,GeoWill,2021-03-17T10:33:31+00:00,2021-04-15T11:09:58+00:00,2022-03-09T09:50:48+00:00,0,Data Import;ready;Wales 🏴󠁧󠁢󠁷󠁬󠁳󠁿,29.03
DemocracyClub/UK-Polling-Stations,3221,Import SSO-South Somerset District Council,closed,polling-bot-4000,GeoWill,2021-03-17T12:00:07+00:00,2021-04-23T12:48:36+00:00,2022-03-09T09:50:48+00:00,2,Data Import;ready,37.03
DemocracyClub/UK-Polling-Stations,3222,Import LUT-Luton Borough Council,closed,polling-bot-4000,GeoWill,2021-03-17T12:08:04+00:00,2021-04-05T11:52:31+00:00,2022-03-09T09:50:48+00:00,0,Data Import;ready,18.99
DemocracyClub/UK-Polling-Stations,3223,Import BDF-Bedford Borough Council,closed,polling-bot-4000,GeoWill,2021-03-17T12:11:47+00:00,2021-04-05T11:52:32+00:00,2022-03-09T09:50:48+00:00,0,Data Import;ready,18.99
DemocracyClub/UK-Polling-Stations,3225,Import WNM-Royal Borough of Windsor and Maidenhead,closed,polling-bot-4000,GeoWill,2021-03-17T12:27:45+00:00,2021-04-01T16:02:34+00:00,2022-03-09T09:50:48+00:00,2,Data Import;ready,15.15
DemocracyClub/UK-Polling-Stations,3226,Import PLY-Plymouth City Council,closed,polling-bot-4000,GeoWill,2021-03-17T12:59:00+00:00,2021-03-19T17:26:48+00:00,2022-03-09T09:50:48+00:00,0,Data Import;ready,2.19
DemocracyClub/UK-Polling-Stations,3228,Import MAS-Mansfield District Council,closed,polling-bot-4000,GeoWill,2021-03-17T14:11:17+00:00,2021-04-01T16:06:19+00:00,2022-03-09T09:50:48+00:00,0,Data Import;ready,15.08
DemocracyClub/UK-Polling-Stations,3229,Import STY-South Tyneside Metropolitan Borough Council,closed,polling-bot-4000,GeoWill,2021-03-17T14:46:48+00:00,2021-03-19T17:27:51+00:00,2022-03-09T09:50:48+00:00,0,Data Import;ready,2.11
DemocracyClub/UK-Polling-Stations,3232,Import HAS-Hastings Borough Council,closed,polling-bot-4000,GeoWill,2021-03-17T16:32:11+00:00,2021-03-22T15:50:09+00:00,2022-03-09T09:50:48+00:00,0,Data Import;ready,4.97
DemocracyClub/UK-Polling-Stations,3233,Import TRF-Trafford Metropolitan Borough Council,closed,polling-bot-4000,GeoWill,2021-03-17T16:42:23+00:00,2021-03-19T17:28:25+00:00,2022-03-09T09:50:48+00:00,0,Data Import;ready,2.03
DemocracyClub/UK-Polling-Stations,3236,Import ASF-Ashford Borough Council,closed,polling-bot-4000,GeoWill,2021-03-18T09:55:57+00:00,2021-03-19T17:29:10+00:00,2022-03-09T09:50:49+00:00,0,Data Import;ready,1.31
DemocracyClub/UK-Polling-Stations,3238,Import HIL-London Borough of Hillingdon,closed,polling-bot-4000,GeoWill,2021-03-18T11:47:42+00:00,2021-03-25T14:39:44+00:00,2022-03-09T09:50:49+00:00,1,Data Import;ready;London 💂,7.12
DemocracyClub/UK-Polling-Stations,3239,Import STA-Stafford Borough Council,closed,polling-bot-4000,GeoWill,2021-03-18T11:56:21+00:00,2021-04-01T16:07:45+00:00,2022-03-09T09:50:49+00:00,0,Data Import;ready,14.17
DemocracyClub/UK-Polling-Stations,3242,Import RUS-Rushcliffe Borough Council,closed,polling-bot-4000,GeoWill,2021-03-18T15:05:28+00:00,2021-03-22T16:02:39+00:00,2022-03-09T09:50:49+00:00,0,Data Import;ready,4.04
DemocracyClub/UK-Polling-Stations,3246,Import AYL-Buckinghamshire Council (Aylesbury Vale Office),closed,polling-bot-4000,GeoWill,2021-03-18T17:37:18+00:00,2021-03-22T16:03:43+00:00,2022-03-09T09:50:49+00:00,0,Data Import;ready,3.94
DemocracyClub/UK-Polling-Stations,3247,Import CHN-Buckinghamshire Council (Chiltern Office),closed,polling-bot-4000,GeoWill,2021-03-18T18:19:57+00:00,2021-03-22T16:41:56+00:00,2022-03-09T09:50:49+00:00,0,Data Import;ready,3.93
DemocracyClub/UK-Polling-Stations,3248,Import WYO-Buckinghamshire Council (Wycombe Office),closed,polling-bot-4000,GeoWill,2021-03-18T18:20:05+00:00,2021-03-24T07:55:58+00:00,2022-03-09T09:50:49+00:00,0,Data Import;ready,5.57
DemocracyClub/UK-Polling-Stations,3249,Import SBU-Buckinghamshire Council (South Buckinghamshire Office),closed,polling-bot-4000,GeoWill,2021-03-18T18:20:14+00:00,2021-03-22T16:43:14+00:00,2022-03-09T09:50:49+00:00,0,Data Import;ready,3.93
DemocracyClub/UK-Polling-Stations,3250,Import LDS-Leeds City Council,closed,polling-bot-4000,GeoWill,2021-03-18T18:25:52+00:00,2021-03-24T11:35:38+00:00,2022-03-09T09:50:49+00:00,0,Data Import;ready,5.72
DemocracyClub/UK-Polling-Stations,3252,Import BRX-Broxbourne Borough Council,closed,polling-bot-4000,GeoWill,2021-03-19T10:23:13+00:00,2021-04-05T11:52:32+00:00,2022-03-09T09:50:49+00:00,0,Data Import;ready,17.06
DemocracyClub/UK-Polling-Stations,3253,Import CRW-Crawley Borough Council,closed,polling-bot-4000,GeoWill,2021-03-19T10:26:07+00:00,2021-03-24T14:58:41+00:00,2022-03-09T09:50:50+00:00,0,Data Import;ready,5.19
DemocracyClub/UK-Polling-Stations,3254,Import WOI-Woking Borough Council,closed,polling-bot-4000,GeoWill,2021-03-19T11:17:43+00:00,2021-03-30T13:17:48+00:00,2022-03-09T09:50:50+00:00,0,Data Import;ready,11.08
DemocracyClub/UK-Polling-Stations,3255,Import HPL-Hartlepool Borough Council,closed,polling-bot-4000,GeoWill,2021-03-19T11:34:12+00:00,2021-03-24T14:04:02+00:00,2022-03-09T09:50:50+00:00,0,Data Import;ready,5.1
DemocracyClub/UK-Polling-Stations,3256,Import LCE-Leicester City Council,closed,polling-bot-4000,GeoWill,2021-03-19T11:49:38+00:00,2021-03-25T12:29:48+00:00,2022-03-09T09:50:50+00:00,0,Data Import;ready,6.03
DemocracyClub/UK-Polling-Stations,3257,Import HAG-Harrogate Borough Council,closed,polling-bot-4000,GeoWill,2021-03-19T11:52:46+00:00,2021-03-30T13:19:10+00:00,2022-03-09T09:50:50+00:00,1,Data Import;ready,11.06
DemocracyClub/UK-Polling-Stations,3258,Import DAL-Darlington Borough Council,closed,polling-bot-4000,GeoWill,2021-03-19T13:09:30+00:00,2021-03-24T11:40:38+00:00,2022-03-09T09:50:50+00:00,0,Data Import;ready,4.94
DemocracyClub/UK-Polling-Stations,3259,Import MDB-Middlesbrough Borough Council,closed,polling-bot-4000,GeoWill,2021-03-19T13:13:00+00:00,2021-03-24T14:20:10+00:00,2022-03-09T09:50:50+00:00,0,Data Import;ready,5.05
DemocracyClub/UK-Polling-Stations,3260,Import HRY-London Borough of Haringey,closed,polling-bot-4000,GeoWill,2021-03-19T13:37:53+00:00,2021-03-24T09:20:48+00:00,2022-03-09T09:50:50+00:00,0,Data Import;ready;London 💂,4.82
DemocracyClub/UK-Polling-Stations,3261,Import WSK-West Suffolk Council,closed,polling-bot-4000,GeoWill,2021-03-19T13:59:30+00:00,2021-04-01T16:11:08+00:00,2022-03-09T09:50:50+00:00,0,Data Import;ready,13.09
DemocracyClub/UK-Polling-Stations,3262,Import IOS - Isles of Scilly,closed,GeoWill,GeoWill,2021-03-19T15:36:27+00:00,2021-04-05T11:52:32+00:00,2022-03-09T09:50:50+00:00,0,,16.84
DemocracyClub/UK-Polling-Stations,3263,Import TAM-Tameside Metropolitan Borough Council,closed,polling-bot-4000,GeoWill,2021-03-19T15:38:47+00:00,2021-04-01T16:15:38+00:00,2022-03-09T09:50:54+00:00,0,Data Import;ready,13.03
DemocracyClub/UK-Polling-Stations,3264,Import KET-Kettering Borough Council,closed,polling-bot-4000,GeoWill,2021-03-19T15:44:30+00:00,2021-04-15T11:10:53+00:00,2022-03-09T09:50:55+00:00,0,Data Import;ready,26.81
DemocracyClub/UK-Polling-Stations,3265,Import EDE-East Devon District Council,closed,polling-bot-4000,GeoWill,2021-03-19T15:50:20+00:00,2021-04-09T09:55:05+00:00,2022-03-09T09:50:55+00:00,2,Data Import;ready,20.75
DemocracyClub/UK-Polling-Stations,3266,Import DUR-Durham County Council,closed,polling-bot-4000,GeoWill,2021-03-19T15:50:59+00:00,2021-04-06T16:56:43+00:00,2022-03-09T09:50:55+00:00,0,Data Import;ready,18.05
DemocracyClub/UK-Polling-Stations,3267,Herefordshire updates,closed,GeoWill,GeoWill,2021-03-19T16:34:56+00:00,2021-03-24T17:34:01+00:00,2022-03-09T09:50:55+00:00,0,Data Import,5.04
DemocracyClub/UK-Polling-Stations,3273,Import AGB-Argyll and Bute Council,closed,polling-bot-4000,GeoWill,2021-03-22T09:20:13+00:00,2021-04-02T10:06:59+00:00,2022-03-09T09:50:55+00:00,0,Data Import;ready;check_api;Scotland 🏴󠁧󠁢󠁳󠁣󠁴󠁿,11.03
DemocracyClub/UK-Polling-Stations,3274,Import WDU-West Dunbartonshire Council,closed,polling-bot-4000,GeoWill,2021-03-22T09:25:31+00:00,2021-04-01T16:03:52+00:00,2022-03-09T09:50:55+00:00,0,Data Import;ready;Scotland 🏴󠁧󠁢󠁳󠁣󠁴󠁿,10.28
DemocracyClub/UK-Polling-Stations,3275,Import EDU-East Dunbartonshire Council,closed,polling-bot-4000,GeoWill,2021-03-22T09:26:49+00:00,2021-03-30T13:32:53+00:00,2022-03-09T09:50:55+00:00,0,Data Import;ready;Scotland 🏴󠁧󠁢󠁳󠁣󠁴󠁿,8.17
DemocracyClub/UK-Polling-Stations,3276,Import ELN-East Lothian Council,closed,polling-bot-4000,GeoWill,2021-03-22T10:02:23+00:00,2021-04-01T16:03:53+00:00,2022-03-09T09:50:55+00:00,0,Data Import;ready;Scotland 🏴󠁧󠁢󠁳󠁣󠁴󠁿,10.25
DemocracyClub/UK-Polling-Stations,3277,Import MLN-Midlothian Council,closed,polling-bot-4000,GeoWill,2021-03-22T10:04:12+00:00,2021-04-01T16:03:53+00:00,2022-03-09T09:50:55+00:00,0,Data Import;ready;Scotland 🏴󠁧󠁢󠁳󠁣󠁴󠁿,10.25
DemocracyClub/UK-Polling-Stations,3278,Import WLN-West Lothian Council,closed,polling-bot-4000,GeoWill,2021-03-22T10:06:22+00:00,2021-04-14T15:15:45+00:00,2022-03-09T09:50:55+00:00,1,Data Import;ready;Scotland 🏴󠁧󠁢󠁳󠁣󠁴󠁿,23.21
DemocracyClub/UK-Polling-Stations,3279,Import EDH-City of Edinburgh Council,closed,polling-bot-4000,GeoWill,2021-03-22T10:08:10+00:00,2021-04-14T15:18:14+00:00,2022-03-09T09:50:56+00:00,0,Data Import;ready;Scotland 🏴󠁧󠁢󠁳󠁣󠁴󠁿,23.22
DemocracyClub/UK-Polling-Stations,3280,Import HLD-Highland Council,closed,polling-bot-4000,GeoWill,2021-03-22T10:19:29+00:00,2021-03-24T09:20:48+00:00,2022-03-09T09:50:56+00:00,0,Data Import;ready;Scotland 🏴󠁧󠁢󠁳󠁣󠁴󠁿,1.96
DemocracyClub/UK-Polling-Stations,3281,Import SHR-Shropshire Council,closed,polling-bot-4000,GeoWill,2021-03-22T10:31:56+00:00,2021-04-15T11:20:21+00:00,2022-03-09T09:50:56+00:00,0,Data Import;ready,24.03
DemocracyClub/UK-Polling-Stations,3282,Import MEN-Mendip District Council,closed,polling-bot-4000,GeoWill,2021-03-22T10:35:51+00:00,2021-04-09T10:59:56+00:00,2022-03-09T09:50:56+00:00,0,Data Import;ready,18.02
DemocracyClub/UK-Polling-Stations,3284,Import STO-Stroud District Council,closed,polling-bot-4000,GeoWill,2021-03-22T10:42:46+00:00,2021-04-20T13:58:44+00:00,2022-03-09T09:50:56+00:00,1,Data Import;ready,29.14
DemocracyClub/UK-Polling-Stations,3285,Import NTY-North Tyneside Council,closed,polling-bot-4000,GeoWill,2021-03-22T11:05:40+00:00,2021-04-07T16:53:57+00:00,2022-03-09T09:50:56+00:00,0,Data Import;ready,16.24
DemocracyClub/UK-Polling-Stations,3286,Import SKP-Stockport Metropolitan Borough Council,closed,polling-bot-4000,GeoWill,2021-03-22T11:10:26+00:00,2021-04-08T08:08:56+00:00,2022-03-09T09:50:56+00:00,0,Data Import;ready,16.87
DemocracyClub/UK-Polling-Stations,3287,Import KHL-Kingston-upon-Hull City Council,closed,polling-bot-4000,GeoWill,2021-03-22T11:43:58+00:00,2021-04-07T16:59:16+00:00,2022-03-09T09:50:56+00:00,1,Data Import;ready,16.22
DemocracyClub/UK-Polling-Stations,3288,Import PEN-Pendle Borough Council,closed,polling-bot-4000,GeoWill,2021-03-22T11:55:51+00:00,2021-04-07T17:00:41+00:00,2022-03-09T09:50:56+00:00,0,Data Import;ready,16.21
DemocracyClub/UK-Polling-Stations,3292,Import NWM-London Borough of Newham,closed,polling-bot-4000,GeoWill,2021-03-22T13:34:06+00:00,2021-03-24T09:20:48+00:00,2022-03-09T09:50:56+00:00,0,Data Import;ready;London 💂,1.82
DemocracyClub/UK-Polling-Stations,3293,Import LBH-London Borough of Lambeth,closed,polling-bot-4000,GeoWill,2021-03-22T14:01:10+00:00,2021-03-24T09:20:49+00:00,2022-03-09T09:50:57+00:00,1,Data Import;ready;check_api;London 💂,1.81
DemocracyClub/UK-Polling-Stations,3306,Import CAB-Cambridge City Council,closed,polling-bot-4000,GeoWill,2021-03-23T09:23:32+00:00,2021-04-07T17:09:15+00:00,2022-03-09T09:50:57+00:00,0,Data Import;ready,15.32
DemocracyClub/UK-Polling-Stations,3307,Import EXE-Exeter City Council,closed,polling-bot-4000,GeoWill,2021-03-23T11:46:56+00:00,2021-04-07T17:08:26+00:00,2022-03-09T09:50:57+00:00,0,Data Import;ready,15.22
DemocracyClub/UK-Polling-Stations,3308,Import MAI-Maidstone Borough Council,closed,polling-bot-4000,GeoWill,2021-03-23T12:01:28+00:00,2021-04-09T09:41:28+00:00,2022-03-09T09:50:57+00:00,0,Data Import;ready,16.9
DemocracyClub/UK-Polling-Stations,3310,Import NKE-North Kesteven District Council,closed,polling-bot-4000,GeoWill,2021-03-23T12:07:09+00:00,2021-04-09T10:56:12+00:00,2022-03-09T09:50:57+00:00,0,Data Import;ready,16.95
DemocracyClub/UK-Polling-Stations,3311,Import TOR-Torridge District Council,closed,polling-bot-4000,GeoWill,2021-03-23T12:11:08+00:00,2021-04-15T11:31:46+00:00,2022-03-09T09:50:57+00:00,0,Data Import;ready,22.97
DemocracyClub/UK-Polling-Stations,3312,Import ORK-Orkney Islands Council,closed,polling-bot-4000,GeoWill,2021-03-23T12:13:41+00:00,2021-03-24T17:15:42+00:00,2022-03-09T09:50:57+00:00,0,Data Import;ready;Scotland 🏴󠁧󠁢󠁳󠁣󠁴󠁿,1.21
DemocracyClub/UK-Polling-Stations,3313,Import FOE-Forest of Dean District Council,closed,polling-bot-4000,GeoWill,2021-03-23T12:16:57+00:00,2021-04-09T10:35:42+00:00,2022-03-09T09:50:57+00:00,0,Data Import;ready,16.93
DemocracyClub/UK-Polling-Stations,3314,Import ARU-Arun District Council,closed,polling-bot-4000,GeoWill,2021-03-23T12:20:32+00:00,2021-05-03T11:23:04+00:00,2022-03-09T09:50:57+00:00,2,Data Import;ready,40.96
DemocracyClub/UK-Polling-Stations,3316,Import BEN-London Borough of Brent,closed,polling-bot-4000,GeoWill,2021-03-23T12:35:45+00:00,2021-04-01T16:03:51+00:00,2022-03-09T09:50:57+00:00,1,Data Import;ready;London 💂,9.14
DemocracyClub/UK-Polling-Stations,3318,Import SAW-Sandwell Metropolitan Borough Council,closed,polling-bot-4000,GeoWill,2021-03-23T14:02:54+00:00,2021-04-01T16:03:52+00:00,2022-03-09T09:50:57+00:00,0,Data Import;ready,9.08
DemocracyClub/UK-Polling-Stations,3322,Import ZET-Shetland Islands Council,closed,polling-bot-4000,GeoWill,2021-03-23T15:05:06+00:00,2021-03-24T15:29:03+00:00,2022-03-09T09:50:58+00:00,0,Data Import;ready;Scotland 🏴󠁧󠁢󠁳󠁣󠁴󠁿,1.02
DemocracyClub/UK-Polling-Stations,3328,Import KIR-Kirklees Metropolitan Council,closed,polling-bot-4000,GeoWill,2021-03-24T10:26:33+00:00,2021-04-09T10:58:56+00:00,2022-03-09T09:50:58+00:00,0,Data Import;ready,16.02
DemocracyClub/UK-Polling-Stations,3329,Import WKF-Wakefield Metropolitan District Council,closed,polling-bot-4000,alexdutton,2021-03-24T10:33:20+00:00,2021-04-09T15:07:04+00:00,2022-03-09T09:50:58+00:00,0,Data Import;ready,16.19
DemocracyClub/UK-Polling-Stations,3330,Import CMD-London Borough of Camden,closed,polling-bot-4000,GeoWill,2021-03-24T10:52:14+00:00,2021-03-26T16:07:39+00:00,2022-03-09T09:50:58+00:00,0,Data Import;ready;London 💂,2.22
DemocracyClub/UK-Polling-Stations,3331,Import LIF-Lichfield District Council,closed,polling-bot-4000,GeoWill,2021-03-24T10:59:40+00:00,2021-04-09T12:59:31+00:00,2022-03-09T09:50:58+00:00,0,Data Import;ready,16.08
DemocracyClub/UK-Polling-Stations,3332,Import KWL-Knowsley Metropolitan Borough Council,closed,polling-bot-4000,GeoWill,2021-03-24T11:08:51+00:00,2021-04-09T14:39:08+00:00,2022-03-09T09:50:58+00:00,0,Data Import;ready,16.15
DemocracyClub/UK-Polling-Stations,3333,Import POR-Portsmouth City Council,closed,polling-bot-4000,GeoWill,2021-03-24T11:21:54+00:00,2021-04-09T14:44:39+00:00,2022-03-09T09:50:58+00:00,0,Data Import;ready,16.14
DemocracyClub/UK-Polling-Stations,3335,Import KEC-Royal Borough of Kensington and Chelsea,closed,polling-bot-4000,GeoWill,2021-03-24T11:30:09+00:00,2021-03-26T16:07:39+00:00,2022-03-09T09:50:58+00:00,0,Data Import;ready;London 💂,2.19
DemocracyClub/UK-Polling-Stations,3337,Import DEN-Denbighshire County Borough Council,closed,polling-bot-4000,GeoWill,2021-03-24T11:40:37+00:00,2021-04-09T16:19:03+00:00,2022-03-09T09:50:58+00:00,0,Data Import;ready;Wales 🏴󠁧󠁢󠁷󠁬󠁳󠁿,16.19
DemocracyClub/UK-Polling-Stations,3338,Import LND-City of London,closed,GeoWill,GeoWill,2021-03-24T12:03:10+00:00,2021-03-26T16:07:40+00:00,2022-03-09T09:50:58+00:00,0,Data Import;ready;London 💂,2.17
DemocracyClub/UK-Polling-Stations,3345,Import BST-Bristol City Council,closed,polling-bot-4000,GeoWill,2021-03-24T17:42:31+00:00,2021-04-15T11:44:20+00:00,2022-03-09T09:50:58+00:00,0,Data Import;ready;Priority,21.75
DemocracyClub/UK-Polling-Stations,3349,Import HAL-Halton Borough Council,closed,polling-bot-4000,GeoWill,2021-03-25T09:20:45+00:00,2021-04-13T13:55:44+00:00,2022-03-09T09:50:59+00:00,0,Data Import;ready,19.19
DemocracyClub/UK-Polling-Stations,3350,Import RUH-Rushmoor Borough Council,closed,polling-bot-4000,GeoWill,2021-03-25T09:30:29+00:00,2021-04-13T13:56:11+00:00,2022-03-09T09:50:59+00:00,0,Data Import;ready,19.18
DemocracyClub/UK-Polling-Stations,3351,Import NTL-Neath Port Talbot County Borough Council,closed,polling-bot-4000,GeoWill,2021-03-25T10:36:31+00:00,2021-04-13T13:57:03+00:00,2022-03-09T09:50:59+00:00,0,Data Import;ready;Wales 🏴󠁧󠁢󠁷󠁬󠁳󠁿,19.14
DemocracyClub/UK-Polling-Stations,3352,Import ERW-East Renfrewshire Council,closed,polling-bot-4000,GeoWill,2021-03-25T10:46:27+00:00,2021-04-02T13:41:27+00:00,2022-03-09T09:50:59+00:00,0,Data Import;ready;Scotland 🏴󠁧󠁢󠁳󠁣󠁴󠁿,8.12
DemocracyClub/UK-Polling-Stations,3353,Import RFW-Renfrewshire Council,closed,polling-bot-4000,GeoWill,2021-03-25T10:47:34+00:00,2021-04-02T13:41:27+00:00,2022-03-09T09:50:59+00:00,0,Data Import;ready;Scotland 🏴󠁧󠁢󠁳󠁣󠁴󠁿,8.12
DemocracyClub/UK-Polling-Stations,3354,Import IVC-Inverclyde Council,closed,polling-bot-4000,GeoWill,2021-03-25T10:48:27+00:00,2021-04-02T13:41:28+00:00,2022-03-09T09:50:59+00:00,0,Data Import;ready;Scotland 🏴󠁧󠁢󠁳󠁣󠁴󠁿,8.12
DemocracyClub/UK-Polling-Stations,3355,Import BNE-London Borough of Barnet,closed,polling-bot-4000,GeoWill,2021-03-25T11:42:42+00:00,2021-03-26T16:07:40+00:00,2022-03-09T09:50:59+00:00,0,Data Import;ready;London 💂,1.18
DemocracyClub/UK-Polling-Stations,3356,Import HRW-London Borough of Harrow,closed,polling-bot-4000,GeoWill,2021-03-25T11:49:58+00:00,2021-03-26T16:07:40+00:00,2022-03-09T09:50:59+00:00,0,Data Import;ready;London 💂,1.18
DemocracyClub/UK-Polling-Stations,3357,Import LEW-London Borough of Lewisham,closed,polling-bot-4000,GeoWill,2021-03-25T11:55:04+00:00,2021-04-01T15:11:24+00:00,2022-03-09T09:50:59+00:00,0,Data Import;ready;London 💂,7.14
DemocracyClub/UK-Polling-Stations,3358,Import SCB-Scottish Borders Council,closed,polling-bot-4000,GeoWill,2021-03-25T12:10:31+00:00,2021-04-02T13:41:28+00:00,2022-03-09T09:50:59+00:00,0,Data Import;ready;Scotland 🏴󠁧󠁢󠁳󠁣󠁴󠁿,8.06
DemocracyClub/UK-Polling-Stations,3361,Import NBL-Northumberland County Council,closed,polling-bot-4000,GeoWill,2021-03-25T12:16:31+00:00,2021-04-13T14:22:30+00:00,2022-03-09T09:51:00+00:00,0,Data Import;ready,19.09
DemocracyClub/UK-Polling-Stations,3362,Import OLD-Oldham Metropolitan Borough Council,closed,polling-bot-4000,GeoWill,2021-03-25T12:33:41+00:00,2021-04-01T13:34:26+00:00,2022-03-09T09:51:00+00:00,0,Data Import;ready,7.04
DemocracyClub/UK-Polling-Stations,3364,Import ENF-London Borough of Enfield,closed,polling-bot-4000,GeoWill,2021-03-25T12:38:52+00:00,2021-03-30T13:32:18+00:00,2022-03-09T09:51:00+00:00,0,Data Import;ready;London 💂,5.04
DemocracyClub/UK-Polling-Stations,3365,Import BOS-Bolsover District Council,closed,polling-bot-4000,GeoWill,2021-03-25T12:39:50+00:00,2021-04-13T14:23:34+00:00,2022-03-09T09:51:00+00:00,0,Data Import;ready,19.07
DemocracyClub/UK-Polling-Stations,3366,Import HAA-Havant Borough Council,closed,polling-bot-4000,GeoWill,2021-03-25T12:56:40+00:00,2021-04-13T14:24:00+00:00,2022-03-09T09:51:00+00:00,0,Data Import;ready,19.06
DemocracyClub/UK-Polling-Stations,3367,Import RUG-Rugby Borough Council,closed,polling-bot-4000,GeoWill,2021-03-25T13:17:11+00:00,2021-04-13T14:31:49+00:00,2022-03-09T09:51:00+00:00,0,Data Import;ready,19.05
DemocracyClub/UK-Polling-Stations,3369,Import WYC-Wychavon District Council,closed,polling-bot-4000,GeoWill,2021-03-25T13:32:10+00:00,2021-04-15T12:00:13+00:00,2022-03-09T09:51:00+00:00,1,Data Import;ready,20.94
DemocracyClub/UK-Polling-Stations,3370,Import SKE-South Kesteven District Council,closed,polling-bot-4000,GeoWill,2021-03-25T13:39:00+00:00,2021-04-13T13:59:58+00:00,2022-03-09T09:51:00+00:00,0,Data Import;ready,19.01
DemocracyClub/UK-Polling-Stations,3371,Import SWD-Swindon Borough Council,closed,polling-bot-4000,GeoWill,2021-03-25T13:52:11+00:00,2021-04-14T14:42:43+00:00,2022-03-09T09:51:00+00:00,0,Data Import;ready,20.04
DemocracyClub/UK-Polling-Stations,3372,Import SLA-South Lakeland District Council,closed,polling-bot-4000,GeoWill,2021-03-25T13:54:38+00:00,2021-04-14T14:44:00+00:00,2022-03-09T09:51:14+00:00,0,Data Import;ready,20.03
DemocracyClub/UK-Polling-Stations,3373,Import NNO-North Norfolk District Council,closed,polling-bot-4000,GeoWill,2021-03-25T14:00:00+00:00,2021-04-14T14:44:41+00:00,2022-03-09T09:51:15+00:00,0,Data Import;ready,20.03
DemocracyClub/UK-Polling-Stations,3374,Import CHT-Cheltenham Borough Council,closed,polling-bot-4000,GeoWill,2021-03-25T14:01:33+00:00,2021-04-14T14:54:09+00:00,2022-03-09T09:51:15+00:00,0,Data Import;ready,20.04
DemocracyClub/UK-Polling-Stations,3375,Import BIR-Birmingham City Council,closed,polling-bot-4000,GeoWill,2021-03-25T15:00:16+00:00,2021-04-14T15:15:18+00:00,2022-03-09T09:51:15+00:00,0,Data Import;ready,20.01
DemocracyClub/UK-Polling-Stations,3377,Import WRL-Wirral Metropolitan Borough Council,closed,polling-bot-4000,GeoWill,2021-03-25T18:39:52+00:00,2021-04-14T15:16:28+00:00,2022-03-09T09:51:15+00:00,0,Data Import;ready,19.86
DemocracyClub/UK-Polling-Stations,3382,Import NWA-North Warwickshire Borough Council,closed,polling-bot-4000,GeoWill,2021-03-26T10:37:33+00:00,2021-04-14T15:17:00+00:00,2022-03-09T09:51:15+00:00,4,Data Import;ready,19.19
DemocracyClub/UK-Polling-Stations,3383,Import BDG-London Borough of Barking and Dagenham,closed,polling-bot-4000,GeoWill,2021-03-26T10:54:52+00:00,2021-03-30T13:31:23+00:00,2022-03-09T09:51:15+00:00,0,Data Import;ready;London 💂,4.11
DemocracyClub/UK-Polling-Stations,3384,Import WOC-Worcester City Council,closed,polling-bot-4000,GeoWill,2021-03-26T11:05:17+00:00,2021-04-15T08:53:24+00:00,2022-03-09T09:51:15+00:00,0,Data Import;ready,19.91
DemocracyClub/UK-Polling-Stations,3385,Import MSS-Mid Sussex District Council,closed,polling-bot-4000,GeoWill,2021-03-26T11:12:16+00:00,2021-04-15T11:58:28+00:00,2022-03-09T09:51:15+00:00,0,Data Import;ready,20.03
DemocracyClub/UK-Polling-Stations,3386,Import ENO-East Northamptonshire Council,closed,polling-bot-4000,smsmith97,2021-03-26T11:18:10+00:00,2021-04-19T08:25:31+00:00,2022-03-09T09:51:15+00:00,1,Data Import;ready,23.88
DemocracyClub/UK-Polling-Stations,3387,Import ECA-East Cambridgeshire District Council,closed,polling-bot-4000,GeoWill,2021-03-26T11:33:06+00:00,2021-04-16T16:03:27+00:00,2022-03-09T09:51:15+00:00,0,Data Import;ready,21.19
DemocracyClub/UK-Polling-Stations,3388,Import CHE-Cheshire East Council,closed,polling-bot-4000,GeoWill,2021-03-26T11:38:09+00:00,2021-04-16T15:04:10+00:00,2022-03-09T09:51:15+00:00,0,Data Import;ready,21.14
DemocracyClub/UK-Polling-Stations,3389,Import PTE-Peterborough City Council,closed,polling-bot-4000,GeoWill,2021-03-26T11:50:22+00:00,2021-04-16T15:05:17+00:00,2022-03-09T09:51:16+00:00,1,Data Import;ready,21.14
DemocracyClub/UK-Polling-Stations,3390,Import ROS-Rossendale Borough Council,closed,polling-bot-4000,GeoWill,2021-03-26T12:03:14+00:00,2021-04-16T15:06:02+00:00,2022-03-09T09:51:16+00:00,2,Data Import;ready,21.13
DemocracyClub/UK-Polling-Stations,3396,Import FLN-Flintshire County Council,closed,polling-bot-4000,GeoWill,2021-03-29T09:00:00+00:00,2021-04-15T12:40:35+00:00,2022-03-09T09:51:16+00:00,0,Data Import;ready;Wales 🏴󠁧󠁢󠁷󠁬󠁳󠁿,17.15
DemocracyClub/UK-Polling-Stations,3398,Import DEB-Derbyshire Dales District Council,closed,polling-bot-4000,GeoWill,2021-03-29T09:10:01+00:00,2021-03-29T13:18:02+00:00,2022-03-09T09:51:16+00:00,1,Data Import;ready,0.17
DemocracyClub/UK-Polling-Stations,3397,Import DEB-Derbyshire Dales District Council,closed,polling-bot-4000,GeoWill,2021-03-29T09:10:01+00:00,2021-04-16T16:00:27+00:00,2022-03-09T09:51:16+00:00,0,Data Import;ready,18.29
DemocracyClub/UK-Polling-Stations,3399,Import ASH-Ashfield District Council,closed,polling-bot-4000,GeoWill,2021-03-29T09:19:11+00:00,2021-04-20T13:40:52+00:00,2022-03-09T09:51:16+00:00,0,Data Import;ready,22.18
DemocracyClub/UK-Polling-Stations,3400,Import WRX-Wrexham County Borough Council,closed,polling-bot-4000,GeoWill,2021-03-29T09:52:52+00:00,2021-04-20T14:03:56+00:00,2022-03-09T09:51:16+00:00,1,Data Import;ready;Wales 🏴󠁧󠁢󠁷󠁬󠁳󠁿,22.17
DemocracyClub/UK-Polling-Stations,3404,Import GWN-Gwynedd Council,closed,polling-bot-4000,GeoWill,2021-03-29T12:05:37+00:00,2021-04-16T14:32:28+00:00,2022-03-09T09:51:16+00:00,0,Data Import;ready;Wales 🏴󠁧󠁢󠁷󠁬󠁳󠁿,18.1
DemocracyClub/UK-Polling-Stations,3405,Import SOS-Southend-on-Sea Borough Council,closed,polling-bot-4000,GeoWill,2021-03-29T12:07:30+00:00,2021-04-14T15:03:59+00:00,2022-03-09T09:51:16+00:00,2,Data Import;ready,16.12
DemocracyClub/UK-Polling-Stations,3406,Import WYE-Wyre Forest District Council,closed,polling-bot-4000,GeoWill,2021-03-29T12:16:40+00:00,2021-04-01T15:39:26+00:00,2022-03-09T09:51:16+00:00,1,Data Import;ready;Priority,3.14
DemocracyClub/UK-Polling-Stations,3407,Import AGY-Isle of Anglesey County Council,closed,polling-bot-4000,GeoWill,2021-03-29T12:39:11+00:00,2021-04-20T14:04:09+00:00,2022-03-09T09:51:16+00:00,0,Data Import;ready;Wales 🏴󠁧󠁢󠁷󠁬󠁳󠁿,22.06
DemocracyClub/UK-Polling-Stations,3408,Import MAN-Manchester City Council,closed,polling-bot-4000,GeoWill,2021-03-29T12:46:37+00:00,2021-04-20T13:42:59+00:00,2022-03-09T09:51:17+00:00,0,Data Import;ready,22.04
DemocracyClub/UK-Polling-Stations,3409,Import RCH-Rochdale Metropolitan Borough Council,closed,polling-bot-4000,GeoWill,2021-03-29T13:38:23+00:00,2021-04-20T13:55:00+00:00,2022-03-09T09:51:17+00:00,0,Data Import;ready,22.01
DemocracyClub/UK-Polling-Stations,3411,Import ELI-East Lindsey District Council,closed,polling-bot-4000,GeoWill,2021-03-29T13:54:34+00:00,2021-03-31T10:17:12+00:00,2022-03-09T09:51:17+00:00,0,Data Import;ready;Priority,1.85
DemocracyClub/UK-Polling-Stations,3412,Import MTY-Merthyr Tydfil County Borough Council,closed,polling-bot-4000,GeoWill,2021-03-29T14:37:20+00:00,2021-04-16T14:41:22+00:00,2022-03-09T09:51:17+00:00,0,Data Import;ready;Wales 🏴󠁧󠁢󠁷󠁬󠁳󠁿,18.0
DemocracyClub/UK-Polling-Stations,3413,Import BGW-Blaenau Gwent County Borough Council,closed,polling-bot-4000,GeoWill,2021-03-29T14:40:02+00:00,2021-04-20T18:23:07+00:00,2022-03-09T09:51:17+00:00,1,Data Import;ready;Wales 🏴󠁧󠁢󠁷󠁬󠁳󠁿,22.15
DemocracyClub/UK-Polling-Stations,3414,Import LEE-Lewes District Council,closed,polling-bot-4000,GeoWill,2021-03-29T15:20:06+00:00,2021-04-20T15:27:48+00:00,2022-03-09T09:51:17+00:00,0,Data Import;ready,22.01
DemocracyClub/UK-Polling-Stations,3418,Import RCT-Rhondda Cynon Taf County Borough Council,closed,polling-bot-4000,alexdutton,2021-03-30T09:13:01+00:00,2021-04-20T17:58:32+00:00,2022-03-09T09:51:17+00:00,0,Data Import;ready;Wales 🏴󠁧󠁢󠁷󠁬󠁳󠁿,21.36
DemocracyClub/UK-Polling-Stations,3422,Import WSM-City of Westminster,closed,polling-bot-4000,alexdutton,2021-03-30T12:03:22+00:00,2021-04-01T16:05:59+00:00,2022-03-09T09:51:17+00:00,0,Data Import;ready;London 💂,2.17
DemocracyClub/UK-Polling-Stations,3423,Import TEI-Teignbridge District Council,closed,polling-bot-4000,GeoWill,2021-03-30T12:08:11+00:00,2021-04-20T15:27:49+00:00,2022-03-09T09:51:17+00:00,0,Data Import;ready,21.14
DemocracyClub/UK-Polling-Stations,3430,Import BNH-Brighton and Hove Council,closed,polling-bot-4000,GeoWill,2021-03-31T09:13:46+00:00,2021-04-21T08:32:16+00:00,2022-03-09T09:51:18+00:00,0,Data Import;ready,20.97
DemocracyClub/UK-Polling-Stations,3431,Import WEL-Wellingborough Borough Council,closed,polling-bot-4000,GeoWill,2021-03-31T09:18:27+00:00,2021-04-21T08:32:47+00:00,2022-03-09T09:51:18+00:00,0,Data Import;ready,20.97
DemocracyClub/UK-Polling-Stations,3432,Import SHA-South Hams District Council,closed,polling-bot-4000,GeoWill,2021-03-31T09:25:05+00:00,2021-04-21T09:00:11+00:00,2022-03-09T09:51:18+00:00,0,Data Import;ready,20.98
DemocracyClub/UK-Polling-Stations,3433,Import OXO-Oxford City Council,closed,polling-bot-4000,GeoWill,2021-03-31T09:28:32+00:00,2021-04-13T13:57:39+00:00,2022-03-09T09:51:18+00:00,0,Data Import;ready,13.19
DemocracyClub/UK-Polling-Stations,3435,Show postcode diameter/postcode distance from polling station on /dashboard/postcode templates.,open,smsmith97,,2021-03-31T10:25:41+00:00,,2021-03-31T14:55:09+00:00,0,enhancement;Data Import,
DemocracyClub/UK-Polling-Stations,3437,Import SST-South Staffordshire District Council,closed,polling-bot-4000,GeoWill,2021-03-31T11:27:07+00:00,2021-04-01T16:03:51+00:00,2022-03-09T09:51:18+00:00,0,Data Import;ready,1.19
DemocracyClub/UK-Polling-Stations,3441,Import PEM-Pembrokeshire County Council,closed,polling-bot-4000,GeoWill,2021-03-31T14:45:07+00:00,2021-04-05T11:52:32+00:00,2022-03-09T09:51:18+00:00,0,Data Import;ready;check_api;Wales 🏴󠁧󠁢󠁷󠁬󠁳󠁿,4.88
DemocracyClub/UK-Polling-Stations,3448,Import DGY-Dumfries and Galloway Council,closed,polling-bot-4000,GeoWill,2021-04-01T09:19:47+00:00,2021-04-02T13:41:28+00:00,2022-03-09T09:51:18+00:00,0,Data Import;ready;Scotland 🏴󠁧󠁢󠁳󠁣󠁴󠁿,1.18
DemocracyClub/UK-Polling-Stations,3450,Import HNS-London Borough of Hounslow,closed,polling-bot-4000,GeoWill,2021-04-01T09:45:36+00:00,2021-04-09T11:00:29+00:00,2022-03-09T09:51:18+00:00,0,Data Import;ready;London 💂,8.05
DemocracyClub/UK-Polling-Stations,3453,Import SPE-Spelthorne Borough Council,closed,polling-bot-4000,GeoWill,2021-04-01T13:29:13+00:00,2021-04-21T09:01:06+00:00,2022-03-09T09:51:18+00:00,0,Data Import;ready,19.81
DemocracyClub/UK-Polling-Stations,3455,Import CHS-Chesterfield Borough Council,closed,polling-bot-4000,GeoWill,2021-04-01T13:48:42+00:00,2021-04-21T09:01:06+00:00,2022-03-09T09:51:18+00:00,0,Data Import;ready,19.8
DemocracyClub/UK-Polling-Stations,3456,Import CLK-Clackmannanshire Council,closed,polling-bot-4000,GeoWill,2021-04-01T19:39:05+00:00,2021-04-02T13:41:28+00:00,2022-03-09T09:51:19+00:00,0,Data Import;ready;Scotland 🏴󠁧󠁢󠁳󠁣󠁴󠁿,0.75
DemocracyClub/UK-Polling-Stations,3457,Import FAL-Falkirk Council,closed,polling-bot-4000,GeoWill,2021-04-01T19:40:11+00:00,2021-04-02T13:41:29+00:00,2022-03-09T09:51:19+00:00,0,Data Import;ready;Scotland 🏴󠁧󠁢󠁳󠁣󠁴󠁿,0.75
DemocracyClub/UK-Polling-Stations,3458,Import STG-Stirling Council,closed,polling-bot-4000,GeoWill,2021-04-01T19:40:54+00:00,2021-04-02T13:41:29+00:00,2022-03-09T09:51:19+00:00,0,Data Import;ready;Scotland 🏴󠁧󠁢󠁳󠁣󠁴󠁿,0.75
DemocracyClub/UK-Polling-Stations,3465,Import HAV-London Borough of Havering,closed,polling-bot-4000,GeoWill,2021-04-05T09:05:46+00:00,2021-04-07T16:56:35+00:00,2022-03-09T09:51:19+00:00,0,Data Import;ready;London 💂,2.33
DemocracyClub/UK-Polling-Stations,3470,Import ABE-Aberdeen City Council,closed,polling-bot-4000,GeoWill,2021-04-06T09:26:56+00:00,2021-04-07T17:15:12+00:00,2022-03-09T09:51:19+00:00,0,Data Import;ready;Scotland 🏴󠁧󠁢󠁳󠁣󠁴󠁿,1.33
DemocracyClub/UK-Polling-Stations,3471,Import ABD-Aberdeenshire Council,closed,polling-bot-4000,GeoWill,2021-04-06T09:28:20+00:00,2021-04-07T17:15:12+00:00,2022-03-09T09:51:19+00:00,0,Data Import;ready;Scotland 🏴󠁧󠁢󠁳󠁣󠁴󠁿,1.32
DemocracyClub/UK-Polling-Stations,3472,Import GLG-Glasgow City Council,closed,polling-bot-4000,GeoWill,2021-04-06T09:54:54+00:00,2021-04-09T10:06:54+00:00,2022-03-09T09:51:19+00:00,1,Data Import;ready;Scotland 🏴󠁧󠁢󠁳󠁣󠁴󠁿,3.01
DemocracyClub/UK-Polling-Stations,3475,Import NLK-North Lanarkshire Council,closed,polling-bot-4000,GeoWill,2021-04-06T10:57:58+00:00,2021-04-07T17:15:13+00:00,2022-03-09T09:51:19+00:00,0,Data Import;ready;Scotland 🏴󠁧󠁢󠁳󠁣󠁴󠁿,1.26
DemocracyClub/UK-Polling-Stations,3476,Import SLK-South Lanarkshire Council,closed,polling-bot-4000,GeoWill,2021-04-06T10:59:39+00:00,2021-04-07T17:15:12+00:00,2022-03-09T09:51:22+00:00,0,Data Import;ready;Scotland 🏴󠁧󠁢󠁳󠁣󠁴󠁿,1.26
DemocracyClub/UK-Polling-Stations,3477,Import SHF-Sheffield City Council,closed,polling-bot-4000,GeoWill,2021-04-06T11:07:23+00:00,2021-04-21T11:27:10+00:00,2022-03-09T09:51:22+00:00,0,Data Import;ready,15.01
DemocracyClub/UK-Polling-Stations,3478,Import ELS-Comhairle nan Eilean Siar,closed,polling-bot-4000,GeoWill,2021-04-06T11:11:25+00:00,2021-04-07T17:15:13+00:00,2022-03-09T09:51:23+00:00,0,Data Import;ready;Scotland 🏴󠁧󠁢󠁳󠁣󠁴󠁿,1.25
DemocracyClub/UK-Polling-Stations,3480,Import WGN-Wigan Metropolitan Borough Council,closed,polling-bot-4000,GeoWill,2021-04-06T11:31:10+00:00,2021-04-23T12:01:55+00:00,2022-03-09T09:51:23+00:00,0,Data Import;ready,17.02
DemocracyClub/UK-Polling-Stations,3484,Import SHN-St Helens Metropolitan Borough Council,closed,polling-bot-4000,GeoWill,2021-04-06T13:47:42+00:00,2021-04-21T11:34:37+00:00,2022-03-09T09:51:23+00:00,0,Data Import;ready,14.91
DemocracyClub/UK-Polling-Stations,3485,Import WBK-West Berkshire Council,closed,polling-bot-4000,GeoWill,2021-04-06T14:21:31+00:00,2021-04-21T11:29:01+00:00,2022-03-09T09:51:23+00:00,0,Data Import;ready,14.88
DemocracyClub/UK-Polling-Stations,3493,Import SOL-Solihull Metropolitan Borough Council,closed,polling-bot-4000,GeoWill,2021-04-07T10:19:50+00:00,2021-04-23T11:03:39+00:00,2022-03-09T09:51:23+00:00,0,Data Import;ready,16.03
DemocracyClub/UK-Polling-Stations,3495,Import CHA-Charnwood Borough Council,closed,polling-bot-4000,GeoWill,2021-04-07T10:43:11+00:00,2021-04-21T11:34:37+00:00,2022-03-09T09:51:23+00:00,0,Data Import;ready,14.04
DemocracyClub/UK-Polling-Stations,3497,Import POW-Powys County Council,closed,polling-bot-4000,GeoWill,2021-04-07T11:37:36+00:00,2021-04-20T14:02:12+00:00,2022-03-09T09:51:23+00:00,0,Data Import;ready;Wales 🏴󠁧󠁢󠁷󠁬󠁳󠁿,13.1
DemocracyClub/UK-Polling-Stations,3501,Import TEW-Tewkesbury Borough Council,closed,polling-bot-4000,GeoWill,2021-04-07T13:05:57+00:00,2021-04-23T12:03:01+00:00,2022-03-09T09:51:23+00:00,0,Data Import;ready,15.96
DemocracyClub/UK-Polling-Stations,3502,Import CGN-Ceredigion County Council,closed,polling-bot-4000,GeoWill,2021-04-07T13:45:17+00:00,2021-04-20T14:05:43+00:00,2022-03-09T09:51:23+00:00,0,Data Import;ready;Wales 🏴󠁧󠁢󠁷󠁬󠁳󠁿,13.01
DemocracyClub/UK-Polling-Stations,3506,Import NUN-Nuneaton and Bedworth Borough Council,closed,polling-bot-4000,GeoWill,2021-04-07T15:21:38+00:00,2021-04-07T16:38:01+00:00,2022-03-09T09:51:23+00:00,2,Data Import;ready,0.05
DemocracyClub/UK-Polling-Stations,3508,Import BRE-Breckland Council,closed,polling-bot-4000,GeoWill,2021-04-07T15:45:56+00:00,2021-04-27T11:12:42+00:00,2022-03-09T09:51:23+00:00,0,Data Import;ready,19.81
DemocracyClub/UK-Polling-Stations,3514,Import NET-Newcastle City Council,closed,polling-bot-4000,GeoWill,2021-04-08T10:09:02+00:00,2021-04-23T12:20:44+00:00,2022-03-09T09:51:24+00:00,0,Data Import;ready,15.09
DemocracyClub/UK-Polling-Stations,3517,Import SNR-South Northamptonshire Council,closed,polling-bot-4000,GeoWill,2021-04-08T12:24:13+00:00,2021-04-09T10:07:41+00:00,2022-03-09T09:51:24+00:00,2,Data Import;ready,0.91
DemocracyClub/UK-Polling-Stations,3518,Import NLN-North Lincolnshire Council,closed,polling-bot-4000,GeoWill,2021-04-08T13:14:46+00:00,2021-04-23T12:12:12+00:00,2022-03-09T09:51:24+00:00,0,Data Import;ready,14.96
DemocracyClub/UK-Polling-Stations,3519,Import NUN-Nuneaton and Bedworth Borough Council,closed,polling-bot-4000,GeoWill,2021-04-08T13:21:45+00:00,2021-04-23T12:21:14+00:00,2022-03-09T09:51:24+00:00,0,Data Import;ready,14.96
DemocracyClub/UK-Polling-Stations,3525,Import CAY-Caerphilly County Borough Council,closed,polling-bot-4000,GeoWill,2021-04-09T10:11:25+00:00,2021-04-20T14:23:12+00:00,2022-03-09T09:51:24+00:00,0,Data Import;ready;Wales 🏴󠁧󠁢󠁷󠁬󠁳󠁿,11.17
DemocracyClub/UK-Polling-Stations,3526,Import MON-Monmouthshire County Council,closed,polling-bot-4000,GeoWill,2021-04-09T10:14:14+00:00,2021-04-20T14:12:44+00:00,2022-03-09T09:51:24+00:00,0,Data Import;ready;Wales 🏴󠁧󠁢󠁷󠁬󠁳󠁿,11.17
DemocracyClub/UK-Polling-Stations,3527,Import RIH-Richmondshire District Council,closed,polling-bot-4000,GeoWill,2021-04-09T10:16:31+00:00,2021-04-23T12:32:08+00:00,2022-03-09T09:51:24+00:00,0,Data Import;ready,14.09
DemocracyClub/UK-Polling-Stations,3528,Import COL-Colchester Borough Council,closed,polling-bot-4000,GeoWill,2021-04-09T10:24:49+00:00,2021-04-23T12:36:33+00:00,2022-03-09T09:51:24+00:00,0,Data Import;ready,14.09
DemocracyClub/UK-Polling-Stations,3529,Import TOB-Torbay Council,closed,polling-bot-4000,GeoWill,2021-04-09T10:32:04+00:00,2021-04-23T12:40:18+00:00,2022-03-09T09:51:24+00:00,0,Data Import;ready,14.09
DemocracyClub/UK-Polling-Stations,3532,Import SGC-South Gloucestershire Council,closed,polling-bot-4000,GeoWill,2021-04-09T12:59:34+00:00,2021-04-09T16:19:42+00:00,2022-03-09T09:51:24+00:00,1,Data Import;ready;Priority,0.14
DemocracyClub/UK-Polling-Stations,3543,Import GRE-Royal Borough of Greenwich,closed,polling-bot-4000,GeoWill,2021-04-12T07:59:15+00:00,2021-04-13T14:21:55+00:00,2022-03-09T09:51:28+00:00,0,Data Import;ready;London 💂,1.27
DemocracyClub/UK-Polling-Stations,3544,Import CAS-Castle Point Borough Council,closed,polling-bot-4000,GeoWill,2021-04-12T08:02:43+00:00,2021-04-23T12:40:51+00:00,2022-03-09T09:51:28+00:00,0,Data Import;ready,11.19
DemocracyClub/UK-Polling-Stations,3545,Import HMF-London Borough of Hammersmith and Fulham,closed,polling-bot-4000,GeoWill,2021-04-12T08:04:31+00:00,2021-04-13T14:21:36+00:00,2022-03-09T09:51:28+00:00,0,Data Import;ready;London 💂,1.26
DemocracyClub/UK-Polling-Stations,3546,Import MIK-Milton Keynes Council,closed,polling-bot-4000,GeoWill,2021-04-12T08:08:15+00:00,2021-04-23T12:47:50+00:00,2022-03-09T09:51:28+00:00,0,Data Import;ready,11.19
DemocracyClub/UK-Polling-Stations,3547,Import WOK-Wokingham Borough Council,closed,polling-bot-4000,GeoWill,2021-04-12T08:11:10+00:00,2021-04-23T12:50:52+00:00,2022-03-09T09:51:28+00:00,0,Data Import;ready,11.19
DemocracyClub/UK-Polling-Stations,3548,Import FIF-Fife Council,closed,polling-bot-4000,GeoWill,2021-04-12T08:21:38+00:00,2021-04-14T14:54:37+00:00,2022-03-09T09:51:28+00:00,0,Data Import;ready;Scotland 🏴󠁧󠁢󠁳󠁣󠁴󠁿,2.27
DemocracyClub/UK-Polling-Stations,3549,Import CWY-Conwy County Borough Council,closed,polling-bot-4000,GeoWill,2021-04-12T08:28:42+00:00,2021-04-21T09:23:40+00:00,2022-03-09T09:51:28+00:00,1,Data Import;ready;Wales 🏴󠁧󠁢󠁷󠁬󠁳󠁿,9.04
DemocracyClub/UK-Polling-Stations,3554,Import EAL-London Borough of Ealing,closed,polling-bot-4000,GeoWill,2021-04-12T11:35:23+00:00,2021-04-13T14:23:01+00:00,2022-03-09T09:51:28+00:00,0,Data Import;ready;London 💂,1.12
DemocracyClub/UK-Polling-Stations,3556,Import BRC-Bracknell Forest Borough Council,closed,polling-bot-4000,GeoWill,2021-04-12T12:33:45+00:00,2021-04-23T12:50:14+00:00,2022-03-09T09:51:28+00:00,0,Data Import;ready,11.01
DemocracyClub/UK-Polling-Stations,3557,Import TFW-Telford and Wrekin Council,closed,polling-bot-4000,GeoWill,2021-04-12T12:49:20+00:00,2021-04-29T08:17:39+00:00,2022-03-09T09:51:28+00:00,1,Data Import;ready,16.81
DemocracyClub/UK-Polling-Stations,3560,Import VGL-Vale of Glamorgan Council,closed,polling-bot-4000,GeoWill,2021-04-13T08:26:07+00:00,2021-04-20T15:27:49+00:00,2022-03-09T09:51:28+00:00,0,Data Import;ready;Wales 🏴󠁧󠁢󠁷󠁬󠁳󠁿,7.29
DemocracyClub/UK-Polling-Stations,3564,Import MDB-Middlesbrough Borough Council,closed,polling-bot-4000,smsmith97,2021-04-13T09:50:11+00:00,2021-04-13T15:45:55+00:00,2022-03-09T09:51:29+00:00,1,Data Import;ready;Priority,0.25
DemocracyClub/UK-Polling-Stations,3567,Import BRY-London Borough of Bromley,closed,polling-bot-4000,GeoWill,2021-04-13T10:43:21+00:00,2021-04-13T14:24:31+00:00,2022-03-09T09:51:29+00:00,0,Data Import;ready;London 💂,0.15
DemocracyClub/UK-Polling-Stations,3568,Import SUR-Surrey Heath Borough Council,closed,polling-bot-4000,GeoWill,2021-04-13T10:46:30+00:00,2021-04-23T12:51:59+00:00,2022-03-09T09:51:29+00:00,0,Data Import;ready,10.09
DemocracyClub/UK-Polling-Stations,3569,Import COV-Coventry City Council,closed,polling-bot-4000,GeoWill,2021-04-13T11:17:25+00:00,2021-04-23T12:52:58+00:00,2022-03-09T09:51:29+00:00,0,Data Import;ready,10.07
DemocracyClub/UK-Polling-Stations,3570,Import CON-Cornwall Council,closed,polling-bot-4000,GeoWill,2021-04-13T11:28:15+00:00,2021-04-27T11:11:04+00:00,2022-03-09T09:51:29+00:00,0,Data Import;ready,13.99
DemocracyClub/UK-Polling-Stations,3571,Import SWK-London Borough of Southwark,closed,polling-bot-4000,GeoWill,2021-04-13T11:29:57+00:00,2021-04-13T14:57:56+00:00,2022-03-09T09:51:29+00:00,0,Data Import;ready;London 💂,0.14
DemocracyClub/UK-Polling-Stations,3591,Import HCK-London Borough of Hackney,closed,polling-bot-4000,GeoWill,2021-04-14T16:20:31+00:00,2021-04-15T08:52:36+00:00,2022-03-09T09:51:29+00:00,0,Data Import;ready,0.69
DemocracyClub/UK-Polling-Stations,3592,Import SFT-Sefton Metropolitan Borough Council,closed,polling-bot-4000,GeoWill,2021-04-14T16:35:11+00:00,2021-04-27T11:18:20+00:00,2022-03-09T09:51:29+00:00,0,Data Import;ready,12.78
DemocracyClub/UK-Polling-Stations,3593,Import DUR-Durham County Council,closed,polling-bot-4000,GeoWill,2021-04-14T16:40:39+00:00,2021-04-15T11:58:15+00:00,2022-03-09T09:51:29+00:00,0,Data Import;ready,0.8
DemocracyClub/UK-Polling-Stations,3595,Import WIL-Wiltshire Council,closed,polling-bot-4000,GeoWill,2021-04-14T16:45:33+00:00,2021-04-23T08:16:25+00:00,2022-03-09T09:51:29+00:00,0,Data Import;ready,8.65
DemocracyClub/UK-Polling-Stations,3598,Import BEX-London Borough of Bexley,closed,polling-bot-4000,GeoWill,2021-04-15T08:28:42+00:00,2021-04-15T11:57:03+00:00,2022-03-09T09:51:29+00:00,0,Data Import;ready;London 💂,0.14
DemocracyClub/UK-Polling-Stations,3612,Import BPL-Blackpool Borough Council,closed,polling-bot-4000,GeoWill,2021-04-16T08:26:06+00:00,2021-04-27T11:24:33+00:00,2022-03-09T09:51:30+00:00,0,Data Import;ready,11.12
DemocracyClub/UK-Polling-Stations,3613,Import RIC-London Borough of Richmond Upon Thames,closed,polling-bot-4000,GeoWill,2021-04-16T08:28:53+00:00,2021-04-20T15:27:48+00:00,2022-03-09T09:51:30+00:00,0,Data Import;ready;London 💂,4.29
DemocracyClub/UK-Polling-Stations,3615,Import BOT-Boston Borough Council,closed,polling-bot-4000,GeoWill,2021-04-16T10:13:55+00:00,2021-04-27T11:30:33+00:00,2022-03-09T09:51:30+00:00,0,Data Import;ready,11.05
DemocracyClub/UK-Polling-Stations,3616,Import ERY-East Riding of Yorkshire Council,closed,polling-bot-4000,GeoWill,2021-04-16T10:19:54+00:00,2021-04-27T11:56:47+00:00,2022-03-09T09:51:30+00:00,0,Data Import;ready,11.07
DemocracyClub/UK-Polling-Stations,3617,Import MDE-Mid Devon District Council,closed,polling-bot-4000,GeoWill,2021-04-16T10:24:54+00:00,2021-04-27T11:41:43+00:00,2022-03-09T09:51:30+00:00,0,Data Import;ready,11.05
DemocracyClub/UK-Polling-Stations,3618,Import HIN-Hinckley & Bosworth Borough Council,closed,polling-bot-4000,GeoWill,2021-04-16T10:29:23+00:00,2021-04-27T11:42:20+00:00,2022-03-09T09:51:30+00:00,0,Data Import;ready,11.05
DemocracyClub/UK-Polling-Stations,3619,Import WLI-West Lindsey District Council,closed,polling-bot-4000,GeoWill,2021-04-16T10:37:36+00:00,2021-04-27T11:42:51+00:00,2022-03-09T09:51:30+00:00,0,Data Import;ready,11.05
DemocracyClub/UK-Polling-Stations,3620,Import NWL-North West Leicestershire District Council,closed,polling-bot-4000,GeoWill,2021-04-16T10:46:21+00:00,2021-04-27T11:43:16+00:00,2022-03-09T09:51:30+00:00,0,Data Import;ready,11.04
DemocracyClub/UK-Polling-Stations,3621,Import CRY-London Borough of Croydon,closed,polling-bot-4000,GeoWill,2021-04-16T10:54:11+00:00,2021-04-20T13:43:42+00:00,2022-03-09T09:51:30+00:00,0,Data Import;ready;London 💂,4.12
DemocracyClub/UK-Polling-Stations,3622,Import CHW-Cheshire West and Chester,closed,polling-bot-4000,GeoWill,2021-04-16T10:59:12+00:00,2021-04-27T11:44:48+00:00,2022-03-09T09:51:30+00:00,0,Data Import;ready,11.03
DemocracyClub/UK-Polling-Stations,3623,Import MRT-London Borough of Merton,closed,polling-bot-4000,GeoWill,2021-04-16T11:08:20+00:00,2021-04-20T13:44:27+00:00,2022-03-09T09:51:30+00:00,0,Data Import;ready;London 💂,4.11
DemocracyClub/UK-Polling-Stations,3624,Import WAW-Warwick District Council,closed,polling-bot-4000,GeoWill,2021-04-16T11:20:58+00:00,2021-04-27T11:46:10+00:00,2022-03-09T09:51:30+00:00,0,Data Import;ready,11.02
DemocracyClub/UK-Polling-Stations,3625,Import NEC-Newcastle Under Lyme Borough Council,closed,polling-bot-4000,GeoWill,2021-04-16T11:45:53+00:00,2021-04-27T11:46:47+00:00,2022-03-09T09:51:31+00:00,0,Data Import;ready,11.0
DemocracyClub/UK-Polling-Stations,3626,Import CLD-Calderdale Metropolitan Borough Council,closed,polling-bot-4000,GeoWill,2021-04-16T11:55:33+00:00,2021-04-27T11:56:47+00:00,2022-03-09T09:51:34+00:00,0,Data Import;ready,11.0
DemocracyClub/UK-Polling-Stations,3627,Import CHR-Cherwell District Council,closed,polling-bot-4000,GeoWill,2021-04-16T12:00:36+00:00,2021-04-23T12:39:05+00:00,2022-03-09T09:51:34+00:00,0,Data Import;ready,7.03
DemocracyClub/UK-Polling-Stations,3629,Import ROH-Rother District Council,closed,polling-bot-4000,GeoWill,2021-04-16T12:53:13+00:00,2021-04-27T11:56:47+00:00,2022-03-09T09:51:34+00:00,0,Data Import;ready,10.96
DemocracyClub/UK-Polling-Stations,3630,Import SHO-South Holland District Council,closed,polling-bot-4000,GeoWill,2021-04-16T13:09:45+00:00,2021-04-27T11:47:14+00:00,2022-03-09T09:51:34+00:00,0,Data Import;ready,10.94
DemocracyClub/UK-Polling-Stations,3631,Import WIN-Winchester City Council,closed,polling-bot-4000,GeoWill,2021-04-16T13:40:58+00:00,2021-04-27T11:56:48+00:00,2022-03-09T09:51:34+00:00,0,Data Import;ready,10.93
DemocracyClub/UK-Polling-Stations,3632,Import SDE-South Derbyshire District Council,closed,polling-bot-4000,GeoWill,2021-04-16T13:48:58+00:00,2021-04-27T11:48:37+00:00,2022-03-09T09:51:34+00:00,0,Data Import;ready,10.92
DemocracyClub/UK-Polling-Stations,3633,Import WEW-Welwyn Hatfield Borough Council,closed,polling-bot-4000,GeoWill,2021-04-16T14:43:03+00:00,2021-04-27T11:50:10+00:00,2022-03-09T09:51:34+00:00,0,Data Import;ready,10.88
DemocracyClub/UK-Polling-Stations,3637,Import WAT-Watford Borough Council,closed,polling-bot-4000,GeoWill,2021-04-19T08:17:51+00:00,2021-04-27T11:50:49+00:00,2022-03-09T09:51:35+00:00,0,Data Import;ready,8.15
DemocracyClub/UK-Polling-Stations,3639,Import RDB-London Borough of Redbridge,closed,polling-bot-4000,GeoWill,2021-04-19T09:14:25+00:00,2021-04-20T13:53:26+00:00,2022-03-09T09:51:35+00:00,0,Data Import;ready;London 💂,1.19
DemocracyClub/UK-Polling-Stations,3641,Import NED-North East Derbyshire District Council,closed,polling-bot-4000,GeoWill,2021-04-19T11:07:19+00:00,2021-04-27T11:57:08+00:00,2022-03-09T09:51:35+00:00,0,Data Import;ready,8.03
DemocracyClub/UK-Polling-Stations,3643,Import MAL-Maldon District Council,closed,polling-bot-4000,GeoWill,2021-04-19T12:29:05+00:00,2021-04-27T16:07:37+00:00,2022-03-09T09:51:35+00:00,0,Data Import;ready,8.15
DemocracyClub/UK-Polling-Stations,3645,Import SWL-Swale Borough Council,closed,polling-bot-4000,GeoWill,2021-04-19T14:31:45+00:00,2021-04-20T15:27:49+00:00,2022-03-09T09:51:35+00:00,0,Data Import;ready,1.04
DemocracyClub/UK-Polling-Stations,3649,Import TWH-London Borough of Tower Hamlets,closed,polling-bot-4000,GeoWill,2021-04-19T15:20:24+00:00,2021-04-20T15:27:48+00:00,2022-03-09T09:51:35+00:00,0,Data Import;ready;London 💂,1.01
DemocracyClub/UK-Polling-Stations,3656,Import DUD-Dudley Metropolitan Borough Council,closed,polling-bot-4000,GeoWill,2021-04-20T09:08:03+00:00,2021-04-29T07:39:23+00:00,2022-03-09T09:51:35+00:00,0,Data Import;ready,8.94
DemocracyClub/UK-Polling-Stations,3657,Import THE-Three Rivers District Council,closed,polling-bot-4000,GeoWill,2021-04-20T09:20:36+00:00,2021-04-29T07:34:18+00:00,2022-03-09T09:51:35+00:00,0,Data Import;ready,8.93
DemocracyClub/UK-Polling-Stations,3658,Import TUN-Tunbridge Wells Borough Council,closed,polling-bot-4000,GeoWill,2021-04-20T09:26:06+00:00,2021-04-20T14:03:27+00:00,2021-04-20T14:03:27+00:00,1,Data Import;ready,0.19
DemocracyClub/UK-Polling-Stations,3662,Import LIV-Liverpool City Council,closed,polling-bot-4000,GeoWill,2021-04-20T10:31:42+00:00,2021-04-27T16:12:06+00:00,2022-03-09T09:51:35+00:00,0,Data Import;ready,7.24
DemocracyClub/UK-Polling-Stations,3664,Import WLA-West Lancashire Borough Council,closed,polling-bot-4000,GeoWill,2021-04-20T11:10:02+00:00,2021-04-29T10:30:41+00:00,2022-03-09T09:51:35+00:00,0,Data Import;ready,8.97
DemocracyClub/UK-Polling-Stations,3690,Import RDG-Reading Borough Council,closed,polling-bot-4000,GeoWill,2021-04-22T12:53:24+00:00,2021-04-23T12:49:41+00:00,2022-03-09T09:51:35+00:00,0,Data Import;ready;Priority,1.0
DemocracyClub/UK-Polling-Stations,3694,Import HAO-Harborough District Council,closed,polling-bot-4000,GeoWill,2021-04-22T14:56:41+00:00,2021-04-29T08:23:53+00:00,2022-03-09T09:51:36+00:00,0,Data Import;ready,6.73
DemocracyClub/UK-Polling-Stations,3699,Import BRM-Bromsgrove District Council,closed,polling-bot-4000,GeoWill,2021-04-23T09:44:27+00:00,2021-04-29T07:31:13+00:00,2022-03-09T09:51:36+00:00,0,Data Import;ready,5.91
DemocracyClub/UK-Polling-Stations,3700,Import RED-Redditch Borough Council,closed,polling-bot-4000,GeoWill,2021-04-23T09:48:53+00:00,2021-04-29T07:41:34+00:00,2022-03-09T09:51:36+00:00,0,Data Import;ready,5.91
DemocracyClub/UK-Polling-Stations,3704,Import WFT-London Borough of Waltham Forest,closed,polling-bot-4000,GeoWill,2021-04-23T11:01:01+00:00,2021-04-29T09:18:25+00:00,2022-03-09T09:51:36+00:00,0,Data Import;On hold ⛔,5.93
DemocracyClub/UK-Polling-Stations,3720,Import GAT-Gateshead Metropolitan Borough Council,closed,polling-bot-4000,GeoWill,2021-04-26T16:26:41+00:00,2021-04-27T11:47:59+00:00,2022-03-09T09:51:37+00:00,0,Data Import;ready;Priority,0.81
DemocracyClub/UK-Polling-Stations,3732,Import EHE-East Hertfordshire District Council,closed,polling-bot-4000,GeoWill,2021-04-27T11:45:10+00:00,2021-04-29T07:33:48+00:00,2022-03-09T09:51:37+00:00,0,Data Import;ready,1.83
DemocracyClub/UK-Polling-Stations,3738,Import THA-Thanet District Council,closed,polling-bot-4000,GeoWill,2021-04-28T09:24:12+00:00,2021-04-29T07:40:15+00:00,2022-03-09T09:51:37+00:00,0,Data Import;ready,0.93
DemocracyClub/UK-Polling-Stations,3750,Import KIN-King's Lynn & West Norfolk,closed,polling-bot-4000,GeoWill,2021-04-29T10:01:07+00:00,2021-04-29T11:29:19+00:00,2022-03-09T09:51:37+00:00,0,Data Import;ready,0.06
DemocracyClub/UK-Polling-Stations,3751,Tidy up Checks,open,GeoWill,,2021-04-29T10:26:08+00:00,,2021-04-29T10:26:08+00:00,0,,
DemocracyClub/UK-Polling-Stations,3757,Import SHF-Sheffield City Council,closed,polling-bot-4000,GeoWill,2021-04-29T17:52:23+00:00,2021-04-30T17:17:44+00:00,2021-04-30T17:17:44+00:00,0,Data Import;ready,0.98
DemocracyClub/UK-Polling-Stations,3763,Import REI-Reigate and Banstead Borough Council,closed,polling-bot-4000,GeoWill,2021-04-30T15:01:10+00:00,2021-05-03T11:38:11+00:00,2022-03-09T09:51:38+00:00,0,Data Import;ready,2.86
DemocracyClub/UK-Polling-Stations,3764,Import BOL-Bolton Metropolitan Borough Council,closed,polling-bot-4000,GeoWill,2021-05-01T17:54:02+00:00,2021-05-03T11:24:10+00:00,2022-03-09T09:51:38+00:00,0,Data Import;ready,1.73
DemocracyClub/UK-Polling-Stations,3778,Import GLO-Gloucester City Council,closed,polling-bot-4000,GeoWill,2021-05-04T13:35:10+00:00,2021-05-04T15:24:45+00:00,2022-03-09T09:51:38+00:00,0,Data Import;ready,0.08
DemocracyClub/UK-Polling-Stations,3792,Logo is squashed in Safari desktop,closed,michaeljcollinsuk,GeoWill,2021-05-06T09:48:25+00:00,2021-08-19T11:10:45+00:00,2021-08-19T11:10:45+00:00,0,design 🎨,105.06
DemocracyClub/UK-Polling-Stations,3958,Import HAE-Hambleton District Council,closed,polling-bot-4000,GeoWill,2021-11-02T16:43:37+00:00,2021-11-25T09:31:51+00:00,2021-11-25T09:31:51+00:00,0,Data Import;ready,22.7
DemocracyClub/UK-Polling-Stations,3964,Import RYE-Ryedale District Council,closed,polling-bot-4000,GeoWill,2021-11-08T12:14:20+00:00,2021-11-25T09:31:51+00:00,2021-11-25T09:31:51+00:00,0,Data Import;ready,16.89
DemocracyClub/UK-Polling-Stations,3965,Import RIH-Richmondshire District Council,closed,polling-bot-4000,GeoWill,2021-11-08T12:16:24+00:00,2021-11-25T09:31:52+00:00,2021-11-25T09:31:52+00:00,0,Data Import;ready,16.89
DemocracyClub/UK-Polling-Stations,3966,Import SEL-Selby District Council,closed,polling-bot-4000,GeoWill,2021-11-08T12:18:28+00:00,2021-11-25T09:31:52+00:00,2021-11-25T09:31:52+00:00,0,Data Import;ready,16.88
DemocracyClub/UK-Polling-Stations,3971,Import SCE-Scarborough Borough Council,closed,polling-bot-4000,GeoWill,2021-11-10T10:12:58+00:00,2021-11-25T09:31:52+00:00,2021-11-25T09:31:52+00:00,0,Data Import;ready,14.97
DemocracyClub/UK-Polling-Stations,3980,Import HAG-Harrogate Borough Council,closed,polling-bot-4000,GeoWill,2021-11-16T10:10:48+00:00,2021-11-25T09:31:52+00:00,2021-11-25T09:31:52+00:00,0,Data Import;ready,8.97
DemocracyClub/UK-Polling-Stations,3981,Import SHR-Shropshire Council,closed,polling-bot-4000,GeoWill,2021-11-16T14:45:59+00:00,2021-11-25T09:31:52+00:00,2021-11-25T09:31:52+00:00,0,Data Import;ready,8.78
DemocracyClub/UK-Polling-Stations,3983,Import CRA-Craven District Council,closed,polling-bot-4000,GeoWill,2021-11-17T10:33:44+00:00,2021-11-25T09:31:53+00:00,2021-11-25T09:31:53+00:00,0,Data Import;ready,7.96
DemocracyClub/UK-Polling-Stations,3984,Import NUN-Nuneaton and Bedworth Borough Council,closed,polling-bot-4000,GeoWill,2021-11-17T11:26:17+00:00,2021-11-25T09:31:53+00:00,2021-11-25T09:31:53+00:00,0,Data Import;ready,7.92
DemocracyClub/UK-Polling-Stations,3992,Import BEX-London Borough of Bexley,closed,polling-bot-4000,GeoWill,2021-11-22T15:59:33+00:00,2021-11-25T09:31:53+00:00,2021-11-25T09:31:53+00:00,0,Data Import;ready,2.73
DemocracyClub/UK-Polling-Stations,4000,DC logo doesn't link to company website,closed,pmk01,GeoWill,2021-11-30T16:26:59+00:00,2022-02-18T09:13:43+00:00,2022-02-18T09:13:43+00:00,0,,79.7
DemocracyClub/UK-Polling-Stations,4042,Import SOS-Southend-on-Sea Borough Council,closed,polling-bot-4000,GeoWill,2022-01-13T16:25:46+00:00,2022-01-25T16:23:12+00:00,2022-01-25T16:23:12+00:00,0,Data Import;ready,12.0
DemocracyClub/UK-Polling-Stations,4053,Support more browsers when uploading files,closed,symroe,GeoWill,2022-01-27T08:45:57+00:00,2022-02-07T17:12:14+00:00,2022-02-07T17:12:14+00:00,2,,11.35
DemocracyClub/UK-Polling-Stations,4054,Import SOS-Southend-on-Sea Borough Council,closed,polling-bot-4000,GeoWill,2022-01-27T12:15:22+00:00,2022-03-09T09:52:18+00:00,2022-03-09T09:52:19+00:00,105,Data Import;ready,40.9
DemocracyClub/UK-Polling-Stations,4069,Import SKE-South Kesteven District Council,closed,polling-bot-4000,GeoWill,2022-02-03T09:15:44+00:00,2022-03-09T09:52:19+00:00,2022-03-09T09:52:19+00:00,0,Data Import;ready,34.03
DemocracyClub/UK-Polling-Stations,4072,Poll opening times aren't in Welsh,open,pmk01,,2022-02-03T16:58:59+00:00,,2022-02-03T16:58:59+00:00,0,,
DemocracyClub/UK-Polling-Stations,4079,Import ADU-Adur District Council,closed,polling-bot-4000,GeoWill,2022-02-07T09:24:09+00:00,2022-03-10T10:04:19+00:00,2022-03-10T10:04:28+00:00,1,Data Import;ready,31.03
DemocracyClub/UK-Polling-Stations,4082,Logo does not render correctly in ie11,closed,VirginiaDooley,pmk01,2022-02-07T15:28:54+00:00,2025-10-01T11:29:36+00:00,2025-10-01T11:29:36+00:00,1,,1331.83
DemocracyClub/UK-Polling-Stations,4083,Import STY-South Tyneside Metropolitan Borough Council,closed,polling-bot-4000,GeoWill,2022-02-07T17:10:06+00:00,2022-03-10T10:05:20+00:00,2022-03-10T10:05:20+00:00,0,Data Import;ready,30.71
DemocracyClub/UK-Polling-Stations,4085,Import ABD-Aberdeenshire Council,closed,polling-bot-4000,GeoWill,2022-02-07T18:54:45+00:00,2022-03-10T10:05:20+00:00,2022-03-10T10:05:20+00:00,0,Data Import;ready,30.63
DemocracyClub/UK-Polling-Stations,4091,Import SKE-South Kesteven District Council for 2022-02-24,closed,polling-bot-4000,GeoWill,2022-02-08T14:16:34+00:00,2022-03-10T10:02:15+00:00,2022-03-10T10:02:16+00:00,5,Data Import;ready,29.82
DemocracyClub/UK-Polling-Stations,4093,Import CRF-City of Cardiff Council for 2022-02-17,closed,polling-bot-4000,symroe,2022-02-08T14:30:08+00:00,2022-02-08T14:30:50+00:00,2022-02-08T14:30:50+00:00,0,Data Import;ready,0.0
DemocracyClub/UK-Polling-Stations,4097,Import BBD-Blackburn with Darwen Borough Council for 2022-05-05,closed,polling-bot-4000,GeoWill,2022-02-08T19:52:12+00:00,2022-03-10T10:05:20+00:00,2022-03-10T10:05:20+00:00,0,Data Import;ready,29.59
DemocracyClub/UK-Polling-Stations,4099,Import NWA-North Warwickshire Borough Council for 2022-05-05,closed,polling-bot-4000,GeoWill,2022-02-09T09:45:03+00:00,2022-03-10T10:07:42+00:00,2022-03-10T10:07:42+00:00,0,Data Import;ready,29.02
DemocracyClub/UK-Polling-Stations,4101,Import NUN-Nuneaton and Bedworth Borough Council for 2022-05-05,closed,polling-bot-4000,GeoWill,2022-02-09T16:30:38+00:00,2022-03-10T10:08:06+00:00,2022-03-10T10:08:07+00:00,0,Data Import;ready,28.73
DemocracyClub/UK-Polling-Stations,4109,Import WND-London Borough of Wandsworth for 2022-05-05,closed,polling-bot-4000,GeoWill,2022-02-10T14:03:11+00:00,2022-03-10T10:08:07+00:00,2022-03-10T10:08:07+00:00,1,Data Import;ready,27.84
DemocracyClub/UK-Polling-Stations,4114,Import ISL-London Borough of Islington for 2022-05-05,closed,polling-bot-4000,GeoWill,2022-02-11T10:31:28+00:00,2022-03-03T16:10:48+00:00,2022-03-09T09:53:13+00:00,0,Data Import;ready,20.24
DemocracyClub/UK-Polling-Stations,4116,Import HAV-London Borough of Havering for 2022-05-05,closed,polling-bot-4000,GeoWill,2022-02-11T11:24:41+00:00,2022-03-03T16:10:48+00:00,2022-03-09T09:53:13+00:00,0,Data Import;ready,20.2
DemocracyClub/UK-Polling-Stations,4118,Import ANS-Angus Council for 2022-05-05,closed,polling-bot-4000,GeoWill,2022-02-11T11:30:10+00:00,2022-03-03T16:10:49+00:00,2022-03-09T09:53:14+00:00,0,Data Import;ready,20.19
DemocracyClub/UK-Polling-Stations,4120,Allow councils to add text to finder via login,closed,pmk01,pmk01,2022-02-11T11:54:42+00:00,2025-10-01T11:29:59+00:00,2025-10-01T11:30:06+00:00,0,,1327.98
DemocracyClub/UK-Polling-Stations,4124,Email pollingstations@ when data uploaded,open,symroe,,2022-02-14T16:19:41+00:00,,2025-10-01T11:34:47+00:00,4,file uploads 📂,
DemocracyClub/UK-Polling-Stations,4135,Import SAW-Sandwell Metropolitan Borough Council for 2022-05-05,closed,polling-bot-4000,GeoWill,2022-02-21T14:47:41+00:00,2022-03-03T16:10:48+00:00,2022-03-09T09:53:14+00:00,0,Data Import;ready,10.06
DemocracyClub/UK-Polling-Stations,4137,Import HNS-London Borough of Hounslow for 2022-05-05,closed,polling-bot-4000,GeoWill,2022-02-21T16:50:35+00:00,2022-03-03T16:10:49+00:00,2022-03-09T09:53:14+00:00,0,Data Import;ready,9.97
DemocracyClub/UK-Polling-Stations,4141,Import EAT-Eastleigh Borough Council for 2022-05-05,closed,polling-bot-4000,GeoWill,2022-02-22T09:05:38+00:00,2022-03-03T16:10:49+00:00,2022-03-09T09:53:14+00:00,0,Data Import;ready,9.3
DemocracyClub/UK-Polling-Stations,4143,Import RIC-London Borough of Richmond Upon Thames for 2022-05-05,closed,polling-bot-4000,GeoWill,2022-02-22T10:39:57+00:00,2022-03-10T15:58:22+00:00,2022-03-10T15:58:22+00:00,0,Data Import;ready,16.22
DemocracyClub/UK-Polling-Stations,4145,Import TRF-Trafford Metropolitan Borough Council for 2022-05-05,closed,polling-bot-4000,GeoWill,2022-02-22T13:34:11+00:00,2022-03-04T13:11:15+00:00,2022-03-09T09:53:15+00:00,0,Data Import;ready,9.98
DemocracyClub/UK-Polling-Stations,4147,Import SHN-St Helens Metropolitan Borough Council for 2022-05-05,closed,polling-bot-4000,GeoWill,2022-02-22T14:39:49+00:00,2022-03-04T13:36:13+00:00,2022-03-09T09:53:15+00:00,0,Data Import;ready,9.96
DemocracyClub/UK-Polling-Stations,4149,Import OLD-Oldham Metropolitan Borough Council for 2022-05-05,closed,polling-bot-4000,GeoWill,2022-02-22T14:42:53+00:00,2022-03-07T12:56:24+00:00,2022-03-09T09:53:15+00:00,0,Data Import;ready,12.93
DemocracyClub/UK-Polling-Stations,4151,Import DER-Derby City Council for 2022-05-05,closed,polling-bot-4000,GeoWill,2022-02-22T14:56:59+00:00,2022-03-07T12:56:13+00:00,2022-03-09T09:53:15+00:00,0,Data Import;ready,12.92
DemocracyClub/UK-Polling-Stations,4155,Import LEW-London Borough of Lewisham for 2022-05-05,closed,polling-bot-4000,GeoWill,2022-02-23T11:35:06+00:00,2022-03-07T15:56:18+00:00,2022-03-09T09:53:15+00:00,0,Data Import;ready,12.18
DemocracyClub/UK-Polling-Stations,4157,Import IPS-Ipswich Borough Council for 2022-05-05,closed,polling-bot-4000,GeoWill,2022-02-23T11:56:48+00:00,2022-03-07T15:14:22+00:00,2022-03-09T09:53:16+00:00,0,Data Import;ready,12.14
DemocracyClub/UK-Polling-Stations,4160,Import HRY-London Borough of Haringey for 2022-05-05,closed,polling-bot-4000,GeoWill,2022-02-24T11:12:40+00:00,2022-03-07T16:25:06+00:00,2022-03-09T09:53:16+00:00,0,Data Import;ready,11.22
DemocracyClub/UK-Polling-Stations,4163,Import NHE-North Hertfordshire District Council for 2022-03-10,closed,polling-bot-4000,GeoWill,2022-02-25T09:45:19+00:00,2022-03-04T11:53:46+00:00,2022-03-09T09:53:16+00:00,0,Data Import;ready,7.09
DemocracyClub/UK-Polling-Stations,4165,Import CHT-Cheltenham Borough Council for 2022-05-05,closed,polling-bot-4000,GeoWill,2022-02-25T12:49:07+00:00,2022-03-08T09:12:53+00:00,2022-03-09T09:53:16+00:00,0,Data Import;ready,10.85
DemocracyClub/UK-Polling-Stations,4169,Import TWH-London Borough of Tower Hamlets for 2022-05-05,closed,polling-bot-4000,GeoWill,2022-02-28T09:28:45+00:00,2022-03-08T14:52:04+00:00,2022-03-09T09:53:17+00:00,3,Data Import;ready,8.22
DemocracyClub/UK-Polling-Stations,4171,Import NTL-Neath Port Talbot County Borough Council for 2022-05-05,closed,polling-bot-4000,GeoWill,2022-02-28T14:59:25+00:00,2022-03-08T15:26:01+00:00,2022-03-09T09:53:17+00:00,0,Data Import;ready,8.02
DemocracyClub/UK-Polling-Stations,4175,Import TOF-Torfaen County Borough Council for 2022-05-05,closed,polling-bot-4000,GeoWill,2022-03-01T07:51:17+00:00,2022-03-08T16:00:17+00:00,2022-03-09T09:53:17+00:00,0,Data Import;ready,7.34
DemocracyClub/UK-Polling-Stations,4177,Import SEG-Sedgemoor District Council for 2022-05-05,closed,polling-bot-4000,GeoWill,2022-03-01T14:24:41+00:00,2022-03-08T16:00:45+00:00,2022-03-09T09:53:17+00:00,0,Data Import;ready,7.07
DemocracyClub/UK-Polling-Stations,4179,Import RDG-Reading Borough Council for 2022-05-05,closed,polling-bot-4000,GeoWill,2022-03-01T15:12:03+00:00,2022-03-08T16:50:23+00:00,2022-03-09T09:53:18+00:00,0,Data Import;ready,7.07
DemocracyClub/UK-Polling-Stations,4181,"Feature: Support ""Advance Voting""",closed,symroe,symroe,2022-03-01T15:12:08+00:00,2023-01-25T07:53:17+00:00,2023-01-25T07:54:04+00:00,2,🏴󠁧󠁢󠁷󠁬󠁳󠁿 Wales 🏴󠁧󠁢󠁷󠁬󠁳󠁿;Advance-Voting,329.7
DemocracyClub/UK-Polling-Stations,4182,Import ENF-London Borough of Enfield for 2022-05-05,closed,polling-bot-4000,GeoWill,2022-03-01T15:42:08+00:00,2022-03-08T14:54:40+00:00,2022-03-09T09:53:18+00:00,0,Data Import;ready,6.97
DemocracyClub/UK-Polling-Stations,4185,Import ROS-Rossendale Borough Council for 2022-05-05,closed,polling-bot-4000,GeoWill,2022-03-02T14:17:29+00:00,2022-03-09T10:17:16+00:00,2022-03-09T10:17:17+00:00,0,Data Import;ready,6.83
DemocracyClub/UK-Polling-Stations,4187,Import TAW-Tamworth Borough Council for 2022-05-05,closed,polling-bot-4000,GeoWill,2022-03-02T14:26:33+00:00,2022-03-09T16:46:29+00:00,2022-03-09T16:46:29+00:00,0,Data Import;ready,7.1
DemocracyClub/UK-Polling-Stations,4189,Import HAT-Hart District Council for 2022-05-05,closed,polling-bot-4000,GeoWill,2022-03-02T14:33:23+00:00,2022-03-09T16:45:44+00:00,2022-03-09T16:45:44+00:00,0,Data Import;ready,7.09
DemocracyClub/UK-Polling-Stations,4191,Import SKP-Stockport Metropolitan Borough Council for 2022-05-05,closed,polling-bot-4000,GeoWill,2022-03-02T14:55:10+00:00,2022-03-09T16:45:18+00:00,2022-03-09T16:45:19+00:00,1,Data Import;ready,7.08
DemocracyClub/UK-Polling-Stations,4194,Import CMN-Carmarthenshire County Council for 2022-05-05,closed,polling-bot-4000,GeoWill,2022-03-03T09:58:08+00:00,2022-03-09T16:46:00+00:00,2022-03-09T16:46:00+00:00,0,Data Import;ready,6.28
DemocracyClub/UK-Polling-Stations,4196,Import CRF-City of Cardiff Council for 2022-05-05,closed,polling-bot-4000,GeoWill,2022-03-03T10:12:40+00:00,2022-03-10T09:23:14+00:00,2022-03-10T09:23:14+00:00,0,Data Import;ready,6.97
DemocracyClub/UK-Polling-Stations,4198,Import SWA-City & County of Swansea for 2022-05-05,closed,polling-bot-4000,GeoWill,2022-03-03T11:42:38+00:00,2022-03-10T15:58:22+00:00,2022-03-10T15:58:23+00:00,0,Data Import;ready,7.18
DemocracyClub/UK-Polling-Stations,4200,Import RUN-Runnymede Borough Council for 2022-05-05,closed,polling-bot-4000,GeoWill,2022-03-03T14:49:34+00:00,2022-03-10T09:23:58+00:00,2022-03-10T09:23:58+00:00,0,Data Import;ready,6.77
DemocracyClub/UK-Polling-Stations,4205,Import FAR-Fareham Borough Council for 2022-05-05,closed,polling-bot-4000,GeoWill,2022-03-04T14:15:36+00:00,2022-03-10T09:24:25+00:00,2022-03-10T09:24:25+00:00,0,Data Import;ready,5.8
DemocracyClub/UK-Polling-Stations,4207,Import WLL-Walsall Metropolitan Borough Council for 2022-05-05,closed,polling-bot-4000,GeoWill,2022-03-04T14:27:08+00:00,2022-03-10T12:21:56+00:00,2022-03-10T12:21:56+00:00,0,Data Import;ready,5.91
DemocracyClub/UK-Polling-Stations,4209,Import WSM-City of Westminster for 2022-05-05,closed,polling-bot-4000,GeoWill,2022-03-04T15:31:33+00:00,2022-03-10T12:22:20+00:00,2022-03-10T12:22:21+00:00,0,Data Import;ready,5.87
DemocracyClub/UK-Polling-Stations,4213,Import KHL-Kingston-upon-Hull City Council for 2022-05-05,closed,polling-bot-4000,GeoWill,2022-03-07T08:47:43+00:00,2022-03-10T12:22:31+00:00,2022-03-10T12:22:31+00:00,0,Data Import;ready,3.15
DemocracyClub/UK-Polling-Stations,4215,Import POR-Portsmouth City Council for 2022-05-05,closed,polling-bot-4000,GeoWill,2022-03-07T11:48:16+00:00,2022-03-24T09:18:22+00:00,2022-03-24T09:18:22+00:00,0,Data Import;ready;On hold ⛔,16.9
DemocracyClub/UK-Polling-Stations,4217,Import PEN-Pendle Borough Council for 2022-05-05,closed,polling-bot-4000,GeoWill,2022-03-07T13:15:56+00:00,2022-03-11T15:18:13+00:00,2022-03-15T16:27:46+00:00,0,Data Import;ready,4.08
DemocracyClub/UK-Polling-Stations,4220,Assign councils to domain based on more than the councils email address,closed,pmk01,VirginiaDooley,2022-03-07T15:27:23+00:00,2023-06-22T08:11:47+00:00,2023-06-22T08:11:47+00:00,5,enhancement;file uploads 📂,471.7
DemocracyClub/UK-Polling-Stations,4222,Import GOS-Gosport Borough Council for 2022-05-05,closed,polling-bot-4000,GeoWill,2022-03-07T15:47:33+00:00,2022-03-10T18:46:53+00:00,2022-03-10T18:46:54+00:00,2,Data Import;ready,3.12
DemocracyClub/UK-Polling-Stations,4221,Import GOS-Gosport Borough Council for 2022-05-05,closed,polling-bot-4000,GeoWill,2022-03-07T15:47:33+00:00,2022-03-10T15:54:54+00:00,2022-03-10T15:54:54+00:00,0,Data Import;ready,3.01
DemocracyClub/UK-Polling-Stations,4227,Import SWD-Swindon Borough Council for 2022-05-05,closed,polling-bot-4000,GeoWill,2022-03-08T10:01:17+00:00,2022-03-10T15:55:19+00:00,2022-03-10T15:55:19+00:00,0,Data Import;ready,2.25
DemocracyClub/UK-Polling-Stations,4229,Import TUN-Tunbridge Wells Borough Council for 2022-05-05,closed,polling-bot-4000,GeoWill,2022-03-08T11:50:36+00:00,2022-04-07T16:18:50+00:00,2022-04-07T16:18:50+00:00,0,Data Import,30.19
DemocracyClub/UK-Polling-Stations,4231,Import STN-London Borough of Sutton for 2022-05-05,closed,polling-bot-4000,GeoWill,2022-03-08T12:51:29+00:00,2022-03-10T15:54:31+00:00,2022-03-10T15:54:31+00:00,0,Data Import;ready,2.13
DemocracyClub/UK-Polling-Stations,4234,Import EDH-City of Edinburgh Council for 2022-05-05,closed,polling-bot-4000,GeoWill,2022-03-09T09:52:21+00:00,2022-04-01T09:20:17+00:00,2022-04-01T09:20:17+00:00,0,Data Import,22.98
DemocracyClub/UK-Polling-Stations,4236,Import ELN-East Lothian Council for 2022-05-05,closed,polling-bot-4000,GeoWill,2022-03-09T09:54:49+00:00,2022-03-11T10:22:00+00:00,2022-03-11T10:22:01+00:00,0,Data Import;ready,2.02
DemocracyClub/UK-Polling-Stations,4238,Import MLN-Midlothian Council for 2022-05-05,closed,polling-bot-4000,GeoWill,2022-03-09T09:56:27+00:00,2022-03-11T10:23:10+00:00,2022-03-11T10:23:10+00:00,0,Data Import;ready,2.02
DemocracyClub/UK-Polling-Stations,4240,Import WLN-West Lothian Council for 2022-05-05,closed,polling-bot-4000,GeoWill,2022-03-09T09:57:50+00:00,2022-03-11T10:24:28+00:00,2022-03-11T10:24:28+00:00,0,Data Import;ready,2.02
DemocracyClub/UK-Polling-Stations,4242,Import AGB-Argyll and Bute Council for 2022-05-05,closed,polling-bot-4000,GeoWill,2022-03-09T10:29:45+00:00,2022-04-01T08:09:48+00:00,2022-04-01T08:09:49+00:00,0,Data Import,22.9
DemocracyClub/UK-Polling-Stations,4244,Import WDU-West Dunbartonshire Council for 2022-05-05,closed,polling-bot-4000,GeoWill,2022-03-09T10:30:31+00:00,2022-03-11T15:15:35+00:00,2022-03-11T15:15:35+00:00,0,Data Import;ready,2.2
DemocracyClub/UK-Polling-Stations,4246,Import EDU-East Dunbartonshire Council for 2022-05-05,closed,polling-bot-4000,GeoWill,2022-03-09T10:32:12+00:00,2022-03-11T15:16:02+00:00,2022-03-11T15:16:02+00:00,0,Data Import;ready,2.2
DemocracyClub/UK-Polling-Stations,4248,Import SWK-London Borough of Southwark for 2022-05-05,closed,polling-bot-4000,GeoWill,2022-03-09T13:18:04+00:00,2022-03-10T15:55:43+00:00,2022-03-10T15:55:43+00:00,0,Data Import;ready,1.11
DemocracyClub/UK-Polling-Stations,4250,Import SCA-South Cambridgeshire District Council for 2022-05-05,closed,polling-bot-4000,GeoWill,2022-03-09T15:39:51+00:00,2022-03-10T16:19:24+00:00,2022-03-10T16:19:24+00:00,0,Data Import;ready,1.03
DemocracyClub/UK-Polling-Stations,4252,Import WFT-London Borough of Waltham Forest for 2022-05-05,closed,polling-bot-4000,GeoWill,2022-03-09T17:00:15+00:00,2022-03-10T18:37:59+00:00,2022-03-10T18:37:59+00:00,0,Data Import;ready,1.07
DemocracyClub/UK-Polling-Stations,4254,Import SAL-St Albans City & District Council for 2022-05-05,closed,polling-bot-4000,GeoWill,2022-03-09T17:05:32+00:00,2022-03-16T12:25:29+00:00,2022-03-16T12:25:30+00:00,0,Data Import,6.81
DemocracyClub/UK-Polling-Stations,4256,Import WRL-Wirral Metropolitan Borough Council for 2022-05-05,closed,polling-bot-4000,GeoWill,2022-03-09T17:12:41+00:00,2022-03-11T15:05:09+00:00,2022-03-11T15:05:10+00:00,0,Data Import;ready,1.91
DemocracyClub/UK-Polling-Stations,4259,Import BEX-London Borough of Bexley for 2022-05-05,closed,polling-bot-4000,GeoWill,2022-03-10T09:24:34+00:00,2022-03-11T15:16:29+00:00,2022-03-11T15:16:29+00:00,0,Data Import;ready,1.24
DemocracyClub/UK-Polling-Stations,4261,Import ORK-Orkney Islands Council for 2022-05-05,closed,polling-bot-4000,GeoWill,2022-03-10T11:14:54+00:00,2022-03-11T15:17:33+00:00,2022-03-11T15:17:34+00:00,0,Data Import;ready,1.17
DemocracyClub/UK-Polling-Stations,4263,Import KEC-Royal Borough of Kensington and Chelsea for 2022-05-05,closed,polling-bot-4000,GeoWill,2022-03-10T11:16:55+00:00,2022-03-11T16:19:12+00:00,2022-03-11T16:19:12+00:00,0,Data Import;ready,1.21
DemocracyClub/UK-Polling-Stations,4265,Import BNE-London Borough of Barnet for 2022-05-05,closed,polling-bot-4000,GeoWill,2022-03-10T12:42:33+00:00,2022-03-11T16:24:38+00:00,2022-03-11T16:24:38+00:00,0,Data Import;ready,1.15
DemocracyClub/UK-Polling-Stations,4267,Import HAA-Havant Borough Council for 2022-05-05,closed,polling-bot-4000,GeoWill,2022-03-10T13:42:19+00:00,2022-03-14T16:11:17+00:00,2022-03-14T16:11:17+00:00,0,Data Import;ready,4.1
DemocracyClub/UK-Polling-Stations,4269,Import VGL-Vale of Glamorgan Council for 2022-05-05,closed,polling-bot-4000,GeoWill,2022-03-10T13:45:38+00:00,2022-03-10T18:49:08+00:00,2022-03-10T18:49:40+00:00,3,Data Import;ready,0.21
DemocracyClub/UK-Polling-Stations,4270,Import HPL-Hartlepool Borough Council for 2022-05-05,closed,polling-bot-4000,GeoWill,2022-03-10T13:51:32+00:00,2022-03-31T14:23:14+00:00,2022-03-31T14:23:14+00:00,1,Data Import;ready,21.02
DemocracyClub/UK-Polling-Stations,4272,Import DER-Derby City Council for 2022-05-05,closed,polling-bot-4000,GeoWill,2022-03-10T14:22:35+00:00,2022-03-14T16:11:33+00:00,2022-03-14T16:11:33+00:00,0,Data Import;ready,4.08
DemocracyClub/UK-Polling-Stations,4274,Import ZET-Shetland Islands Council for 2022-05-05,closed,polling-bot-4000,GeoWill,2022-03-10T14:33:41+00:00,2022-03-14T16:11:59+00:00,2022-03-14T16:11:59+00:00,0,Data Import;ready,4.07
DemocracyClub/UK-Polling-Stations,4276,Import KIR-Kirklees Metropolitan Council for 2022-05-05,closed,polling-bot-4000,GeoWill,2022-03-10T15:06:21+00:00,2022-03-14T16:12:24+00:00,2022-03-14T16:12:25+00:00,0,Data Import;ready,4.05
DemocracyClub/UK-Polling-Stations,4278,Import BRD-Bradford Council for 2022-05-05,closed,polling-bot-4000,GeoWill,2022-03-10T15:16:29+00:00,2022-03-15T08:53:14+00:00,2022-03-15T08:53:15+00:00,0,Data Import;ready,4.73
DemocracyClub/UK-Polling-Stations,4281,Import BRX-Broxbourne Borough Council for 2022-05-05,closed,polling-bot-4000,GeoWill,2022-03-10T15:49:04+00:00,2022-03-16T14:47:33+00:00,2022-03-16T14:47:46+00:00,3,Data Import;ready,5.96
DemocracyClub/UK-Polling-Stations,4280,Import BRX-Broxbourne Borough Council for 2022-05-05,closed,polling-bot-4000,GeoWill,2022-03-10T15:49:04+00:00,2022-03-15T08:54:22+00:00,2022-03-15T08:54:23+00:00,0,Data Import;ready,4.71
DemocracyClub/UK-Polling-Stations,4283,Import HUN-Huntingdonshire District Council for 2022-05-05,closed,polling-bot-4000,GeoWill,2022-03-10T15:50:14+00:00,2022-03-15T08:59:46+00:00,2022-03-15T08:59:46+00:00,0,Data Import;ready,4.71
DemocracyClub/UK-Polling-Stations,4285,Import RED-Redditch Borough Council for 2022-05-05,closed,polling-bot-4000,GeoWill,2022-03-10T16:07:50+00:00,2022-03-15T09:00:28+00:00,2022-03-15T09:00:28+00:00,0,Data Import;ready,4.7
DemocracyClub/UK-Polling-Stations,4290,Import NTY-North Tyneside Council for 2022-05-05,closed,polling-bot-4000,GeoWill,2022-03-11T10:10:59+00:00,2022-03-15T09:00:55+00:00,2022-03-15T09:00:56+00:00,0,Data Import;ready,3.95
DemocracyClub/UK-Polling-Stations,4292,Import CHR-Cherwell District Council for 2022-05-05,closed,polling-bot-4000,GeoWill,2022-03-11T13:35:04+00:00,2022-03-15T11:38:02+00:00,2022-03-15T11:38:02+00:00,0,Data Import;ready,3.92
DemocracyClub/UK-Polling-Stations,4294,Import SEL-Selby District Council for 2022-05-05,closed,polling-bot-4000,GeoWill,2022-03-11T13:58:21+00:00,2022-03-15T11:38:20+00:00,2022-03-15T11:38:20+00:00,0,Data Import;ready,3.9
DemocracyClub/UK-Polling-Stations,4296,Import VGL-Vale of Glamorgan Council for 2022-05-05,closed,polling-bot-4000,GeoWill,2022-03-11T14:01:52+00:00,2022-03-15T16:18:39+00:00,2022-03-15T16:18:39+00:00,1,Data Import;ready,4.09
DemocracyClub/UK-Polling-Stations,4299,Import EAY-East Ayrshire Council for 2022-05-05,closed,polling-bot-4000,GeoWill,2022-03-11T15:04:51+00:00,2022-03-15T16:19:05+00:00,2022-03-15T16:19:05+00:00,1,Data Import;ready,4.05
DemocracyClub/UK-Polling-Stations,4301,Import STY-South Tyneside Metropolitan Borough Council for 2022-05-05,closed,polling-bot-4000,GeoWill,2022-03-11T15:10:06+00:00,2022-03-15T16:19:21+00:00,2022-03-15T16:19:21+00:00,0,Data Import;ready,4.05
DemocracyClub/UK-Polling-Stations,4303,Import NAY-North Ayrshire Council for 2022-05-05,closed,polling-bot-4000,GeoWill,2022-03-11T15:12:58+00:00,2022-03-15T16:19:48+00:00,2022-03-15T16:19:49+00:00,0,Data Import;ready,4.05
DemocracyClub/UK-Polling-Stations,4305,Import SAY-South Ayrshire Council for 2022-05-05,closed,polling-bot-4000,GeoWill,2022-03-11T15:13:20+00:00,2022-03-15T16:20:28+00:00,2022-03-15T16:20:29+00:00,0,Data Import;ready,4.05
DemocracyClub/UK-Polling-Stations,4307,Import TRF-Trafford Metropolitan Borough Council for 2022-05-05,closed,polling-bot-4000,GeoWill,2022-03-11T16:14:38+00:00,2022-03-15T16:20:10+00:00,2022-03-15T16:20:11+00:00,3,Data Import;ready,4.0
DemocracyClub/UK-Polling-Stations,4309,Import HMF-London Borough of Hammersmith and Fulham for 2022-05-05,closed,polling-bot-4000,GeoWill,2022-03-13T18:01:59+00:00,2022-03-15T16:20:49+00:00,2022-03-15T16:20:50+00:00,0,Data Import;ready,1.93
DemocracyClub/UK-Polling-Stations,4311,Import KHL-Kingston-upon-Hull City Council for 2022-05-05,closed,polling-bot-4000,GeoWill,2022-03-14T11:19:48+00:00,2022-03-15T16:21:03+00:00,2022-03-15T16:21:03+00:00,0,Data Import;ready,1.21
DemocracyClub/UK-Polling-Stations,4313,Import ROT-Rotherham Metropolitan Borough Council for 2022-05-05,closed,polling-bot-4000,GeoWill,2022-03-14T15:38:15+00:00,2022-03-15T16:32:05+00:00,2022-03-15T16:32:06+00:00,0,Data Import;ready,1.04
DemocracyClub/UK-Polling-Stations,4315,Import EXE-Exeter City Council for 2022-05-05,closed,polling-bot-4000,GeoWill,2022-03-14T16:19:08+00:00,2022-03-15T16:22:18+00:00,2022-03-15T16:22:18+00:00,0,Data Import;ready,1.0
DemocracyClub/UK-Polling-Stations,4320,Import BAN-Basingstoke and Deane Borough Council for 2022-05-05,closed,polling-bot-4000,GeoWill,2022-03-15T10:42:34+00:00,2022-03-15T16:32:35+00:00,2022-03-15T16:32:35+00:00,0,Data Import;ready,0.24
DemocracyClub/UK-Polling-Stations,4323,Import COV-Coventry City Council for 2022-05-05,closed,polling-bot-4000,GeoWill,2022-03-15T18:03:48+00:00,2022-03-16T12:25:48+00:00,2022-03-16T12:25:48+00:00,0,Data Import;ready,0.77
DemocracyClub/UK-Polling-Stations,4326,Import CRY-London Borough of Croydon for 2022-05-05,closed,polling-bot-4000,GeoWill,2022-03-15T22:31:57+00:00,2022-03-16T12:27:35+00:00,2022-03-16T12:27:35+00:00,0,Data Import;ready,0.58
DemocracyClub/UK-Polling-Stations,4328,Import CWY-Conwy County Borough Council for 2022-05-05,closed,polling-bot-4000,GeoWill,2022-03-16T08:48:26+00:00,2022-03-16T12:27:59+00:00,2022-03-16T12:27:59+00:00,0,Data Import;ready,0.15
DemocracyClub/UK-Polling-Stations,4330,Import PLY-Plymouth City Council for 2022-05-05,closed,polling-bot-4000,GeoWill,2022-03-16T11:00:31+00:00,2022-03-16T12:28:15+00:00,2022-03-16T12:28:15+00:00,0,Data Import;ready,0.06
DemocracyClub/UK-Polling-Stations,4332,Import GAT-Gateshead Metropolitan Borough Council for 2022-05-05,closed,polling-bot-4000,GeoWill,2022-03-16T12:09:36+00:00,2022-03-16T13:48:03+00:00,2022-03-16T13:48:04+00:00,0,Data Import;ready,0.07
DemocracyClub/UK-Polling-Stations,4335,Import THE-Three Rivers District Council for 2022-05-05,closed,polling-bot-4000,GeoWill,2022-03-16T12:44:48+00:00,2022-03-16T14:37:46+00:00,2022-03-16T14:37:47+00:00,0,Data Import;ready,0.08
DemocracyClub/UK-Polling-Stations,4338,Import STV-Stevenage Borough Council for 2022-05-05,closed,polling-bot-4000,GeoWill,2022-03-16T14:30:42+00:00,2022-03-16T14:47:00+00:00,2022-03-16T14:48:06+00:00,2,Data Import;ready,0.01
DemocracyClub/UK-Polling-Stations,4337,Import STV-Stevenage Borough Council for 2022-05-05,closed,polling-bot-4000,GeoWill,2022-03-16T14:30:42+00:00,2022-03-16T14:54:41+00:00,2022-03-16T14:54:41+00:00,0,Data Import;ready,0.02
DemocracyClub/UK-Polling-Stations,4340,Import HIL-London Borough of Hillingdon for 2022-05-05,closed,polling-bot-4000,GeoWill,2022-03-16T15:16:41+00:00,2022-03-16T16:50:27+00:00,2022-03-16T16:50:28+00:00,0,Data Import;ready,0.07
DemocracyClub/UK-Polling-Stations,4342,Import WOK-Wokingham Borough Council for 2022-05-05,closed,polling-bot-4000,GeoWill,2022-03-16T15:20:42+00:00,2022-03-17T13:31:33+00:00,2022-03-17T13:31:33+00:00,0,Data Import;ready,0.92
DemocracyClub/UK-Polling-Stations,4344,Import MAN-Manchester City Council for 2022-05-05,closed,polling-bot-4000,GeoWill,2022-03-16T17:36:28+00:00,2022-03-17T13:31:55+00:00,2022-03-17T13:31:55+00:00,0,Data Import;ready,0.83
DemocracyClub/UK-Polling-Stations,4347,Import WOX-West Oxfordshire District Council for 2022-05-05,closed,polling-bot-4000,GeoWill,2022-03-17T09:27:28+00:00,2022-03-17T13:32:20+00:00,2022-03-17T13:32:20+00:00,0,Data Import;ready,0.17
DemocracyClub/UK-Polling-Stations,4349,Import CLK-Clackmannanshire Council for 2022-05-05,closed,polling-bot-4000,GeoWill,2022-03-17T11:32:38+00:00,2022-03-17T13:32:34+00:00,2022-03-17T13:32:34+00:00,0,Data Import;ready,0.08
DemocracyClub/UK-Polling-Stations,4351,Import FAL-Falkirk Council for 2022-05-05,closed,polling-bot-4000,GeoWill,2022-03-17T11:46:11+00:00,2022-03-17T13:32:49+00:00,2022-03-17T13:32:49+00:00,0,Data Import;ready,0.07
DemocracyClub/UK-Polling-Stations,4353,Import STG-Stirling Council for 2022-05-05,closed,polling-bot-4000,GeoWill,2022-03-17T11:51:34+00:00,2022-03-17T13:33:04+00:00,2022-03-17T13:33:04+00:00,0,Data Import;ready,0.07
DemocracyClub/UK-Polling-Stations,4355,Import RCT-Rhondda Cynon Taf County Borough Council for 2022-05-05,closed,polling-bot-4000,GeoWill,2022-03-17T12:13:51+00:00,2022-03-17T13:34:50+00:00,2022-03-17T13:34:50+00:00,0,Data Import;ready,0.06
DemocracyClub/UK-Polling-Stations,4357,Import TAN-Tandridge District Council for 2022-05-05,closed,polling-bot-4000,GeoWill,2022-03-17T15:55:00+00:00,2022-03-24T13:51:14+00:00,2022-03-24T13:51:14+00:00,0,Data Import;ready,6.91
DemocracyClub/UK-Polling-Stations,4360,Import MOL-Mole Valley District Council for 2022-05-05,closed,polling-bot-4000,GeoWill,2022-03-18T10:50:54+00:00,2022-03-24T15:35:23+00:00,2022-03-24T15:35:24+00:00,0,Data Import;ready,6.2
DemocracyClub/UK-Polling-Stations,4362,Import TAM-Tameside Metropolitan Borough Council for 2022-05-05,closed,polling-bot-4000,GeoWill,2022-03-18T11:53:17+00:00,2022-03-31T15:09:35+00:00,2022-03-31T15:09:36+00:00,1,Data Import;ready,13.14
DemocracyClub/UK-Polling-Stations,4364,Import WAT-Watford Borough Council for 2022-05-05,closed,polling-bot-4000,GeoWill,2022-03-18T12:10:55+00:00,2022-04-06T15:50:38+00:00,2022-04-06T15:50:38+00:00,2,Data Import;ready,19.15
DemocracyClub/UK-Polling-Stations,4366,Import OXO-Oxford City Council for 2022-05-05,closed,polling-bot-4000,alexdutton,2022-03-18T12:20:02+00:00,2022-03-23T16:01:38+00:00,2022-03-23T16:01:38+00:00,0,Data Import;ready,5.15
DemocracyClub/UK-Polling-Stations,4368,Import ELS-Comhairle nan Eilean Siar for 2022-05-05,closed,polling-bot-4000,GeoWill,2022-03-18T12:34:46+00:00,2022-03-24T09:23:22+00:00,2022-03-24T09:23:22+00:00,0,Data Import;ready,5.87
DemocracyClub/UK-Polling-Stations,4370,Import BNH-Brighton and Hove Council for 2022-05-05,closed,polling-bot-4000,GeoWill,2022-03-18T16:35:48+00:00,2022-03-24T15:36:14+00:00,2022-03-24T15:36:15+00:00,0,Data Import;ready,5.96
DemocracyClub/UK-Polling-Stations,4372,Import BRY-London Borough of Bromley for 2022-05-05,closed,polling-bot-4000,GeoWill,2022-03-18T16:49:02+00:00,2022-03-24T15:36:59+00:00,2022-03-24T15:36:59+00:00,0,Data Import;ready,5.95
DemocracyClub/UK-Polling-Stations,4374,Import CLD-Calderdale Metropolitan Borough Council for 2022-05-05,closed,polling-bot-4000,GeoWill,2022-03-21T11:38:32+00:00,2022-03-24T15:37:14+00:00,2022-03-24T15:37:14+00:00,0,Data Import;ready,3.17
DemocracyClub/UK-Polling-Stations,4376,Import NET-Newcastle City Council for 2022-05-05,closed,polling-bot-4000,GeoWill,2022-03-21T11:46:07+00:00,2022-03-24T15:37:56+00:00,2022-03-24T15:37:56+00:00,0,Data Import;ready,3.16
DemocracyClub/UK-Polling-Stations,4378,Import BGW-Blaenau Gwent County Borough Council for 2022-05-05,closed,polling-bot-4000,GeoWill,2022-03-21T12:39:48+00:00,2022-03-24T15:37:25+00:00,2022-03-24T15:37:26+00:00,0,Data Import;ready,3.12
DemocracyClub/UK-Polling-Stations,4380,Import HAL-Halton Borough Council for 2022-05-05,closed,polling-bot-4000,GeoWill,2022-03-21T14:24:26+00:00,2022-03-25T10:53:21+00:00,2022-03-25T10:53:22+00:00,0,Data Import;ready,3.85
DemocracyClub/UK-Polling-Stations,4382,Import GRE-Royal Borough of Greenwich for 2022-05-05,closed,polling-bot-4000,GeoWill,2022-03-21T14:44:47+00:00,2022-03-25T10:55:23+00:00,2022-03-25T10:55:23+00:00,0,Data Import;ready,3.84
DemocracyClub/UK-Polling-Stations,4385,Import AMB-Amber Valley Borough Council for 2022-05-05,closed,polling-bot-4000,alexdutton,2022-03-22T09:50:37+00:00,2022-03-29T15:07:14+00:00,2022-03-29T15:07:14+00:00,0,Data Import;ready,7.22
DemocracyClub/UK-Polling-Stations,4387,Import SOL-Solihull Metropolitan Borough Council for 2022-05-05,closed,polling-bot-4000,alexdutton,2022-03-22T11:31:28+00:00,2022-03-29T15:07:03+00:00,2022-03-29T15:07:03+00:00,0,Data Import;ready,7.15
DemocracyClub/UK-Polling-Stations,4389,Import RDB-London Borough of Redbridge for 2022-05-05,closed,polling-bot-4000,alexdutton,2022-03-22T12:48:42+00:00,2022-03-29T15:06:51+00:00,2022-03-29T15:06:51+00:00,0,Data Import;ready,7.1
DemocracyClub/UK-Polling-Stations,4391,Import CAB-Cambridge City Council for 2022-05-05,closed,polling-bot-4000,alexdutton,2022-03-22T14:46:01+00:00,2022-03-29T15:06:23+00:00,2022-03-29T15:06:24+00:00,0,Data Import;ready,7.01
DemocracyClub/UK-Polling-Stations,4393,Import BEN-London Borough of Brent for 2022-05-05,closed,polling-bot-4000,alexdutton,2022-03-22T16:39:59+00:00,2022-03-29T15:06:15+00:00,2022-03-29T15:06:15+00:00,0,Data Import;ready,6.93
DemocracyClub/UK-Polling-Stations,4397,Import DEN-Denbighshire County Borough Council for 2022-05-05,closed,polling-bot-4000,alexdutton,2022-03-23T09:46:59+00:00,2022-03-29T15:06:06+00:00,2022-03-29T15:06:06+00:00,0,Data Import;ready,6.22
DemocracyClub/UK-Polling-Stations,4399,Import EAY-East Ayrshire Council for 2022-05-05,closed,polling-bot-4000,GeoWill,2022-03-23T11:07:22+00:00,2022-03-31T08:17:54+00:00,2022-03-31T08:17:54+00:00,0,Data Import;ready;Scotland 🏴󠁧󠁢󠁳󠁣󠁴󠁿,7.88
DemocracyClub/UK-Polling-Stations,4401,Import SOS-Southend-on-Sea Borough Council for 2022-05-05,closed,polling-bot-4000,GeoWill,2022-03-23T11:58:49+00:00,2022-03-31T15:09:19+00:00,2022-03-31T15:09:19+00:00,1,Data Import;ready;On hold ⛔,8.13
DemocracyClub/UK-Polling-Stations,4403,Import BST-Bristol City Council for 2022-05-05,closed,polling-bot-4000,alexdutton,2022-03-23T12:04:52+00:00,2022-03-29T15:05:58+00:00,2022-03-29T15:05:58+00:00,0,Data Import;ready,6.13
DemocracyClub/UK-Polling-Stations,4405,Import SLA-South Lakeland District Council for 2022-04-14,closed,polling-bot-4000,GeoWill,2022-03-23T12:31:07+00:00,2022-03-25T10:52:55+00:00,2022-03-25T10:52:56+00:00,0,Data Import;ready,1.93
DemocracyClub/UK-Polling-Stations,4407,Import NEC-Newcastle Under Lyme Borough Council for 2022-05-05,closed,polling-bot-4000,alexdutton,2022-03-23T13:32:32+00:00,2022-03-29T15:05:49+00:00,2022-03-29T15:05:50+00:00,0,Data Import;ready,6.06
DemocracyClub/UK-Polling-Stations,4409,Import WOC-Worcester City Council for 2022-05-05,closed,polling-bot-4000,GeoWill,2022-03-23T15:20:39+00:00,2022-03-31T14:18:54+00:00,2022-03-31T14:18:55+00:00,0,Data Import;ready,7.96
DemocracyClub/UK-Polling-Stations,4411,Import CRW-Crawley Borough Council for 2022-05-05,closed,polling-bot-4000,alexdutton,2022-03-23T15:30:40+00:00,2022-03-29T15:05:41+00:00,2022-03-29T15:05:42+00:00,0,Data Import;ready,5.98
DemocracyClub/UK-Polling-Stations,4413,Import MAI-Maidstone Borough Council for 2022-05-05,closed,polling-bot-4000,alexdutton,2022-03-23T15:48:03+00:00,2022-03-29T15:05:24+00:00,2022-03-29T15:05:24+00:00,0,Data Import;ready,5.97
DemocracyClub/UK-Polling-Stations,4415,Import THR-Thurrock Council for 2022-05-05,closed,polling-bot-4000,GeoWill,2022-03-23T16:02:17+00:00,2022-03-31T14:19:17+00:00,2022-03-31T14:19:17+00:00,0,Data Import;ready,7.93
DemocracyClub/UK-Polling-Stations,4417,Import NWM-London Borough of Newham for 2022-05-05,closed,polling-bot-4000,GeoWill,2022-03-23T16:03:12+00:00,2022-03-31T08:19:05+00:00,2022-03-31T08:19:06+00:00,0,Data Import;ready,7.68
DemocracyClub/UK-Polling-Stations,4419,Import ADU-Adur District Council for 2022-05-05,closed,polling-bot-4000,GeoWill,2022-03-23T16:14:49+00:00,2022-03-31T08:19:32+00:00,2022-03-31T08:19:33+00:00,0,Data Import;ready,7.67
DemocracyClub/UK-Polling-Stations,4421,Import WOT-Worthing Borough Council for 2022-05-05,closed,polling-bot-4000,GeoWill,2022-03-23T16:15:29+00:00,2022-03-31T08:23:20+00:00,2022-03-31T08:23:21+00:00,0,Data Import;ready,7.67
DemocracyClub/UK-Polling-Stations,4423,Import SFT-Sefton Metropolitan Borough Council for 2022-05-05,closed,polling-bot-4000,,2022-03-23T16:21:48+00:00,2022-04-05T16:24:26+00:00,2022-04-05T16:24:27+00:00,0,Data Import;ready,13.0
DemocracyClub/UK-Polling-Stations,4425,Import SSO-South Somerset District Council for 2022-05-05,closed,polling-bot-4000,,2022-03-23T16:27:19+00:00,2022-04-05T16:24:48+00:00,2022-04-05T16:24:49+00:00,0,Data Import;ready,13.0
DemocracyClub/UK-Polling-Stations,4427,Import WIN-Winchester City Council for 2022-05-05,closed,polling-bot-4000,,2022-03-23T16:46:47+00:00,2022-04-05T16:39:04+00:00,2022-04-05T16:39:04+00:00,0,Data Import;ready,12.99
DemocracyClub/UK-Polling-Stations,4429,Import KWL-Knowsley Metropolitan Borough Council for 2022-05-05,closed,polling-bot-4000,,2022-03-23T16:54:50+00:00,2022-04-05T16:27:17+00:00,2022-04-05T16:27:17+00:00,0,Data Import;ready,12.98
DemocracyClub/UK-Polling-Stations,4431,Import HCK-London Borough of Hackney for 2022-05-05,closed,polling-bot-4000,,2022-03-23T17:31:47+00:00,2022-04-05T16:27:46+00:00,2022-04-05T16:27:46+00:00,0,Data Import;ready,12.96
DemocracyClub/UK-Polling-Stations,4434,Import LDS-Leeds City Council for 2022-05-05,closed,polling-bot-4000,,2022-03-24T08:34:40+00:00,2022-04-06T15:33:53+00:00,2022-04-06T15:33:54+00:00,0,Data Import;ready,13.29
DemocracyClub/UK-Polling-Stations,4436,Design and add Advance Voting Stations to frontend,closed,symroe,,2022-03-24T08:41:18+00:00,2023-01-25T07:52:40+00:00,2023-01-25T07:52:40+00:00,0,,306.97
DemocracyClub/UK-Polling-Stations,4437,Import WKF-Wakefield Metropolitan District Council for 2022-05-05,closed,polling-bot-4000,,2022-03-24T08:42:51+00:00,2022-04-06T15:34:43+00:00,2022-04-06T15:34:44+00:00,1,Data Import;ready,13.29
DemocracyClub/UK-Polling-Stations,4439,Import CAN-Cannock Chase District Council for 2022-05-05,closed,polling-bot-4000,,2022-03-24T09:13:01+00:00,2022-04-06T15:35:55+00:00,2022-04-06T15:35:56+00:00,0,Data Import;ready,13.27
DemocracyClub/UK-Polling-Stations,4441,Import PTE-Peterborough City Council for 2022-05-05,closed,polling-bot-4000,,2022-03-24T09:40:27+00:00,2022-04-06T15:47:45+00:00,2022-04-06T15:47:45+00:00,0,Data Import;ready,13.26
DemocracyClub/UK-Polling-Stations,4443,Import NEL-North East Lincolnshire Council for 2022-05-05,closed,polling-bot-4000,,2022-03-24T10:30:22+00:00,2022-04-06T15:48:07+00:00,2022-04-06T15:48:07+00:00,0,Data Import;ready,13.22
DemocracyClub/UK-Polling-Stations,4445,Import MAN-Manchester City Council for 2022-05-05,closed,polling-bot-4000,,2022-03-24T10:46:04+00:00,2022-04-07T14:26:52+00:00,2022-04-07T14:26:52+00:00,0,Data Import;ready,14.15
DemocracyClub/UK-Polling-Stations,4447,Import MAN-Manchester City Council for 2022-05-05,closed,polling-bot-4000,,2022-03-24T10:46:12+00:00,2022-04-11T07:56:05+00:00,2022-04-11T07:56:05+00:00,1,Data Import;ready,17.88
DemocracyClub/UK-Polling-Stations,4448,Import CMD-London Borough of Camden for 2022-05-05,closed,polling-bot-4000,,2022-03-24T11:12:44+00:00,2022-04-07T14:27:13+00:00,2022-04-07T14:27:14+00:00,3,Data Import;ready,14.14
DemocracyClub/UK-Polling-Stations,4450,Import BUR-Bury Metropolitan Borough Council for 2022-05-05,closed,polling-bot-4000,,2022-03-24T12:32:10+00:00,2022-04-07T14:09:39+00:00,2022-04-07T14:09:40+00:00,0,Data Import;ready,14.07
DemocracyClub/UK-Polling-Stations,4452,Import WLV-Wolverhampton City Council for 2022-05-05,closed,polling-bot-4000,,2022-03-24T13:26:48+00:00,2022-04-21T09:31:26+00:00,2022-04-21T09:31:27+00:00,0,Data Import;ready,27.84
DemocracyClub/UK-Polling-Stations,4454,Import HAR-Harlow District Council for 2022-05-05,closed,polling-bot-4000,,2022-03-24T13:51:44+00:00,2022-04-07T14:10:25+00:00,2022-04-07T14:10:25+00:00,0,Data Import;ready,14.01
DemocracyClub/UK-Polling-Stations,4456,Import HLD-Highland Council for 2022-05-05,closed,polling-bot-4000,,2022-03-24T15:19:18+00:00,2022-04-05T17:24:06+00:00,2022-04-05T17:24:07+00:00,0,Data Import;ready,12.09
DemocracyClub/UK-Polling-Stations,4458,Import HAG-Harrogate Borough Council for 2022-05-05,closed,polling-bot-4000,,2022-03-24T16:05:38+00:00,2022-04-07T14:09:59+00:00,2022-04-07T14:09:59+00:00,0,Data Import;ready,13.92
DemocracyClub/UK-Polling-Stations,4460,Import CAS-Castle Point Borough Council for 2022-05-05,closed,polling-bot-4000,,2022-03-24T16:14:02+00:00,2022-04-07T14:10:41+00:00,2022-04-07T14:10:41+00:00,0,Data Import;ready,13.91
DemocracyClub/UK-Polling-Stations,4462,Import BBD-Blackburn with Darwen Borough Council for 2022-05-05,closed,polling-bot-4000,,2022-03-24T16:15:42+00:00,2022-04-06T15:34:12+00:00,2022-04-06T15:34:13+00:00,0,Data Import;ready,12.97
DemocracyClub/UK-Polling-Stations,4464,Import WLA-West Lancashire Borough Council for 2022-05-05,closed,polling-bot-4000,,2022-03-24T16:56:19+00:00,2022-04-07T14:10:59+00:00,2022-04-07T14:10:59+00:00,0,Data Import;ready,13.89
DemocracyClub/UK-Polling-Stations,4466,Import MTY-Merthyr Tydfil County Borough Council for 2022-05-05,closed,polling-bot-4000,,2022-03-25T08:16:23+00:00,2022-04-07T14:11:25+00:00,2022-04-07T14:11:26+00:00,0,Data Import;ready,13.25
DemocracyClub/UK-Polling-Stations,4468,Import BNS-Barnsley Metropolitan Borough Council for 2022-05-05,closed,polling-bot-4000,,2022-03-25T09:17:12+00:00,2022-04-07T16:06:41+00:00,2022-04-07T16:06:42+00:00,1,Data Import;ready,13.28
DemocracyClub/UK-Polling-Stations,4470,Import PRE-Preston City Council for 2022-05-05,closed,polling-bot-4000,,2022-03-25T10:08:50+00:00,2022-04-21T09:31:08+00:00,2022-04-21T09:31:09+00:00,0,Data Import;ready,26.97
DemocracyClub/UK-Polling-Stations,4472,Import COL-Colchester Borough Council for 2022-05-05,closed,polling-bot-4000,,2022-03-25T10:48:54+00:00,2022-04-11T12:36:27+00:00,2022-04-11T12:36:27+00:00,0,Data Import;ready,17.07
DemocracyClub/UK-Polling-Stations,4474,Import AGY-Isle of Anglesey County Council for 2022-05-05,closed,polling-bot-4000,,2022-03-25T12:55:25+00:00,2022-04-11T12:36:35+00:00,2022-04-11T12:36:36+00:00,0,Data Import;ready,16.99
DemocracyClub/UK-Polling-Stations,4476,Notify us if file is 'pending' for longer than about 5 minutes,closed,pmk01,,2022-03-25T13:09:57+00:00,2023-02-07T09:38:40+00:00,2023-02-07T09:38:40+00:00,2,enhancement;file uploads 📂,318.85
DemocracyClub/UK-Polling-Stations,4478,Import ERW-East Renfrewshire Council for 2022-05-05,closed,polling-bot-4000,,2022-03-28T08:28:19+00:00,2022-04-05T16:26:08+00:00,2022-04-05T16:26:08+00:00,0,Data Import;ready,8.33
DemocracyClub/UK-Polling-Stations,4480,Import RFW-Renfrewshire Council for 2022-05-05,closed,polling-bot-4000,,2022-03-28T08:30:24+00:00,2022-04-05T16:26:31+00:00,2022-04-05T16:26:31+00:00,0,Data Import;ready,8.33
DemocracyClub/UK-Polling-Stations,4482,Import IVC-Inverclyde Council for 2022-05-05,closed,polling-bot-4000,,2022-03-28T08:30:58+00:00,2022-04-05T16:26:57+00:00,2022-04-05T16:26:57+00:00,0,Data Import;ready,8.33
DemocracyClub/UK-Polling-Stations,4484,Import CHO-Chorley Borough Council for 2022-05-05,closed,polling-bot-4000,,2022-03-28T08:45:11+00:00,2022-04-12T08:03:55+00:00,2022-04-12T08:03:55+00:00,0,Data Import;ready,14.97
DemocracyClub/UK-Polling-Stations,4486,Import SHF-Sheffield City Council for 2022-05-05,closed,polling-bot-4000,,2022-03-28T11:49:33+00:00,2022-04-12T08:04:11+00:00,2022-04-12T08:04:12+00:00,0,Data Import;ready,14.84
DemocracyClub/UK-Polling-Stations,4488,Import HRW-London Borough of Harrow for 2022-05-05,closed,polling-bot-4000,,2022-03-28T15:54:03+00:00,2022-04-12T08:04:18+00:00,2022-04-12T08:04:19+00:00,0,Data Import;ready,14.67
DemocracyClub/UK-Polling-Stations,4490,Import BGE-Bridgend County Borough Council for 2022-05-05,closed,polling-bot-4000,,2022-03-29T10:07:47+00:00,2022-04-20T11:56:10+00:00,2022-04-20T11:56:10+00:00,1,Data Import;ready,22.08
DemocracyClub/UK-Polling-Stations,4492,Import SLF-Salford City Council for 2022-05-05,closed,polling-bot-4000,,2022-03-29T10:41:03+00:00,2022-04-20T11:10:45+00:00,2022-04-20T11:10:46+00:00,0,Data Import;ready;check_api,22.02
DemocracyClub/UK-Polling-Stations,4494,Import CHR-Cherwell District Council for 2022-05-05,closed,polling-bot-4000,,2022-03-29T11:16:07+00:00,2022-04-12T11:35:21+00:00,2022-04-12T11:35:22+00:00,0,Data Import;ready,14.01
DemocracyClub/UK-Polling-Stations,4496,Import LBH-London Borough of Lambeth for 2022-05-05,closed,polling-bot-4000,,2022-03-29T11:35:34+00:00,2022-04-05T16:34:35+00:00,2022-04-05T16:34:36+00:00,0,Data Import;ready,7.21
DemocracyClub/UK-Polling-Stations,4498,Import RUG-Rugby Borough Council for 2022-05-05,closed,polling-bot-4000,,2022-03-29T11:58:13+00:00,2022-04-12T08:04:25+00:00,2022-04-12T08:04:25+00:00,0,Data Import;ready,13.84
DemocracyClub/UK-Polling-Stations,4500,Import EPP-Epping Forest District Council for 2022-05-05,closed,polling-bot-4000,,2022-03-29T12:45:43+00:00,2022-04-12T15:45:30+00:00,2022-04-12T15:45:30+00:00,0,Data Import;ready,14.12
DemocracyClub/UK-Polling-Stations,4502,Import RCH-Rochdale Metropolitan Borough Council for 2022-05-05,closed,polling-bot-4000,,2022-03-29T13:33:38+00:00,2022-04-12T15:47:03+00:00,2022-04-12T15:47:03+00:00,0,Data Import;ready,14.09
DemocracyClub/UK-Polling-Stations,4504,Import CRF-City of Cardiff Council for 2022-05-05,closed,polling-bot-4000,,2022-03-29T15:13:24+00:00,2022-04-12T11:28:30+00:00,2022-04-12T11:28:31+00:00,0,Data Import;ready,13.84
DemocracyClub/UK-Polling-Stations,4508,Import GLG-Glasgow City Council for 2022-05-05,closed,polling-bot-4000,,2022-03-30T09:35:47+00:00,2022-04-05T16:34:14+00:00,2022-04-05T16:34:15+00:00,0,Data Import;ready,6.29
DemocracyClub/UK-Polling-Stations,4511,Import SRI-South Ribble Borough Council for 2022-05-05,closed,polling-bot-4000,,2022-03-30T10:37:47+00:00,2022-04-12T15:45:39+00:00,2022-04-12T15:45:39+00:00,0,Data Import;ready,13.21
DemocracyClub/UK-Polling-Stations,4513,Import BOL-Bolton Metropolitan Borough Council for 2022-05-05,closed,polling-bot-4000,,2022-03-30T10:53:15+00:00,2022-04-12T11:32:34+00:00,2022-04-12T11:32:35+00:00,0,Data Import;ready,13.03
DemocracyClub/UK-Polling-Stations,4515,Import BUN-Burnley Borough Council for 2022-05-05,closed,polling-bot-4000,,2022-03-30T11:24:41+00:00,2022-04-12T11:36:27+00:00,2022-04-12T11:36:27+00:00,0,Data Import;ready,13.01
DemocracyClub/UK-Polling-Stations,4517,Import EDN-Eden District Council for 2022-05-05,closed,polling-bot-4000,,2022-03-30T11:29:53+00:00,2022-04-12T15:45:46+00:00,2022-04-12T15:45:46+00:00,0,Data Import;ready,13.18
DemocracyClub/UK-Polling-Stations,4519,Import COP-Copeland Borough Council for 2022-05-05,closed,polling-bot-4000,,2022-03-30T11:34:51+00:00,2022-04-12T15:46:31+00:00,2022-04-12T15:46:32+00:00,0,Data Import;ready,13.17
DemocracyClub/UK-Polling-Stations,4522,Import MON-Monmouthshire County Council for 2022-05-05,closed,polling-bot-4000,,2022-03-30T12:32:41+00:00,2022-04-12T15:46:40+00:00,2022-04-12T15:46:40+00:00,0,Data Import;ready,13.13
DemocracyClub/UK-Polling-Stations,4524,Import RIH-Richmondshire District Council for 2022-05-05,closed,polling-bot-4000,,2022-03-30T14:47:03+00:00,2022-04-12T15:47:14+00:00,2022-04-12T15:47:14+00:00,0,Data Import;ready,13.04
DemocracyClub/UK-Polling-Stations,4526,Import PLY-Plymouth City Council for 2022-05-05,closed,polling-bot-4000,,2022-03-31T09:39:55+00:00,2022-04-12T15:30:43+00:00,2022-04-12T15:30:43+00:00,0,Data Import;ready,12.24
DemocracyClub/UK-Polling-Stations,4528,Import MIK-Milton Keynes Council for 2022-05-05,closed,polling-bot-4000,,2022-03-31T16:15:48+00:00,2022-04-12T16:38:03+00:00,2022-04-12T16:38:04+00:00,0,Data Import;ready,12.02
DemocracyClub/UK-Polling-Stations,4532,Import KIR-Kirklees Metropolitan Council for 2022-05-05,closed,polling-bot-4000,,2022-04-01T08:39:45+00:00,2022-04-12T16:37:28+00:00,2022-04-12T16:37:28+00:00,0,Data Import;ready,11.33
DemocracyClub/UK-Polling-Stations,4538,Import NLK-North Lanarkshire Council for 2022-05-05,closed,polling-bot-4000,,2022-04-04T09:47:40+00:00,2022-04-06T15:35:16+00:00,2022-04-06T15:35:16+00:00,0,Data Import;ready,2.24
DemocracyClub/UK-Polling-Stations,4540,Import SLK-South Lanarkshire Council for 2022-05-05,closed,polling-bot-4000,,2022-04-04T09:49:13+00:00,2022-04-06T15:35:40+00:00,2022-04-06T15:35:40+00:00,0,Data Import;ready,2.24
DemocracyClub/UK-Polling-Stations,4543,Import POW-Powys County Council for 2022-05-05,closed,polling-bot-4000,,2022-04-04T11:17:43+00:00,2022-04-12T16:38:22+00:00,2022-04-12T16:38:22+00:00,0,Data Import;ready,8.22
DemocracyClub/UK-Polling-Stations,4545,Import HAS-Hastings Borough Council for 2022-05-05,closed,polling-bot-4000,,2022-04-04T11:50:42+00:00,2022-04-12T16:38:39+00:00,2022-04-12T16:38:40+00:00,0,Data Import;ready,8.2
DemocracyClub/UK-Polling-Stations,4547,Import WYE-Wyre Forest District Council for 2022-05-05,closed,polling-bot-4000,,2022-04-04T12:14:20+00:00,2022-04-21T10:06:50+00:00,2022-04-21T10:06:59+00:00,1,Data Import;ready,16.91
DemocracyClub/UK-Polling-Stations,4552,Import NWP-Newport City Council for 2022-05-05,closed,polling-bot-4000,,2022-04-05T11:34:31+00:00,2022-04-13T11:44:42+00:00,2022-04-13T11:44:43+00:00,0,Data Import;ready,8.01
DemocracyClub/UK-Polling-Stations,4561,Import ROC-Rochford District Council for 2022-05-05,closed,polling-bot-4000,,2022-04-06T09:59:32+00:00,2022-04-13T11:45:15+00:00,2022-04-13T11:45:15+00:00,0,Data Import;ready,7.07
DemocracyClub/UK-Polling-Stations,4563,Import NHE-North Hertfordshire District Council for 2022-05-05,closed,polling-bot-4000,,2022-04-06T10:54:20+00:00,2022-04-13T11:45:53+00:00,2022-04-13T11:45:53+00:00,0,Data Import;ready,7.04
DemocracyClub/UK-Polling-Stations,4566,Import CAY-Caerphilly County Borough Council for 2022-05-05,closed,polling-bot-4000,,2022-04-06T16:29:26+00:00,2022-04-07T16:37:56+00:00,2022-04-07T16:37:56+00:00,1,Data Import;ready,1.01
DemocracyClub/UK-Polling-Stations,4570,Import SLG-Slough Borough Council for 2022-05-05,closed,polling-bot-4000,,2022-04-07T08:35:25+00:00,2022-04-13T11:46:09+00:00,2022-04-13T11:46:09+00:00,0,Data Import;ready,6.13
DemocracyClub/UK-Polling-Stations,4572,Import SCB-Scottish Borders Council for 2022-05-05,closed,polling-bot-4000,,2022-04-07T09:23:29+00:00,2022-04-12T11:29:43+00:00,2022-04-12T11:29:43+00:00,0,Data Import;ready,5.09
DemocracyClub/UK-Polling-Stations,4574,Uncontested text,closed,pmk01,,2022-04-07T10:43:40+00:00,2025-10-01T11:40:13+00:00,2025-10-01T11:40:13+00:00,2,,1273.04
DemocracyClub/UK-Polling-Stations,4575,Import WGN-Wigan Metropolitan Borough Council for 2022-05-05,closed,polling-bot-4000,,2022-04-07T11:03:32+00:00,2022-04-13T11:46:26+00:00,2022-04-13T11:46:27+00:00,0,Data Import;ready,6.03
DemocracyClub/UK-Polling-Stations,4577,Import BAR-Barrow-in-Furness Borough Council for 2022-05-05,closed,polling-bot-4000,,2022-04-07T13:47:58+00:00,2022-04-13T11:47:25+00:00,2022-04-13T11:47:26+00:00,0,Data Import;ready,5.92
DemocracyClub/UK-Polling-Stations,4579,Import BIR-Birmingham City Council for 2022-05-05,closed,polling-bot-4000,,2022-04-07T14:10:03+00:00,2022-04-20T08:01:32+00:00,2022-04-20T08:01:33+00:00,0,Data Import;ready,12.74
DemocracyClub/UK-Polling-Stations,4581,Import SWT-Somerset West & Taunton Council for 2022-05-05,closed,polling-bot-4000,,2022-04-07T14:17:54+00:00,2022-04-20T08:02:11+00:00,2022-04-20T08:02:11+00:00,0,Data Import;ready,12.74
DemocracyClub/UK-Polling-Stations,4583,Import RUH-Rushmoor Borough Council for 2022-05-05,closed,polling-bot-4000,,2022-04-07T14:35:59+00:00,2022-04-20T08:21:24+00:00,2022-04-20T08:21:24+00:00,0,Data Import;ready,12.74
DemocracyClub/UK-Polling-Stations,4585,Import MRT-London Borough of Merton for 2022-05-05,closed,polling-bot-4000,,2022-04-07T15:25:14+00:00,2022-04-20T08:59:45+00:00,2022-04-20T08:59:45+00:00,0,Data Import;ready,12.73
DemocracyClub/UK-Polling-Stations,4588,Import REI-Reigate and Banstead Borough Council for 2022-05-05,closed,polling-bot-4000,,2022-04-08T08:13:06+00:00,2022-04-20T08:59:23+00:00,2022-04-20T08:59:23+00:00,0,Data Import;ready,12.03
DemocracyClub/UK-Polling-Stations,4590,Import KTT-Royal Borough of Kingston Upon Thames for 2022-05-05,closed,polling-bot-4000,,2022-04-08T09:23:28+00:00,2022-04-20T09:17:45+00:00,2022-04-20T09:17:45+00:00,2,Data Import;ready;check_api,12.0
DemocracyClub/UK-Polling-Stations,4591,Import KTT-Royal Borough of Kingston Upon Thames for 2022-05-05,closed,polling-bot-4000,,2022-04-08T09:23:29+00:00,2022-04-21T10:06:00+00:00,2022-04-21T10:06:00+00:00,1,Data Import;ready;check_api,13.03
DemocracyClub/UK-Polling-Stations,4594,Import WEW-Welwyn Hatfield Borough Council for 2022-05-05,closed,polling-bot-4000,,2022-04-08T10:34:46+00:00,2022-04-20T08:15:12+00:00,2022-04-20T08:15:12+00:00,0,Data Import;ready,11.9
DemocracyClub/UK-Polling-Stations,4596,Import BAI-Basildon Borough Council for 2022-05-05,closed,polling-bot-4000,,2022-04-08T12:04:07+00:00,2022-04-20T08:15:45+00:00,2022-04-20T08:15:45+00:00,0,Data Import;ready,11.84
DemocracyClub/UK-Polling-Stations,4599,Import HAE-Hambleton District Council for 2022-05-05,closed,polling-bot-4000,,2022-04-08T12:47:57+00:00,2022-04-20T08:02:44+00:00,2022-04-20T08:02:44+00:00,0,Data Import;ready,11.8
DemocracyClub/UK-Polling-Stations,4601,Import HUN-Huntingdonshire District Council for 2022-05-05,closed,polling-bot-4000,,2022-04-08T12:57:31+00:00,2022-04-13T11:44:56+00:00,2022-04-13T11:44:56+00:00,0,Data Import;ready,4.95
DemocracyClub/UK-Polling-Stations,4603,Import SCE-Scarborough Borough Council for 2022-05-05,closed,polling-bot-4000,,2022-04-08T13:06:22+00:00,2022-04-20T08:58:31+00:00,2022-04-20T08:58:31+00:00,0,Data Import;ready,11.83
DemocracyClub/UK-Polling-Stations,4605,Import CRA-Craven District Council for 2022-05-05,closed,polling-bot-4000,,2022-04-08T13:35:23+00:00,2022-04-20T08:57:50+00:00,2022-04-20T08:57:50+00:00,0,Data Import;ready,11.81
DemocracyClub/UK-Polling-Stations,4607,Import DGY-Dumfries and Galloway Council for 2022-05-05,closed,polling-bot-4000,,2022-04-08T14:40:32+00:00,2022-04-13T11:45:38+00:00,2022-04-13T11:45:38+00:00,3,Data Import;ready,4.88
DemocracyClub/UK-Polling-Stations,4612,Import FLN-Flintshire County Council for 2022-05-05,closed,polling-bot-4000,,2022-04-11T09:41:03+00:00,2022-04-20T08:57:21+00:00,2022-04-20T08:57:21+00:00,0,Data Import;ready,8.97
DemocracyClub/UK-Polling-Stations,4614,Recording corrections in imports,open,alexdutton,,2022-04-11T12:16:39+00:00,,2022-04-26T09:41:25+00:00,1,,
DemocracyClub/UK-Polling-Stations,4615,Import WOI-Woking Borough Council for 2022-05-05,closed,polling-bot-4000,,2022-04-11T13:05:01+00:00,2022-04-20T08:56:55+00:00,2022-04-20T08:56:55+00:00,0,Data Import;ready,8.83
DemocracyClub/UK-Polling-Stations,4617,Import HAT-Hart District Council for 2022-05-05,closed,polling-bot-4000,,2022-04-11T13:31:48+00:00,2022-04-20T08:20:59+00:00,2022-04-20T08:20:59+00:00,0,Data Import;ready,8.78
DemocracyClub/UK-Polling-Stations,4619,Import BDG-London Borough of Barking and Dagenham for 2022-05-05,closed,polling-bot-4000,,2022-04-11T13:50:32+00:00,2022-04-20T08:20:36+00:00,2022-04-20T08:20:37+00:00,0,Data Import;ready,8.77
DemocracyClub/UK-Polling-Stations,4623,Import ABE-Aberdeen City Council for 2022-05-05,closed,polling-bot-4000,,2022-04-12T09:10:59+00:00,2022-04-12T11:30:05+00:00,2022-04-12T11:30:06+00:00,0,Data Import;ready,0.1
DemocracyClub/UK-Polling-Stations,4625,Import ABD-Aberdeenshire Council for 2022-05-05,closed,polling-bot-4000,,2022-04-12T09:11:51+00:00,2022-04-12T11:36:39+00:00,2022-04-12T11:36:40+00:00,0,Data Import;ready,0.1
DemocracyClub/UK-Polling-Stations,4627,Import HYN-Hyndburn Borough Council for 2022-05-05,closed,polling-bot-4000,,2022-04-12T09:49:41+00:00,2022-04-20T08:20:11+00:00,2022-04-20T08:20:12+00:00,0,Data Import;ready,7.94
DemocracyClub/UK-Polling-Stations,4629,Import STH-Southampton City Council for 2022-05-05,closed,polling-bot-4000,,2022-04-12T11:29:41+00:00,2022-04-20T08:17:12+00:00,2022-04-20T08:17:13+00:00,0,Data Import;ready,7.87
DemocracyClub/UK-Polling-Stations,4631,Import NOW-Norwich City Council for 2022-05-05,closed,polling-bot-4000,,2022-04-12T12:39:56+00:00,2022-04-20T08:19:47+00:00,2022-04-20T08:19:47+00:00,2,Data Import;ready,7.82
DemocracyClub/UK-Polling-Stations,4633,Import DUD-Dudley Metropolitan Borough Council for 2022-05-05,closed,polling-bot-4000,,2022-04-13T08:59:46+00:00,2022-04-20T08:17:39+00:00,2022-04-20T08:17:40+00:00,0,Data Import;ready,6.97
DemocracyClub/UK-Polling-Stations,4635,Import CAR-Carlisle City Council for 2022-05-05,closed,polling-bot-4000,,2022-04-13T09:19:55+00:00,2022-04-20T08:16:13+00:00,2022-04-20T08:16:13+00:00,0,Data Import;ready,6.96
DemocracyClub/UK-Polling-Stations,4638,Import LIC-Lincoln City Council for 2022-05-05,closed,polling-bot-4000,,2022-04-13T13:01:51+00:00,2022-04-20T09:08:12+00:00,2022-04-20T09:08:12+00:00,0,Data Import;ready,6.84
DemocracyClub/UK-Polling-Stations,4640,Import RYE-Ryedale District Council for 2022-05-05,closed,polling-bot-4000,,2022-04-13T14:04:06+00:00,2022-04-15T11:20:02+00:00,2022-04-15T11:20:02+00:00,0,Data Import;ready,1.89
DemocracyClub/UK-Polling-Stations,4642,Import EAL-London Borough of Ealing for 2022-05-05,closed,polling-bot-4000,,2022-04-13T15:33:00+00:00,2022-04-20T08:03:31+00:00,2022-04-20T08:03:31+00:00,0,Data Import;ready,6.69
DemocracyClub/UK-Polling-Stations,4644,Implement dc_logging,closed,symroe,,2022-04-13T17:30:22+00:00,2022-04-22T07:21:47+00:00,2022-04-22T07:21:47+00:00,1,,8.58
DemocracyClub/UK-Polling-Stations,4646,Import GWN-Gwynedd Council for 2022-05-05,closed,polling-bot-4000,,2022-04-14T07:51:57+00:00,2022-04-20T09:03:30+00:00,2022-04-20T09:03:30+00:00,0,Data Import;ready,6.05
DemocracyClub/UK-Polling-Stations,4648,Import SND-Sunderland City Council for 2022-05-05,closed,polling-bot-4000,,2022-04-14T09:33:10+00:00,2022-04-20T09:18:02+00:00,2022-04-20T09:18:03+00:00,0,Data Import;ready,5.99
DemocracyClub/UK-Polling-Stations,4651,Import CGN-Ceredigion County Council for 2022-05-05,closed,polling-bot-4000,,2022-04-14T12:37:18+00:00,2022-04-20T09:10:11+00:00,2022-04-20T09:10:11+00:00,0,Data Import;ready,5.86
DemocracyClub/UK-Polling-Stations,4656,Import WKF-Wakefield Metropolitan District Council for 2022-05-05,closed,polling-bot-4000,,2022-04-15T16:38:57+00:00,2022-04-20T09:09:49+00:00,2022-04-20T09:09:49+00:00,0,Data Import;ready,4.69
DemocracyClub/UK-Polling-Stations,4658,Import ALL-Allerdale Borough Council for 2022-05-05,closed,polling-bot-4000,,2022-04-15T16:53:23+00:00,2022-04-20T09:12:15+00:00,2022-04-20T09:12:16+00:00,0,Data Import;ready,4.68
DemocracyClub/UK-Polling-Stations,4664,Uploader shows 'data live' for all subsequent uploads,closed,pmk01,,2022-04-19T10:16:11+00:00,2025-10-01T11:44:25+00:00,2025-10-01T11:44:25+00:00,0,enhancement;file uploads 📂,1261.06
DemocracyClub/UK-Polling-Stations,4665,Import FIF-Fife Council for 2022-05-05,closed,polling-bot-4000,,2022-04-19T10:25:44+00:00,2022-04-20T09:00:13+00:00,2022-04-20T09:00:13+00:00,0,Data Import;ready,0.94
DemocracyClub/UK-Polling-Stations,4668,Import ELM-Elmbridge Borough Council for 2022-05-05,closed,polling-bot-4000,,2022-04-19T15:35:57+00:00,2022-04-21T10:04:40+00:00,2022-04-21T10:04:40+00:00,1,Data Import;ready,1.77
DemocracyClub/UK-Polling-Stations,4673,Import WRX-Wrexham County Borough Council for 2022-05-05,closed,polling-bot-4000,,2022-04-20T11:48:37+00:00,2022-04-20T13:43:29+00:00,2022-04-20T13:43:29+00:00,0,Data Import;ready,0.08
DemocracyClub/UK-Polling-Stations,4684,Import MEN-Mendip District Council for 2022-05-05,closed,polling-bot-4000,,2022-04-21T08:56:25+00:00,2022-04-21T10:09:01+00:00,2022-04-21T10:09:02+00:00,0,Data Import;ready,0.05
DemocracyClub/UK-Polling-Stations,4688,Import SWK-London Borough of Southwark for 2022-05-05,closed,polling-bot-4000,,2022-04-21T15:34:47+00:00,2022-04-22T10:01:56+00:00,2022-04-22T10:01:56+00:00,0,Data Import;ready,0.77
DemocracyClub/UK-Polling-Stations,4692,Import NOW-Norwich City Council for 2022-05-05,closed,polling-bot-4000,,2022-04-22T08:24:01+00:00,2022-04-26T08:04:13+00:00,2022-04-26T08:04:13+00:00,0,Data Import;ready,3.99
DemocracyClub/UK-Polling-Stations,4695,Import BRW-Brentwood Borough Council for 2022-05-05,closed,polling-bot-4000,,2022-04-22T09:04:44+00:00,2022-04-22T10:02:05+00:00,2022-04-22T10:02:05+00:00,0,Data Import;ready,0.04
DemocracyClub/UK-Polling-Stations,4701,Import SWK-London Borough of Southwark for 2022-05-05,closed,polling-bot-4000,,2022-04-25T14:20:44+00:00,2022-04-26T08:10:45+00:00,2022-04-26T08:10:45+00:00,0,Data Import;ready,0.74
DemocracyClub/UK-Polling-Stations,4712,Import PLY-Plymouth City Council for 2022-05-05,closed,polling-bot-4000,,2022-04-28T17:59:10+00:00,2022-04-29T07:42:08+00:00,2022-04-29T07:42:08+00:00,0,Data Import;ready,0.57
DemocracyClub/UK-Polling-Stations,4724,Running import scripts in PRs using CI,closed,alexdutton,,2022-05-03T15:22:46+00:00,2023-03-10T16:23:09+00:00,2023-03-10T16:23:09+00:00,0,enhancement,311.04
DemocracyClub/UK-Polling-Stations,4731,Not necessarily clear on whether headline distance is walking or driving,open,alexdutton,,2022-05-05T10:21:53+00:00,,2025-10-01T11:44:58+00:00,2,design 🎨,
DemocracyClub/UK-Polling-Stations,4733,Backtick/apostrophe encoding/display,closed,GeoWill,,2022-05-05T12:16:36+00:00,2025-02-26T10:52:31+00:00,2025-02-26T10:52:33+00:00,4,,1027.94
DemocracyClub/UK-Polling-Stations,4735,Emoji strangeness on Safari/Mac OS Monterey,open,GeoWill,,2022-05-05T14:21:57+00:00,,2022-05-05T14:22:25+00:00,0,design 🎨,
DemocracyClub/UK-Polling-Stations,4738,Import RYE-Ryedale District Council for 2022-05-05,closed,polling-bot-4000,,2022-05-05T15:26:06+00:00,2022-08-02T15:42:02+00:00,2022-08-02T15:42:02+00:00,0,Data Import;ready,89.01
DemocracyClub/UK-Polling-Stations,4750,Import SND-Sunderland City Council for 2022-06-16,closed,polling-bot-4000,,2022-05-11T08:01:23+00:00,2022-05-31T12:31:25+00:00,2022-05-31T12:31:25+00:00,0,Data Import;ready,20.19
DemocracyClub/UK-Polling-Stations,4753,Store the uploading user of a file upload,open,symroe,,2022-05-12T08:28:40+00:00,,2023-05-09T16:33:09+00:00,1,,
DemocracyClub/UK-Polling-Stations,4756,Add 'use on your website' link to footer?,open,pmk01,,2022-05-16T14:12:05+00:00,,2022-05-16T14:12:05+00:00,0,,
DemocracyClub/UK-Polling-Stations,4760,Import NTL-Neath Port Talbot County Borough Council for 2022-06-23,closed,polling-bot-4000,,2022-05-19T12:53:44+00:00,2022-05-31T12:31:25+00:00,2022-05-31T12:31:25+00:00,0,Data Import;ready,11.98
DemocracyClub/UK-Polling-Stations,4767,Import WKF-Wakefield Metropolitan District Council for 2022-06-23,closed,polling-bot-4000,,2022-05-24T12:35:20+00:00,2022-08-02T15:42:02+00:00,2022-08-02T15:42:02+00:00,1,Data Import;ready,70.13
DemocracyClub/UK-Polling-Stations,4766,Import WKF-Wakefield Metropolitan District Council for 2022-06-23,closed,polling-bot-4000,,2022-05-24T12:35:20+00:00,2022-05-31T12:31:24+00:00,2022-05-31T12:31:24+00:00,0,Data Import;ready,7.0
DemocracyClub/UK-Polling-Stations,4772,change feedback title in admin view,open,pmk01,,2022-05-26T09:22:13+00:00,,2025-10-01T11:48:56+00:00,0,Priority,
DemocracyClub/UK-Polling-Stations,4775,fix feedback form to match WCIVF,closed,pmk01,,2022-05-27T09:34:34+00:00,2025-10-01T11:50:32+00:00,2025-10-01T11:50:32+00:00,0,,1223.09
DemocracyClub/UK-Polling-Stations,4776,Import MDE-Mid Devon District Council for 2022-06-23,closed,polling-bot-4000,,2022-05-27T10:08:34+00:00,2022-05-31T12:31:25+00:00,2022-05-31T12:31:25+00:00,0,Data Import;ready,4.1
DemocracyClub/UK-Polling-Stations,4780,Import EDE-East Devon District Council for 2022-06-23,closed,polling-bot-4000,,2022-05-30T14:41:40+00:00,2022-05-31T12:31:25+00:00,2022-05-31T12:31:25+00:00,1,Data Import;ready,0.91
DemocracyClub/UK-Polling-Stations,4794,Auto-send confirmation email,closed,pmk01,,2022-07-07T10:32:54+00:00,2023-01-30T15:35:25+00:00,2023-01-30T15:35:25+00:00,8,enhancement;file uploads 📂,207.21
DemocracyClub/UK-Polling-Stations,4799,Import CAB-Cambridge City Council for 2022-08-18,closed,polling-bot-4000,,2022-07-14T15:28:29+00:00,2022-08-02T15:42:02+00:00,2022-08-02T15:42:02+00:00,0,Data Import;ready,19.01
DemocracyClub/UK-Polling-Stations,4815,Update CI ,open,VirginiaDooley,,2022-09-01T08:47:35+00:00,,2025-10-01T11:50:08+00:00,1,,
DemocracyClub/UK-Polling-Stations,4820,"Change 'no data' message, especially outside of election periods",open,pmk01,,2022-09-13T10:41:02+00:00,,2025-10-02T13:19:46+00:00,1,,
DemocracyClub/UK-Polling-Stations,4821,"Import BPC-Bournemouth, Christchurch & Poole Council for 2022-10-06",closed,polling-bot-4000,,2022-09-13T15:21:33+00:00,2022-09-14T18:22:27+00:00,2022-09-14T18:22:27+00:00,0,Data Import;ready,1.13
DemocracyClub/UK-Polling-Stations,4828,Import RCT-Rhondda Cynon Taf County Borough Council for 2022-09-29,closed,polling-bot-4000,,2022-09-26T10:41:38+00:00,2022-09-27T13:36:14+00:00,2022-09-27T13:36:14+00:00,0,Data Import;ready,1.12
DemocracyClub/UK-Polling-Stations,4831,Offer council logo on contact info card,open,pmk01,,2022-09-27T14:24:52+00:00,,2022-09-27T14:24:52+00:00,0,,
DemocracyClub/UK-Polling-Stations,4832,Show council website address on ERO contact card,closed,pmk01,,2022-09-27T14:36:56+00:00,2023-01-26T10:08:41+00:00,2023-01-26T10:08:41+00:00,0,,120.81
DemocracyClub/UK-Polling-Stations,4836,Import SHN-St Helens Metropolitan Borough Council for 2022-10-20,closed,polling-bot-4000,,2022-10-03T16:06:49+00:00,2022-10-05T17:08:26+00:00,2022-10-05T17:08:26+00:00,0,Data Import;ready,2.04
DemocracyClub/UK-Polling-Stations,4843,Import SCA-South Cambridgeshire District Council for 2022-11-03,closed,polling-bot-4000,,2022-10-06T08:58:53+00:00,2022-10-06T09:24:50+00:00,2022-10-06T09:24:50+00:00,0,Data Import;ready,0.02
DemocracyClub/UK-Polling-Stations,4845,Avoid duplicate Address tables,open,GeoWill,,2022-10-12T15:06:23+00:00,,2025-10-02T13:55:00+00:00,0,recommended for beginners,
DemocracyClub/UK-Polling-Stations,4846,Import SKE-South Kesteven District Council for 2022-11-10,closed,polling-bot-4000,,2022-10-17T15:55:54+00:00,2022-10-20T17:30:12+00:00,2022-10-20T17:30:12+00:00,0,Data Import;ready,3.07
DemocracyClub/UK-Polling-Stations,4852,Import RCT-Rhondda Cynon Taf County Borough Council for 2022-11-17,closed,polling-bot-4000,,2022-11-03T10:02:21+00:00,2022-11-16T13:11:54+00:00,2022-11-16T13:11:54+00:00,3,Data Import;ready,13.13
DemocracyClub/UK-Polling-Stations,4854,Import CHW-Cheshire West and Chester for 2022-12-01,closed,polling-bot-4000,,2022-11-08T15:48:47+00:00,2022-11-16T13:11:44+00:00,2022-11-16T13:11:44+00:00,0,Data Import;ready,7.89
DemocracyClub/UK-Polling-Stations,4872,Import TRF-Trafford Metropolitan Borough Council for 2022-12-15,closed,polling-bot-4000,,2022-11-21T12:49:16+00:00,2022-11-25T10:13:40+00:00,2022-11-25T10:13:40+00:00,0,Data Import;ready,3.89
DemocracyClub/UK-Polling-Stations,4878,Import SKE-South Kesteven District Council for 2022-12-15,closed,polling-bot-4000,,2022-11-25T14:34:36+00:00,2022-12-12T13:24:39+00:00,2022-12-12T13:24:39+00:00,0,Data Import;ready,16.95
DemocracyClub/UK-Polling-Stations,4890,Use fields_cache with model properties,open,GeoWill,,2022-12-08T17:42:02+00:00,,2022-12-08T19:25:23+00:00,1,,
DemocracyClub/UK-Polling-Stations,4901,Import PLY-Plymouth City Council for 2023-01-12,closed,polling-bot-4000,,2022-12-14T10:55:20+00:00,2022-12-16T15:12:00+00:00,2022-12-16T15:12:00+00:00,0,Data Import;ready,2.18
DemocracyClub/UK-Polling-Stations,4903,404 page is unstyled and references non-existant image,open,chris48s,,2022-12-14T18:06:09+00:00,,2022-12-15T14:11:23+00:00,1,,
DemocracyClub/UK-Polling-Stations,4929,Don't validate file size for by-elections,closed,symroe,,2023-01-10T09:06:35+00:00,2025-10-02T13:34:29+00:00,2025-10-02T13:34:29+00:00,2,enhancement;file uploads 📂,996.19
DemocracyClub/UK-Polling-Stations,4937,Import NWA-North Warwickshire Borough Council for 2023-05-04,closed,polling-bot-4000,,2023-01-18T11:33:29+00:00,2023-03-10T21:06:53+00:00,2023-03-10T21:06:54+00:00,0,Data Import;ready,51.4
DemocracyClub/UK-Polling-Stations,4940,Import WLA-West Lancashire Borough Council for 2023-02-09,closed,polling-bot-4000,,2023-01-19T09:29:19+00:00,2023-01-26T15:05:31+00:00,2023-01-26T15:05:31+00:00,0,Data Import;ready,7.23
DemocracyClub/UK-Polling-Stations,4957,Unnecessary text on Northern Ireland results,closed,pmk01,,2023-01-31T10:02:01+00:00,2023-02-03T12:04:02+00:00,2023-02-03T12:04:02+00:00,1,,3.08
DemocracyClub/UK-Polling-Stations,4959,Import WLA-West Lancashire Borough Council for 2023-02-09,closed,polling-bot-4000,,2023-01-31T20:41:25+00:00,2023-02-21T10:08:37+00:00,2023-02-21T10:08:37+00:00,10,Data Import;ready,20.56
DemocracyClub/UK-Polling-Stations,4967,Import MAV-Malvern Hills District Council for 2023-05-04,closed,polling-bot-4000,,2023-02-07T10:13:38+00:00,2023-03-10T16:23:10+00:00,2023-03-10T16:23:10+00:00,0,Data Import;ready,31.26
DemocracyClub/UK-Polling-Stations,4970,Import HRY-London Borough of Haringey for 2023-03-09,closed,polling-bot-4000,,2023-02-09T10:24:29+00:00,2023-02-13T14:39:03+00:00,2023-02-13T14:39:03+00:00,0,Data Import;ready,4.18
DemocracyClub/UK-Polling-Stations,4972,Import STE-Stoke on Trent City Council for 2023-05-04,closed,polling-bot-4000,,2023-02-09T14:44:22+00:00,2023-03-10T21:12:25+00:00,2023-03-10T21:12:25+00:00,0,Data Import;ready,29.27
DemocracyClub/UK-Polling-Stations,4974,Import GRA-Gravesham Borough Council for 2023-05-04,closed,polling-bot-4000,,2023-02-10T11:20:18+00:00,2023-03-14T10:05:57+00:00,2023-03-14T10:05:58+00:00,12,Data Import;ready;Priority,31.95
DemocracyClub/UK-Polling-Stations,4975,Import SRI-South Ribble Borough Council for 2023-05-04,closed,polling-bot-4000,,2023-02-10T14:27:53+00:00,2023-03-14T10:05:36+00:00,2023-03-14T10:05:37+00:00,3,Data Import;ready,31.82
DemocracyClub/UK-Polling-Stations,4977,Non-postcode-format text breaks the search field a bit,closed,pmk01,,2023-02-13T11:14:52+00:00,2023-02-23T16:36:27+00:00,2023-02-23T16:36:27+00:00,1,,10.22
DemocracyClub/UK-Polling-Stations,4999,Import WRL-Wirral Metropolitan Borough Council for 2023-05-04,closed,polling-bot-4000,,2023-02-22T10:55:29+00:00,2023-03-10T23:02:09+00:00,2023-03-10T23:02:10+00:00,0,Data Import;ready,16.5
DemocracyClub/UK-Polling-Stations,5013,Import KIR-Kirklees Metropolitan Council for 2023-05-04,closed,polling-bot-4000,,2023-02-23T07:25:36+00:00,2023-03-20T08:01:18+00:00,2023-03-20T08:01:18+00:00,1,Data Import;ready,25.02
DemocracyClub/UK-Polling-Stations,5015,"Uploader: Invalid address ""['pollingstations@democracyclub.org.uk']""",closed,symroe,,2023-02-23T07:45:58+00:00,2023-02-27T09:44:39+00:00,2023-02-27T09:44:40+00:00,1,,4.08
DemocracyClub/UK-Polling-Stations,5022,Import ABD-Aberdeenshire Council for 2023-02-23,closed,polling-bot-4000,,2023-02-24T07:10:58+00:00,2023-02-28T11:11:03+00:00,2023-02-28T11:11:03+00:00,4,Data Import;ready,4.17
DemocracyClub/UK-Polling-Stations,5024,"Import BPC-Bournemouth, Christchurch & Poole Council for 2023-05-04",closed,polling-bot-4000,,2023-02-24T10:00:19+00:00,2023-03-20T08:05:37+00:00,2023-03-20T08:05:38+00:00,0,Data Import;ready;Priority,23.92
DemocracyClub/UK-Polling-Stations,5026,Import EDH-City of Edinburgh Council for 2023-03-09,closed,polling-bot-4000,,2023-02-24T13:04:48+00:00,2023-02-28T11:11:03+00:00,2023-02-28T11:11:03+00:00,0,Data Import;ready,3.92
DemocracyClub/UK-Polling-Stations,5028,Import UTT-Uttlesford District Council for 2023-05-04,closed,polling-bot-4000,,2023-02-24T14:41:28+00:00,2023-03-14T13:49:15+00:00,2023-03-14T13:49:16+00:00,0,Data Import;ready,17.96
DemocracyClub/UK-Polling-Stations,5036,Import BDF-Bedford Borough Council for 2023-05-04,closed,polling-bot-4000,,2023-02-27T10:40:26+00:00,2023-02-27T11:03:47+00:00,2023-02-27T11:03:47+00:00,13,Data Import;ready,0.02
DemocracyClub/UK-Polling-Stations,5038,Import BNE-London Borough of Barnet for 2023-05-04,closed,polling-bot-4000,,2023-02-27T11:02:00+00:00,2023-02-27T11:03:48+00:00,2023-02-27T11:03:48+00:00,0,Data Import;ready,0.0
DemocracyClub/UK-Polling-Stations,5045,Import WLV-Wolverhampton City Council for 2023-05-04,closed,polling-bot-4000,,2023-02-28T09:51:47+00:00,2023-03-13T17:27:48+00:00,2023-03-13T17:27:48+00:00,0,Data Import;ready;Priority,13.32
DemocracyClub/UK-Polling-Stations,5048,Exclude special chars from polling bot branch names,open,GeoWill,,2023-03-01T12:03:18+00:00,,2025-10-02T13:55:19+00:00,1,recommended for beginners,
DemocracyClub/UK-Polling-Stations,5051,Import BRA-Braintree District Council for 2023-05-04,closed,polling-bot-4000,,2023-03-01T16:34:35+00:00,2023-03-14T09:19:41+00:00,2023-03-14T09:19:41+00:00,0,Data Import;ready,12.7
DemocracyClub/UK-Polling-Stations,5053,Import CHE-Cheshire East Council for 2023-05-04,closed,polling-bot-4000,,2023-03-01T16:36:21+00:00,2023-03-16T09:08:01+00:00,2023-03-16T09:08:02+00:00,0,Data Import;ready,14.69
DemocracyClub/UK-Polling-Stations,5055,Import COL-Colchester Borough Council for 2023-05-04,closed,polling-bot-4000,,2023-03-01T16:37:05+00:00,2023-03-16T09:09:06+00:00,2023-03-16T09:09:07+00:00,0,Data Import;ready,14.69
DemocracyClub/UK-Polling-Stations,5060,Import WLI-West Lindsey District Council for 2023-05-04,closed,polling-bot-4000,,2023-03-02T08:28:41+00:00,2023-03-14T13:52:26+00:00,2023-03-14T13:52:27+00:00,0,Data Import;ready,12.22
DemocracyClub/UK-Polling-Stations,5062,Import FYL-Fylde Borough Council for 2023-05-04,closed,polling-bot-4000,,2023-03-02T09:24:59+00:00,2023-03-20T08:24:34+00:00,2023-03-20T08:24:34+00:00,0,Data Import;ready,17.96
DemocracyClub/UK-Polling-Stations,5064,Import EPP-Epping Forest District Council for 2023-05-04,closed,polling-bot-4000,,2023-03-02T09:53:05+00:00,2023-03-16T09:23:33+00:00,2023-03-16T09:23:34+00:00,0,Data Import;ready,13.98
DemocracyClub/UK-Polling-Stations,5066,Import EAT-Eastleigh Borough Council for 2023-05-04,closed,polling-bot-4000,,2023-03-02T10:59:07+00:00,2023-03-20T08:28:20+00:00,2023-03-20T08:28:21+00:00,0,Data Import;ready,17.9
DemocracyClub/UK-Polling-Stations,5068,Import LIC-Lincoln City Council for 2023-05-04,closed,polling-bot-4000,,2023-03-02T12:57:58+00:00,2023-03-14T14:23:39+00:00,2023-03-14T14:23:40+00:00,1,Data Import;ready,12.06
DemocracyClub/UK-Polling-Stations,5070,Import RUN-Runnymede Borough Council for 2023-05-04,closed,polling-bot-4000,,2023-03-02T14:04:08+00:00,2023-03-16T10:19:20+00:00,2023-03-16T10:19:21+00:00,0,Data Import;ready,13.84
DemocracyClub/UK-Polling-Stations,5072,Import BLA-Blaby District Council for 2023-05-04,closed,polling-bot-4000,,2023-03-02T14:41:48+00:00,2023-03-20T08:31:48+00:00,2023-03-20T08:31:49+00:00,0,Data Import;ready,17.74
DemocracyClub/UK-Polling-Stations,5074,Import BRO-Broadland District Council for 2023-05-04,closed,polling-bot-4000,,2023-03-02T16:21:25+00:00,2023-03-14T14:54:41+00:00,2023-03-14T14:54:42+00:00,0,Data Import;ready,11.94
DemocracyClub/UK-Polling-Stations,5076,Import BRD-Bradford Council for 2023-05-04,closed,polling-bot-4000,,2023-03-02T16:22:12+00:00,2023-03-29T07:44:45+00:00,2023-03-29T07:44:45+00:00,2,Data Import;ready,26.64
DemocracyClub/UK-Polling-Stations,5079,Import SNO-South Norfolk District Council for 2023-05-04,closed,polling-bot-4000,,2023-03-02T16:39:42+00:00,2023-03-14T14:49:28+00:00,2023-03-14T14:49:29+00:00,0,Data Import;ready,11.92
DemocracyClub/UK-Polling-Stations,5081,Import SAL-St Albans City & District Council for 2023-05-04,closed,polling-bot-4000,,2023-03-02T17:13:22+00:00,2023-03-20T08:32:30+00:00,2023-03-20T08:32:30+00:00,0,Data Import;ready,17.64
DemocracyClub/UK-Polling-Stations,5092,Import HAR-Harlow District Council for 2023-05-04,closed,polling-bot-4000,,2023-03-03T09:41:40+00:00,2023-03-22T09:36:37+00:00,2023-03-22T09:36:37+00:00,0,Data Import;ready,19.0
DemocracyClub/UK-Polling-Stations,5094,Import ARU-Arun District Council for 2023-05-04,closed,polling-bot-4000,,2023-03-03T11:00:33+00:00,2023-03-23T08:31:54+00:00,2023-03-23T08:31:55+00:00,0,Data Import;ready,19.9
DemocracyClub/UK-Polling-Stations,5096,Import MSS-Mid Sussex District Council for 2023-05-04,closed,polling-bot-4000,,2023-03-03T13:09:22+00:00,2023-03-14T16:21:41+00:00,2023-03-14T16:21:41+00:00,0,Data Import;ready,11.13
DemocracyClub/UK-Polling-Stations,5098,Import WOI-Woking Borough Council for 2023-05-04,closed,polling-bot-4000,,2023-03-05T11:19:07+00:00,2023-03-14T16:21:23+00:00,2023-03-14T16:21:23+00:00,0,Data Import;ready,9.21
DemocracyClub/UK-Polling-Stations,5100,Import NEW-New Forest District Council for 2023-05-04,closed,polling-bot-4000,,2023-03-06T10:28:55+00:00,2023-03-22T09:36:49+00:00,2023-03-22T09:36:50+00:00,0,Data Import;ready,15.96
DemocracyClub/UK-Polling-Stations,5102,Import SOX-South Oxfordshire District Council for 2023-05-04,closed,polling-bot-4000,,2023-03-06T12:19:00+00:00,2023-03-22T09:37:04+00:00,2023-03-22T09:37:05+00:00,0,Data Import;ready,15.89
DemocracyClub/UK-Polling-Stations,5105,Import WAE-Waverley Borough Council for 2023-05-04,closed,polling-bot-4000,,2023-03-06T13:52:24+00:00,2023-03-14T15:02:40+00:00,2023-03-14T15:02:40+00:00,3,Data Import;ready,8.05
DemocracyClub/UK-Polling-Stations,5104,Import WAE-Waverley Borough Council for 2023-05-04,closed,polling-bot-4000,,2023-03-06T13:52:24+00:00,2023-03-14T15:58:45+00:00,2023-03-14T15:58:46+00:00,0,Data Import;ready,8.09
DemocracyClub/UK-Polling-Stations,5107,Import HAT-Hart District Council for 2023-05-04,closed,polling-bot-4000,,2023-03-06T14:01:06+00:00,2023-03-23T09:30:39+00:00,2023-03-23T09:30:40+00:00,0,Data Import;ready,16.81
DemocracyClub/UK-Polling-Stations,5109,Clarify filetype on upload page,closed,pmk01,,2023-03-06T15:22:20+00:00,2023-03-09T22:00:39+00:00,2023-03-09T22:00:39+00:00,0,,3.28
DemocracyClub/UK-Polling-Stations,5110,Import STA-Stafford Borough Council for 2023-05-04,closed,polling-bot-4000,,2023-03-06T15:50:38+00:00,2023-03-22T09:37:25+00:00,2023-03-22T09:37:26+00:00,0,Data Import;ready,15.74
DemocracyClub/UK-Polling-Stations,5112,Import STR-Stratford on Avon District Council for 2023-05-04,closed,polling-bot-4000,,2023-03-07T09:03:41+00:00,2023-03-24T18:45:07+00:00,2023-03-24T18:45:08+00:00,0,Data Import;ready,17.4
DemocracyClub/UK-Polling-Stations,5114,Import EHA-East Hampshire District Council for 2023-05-04,closed,polling-bot-4000,,2023-03-07T10:50:53+00:00,2023-03-22T09:40:11+00:00,2023-03-22T09:40:12+00:00,0,Data Import;ready,14.95
DemocracyClub/UK-Polling-Stations,5116,Import RIB-Ribble Valley Borough Council for 2023-05-04,closed,polling-bot-4000,,2023-03-07T12:24:29+00:00,2023-03-29T14:51:22+00:00,2023-03-29T14:51:23+00:00,0,Data Import;ready,22.1
DemocracyClub/UK-Polling-Stations,5121,Import COV-Coventry City Council for 2023-05-04,closed,polling-bot-4000,,2023-03-08T10:13:40+00:00,2023-03-24T18:33:52+00:00,2023-03-24T18:33:53+00:00,1,Data Import;ready,16.35
DemocracyClub/UK-Polling-Stations,5123,Import EAS-Eastbourne Borough Council for 2023-05-04,closed,polling-bot-4000,,2023-03-08T12:16:28+00:00,2023-03-23T17:36:22+00:00,2023-03-23T17:36:22+00:00,0,Data Import;ready,15.22
DemocracyClub/UK-Polling-Stations,5125,Import WOC-Worcester City Council for 2023-05-04,closed,polling-bot-4000,,2023-03-08T12:23:02+00:00,2023-03-24T18:39:20+00:00,2023-03-24T18:39:20+00:00,0,Data Import;ready,16.26
DemocracyClub/UK-Polling-Stations,5127,Import BDF-Bedford Borough Council for 2023-03-23,closed,polling-bot-4000,,2023-03-08T14:35:45+00:00,2023-03-08T14:36:07+00:00,2023-03-08T14:36:07+00:00,0,Data Import;ready,0.0
DemocracyClub/UK-Polling-Stations,5136,Import SAW-Sandwell Metropolitan Borough Council for 2023-05-04,closed,polling-bot-4000,,2023-03-09T10:20:35+00:00,2023-03-27T07:42:58+00:00,2023-03-27T07:42:59+00:00,0,Data Import;ready,17.89
DemocracyClub/UK-Polling-Stations,5138,Import LCE-Leicester City Council for 2023-05-04,closed,polling-bot-4000,,2023-03-09T11:17:40+00:00,2023-03-27T07:41:14+00:00,2023-03-27T07:41:14+00:00,0,Data Import;ready,17.85
DemocracyClub/UK-Polling-Stations,5140,Import OAD-Oadby & Wigston Borough Council for 2023-05-04,closed,polling-bot-4000,,2023-03-09T11:31:19+00:00,2023-03-23T09:32:07+00:00,2023-03-23T09:32:08+00:00,0,Data Import;ready;Priority,13.92
DemocracyClub/UK-Polling-Stations,5142,Import PEN-Pendle Borough Council for 2023-05-04,closed,polling-bot-4000,,2023-03-09T12:04:59+00:00,2023-03-27T07:43:33+00:00,2023-03-27T07:43:34+00:00,0,Data Import;ready,17.82
DemocracyClub/UK-Polling-Stations,5144,Import BAI-Basildon Borough Council for 2023-05-04,closed,polling-bot-4000,,2023-03-09T12:06:14+00:00,2023-03-27T08:29:30+00:00,2023-03-27T08:29:31+00:00,0,Data Import;ready,17.85
DemocracyClub/UK-Polling-Stations,5146,Import ELM-Elmbridge Borough Council for 2023-05-04,closed,polling-bot-4000,,2023-03-09T12:52:23+00:00,2023-03-27T08:29:08+00:00,2023-03-27T08:29:09+00:00,0,Data Import;ready,17.82
DemocracyClub/UK-Polling-Stations,5148,TEST Import BDF-Bedford Borough Council for 2023-05-04,closed,polling-bot-4000,,2023-03-09T13:02:56+00:00,2023-03-09T18:50:18+00:00,2023-03-09T18:50:18+00:00,1,Data Import;ready,0.24
DemocracyClub/UK-Polling-Stations,5150,Import SOS-Southend-on-Sea Borough Council for 2023-05-04,closed,polling-bot-4000,,2023-03-09T13:07:36+00:00,2023-03-27T07:49:47+00:00,2023-03-27T07:49:48+00:00,0,Data Import;ready,17.78
DemocracyClub/UK-Polling-Stations,5152,Import TES-Test Valley Borough Council for 2023-05-04,closed,polling-bot-4000,,2023-03-09T13:27:12+00:00,2023-03-27T07:59:52+00:00,2023-03-27T07:59:53+00:00,0,Data Import;ready,17.77
DemocracyClub/UK-Polling-Stations,5154,Import RCH-Rochdale Metropolitan Borough Council for 2023-05-04,closed,polling-bot-4000,,2023-03-09T13:27:31+00:00,2023-03-27T07:59:23+00:00,2023-03-27T07:59:24+00:00,0,Data Import;ready,17.77
DemocracyClub/UK-Polling-Stations,5156,Import CHI-Chichester District Council for 2023-05-04,closed,polling-bot-4000,,2023-03-09T13:52:17+00:00,2023-03-27T08:28:12+00:00,2023-03-27T08:28:13+00:00,0,Data Import;ready,17.77
DemocracyClub/UK-Polling-Stations,5158,Import BUN-Burnley Borough Council for 2023-05-04,closed,polling-bot-4000,,2023-03-09T13:53:56+00:00,2023-03-27T08:00:33+00:00,2023-03-27T08:00:34+00:00,1,Data Import;ready,17.75
DemocracyClub/UK-Polling-Stations,5160,Import LDS-Leeds City Council for 2023-05-04,closed,polling-bot-4000,,2023-03-09T14:02:27+00:00,2023-03-27T08:27:22+00:00,2023-03-27T08:27:23+00:00,1,Data Import;ready,17.77
DemocracyClub/UK-Polling-Stations,5162,Import TOB-Torbay Council for 2023-05-04,closed,polling-bot-4000,,2023-03-09T14:38:45+00:00,2023-03-23T16:13:50+00:00,2023-03-23T16:13:51+00:00,0,Data Import;ready;Priority,14.07
DemocracyClub/UK-Polling-Stations,5164,Import STT-Stockton-on-Tees Borough Council for 2023-05-04,closed,polling-bot-4000,,2023-03-09T14:43:46+00:00,2023-03-27T08:01:37+00:00,2023-03-27T08:01:38+00:00,0,Data Import;ready,17.72
DemocracyClub/UK-Polling-Stations,5166,Import STY-South Tyneside Metropolitan Borough Council for 2023-05-04,closed,polling-bot-4000,,2023-03-09T15:03:12+00:00,2023-03-24T18:38:12+00:00,2023-03-24T18:38:12+00:00,0,Data Import;ready,15.15
DemocracyClub/UK-Polling-Stations,5168,Import WLA-West Lancashire Borough Council for 2023-05-04,closed,polling-bot-4000,,2023-03-09T15:04:48+00:00,2023-03-29T13:47:40+00:00,2023-03-29T13:47:40+00:00,1,Data Import;ready,19.95
DemocracyClub/UK-Polling-Stations,5170,Import MOL-Mole Valley District Council for 2023-05-04,closed,polling-bot-4000,,2023-03-09T15:07:02+00:00,2023-03-28T10:49:09+00:00,2023-03-28T10:49:10+00:00,0,Data Import;ready,18.82
DemocracyClub/UK-Polling-Stations,5172,Import SWD-Swindon Borough Council for 2023-05-04,closed,polling-bot-4000,,2023-03-09T15:11:59+00:00,2023-03-28T12:21:50+00:00,2023-03-28T12:21:51+00:00,0,Data Import;ready,18.88
DemocracyClub/UK-Polling-Stations,5174,Import BNH-Brighton and Hove Council for 2023-05-04,closed,polling-bot-4000,,2023-03-09T15:35:47+00:00,2023-03-28T12:38:47+00:00,2023-03-28T12:38:48+00:00,0,Data Import;ready,18.88
DemocracyClub/UK-Polling-Stations,5176,Import HYN-Hyndburn Borough Council for 2023-05-04,closed,polling-bot-4000,,2023-03-09T16:17:07+00:00,2023-03-24T18:44:33+00:00,2023-03-24T18:44:34+00:00,0,Data Import;ready,15.1
DemocracyClub/UK-Polling-Stations,5178,Import WYC-Wychavon District Council for 2023-05-04,closed,polling-bot-4000,,2023-03-09T16:32:19+00:00,2023-03-24T18:41:50+00:00,2023-03-24T18:41:51+00:00,0,Data Import;ready,15.09
DemocracyClub/UK-Polling-Stations,5180,Import WAT-Watford Borough Council for 2023-05-04,closed,polling-bot-4000,,2023-03-09T16:41:32+00:00,2023-03-24T18:41:26+00:00,2023-03-24T18:41:27+00:00,0,Data Import;ready,15.08
DemocracyClub/UK-Polling-Stations,5182,Import BUR-Bury Metropolitan Borough Council for 2023-05-04,closed,polling-bot-4000,,2023-03-09T16:44:09+00:00,2023-03-24T18:47:55+00:00,2023-03-24T18:47:56+00:00,0,Data Import;ready,15.09
DemocracyClub/UK-Polling-Stations,5184,Import TAN-Tandridge District Council for 2023-05-04,closed,polling-bot-4000,,2023-03-09T16:53:55+00:00,2023-03-26T13:28:38+00:00,2023-03-26T13:28:38+00:00,0,Data Import;ready,16.86
DemocracyClub/UK-Polling-Stations,5186,Import LAC-Lancaster City Council for 2023-05-04,closed,polling-bot-4000,,2023-03-09T17:03:13+00:00,2023-03-29T15:20:41+00:00,2023-03-29T15:20:41+00:00,0,Data Import;ready,19.93
DemocracyClub/UK-Polling-Stations,5188,Import FOE-Forest of Dean District Council for 2023-05-04,closed,polling-bot-4000,,2023-03-09T18:09:04+00:00,2023-03-24T18:43:42+00:00,2023-03-24T18:43:42+00:00,0,Data Import;ready,15.02
DemocracyClub/UK-Polling-Stations,5190,Sort out how server env is set ,closed,VirginiaDooley,,2023-03-09T18:53:20+00:00,2025-10-02T13:37:38+00:00,2025-10-02T13:37:38+00:00,0,,937.78
DemocracyClub/UK-Polling-Stations,5191,Import MAL-Maldon District Council for 2023-05-04,closed,polling-bot-4000,,2023-03-09T19:29:20+00:00,2023-03-24T18:44:21+00:00,2023-03-24T18:44:21+00:00,0,Data Import;ready,14.97
DemocracyClub/UK-Polling-Stations,5193,Import WOT-Worthing Borough Council for 2023-05-04,closed,polling-bot-4000,,2023-03-09T20:45:13+00:00,2023-03-27T08:01:54+00:00,2023-03-27T08:01:55+00:00,0,Data Import;ready,17.47
DemocracyClub/UK-Polling-Stations,5195,Import ASF-Ashford Borough Council for 2023-05-04,closed,polling-bot-4000,,2023-03-10T09:35:01+00:00,2023-03-23T17:35:55+00:00,2023-03-23T17:35:56+00:00,3,Data Import;ready;Priority,13.33
DemocracyClub/UK-Polling-Stations,5196,Import SHO-South Holland District Council for 2023-05-04,closed,polling-bot-4000,,2023-03-10T10:03:09+00:00,2023-03-27T08:02:18+00:00,2023-03-27T08:02:18+00:00,0,Data Import;ready,16.92
DemocracyClub/UK-Polling-Stations,5198,Import TEI-Teignbridge District Council for 2023-05-04,closed,polling-bot-4000,,2023-03-10T11:50:29+00:00,2023-03-27T08:02:40+00:00,2023-03-27T08:02:40+00:00,0,Data Import;ready,16.84
DemocracyClub/UK-Polling-Stations,5200,Import CHL-Chelmsford City Council for 2023-05-04,closed,polling-bot-4000,,2023-03-10T11:53:06+00:00,2023-03-27T08:03:02+00:00,2023-03-27T08:03:03+00:00,0,Data Import;ready,16.84
DemocracyClub/UK-Polling-Stations,5202,Import NED-North East Derbyshire District Council for 2023-05-04,closed,polling-bot-4000,,2023-03-10T11:55:22+00:00,2023-03-27T12:02:23+00:00,2023-03-27T12:02:24+00:00,0,Data Import;ready,17.0
DemocracyClub/UK-Polling-Stations,5205,Import NTY-North Tyneside Council for 2023-05-04,closed,polling-bot-4000,,2023-03-10T12:13:34+00:00,2023-03-27T12:01:21+00:00,2023-04-25T17:52:36+00:00,0,Data Import;ready,16.99
DemocracyClub/UK-Polling-Stations,5207,Import DAC-Dacorum Borough Council for 2023-05-04,closed,polling-bot-4000,,2023-03-10T12:47:27+00:00,2023-03-27T14:38:28+00:00,2023-03-27T14:38:29+00:00,0,Data Import;ready,17.08
DemocracyClub/UK-Polling-Stations,5209,Import TRF-Trafford Metropolitan Borough Council for 2023-05-04,closed,polling-bot-4000,,2023-03-10T13:26:16+00:00,2023-03-27T14:48:16+00:00,2023-03-27T14:48:17+00:00,0,Data Import;ready,17.06
DemocracyClub/UK-Polling-Stations,5211,Import WDE-West Devon Borough Council for 2023-05-04,closed,polling-bot-4000,,2023-03-10T14:02:48+00:00,2023-03-27T14:49:34+00:00,2023-03-27T14:49:35+00:00,0,Data Import;ready,17.03
DemocracyClub/UK-Polling-Stations,5215,Import WBK-West Berkshire Council for 2023-05-04,closed,polling-bot-4000,,2023-03-10T17:54:21+00:00,2023-03-27T14:50:02+00:00,2023-03-27T14:50:03+00:00,0,Data Import;ready,16.87
DemocracyClub/UK-Polling-Stations,5221,Import WEA-Wealden District Council for 2023-05-04,closed,polling-bot-4000,,2023-03-11T18:59:32+00:00,2023-03-27T14:50:19+00:00,2023-03-27T14:50:20+00:00,0,Data Import;ready,15.83
DemocracyClub/UK-Polling-Stations,5223,Display uploading user on upload page,open,pmk01,,2023-03-13T10:28:14+00:00,,2025-10-02T13:38:03+00:00,0,file uploads 📂,
DemocracyClub/UK-Polling-Stations,5224,Import BBD-Blackburn with Darwen Borough Council for 2023-05-04,closed,polling-bot-4000,,2023-03-13T10:56:26+00:00,2023-03-27T15:04:16+00:00,2023-03-27T15:04:17+00:00,0,Data Import;ready,14.17
DemocracyClub/UK-Polling-Stations,5226,Import ROS-Rossendale Borough Council for 2023-05-04,closed,polling-bot-4000,,2023-03-13T11:00:06+00:00,2023-03-27T14:51:20+00:00,2023-03-27T14:51:21+00:00,0,Data Import;ready,14.16
DemocracyClub/UK-Polling-Stations,5228,Import ASH-Ashfield District Council for 2023-05-04,closed,polling-bot-4000,,2023-03-13T11:02:23+00:00,2023-03-27T16:09:54+00:00,2023-03-27T16:09:55+00:00,2,Data Import;ready,14.21
DemocracyClub/UK-Polling-Stations,5230,Import CHA-Charnwood Borough Council for 2023-05-04,closed,polling-bot-4000,,2023-03-13T11:04:07+00:00,2023-03-27T14:54:14+00:00,2023-03-27T14:54:14+00:00,0,Data Import;ready,14.16
DemocracyClub/UK-Polling-Stations,5232,Import MDB-Middlesbrough Borough Council for 2023-05-04,closed,polling-bot-4000,,2023-03-13T11:24:57+00:00,2023-03-29T12:36:53+00:00,2023-03-29T12:36:53+00:00,0,Data Import;ready,16.05
DemocracyClub/UK-Polling-Stations,5234,Import POR-Portsmouth City Council for 2023-05-04,closed,polling-bot-4000,,2023-03-13T12:42:41+00:00,2023-03-29T12:36:34+00:00,2023-03-29T12:36:34+00:00,0,Data Import;ready,16.0
DemocracyClub/UK-Polling-Stations,5236,Import SWL-Swale Borough Council for 2023-05-04,closed,polling-bot-4000,,2023-03-13T13:51:02+00:00,2023-03-27T15:21:52+00:00,2023-03-27T15:21:53+00:00,0,Data Import;ready,14.06
DemocracyClub/UK-Polling-Stations,5238,Import DAR-Dartford Borough Council for 2023-05-04,closed,polling-bot-4000,,2023-03-13T13:53:37+00:00,2023-03-27T15:36:41+00:00,2023-03-27T15:36:42+00:00,0,Data Import;ready,14.07
DemocracyClub/UK-Polling-Stations,5240,Import VAL-Vale of White Horse District Council for 2023-05-04,closed,polling-bot-4000,,2023-03-13T15:00:01+00:00,2023-03-27T15:41:30+00:00,2023-03-27T15:41:31+00:00,0,Data Import;ready,14.03
DemocracyClub/UK-Polling-Stations,5242,Import KIN-King's Lynn & West Norfolk for 2023-05-04,closed,polling-bot-4000,,2023-03-13T16:05:27+00:00,2023-03-27T15:57:42+00:00,2023-03-27T15:57:43+00:00,0,Data Import;ready,13.99
DemocracyClub/UK-Polling-Stations,5244,Import WSK-West Suffolk Council for 2023-05-04,closed,polling-bot-4000,,2023-03-13T16:11:17+00:00,2023-03-27T16:00:23+00:00,2023-03-27T16:00:24+00:00,0,Data Import;ready,13.99
DemocracyClub/UK-Polling-Stations,5246,Import HAL-Halton Borough Council for 2023-05-04,closed,polling-bot-4000,,2023-03-14T10:55:59+00:00,2023-03-28T09:06:37+00:00,2023-03-28T09:06:38+00:00,0,Data Import;ready,13.92
DemocracyClub/UK-Polling-Stations,5248,Import GAT-Gateshead Metropolitan Borough Council for 2023-05-04,closed,polling-bot-4000,,2023-03-14T11:31:03+00:00,2023-03-28T12:18:38+00:00,2023-03-28T12:18:38+00:00,0,Data Import;ready,14.03
DemocracyClub/UK-Polling-Stations,5251,Import GRT-Guildford Borough Council for 2023-05-04,closed,polling-bot-4000,,2023-03-14T12:03:10+00:00,2023-03-28T12:24:51+00:00,2023-03-28T12:24:52+00:00,1,Data Import;ready,14.02
DemocracyClub/UK-Polling-Stations,5260,TEST Import ASH-Ashfield District Council for 2023-05-04,closed,polling-bot-4000,,2023-03-15T13:49:07+00:00,2023-03-15T14:17:01+00:00,2023-03-15T14:17:01+00:00,1,Data Import;ready,0.02
DemocracyClub/UK-Polling-Stations,5261,Import OLD-Oldham Metropolitan Borough Council for 2023-05-04,closed,polling-bot-4000,,2023-03-15T13:49:43+00:00,2023-04-11T13:39:08+00:00,2023-04-11T13:39:09+00:00,0,Data Import;ready,26.99
DemocracyClub/UK-Polling-Stations,5263,TEST Import BNS-Barnsley Metropolitan Borough Council for 2023-05-04,closed,polling-bot-4000,,2023-03-15T14:08:21+00:00,2023-03-15T14:17:01+00:00,2023-03-15T14:17:01+00:00,0,Data Import;ready,0.01
DemocracyClub/UK-Polling-Stations,5266,Issues uploading when there's no election date,closed,GeoWill,,2023-03-15T14:29:26+00:00,2025-10-02T13:41:15+00:00,2025-10-02T13:41:15+00:00,0,file uploads 📂,931.97
DemocracyClub/UK-Polling-Stations,5267,Import NDE-North Devon Council for 2023-05-04,closed,polling-bot-4000,,2023-03-15T15:40:22+00:00,2023-03-28T14:01:43+00:00,2023-03-28T14:01:44+00:00,0,Data Import;ready,12.93
DemocracyClub/UK-Polling-Stations,5269,Import ROH-Rother District Council for 2023-05-04,closed,polling-bot-4000,,2023-03-15T15:43:30+00:00,2023-03-30T08:59:48+00:00,2023-03-30T08:59:49+00:00,0,Data Import;ready,14.72
DemocracyClub/UK-Polling-Stations,5271,Import EDE-East Devon District Council for 2023-05-04,closed,polling-bot-4000,,2023-03-15T16:02:22+00:00,2023-03-28T14:02:25+00:00,2023-03-28T14:02:26+00:00,0,Data Import;ready,12.92
DemocracyClub/UK-Polling-Stations,5276,Import RUH-Rushmoor Borough Council for 2023-05-04,closed,polling-bot-4000,,2023-03-15T16:53:53+00:00,2023-03-30T08:58:15+00:00,2023-03-30T08:58:16+00:00,0,Data Import;ready,14.67
DemocracyClub/UK-Polling-Stations,5278,Import SOL-Solihull Metropolitan Borough Council for 2023-05-04,closed,polling-bot-4000,,2023-03-15T17:35:28+00:00,2023-04-04T14:02:30+00:00,2023-04-04T14:02:31+00:00,0,Data Import;ready,19.85
DemocracyClub/UK-Polling-Stations,5285,TEST Import ARU-Arun District Council for 2023-05-04,closed,polling-bot-4000,,2023-03-16T09:17:50+00:00,2023-03-16T13:18:56+00:00,2023-03-16T13:18:56+00:00,0,Data Import;ready,0.17
DemocracyClub/UK-Polling-Stations,5287,Import LIV-Liverpool City Council for 2023-05-04,closed,polling-bot-4000,,2023-03-16T11:13:47+00:00,2023-03-31T08:27:50+00:00,2023-03-31T08:27:51+00:00,0,Data Import;ready,14.88
DemocracyClub/UK-Polling-Stations,5289,Import SKP-Stockport Metropolitan Borough Council for 2023-05-04,closed,polling-bot-4000,,2023-03-16T11:22:42+00:00,2023-03-28T13:59:28+00:00,2023-03-28T13:59:29+00:00,0,Data Import;ready,12.11
DemocracyClub/UK-Polling-Stations,5291,Import WIN-Winchester City Council for 2023-05-04,closed,polling-bot-4000,,2023-03-16T11:44:40+00:00,2023-04-04T14:05:04+00:00,2023-04-04T14:05:04+00:00,4,Data Import;ready,19.1
DemocracyClub/UK-Polling-Stations,5293,Import KHL-Kingston-upon-Hull City Council for 2023-05-04,closed,polling-bot-4000,,2023-03-16T11:46:57+00:00,2023-03-28T14:04:37+00:00,2023-03-28T14:04:38+00:00,0,Data Import;ready,12.1
DemocracyClub/UK-Polling-Stations,5295,Import CAN-Cannock Chase District Council for 2023-05-04,closed,polling-bot-4000,,2023-03-16T12:04:02+00:00,2023-03-28T13:59:48+00:00,2023-03-28T13:59:49+00:00,0,Data Import;ready,12.08
DemocracyClub/UK-Polling-Stations,5297,Import NHE-North Hertfordshire District Council for 2023-05-04,closed,polling-bot-4000,,2023-03-16T12:13:36+00:00,2023-03-28T14:00:08+00:00,2023-03-28T14:00:09+00:00,0,Data Import;ready,12.07
DemocracyClub/UK-Polling-Stations,5299,TEST Import ADU-Adur District Council for 2023-05-04,closed,polling-bot-4000,,2023-03-16T13:16:54+00:00,2023-03-16T13:18:30+00:00,2023-03-16T13:18:30+00:00,0,Data Import;ready,0.0
DemocracyClub/UK-Polling-Stations,5300,Import CAB-Cambridge City Council for 2023-05-04,closed,polling-bot-4000,,2023-03-16T13:16:55+00:00,2023-03-28T14:02:32+00:00,2023-03-28T14:02:33+00:00,0,Data Import;ready,12.03
DemocracyClub/UK-Polling-Stations,5303,Import RUG-Rugby Borough Council for 2023-05-04,closed,polling-bot-4000,,2023-03-16T14:16:25+00:00,2023-03-28T14:09:42+00:00,2023-03-28T14:09:42+00:00,0,Data Import;ready,12.0
DemocracyClub/UK-Polling-Stations,5305,Import HAA-Havant Borough Council for 2023-05-04,closed,polling-bot-4000,,2023-03-16T14:49:24+00:00,2023-03-24T18:44:53+00:00,2023-03-24T18:44:54+00:00,0,Data Import;ready;Priority,8.16
DemocracyClub/UK-Polling-Stations,5308,Import EHE-East Hertfordshire District Council for 2023-05-04,closed,polling-bot-4000,,2023-03-17T09:01:59+00:00,2023-03-28T14:45:15+00:00,2023-03-28T14:45:16+00:00,0,Data Import;ready,11.24
DemocracyClub/UK-Polling-Stations,5310,Import CHO-Chorley Borough Council for 2023-05-04,closed,polling-bot-4000,,2023-03-17T09:21:21+00:00,2023-03-28T14:21:54+00:00,2023-03-28T14:21:55+00:00,0,Data Import;ready,11.21
DemocracyClub/UK-Polling-Stations,5312,Update Playwright tests for new ID legislation,open,Bekabyx,,2023-03-17T10:09:11+00:00,,2023-03-17T10:09:11+00:00,0,,
DemocracyClub/UK-Polling-Stations,5313,Import BAN-Basingstoke and Deane Borough Council for 2023-05-04,closed,polling-bot-4000,,2023-03-17T12:58:41+00:00,2023-03-28T14:43:35+00:00,2023-03-28T14:43:36+00:00,0,Data Import;ready,11.07
DemocracyClub/UK-Polling-Stations,5315,Import LEE-Lewes District Council for 2023-05-04,closed,polling-bot-4000,,2023-03-17T14:56:14+00:00,2023-03-28T14:47:53+00:00,2023-03-28T14:47:53+00:00,0,Data Import;ready,10.99
DemocracyClub/UK-Polling-Stations,5317,Import BAE-Bassetlaw District Council for 2023-05-04,closed,polling-bot-4000,,2023-03-17T15:33:34+00:00,2023-03-29T07:56:16+00:00,2023-03-29T07:56:17+00:00,0,Data Import;ready,11.68
DemocracyClub/UK-Polling-Stations,5319,Import WOX-West Oxfordshire District Council for 2023-05-04,closed,polling-bot-4000,,2023-03-17T16:49:03+00:00,2023-03-29T09:13:36+00:00,2023-03-29T09:13:37+00:00,0,Data Import;ready,11.68
DemocracyClub/UK-Polling-Stations,5320,Import MDE-Mid Devon District Council for 2023-05-04,closed,polling-bot-4000,,2023-03-17T16:54:12+00:00,2023-03-29T07:56:42+00:00,2023-03-29T07:56:43+00:00,0,Data Import;ready,11.63
DemocracyClub/UK-Polling-Stations,5322,Import NEL-North East Lincolnshire Council for 2023-05-04,closed,polling-bot-4000,,2023-03-17T16:59:01+00:00,2023-03-29T07:57:06+00:00,2023-03-29T07:57:07+00:00,0,Data Import;ready,11.62
DemocracyClub/UK-Polling-Stations,5324,Import RUS-Rushcliffe Borough Council for 2023-05-04,closed,polling-bot-4000,,2023-03-17T17:04:17+00:00,2023-03-29T11:28:05+00:00,2023-04-25T17:52:37+00:00,0,Data Import;ready,11.77
DemocracyClub/UK-Polling-Stations,5326,Import SFT-Sefton Metropolitan Borough Council for 2023-05-04,closed,polling-bot-4000,,2023-03-18T09:10:16+00:00,2023-03-29T11:45:43+00:00,2023-03-29T11:45:44+00:00,0,Data Import;ready,11.11
DemocracyClub/UK-Polling-Stations,5328,Import MAI-Maidstone Borough Council for 2023-05-04,closed,polling-bot-4000,,2023-03-20T09:56:16+00:00,2023-03-29T12:37:48+00:00,2023-03-29T12:37:49+00:00,0,Data Import;ready,9.11
DemocracyClub/UK-Polling-Stations,5329,Import HPL-Hartlepool Borough Council for 2023-05-04,closed,polling-bot-4000,,2023-03-20T10:49:14+00:00,2023-04-04T14:02:53+00:00,2023-04-04T14:02:53+00:00,0,Data Import;ready,15.13
DemocracyClub/UK-Polling-Stations,5331,Import NET-Newcastle City Council for 2023-05-04,closed,polling-bot-4000,,2023-03-20T13:15:21+00:00,2023-03-30T16:21:00+00:00,2023-03-30T16:21:00+00:00,3,Data Import;ready,10.13
DemocracyClub/UK-Polling-Stations,5333,Import COT-Cotswold District Council for 2023-05-04,closed,polling-bot-4000,,2023-03-20T13:32:30+00:00,2023-03-31T08:26:29+00:00,2023-03-31T08:26:29+00:00,0,Data Import;ready,10.79
DemocracyClub/UK-Polling-Stations,5335,Import BAS-Bath & North East Somerset Council for 2023-05-04,closed,polling-bot-4000,,2023-03-20T14:03:11+00:00,2023-03-30T10:25:13+00:00,2023-03-30T10:25:13+00:00,0,Data Import;ready,9.85
DemocracyClub/UK-Polling-Stations,5337,Import ELI-East Lindsey District Council for 2023-05-04,closed,polling-bot-4000,,2023-03-20T15:40:24+00:00,2023-04-11T14:59:32+00:00,2023-04-11T14:59:33+00:00,0,Data Import;ready,21.97
DemocracyClub/UK-Polling-Stations,5338,Import SHF-Sheffield City Council for 2023-05-04,closed,polling-bot-4000,,2023-03-20T15:53:29+00:00,2023-04-06T15:02:30+00:00,2023-04-06T15:02:31+00:00,0,Data Import;ready,16.96
DemocracyClub/UK-Polling-Stations,5340,Import WOK-Wokingham Borough Council for 2023-05-04,closed,polling-bot-4000,,2023-03-20T16:46:14+00:00,2023-03-31T08:28:18+00:00,2023-03-31T08:28:19+00:00,0,Data Import;ready,10.65
DemocracyClub/UK-Polling-Stations,5342,Import CHR-Cherwell District Council for 2023-05-04,closed,polling-bot-4000,,2023-03-20T16:47:31+00:00,2023-04-11T13:27:52+00:00,2023-04-11T13:27:53+00:00,0,Data Import;ready,21.86
DemocracyClub/UK-Polling-Stations,5345,Import SST-South Staffordshire District Council for 2023-05-04,closed,polling-bot-4000,,2023-03-21T09:13:36+00:00,2023-04-01T16:54:20+00:00,2023-04-01T16:54:21+00:00,0,Data Import;ready,11.32
DemocracyClub/UK-Polling-Stations,5347,Import RUT-Rutland County Council for 2023-05-04,closed,polling-bot-4000,,2023-03-21T11:43:07+00:00,2023-04-06T15:02:31+00:00,2023-04-06T15:02:32+00:00,0,Data Import;ready,16.14
DemocracyClub/UK-Polling-Stations,5349,Import WYR-Wyre Borough Council for 2023-05-04,closed,polling-bot-4000,,2023-03-21T14:04:27+00:00,2023-04-04T08:30:59+00:00,2023-04-04T08:30:59+00:00,0,Data Import;ready,13.77
DemocracyClub/UK-Polling-Stations,5351,Import CRW-Crawley Borough Council for 2023-05-04,closed,polling-bot-4000,,2023-03-21T16:27:12+00:00,2023-04-04T14:03:33+00:00,2023-04-04T14:03:34+00:00,0,Data Import;ready,13.9
DemocracyClub/UK-Polling-Stations,5354,Import SHA-South Hams District Council for 2023-05-04,closed,polling-bot-4000,,2023-03-22T10:46:04+00:00,2023-04-04T14:04:09+00:00,2023-04-04T14:04:10+00:00,0,Data Import;ready,13.14
DemocracyClub/UK-Polling-Stations,5360,Import NNO-North Norfolk District Council for 2023-05-04,closed,polling-bot-4000,,2023-03-22T17:19:06+00:00,2023-04-11T13:39:53+00:00,2023-04-11T13:39:54+00:00,0,Data Import;ready,19.85
DemocracyClub/UK-Polling-Stations,5364,Import WGN-Wigan Metropolitan Borough Council for 2023-05-04,closed,polling-bot-4000,,2023-03-23T15:30:48+00:00,2023-04-11T13:28:44+00:00,2023-04-11T13:28:44+00:00,0,Data Import;ready,18.92
DemocracyClub/UK-Polling-Stations,5367,Import MAS-Mansfield District Council for 2023-05-04,closed,polling-bot-4000,,2023-03-23T16:12:08+00:00,2023-04-11T14:31:21+00:00,2023-04-11T14:31:21+00:00,2,Data Import;ready,18.93
DemocracyClub/UK-Polling-Stations,5369,Import MAN-Manchester City Council for 2023-05-04,closed,polling-bot-4000,,2023-03-23T16:33:07+00:00,2023-04-06T15:02:29+00:00,2023-04-06T15:02:30+00:00,2,Data Import;ready;Priority,13.94
DemocracyClub/UK-Polling-Stations,5381,Import SLF-Salford City Council for 2023-05-04,closed,polling-bot-4000,,2023-03-24T11:26:12+00:00,2023-04-20T08:07:45+00:00,2023-04-20T08:07:46+00:00,0,Data Import;ready,26.86
DemocracyClub/UK-Polling-Stations,5382,Change 'location' to 'map',closed,pmk01,,2023-03-24T13:34:43+00:00,2025-09-30T10:00:30+00:00,2025-09-30T10:00:30+00:00,0,,920.85
DemocracyClub/UK-Polling-Stations,5384,Import DUD-Dudley Metropolitan Borough Council for 2023-05-04,closed,polling-bot-4000,,2023-03-26T18:38:30+00:00,2023-04-06T08:11:28+00:00,2023-04-06T08:11:29+00:00,0,Data Import;ready,10.56
DemocracyClub/UK-Polling-Stations,5386,Import RDG-Reading Borough Council for 2023-05-04,closed,polling-bot-4000,,2023-03-27T10:54:18+00:00,2023-04-11T15:00:29+00:00,2023-04-11T15:00:30+00:00,0,Data Import;ready,15.17
DemocracyClub/UK-Polling-Stations,5387,Display all postcodes associated with a station in login view,open,pmk01,,2023-03-27T11:53:38+00:00,,2025-10-02T13:45:41+00:00,2,,
DemocracyClub/UK-Polling-Stations,5388,Multiple user accounts in admin,closed,pmk01,,2023-03-27T14:54:08+00:00,2025-10-02T13:48:59+00:00,2025-10-02T13:48:59+00:00,0,,919.95
DemocracyClub/UK-Polling-Stations,5389,Import FYL-Fylde Borough Council for 2023-05-04,closed,polling-bot-4000,,2023-03-27T15:54:39+00:00,2023-03-31T10:02:01+00:00,2023-03-31T10:02:02+00:00,0,Data Import;ready,3.76
DemocracyClub/UK-Polling-Stations,5398,Import SUR-Surrey Heath Borough Council for 2023-05-04,closed,polling-bot-4000,,2023-03-28T09:19:20+00:00,2023-04-06T08:12:20+00:00,2023-04-06T08:12:20+00:00,0,Data Import;ready,8.95
DemocracyClub/UK-Polling-Stations,5401,Import WAW-Warwick District Council for 2023-05-04,closed,polling-bot-4000,,2023-03-28T15:21:19+00:00,2023-04-11T15:00:56+00:00,2023-04-11T15:00:57+00:00,0,Data Import;ready,13.99
DemocracyClub/UK-Polling-Stations,5402,Import HOR-Horsham District Council for 2023-05-04,closed,polling-bot-4000,,2023-03-28T16:03:58+00:00,2023-04-11T13:28:33+00:00,2023-04-11T13:28:34+00:00,0,Data Import;ready,13.89
DemocracyClub/UK-Polling-Stations,5407,Import NKE-North Kesteven District Council for 2023-05-04,closed,polling-bot-4000,,2023-03-28T21:14:22+00:00,2023-04-06T13:26:50+00:00,2023-04-06T13:26:51+00:00,0,Data Import;ready,8.68
DemocracyClub/UK-Polling-Stations,5409,Import MDW-Medway Council for 2023-05-04,closed,polling-bot-4000,,2023-03-29T07:36:27+00:00,2023-04-06T15:02:32+00:00,2023-04-06T15:02:33+00:00,0,Data Import;ready,8.31
DemocracyClub/UK-Polling-Stations,5413,Import WLL-Walsall Metropolitan Borough Council for 2023-05-04,closed,polling-bot-4000,,2023-03-29T13:11:20+00:00,2023-04-11T15:02:52+00:00,2023-04-11T15:02:52+00:00,0,Data Import;ready,13.08
DemocracyClub/UK-Polling-Stations,5415,Import MIK-Milton Keynes Council for 2023-05-04,closed,polling-bot-4000,,2023-03-29T13:16:52+00:00,2023-04-11T15:00:06+00:00,2023-04-11T15:00:07+00:00,0,Data Import;ready,13.07
DemocracyClub/UK-Polling-Stations,5417,Import PLY-Plymouth City Council for 2023-05-04,closed,polling-bot-4000,,2023-03-29T15:44:27+00:00,2023-04-17T09:34:49+00:00,2023-04-17T09:34:50+00:00,0,Data Import;ready,18.74
DemocracyClub/UK-Polling-Stations,5425,Import SGC-South Gloucestershire Council for 2023-05-04,closed,polling-bot-4000,,2023-03-30T08:30:29+00:00,2023-04-11T16:24:38+00:00,2023-04-11T16:24:39+00:00,0,Data Import;ready,12.33
DemocracyClub/UK-Polling-Stations,5427,Import ERE-Erewash Borough Council for 2023-05-04,closed,polling-bot-4000,,2023-03-30T14:20:33+00:00,2023-04-11T16:24:39+00:00,2023-04-11T16:24:39+00:00,0,Data Import;ready,12.09
DemocracyClub/UK-Polling-Stations,5428,Import BRC-Bracknell Forest Borough Council for 2023-05-04,closed,polling-bot-4000,,2023-03-30T15:50:39+00:00,2023-04-11T16:24:40+00:00,2023-04-11T16:24:40+00:00,0,Data Import;ready,12.02
DemocracyClub/UK-Polling-Stations,5430,Import DAL-Darlington Borough Council for 2023-05-04,closed,polling-bot-4000,,2023-03-30T15:59:08+00:00,2023-04-11T16:24:40+00:00,2023-04-11T16:24:41+00:00,0,Data Import;ready,12.02
DemocracyClub/UK-Polling-Stations,5452,Import SST-South Staffordshire District Council for 2023-05-04,closed,polling-bot-4000,,2023-04-03T13:59:24+00:00,2023-04-11T16:05:21+00:00,2023-04-11T16:05:22+00:00,1,Data Import;ready;Priority,8.09
DemocracyClub/UK-Polling-Stations,5455,Import WKF-Wakefield Metropolitan District Council for 2023-05-04,closed,polling-bot-4000,,2023-04-04T10:04:37+00:00,2023-04-04T14:05:03+00:00,2023-04-04T14:05:03+00:00,0,Data Import;ready,0.17
DemocracyClub/UK-Polling-Stations,5457,Import BRX-Broxbourne Borough Council for 2023-05-04,closed,polling-bot-4000,,2023-04-04T10:13:41+00:00,2023-04-04T14:05:02+00:00,2023-04-04T14:05:02+00:00,0,Data Import;ready,0.16
DemocracyClub/UK-Polling-Stations,5459,Import BRO-Broadland District Council for 2023-05-04,closed,polling-bot-4000,,2023-04-04T10:20:18+00:00,2023-04-04T14:05:01+00:00,2023-04-04T14:05:01+00:00,0,Data Import;ready,0.16
DemocracyClub/UK-Polling-Stations,5461,Import SNO-South Norfolk District Council for 2023-05-04,closed,polling-bot-4000,,2023-04-04T10:27:35+00:00,2023-04-04T14:04:59+00:00,2023-04-04T14:05:00+00:00,0,Data Import;ready,0.15
DemocracyClub/UK-Polling-Stations,5464,Import OAD-Oadby & Wigston Borough Council for 2023-05-04,closed,polling-bot-4000,,2023-04-04T16:54:07+00:00,2023-04-11T16:24:41+00:00,2023-04-11T16:24:42+00:00,1,Data Import;ready,6.98
DemocracyClub/UK-Polling-Stations,5470,Import CAS-Castle Point Borough Council for 2023-05-04,closed,polling-bot-4000,,2023-04-05T09:06:28+00:00,2023-04-12T14:51:02+00:00,2023-04-12T14:51:03+00:00,0,Data Import;ready,7.24
DemocracyClub/UK-Polling-Stations,5472,Import BRM-Bromsgrove District Council for 2023-05-04,closed,polling-bot-4000,,2023-04-05T10:21:38+00:00,2023-04-12T13:50:32+00:00,2023-04-12T13:50:33+00:00,0,Data Import;ready,7.15
DemocracyClub/UK-Polling-Stations,5473,Import RED-Redditch Borough Council for 2023-05-04,closed,polling-bot-4000,,2023-04-05T10:22:17+00:00,2023-04-12T14:50:44+00:00,2023-04-12T14:50:45+00:00,0,Data Import;ready,7.19
DemocracyClub/UK-Polling-Stations,5475,Import REI-Reigate and Banstead Borough Council for 2023-05-04,closed,polling-bot-4000,,2023-04-05T11:04:32+00:00,2023-04-12T14:25:29+00:00,2023-04-12T14:25:30+00:00,0,Data Import;ready,7.14
DemocracyClub/UK-Polling-Stations,5478,Import HEF-Herefordshire Council for 2023-05-04,closed,polling-bot-4000,,2023-04-05T13:36:47+00:00,2023-04-21T14:21:10+00:00,2023-04-21T14:21:11+00:00,1,Data Import;ready;On hold ⛔,16.03
DemocracyClub/UK-Polling-Stations,5479,Import MAI-Maidstone Borough Council for 2023-05-04,closed,polling-bot-4000,,2023-04-05T13:38:19+00:00,2023-04-13T07:45:50+00:00,2023-04-13T07:45:50+00:00,1,Data Import;ready,7.76
DemocracyClub/UK-Polling-Stations,5480,Import RCC-Redcar and Cleveland Borough Council for 2023-05-04,closed,polling-bot-4000,,2023-04-05T13:43:19+00:00,2023-04-12T14:55:26+00:00,2023-04-25T17:52:37+00:00,0,Data Import;ready,7.05
DemocracyClub/UK-Polling-Stations,5482,Import SND-Sunderland City Council for 2023-05-04,closed,polling-bot-4000,,2023-04-05T13:44:00+00:00,2023-04-13T08:27:17+00:00,2023-04-13T08:27:17+00:00,0,Data Import;ready,7.78
DemocracyClub/UK-Polling-Stations,5485,Import NGM-Nottingham City Council for 2023-05-04,closed,polling-bot-4000,,2023-04-05T15:34:20+00:00,2023-04-24T16:21:05+00:00,2023-04-24T16:21:05+00:00,0,Data Import;ready,19.03
DemocracyClub/UK-Polling-Stations,5489,Import TOR-Torridge District Council for 2023-05-04,closed,polling-bot-4000,,2023-04-05T19:44:41+00:00,2023-04-20T08:10:54+00:00,2023-04-20T08:10:55+00:00,0,Data Import;ready,14.52
DemocracyClub/UK-Polling-Stations,5493,Import THE-Three Rivers District Council for 2023-05-04,closed,polling-bot-4000,,2023-04-06T11:57:55+00:00,2023-04-13T08:26:38+00:00,2023-04-13T08:26:39+00:00,0,Data Import;ready,6.85
DemocracyClub/UK-Polling-Stations,5495,Import EXE-Exeter City Council for 2023-05-04,closed,polling-bot-4000,,2023-04-06T15:07:00+00:00,2023-04-24T14:43:22+00:00,2023-04-24T14:43:22+00:00,0,Data Import;ready,17.98
DemocracyClub/UK-Polling-Stations,5501,Import WEW-Welwyn Hatfield Borough Council for 2023-05-04,closed,polling-bot-4000,,2023-04-07T11:35:12+00:00,2023-04-13T08:28:30+00:00,2023-04-13T08:28:31+00:00,0,Data Import;ready,5.87
DemocracyClub/UK-Polling-Stations,5504,Import LCE-Leicester City Council for 2023-05-04,closed,polling-bot-4000,,2023-04-08T09:06:19+00:00,2023-04-21T15:52:50+00:00,2023-04-21T15:52:51+00:00,0,Data Import;ready,13.28
DemocracyClub/UK-Polling-Stations,5508,Import TAN-Tandridge District Council for 2023-05-04,closed,polling-bot-4000,,2023-04-11T10:32:33+00:00,2024-01-17T16:26:48+00:00,2024-01-17T16:26:48+00:00,1,Data Import;ready;On hold ⛔,281.25
DemocracyClub/UK-Polling-Stations,5512,Import BOS-Bolsover District Council for 2023-05-04,closed,polling-bot-4000,,2023-04-11T12:04:34+00:00,2023-04-19T10:17:44+00:00,2023-04-19T10:17:45+00:00,1,Data Import;ready,7.93
DemocracyClub/UK-Polling-Stations,5518,Import TEN-Tendring District Council for 2023-05-04,closed,polling-bot-4000,,2023-04-12T09:03:10+00:00,2023-04-12T09:38:14+00:00,2023-04-25T17:52:38+00:00,0,Data Import;ready,0.02
DemocracyClub/UK-Polling-Stations,5520,Import KWL-Knowsley Metropolitan Borough Council for 2023-05-04,closed,polling-bot-4000,,2023-04-12T11:21:20+00:00,2023-04-24T14:57:10+00:00,2023-04-24T14:57:10+00:00,0,Data Import;ready,12.15
DemocracyClub/UK-Polling-Stations,5521,Import TAM-Tameside Metropolitan Borough Council for 2023-05-04,closed,polling-bot-4000,,2023-04-12T12:11:32+00:00,2023-04-17T09:41:09+00:00,2023-04-17T09:41:09+00:00,0,Data Import;ready,4.9
DemocracyClub/UK-Polling-Stations,5525,Import BRW-Brentwood Borough Council for 2023-05-04,closed,polling-bot-4000,,2023-04-12T15:05:21+00:00,2023-04-17T09:41:32+00:00,2023-04-17T09:41:33+00:00,0,Data Import;ready,4.78
DemocracyClub/UK-Polling-Stations,5527,Import HIG-High Peak Borough Council for 2023-05-04,closed,polling-bot-4000,,2023-04-12T15:07:02+00:00,2023-04-17T09:42:07+00:00,2023-04-17T09:42:07+00:00,0,Data Import;ready,4.77
DemocracyClub/UK-Polling-Stations,5529,Import CHS-Chesterfield Borough Council for 2023-05-04,closed,polling-bot-4000,,2023-04-12T15:11:48+00:00,2023-04-24T14:52:43+00:00,2023-04-24T14:52:44+00:00,0,Data Import;ready,11.99
DemocracyClub/UK-Polling-Stations,5531,Import STF-Staffordshire Moorlands District Council for 2023-05-04,closed,polling-bot-4000,,2023-04-12T15:13:57+00:00,2023-04-20T08:10:21+00:00,2023-04-20T08:10:22+00:00,0,Data Import;ready,7.71
DemocracyClub/UK-Polling-Stations,5533,Import NLN-North Lincolnshire Council for 2023-05-04,closed,polling-bot-4000,,2023-04-12T15:21:06+00:00,2023-04-13T08:29:06+00:00,2023-04-13T08:29:07+00:00,0,Data Import;ready,0.71
DemocracyClub/UK-Polling-Stations,5536,Import HAO-Harborough District Council for 2023-05-04,closed,polling-bot-4000,,2023-04-13T07:40:45+00:00,2023-04-25T09:07:14+00:00,2023-04-25T09:07:14+00:00,0,Data Import;ready,12.06
DemocracyClub/UK-Polling-Stations,5538,Westmoreland and Furness (Barrow) by election ,closed,GeoWill,,2023-04-13T09:10:08+00:00,2023-04-21T16:02:36+00:00,2023-04-25T17:52:38+00:00,0,,8.29
DemocracyClub/UK-Polling-Stations,5539,Don't mark upload successful if EMS not recognised,open,GeoWill,,2023-04-13T09:16:36+00:00,,2023-04-13T09:16:36+00:00,0,file uploads 📂,
DemocracyClub/UK-Polling-Stations,5540,Import IPS-Ipswich Borough Council for 2023-05-04,closed,polling-bot-4000,,2023-04-13T09:22:21+00:00,2023-04-20T08:07:15+00:00,2023-04-20T08:07:15+00:00,0,Data Import;ready,6.95
DemocracyClub/UK-Polling-Stations,5541,Import SPE-Spelthorne Borough Council for 2023-05-04,closed,polling-bot-4000,,2023-04-13T09:33:13+00:00,2023-04-21T16:13:08+00:00,2023-04-25T17:52:39+00:00,0,Data Import;ready,8.28
DemocracyClub/UK-Polling-Stations,5544,Track cases where upload 'failed',closed,pmk01,,2023-04-13T13:50:13+00:00,2025-10-02T13:50:22+00:00,2025-10-02T13:50:22+00:00,0,file uploads 📂,903.0
DemocracyClub/UK-Polling-Stations,5545,Import BOT-Boston Borough Council for 2023-05-04,closed,polling-bot-4000,,2023-04-13T14:06:18+00:00,2023-04-20T08:08:20+00:00,2023-04-20T08:08:21+00:00,0,Data Import;ready,6.75
DemocracyClub/UK-Polling-Stations,5546,Import BNS-Barnsley Metropolitan Borough Council for 2023-05-04,closed,polling-bot-4000,,2023-04-13T14:17:24+00:00,2023-04-19T08:37:29+00:00,2023-04-25T17:52:39+00:00,0,Data Import;ready;Priority,5.76
DemocracyClub/UK-Polling-Stations,5548,Import GRY-Great Yarmouth Borough Council for 2023-05-04,closed,polling-bot-4000,,2023-04-13T14:17:47+00:00,2023-04-21T16:35:34+00:00,2023-04-21T16:35:35+00:00,0,Data Import;ready,8.1
DemocracyClub/UK-Polling-Stations,5550,Import CLD-Calderdale Metropolitan Borough Council for 2023-05-04,closed,polling-bot-4000,,2023-04-13T14:18:03+00:00,2023-04-19T08:37:30+00:00,2023-04-25T17:52:40+00:00,0,Data Import;ready;Priority,5.76
DemocracyClub/UK-Polling-Stations,5552,Import EST-East Staffordshire Borough Council for 2023-05-04,closed,polling-bot-4000,,2023-04-13T14:18:36+00:00,2023-04-19T08:37:35+00:00,2023-04-25T17:52:40+00:00,0,Data Import;ready;Priority,5.76
DemocracyClub/UK-Polling-Stations,5553,Import STV-Stevenage Borough Council for 2023-05-04,closed,polling-bot-4000,,2023-04-13T14:19:42+00:00,2023-04-19T08:37:31+00:00,2023-04-25T17:52:41+00:00,0,Data Import;ready;Priority,5.76
DemocracyClub/UK-Polling-Stations,5555,Import WNM-Royal Borough of Windsor and Maidenhead for 2023-05-04,closed,polling-bot-4000,,2023-04-13T14:20:08+00:00,2023-04-19T08:37:32+00:00,2023-04-25T17:52:41+00:00,0,Data Import;ready;Priority,5.76
DemocracyClub/UK-Polling-Stations,5557,Import LUT-Luton Borough Council for 2023-05-04,closed,polling-bot-4000,,2023-04-13T14:20:35+00:00,2023-04-21T15:53:10+00:00,2023-04-25T17:52:42+00:00,2,Data Import;ready;Priority,8.06
DemocracyClub/UK-Polling-Stations,5559,Import NOW-Norwich City Council for 2023-05-04,closed,polling-bot-4000,,2023-04-13T14:24:54+00:00,2023-04-19T08:37:33+00:00,2023-04-25T17:52:42+00:00,0,Data Import;ready;Priority,5.76
DemocracyClub/UK-Polling-Stations,5561,Import ESK-East Suffolk Council for 2023-05-04,closed,polling-bot-4000,,2023-04-13T14:35:45+00:00,2023-04-19T08:37:34+00:00,2023-04-25T17:52:43+00:00,0,Data Import;ready;Priority,5.75
DemocracyClub/UK-Polling-Stations,5564,Import STH-Southampton City Council for 2023-05-04,closed,polling-bot-4000,,2023-04-13T16:59:17+00:00,2023-04-20T08:12:17+00:00,2023-04-20T08:12:18+00:00,0,Data Import;ready,6.63
DemocracyClub/UK-Polling-Stations,5567,Import DER-Derby City Council for 2023-05-04,closed,polling-bot-4000,,2023-04-14T08:08:22+00:00,2023-04-25T09:06:34+00:00,2023-04-25T09:19:34+00:00,1,Data Import;ready,11.04
DemocracyClub/UK-Polling-Stations,5570,Import CHW-Cheshire West and Chester for 2023-05-04,closed,polling-bot-4000,,2023-04-14T10:06:54+00:00,2023-04-24T14:53:20+00:00,2023-04-24T14:53:21+00:00,0,Data Import;ready,10.2
DemocracyClub/UK-Polling-Stations,5572,Import TEW-Tewkesbury Borough Council for 2023-05-04,closed,polling-bot-4000,,2023-04-14T10:29:37+00:00,2023-04-20T08:12:45+00:00,2023-04-20T08:12:46+00:00,0,Data Import;ready,5.9
DemocracyClub/UK-Polling-Stations,5582,Import BRE-Breckland Council for 2023-05-04,closed,polling-bot-4000,,2023-04-17T07:55:19+00:00,2023-04-24T14:55:07+00:00,2023-04-24T14:55:07+00:00,0,Data Import;ready,7.29
DemocracyClub/UK-Polling-Stations,5584,Import PTE-Peterborough City Council for 2023-05-04,closed,polling-bot-4000,,2023-04-17T08:53:11+00:00,2023-04-24T14:56:44+00:00,2023-04-24T14:56:44+00:00,0,Data Import;ready,7.25
DemocracyClub/UK-Polling-Stations,5585,Import PRE-Preston City Council for 2023-05-04,closed,polling-bot-4000,,2023-04-17T10:55:55+00:00,2023-04-21T15:54:15+00:00,2023-04-21T15:54:15+00:00,0,Data Import;ready,4.21
DemocracyClub/UK-Polling-Stations,5586,Import BOL-Bolton Metropolitan Borough Council for 2023-05-04,closed,polling-bot-4000,,2023-04-17T11:48:06+00:00,2023-04-24T14:55:42+00:00,2023-04-24T14:55:42+00:00,0,Data Import;ready,7.13
DemocracyClub/UK-Polling-Stations,5588,Import MSU-Mid Suffolk District Council for 2023-05-04,closed,polling-bot-4000,,2023-04-17T13:44:00+00:00,2023-04-25T13:02:06+00:00,2023-04-25T13:02:07+00:00,0,Data Import;ready,7.97
DemocracyClub/UK-Polling-Stations,5590,Import BAB-Babergh District Council for 2023-05-04,closed,polling-bot-4000,,2023-04-17T13:44:12+00:00,2023-04-25T13:01:14+00:00,2023-04-25T13:01:15+00:00,0,Data Import;ready,7.97
DemocracyClub/UK-Polling-Stations,5592,Import SKE-South Kesteven District Council for 2023-05-04,closed,polling-bot-4000,,2023-04-17T14:03:57+00:00,2023-04-24T14:51:09+00:00,2023-04-24T14:51:10+00:00,0,Data Import;ready,7.03
DemocracyClub/UK-Polling-Stations,5594,Import ROC-Rochford District Council for 2023-05-04,closed,polling-bot-4000,,2023-04-17T14:07:30+00:00,2023-04-24T14:56:11+00:00,2023-04-24T14:56:11+00:00,0,Data Import;ready,7.03
DemocracyClub/UK-Polling-Stations,5598,Import SHE-Folkestone & Hythe District Council for 2023-05-04,closed,polling-bot-4000,,2023-04-18T09:57:41+00:00,2023-04-19T08:37:34+00:00,2023-04-19T08:37:34+00:00,0,Data Import;ready;Priority,0.94
DemocracyClub/UK-Polling-Stations,5601,Import NWL-North West Leicestershire District Council for 2023-05-04,closed,polling-bot-4000,,2023-04-18T10:21:41+00:00,2023-05-02T18:00:54+00:00,2023-05-02T18:00:55+00:00,1,Data Import;ready;On hold ⛔,14.32
DemocracyClub/UK-Polling-Stations,5608,Import AMB-Amber Valley Borough Council for 2023-05-04,closed,polling-bot-4000,,2023-04-19T09:28:18+00:00,2023-04-25T17:51:24+00:00,2023-04-25T17:51:50+00:00,0,Data Import;ready,6.35
DemocracyClub/UK-Polling-Stations,5610,Import BDF-Bedford Borough Council for 2023-05-04,closed,polling-bot-4000,,2023-04-19T09:28:52+00:00,2023-04-26T08:09:48+00:00,2023-04-26T08:09:49+00:00,0,Data Import;ready,6.95
DemocracyClub/UK-Polling-Stations,5612,Import DEB-Derbyshire Dales District Council for 2023-05-04,closed,polling-bot-4000,,2023-04-19T09:30:29+00:00,2023-04-26T08:39:49+00:00,2023-04-26T08:39:50+00:00,0,Data Import;ready,6.96
DemocracyClub/UK-Polling-Stations,5614,Import THR-Thurrock Council for 2023-05-04,closed,polling-bot-4000,,2023-04-19T12:01:05+00:00,2023-04-24T14:59:33+00:00,2023-04-24T14:59:34+00:00,0,Data Import;ready,5.12
DemocracyClub/UK-Polling-Stations,5616,Import NSM-North Somerset Council for 2023-05-04,closed,polling-bot-4000,,2023-04-19T12:45:10+00:00,2023-04-24T14:52:11+00:00,2023-04-24T14:52:11+00:00,0,Data Import;ready,5.09
DemocracyClub/UK-Polling-Stations,5618,Import LIF-Lichfield District Council for 2023-05-04,closed,polling-bot-4000,,2023-04-19T14:20:20+00:00,2023-04-26T12:26:37+00:00,2023-04-26T12:26:38+00:00,0,Data Import;ready,6.92
DemocracyClub/UK-Polling-Stations,5620,Import CBF-Central Bedfordshire Council for 2023-05-04,closed,polling-bot-4000,,2023-04-19T14:47:09+00:00,2023-04-26T08:10:17+00:00,2023-04-26T08:10:18+00:00,0,Data Import;ready,6.72
DemocracyClub/UK-Polling-Stations,5624,Import SDE-South Derbyshire District Council for 2023-05-04,closed,polling-bot-4000,,2023-04-20T09:35:27+00:00,2023-04-26T08:18:17+00:00,2023-04-26T08:18:18+00:00,0,Data Import;ready,5.95
DemocracyClub/UK-Polling-Stations,5629,Import TFW-Telford and Wrekin Council for 2023-05-04,closed,polling-bot-4000,,2023-04-20T12:49:28+00:00,2023-04-26T08:18:45+00:00,2023-04-26T08:18:45+00:00,0,Data Import;ready,5.81
DemocracyClub/UK-Polling-Stations,5631,Import BPL-Blackpool Borough Council for 2023-05-04,closed,polling-bot-4000,,2023-04-21T08:58:04+00:00,2023-04-26T08:19:21+00:00,2023-04-26T08:19:22+00:00,0,Data Import;ready,4.97
DemocracyClub/UK-Polling-Stations,5633,Import NOW-Norwich City Council for 2023-05-04,closed,polling-bot-4000,,2023-04-21T12:20:41+00:00,2023-04-21T15:54:32+00:00,2023-04-25T17:52:43+00:00,0,Data Import;ready,0.15
DemocracyClub/UK-Polling-Stations,5635,Import WYE-Wyre Forest District Council for 2023-05-04,closed,polling-bot-4000,,2023-04-21T12:58:19+00:00,2023-04-26T08:19:01+00:00,2023-04-26T08:19:02+00:00,0,Data Import;ready,4.81
DemocracyClub/UK-Polling-Stations,5637,Import GED-Gedling Borough Council for 2023-05-04,closed,polling-bot-4000,,2023-04-21T13:14:43+00:00,2023-04-26T12:27:18+00:00,2023-04-26T12:27:18+00:00,0,Data Import;ready,4.97
DemocracyClub/UK-Polling-Stations,5638,Import SLG-Slough Borough Council for 2023-05-04,closed,polling-bot-4000,,2023-04-21T13:19:40+00:00,2023-04-26T12:27:31+00:00,2023-04-26T12:27:32+00:00,0,Data Import;ready,4.96
DemocracyClub/UK-Polling-Stations,5653,Import MSS-Mid Sussex District Council for 2023-05-04,closed,polling-bot-4000,,2023-04-24T15:40:13+00:00,2023-04-26T18:17:35+00:00,2023-04-26T18:17:36+00:00,0,Data Import;ready,2.11
DemocracyClub/UK-Polling-Stations,5660,Import TAW-Tamworth Borough Council for 2023-05-04,closed,polling-bot-4000,,2023-04-25T13:30:35+00:00,2023-04-26T18:23:39+00:00,2023-04-26T18:23:40+00:00,0,Data Import;ready,1.2
DemocracyClub/UK-Polling-Stations,5661,Import ERY-East Riding of Yorkshire Council for 2023-05-04,closed,polling-bot-4000,,2023-04-25T17:31:03+00:00,2023-04-25T17:44:23+00:00,2023-04-25T17:44:23+00:00,0,Data Import;ready,0.01
DemocracyClub/UK-Polling-Stations,5677,Import NEA-Newark & Sherwood District Council for 2023-05-04,closed,polling-bot-4000,,2023-04-26T15:10:27+00:00,2023-04-27T11:33:01+00:00,2023-04-27T11:33:01+00:00,0,Data Import;ready,0.85
DemocracyClub/UK-Polling-Stations,5679,Import ESK-East Suffolk Council for 2023-05-04,closed,polling-bot-4000,,2023-04-26T19:47:14+00:00,2023-04-26T22:22:29+00:00,2023-04-26T22:22:29+00:00,0,Data Import;ready,0.11
DemocracyClub/UK-Polling-Stations,5700,Don't show a addresspicker for cancelled elections ,open,GeoWill,,2023-04-27T19:58:32+00:00,,2023-04-27T19:58:32+00:00,0,,
DemocracyClub/UK-Polling-Stations,5701,Import ECA-East Cambridgeshire District Council for 2023-05-04,closed,polling-bot-4000,,2023-04-28T09:26:52+00:00,2023-04-28T11:38:21+00:00,2023-04-28T11:38:21+00:00,0,Data Import;ready,0.09
DemocracyClub/UK-Polling-Stations,5704,Import HIN-Hinckley & Bosworth Borough Council for 2023-05-04,closed,polling-bot-4000,,2023-04-28T10:22:21+00:00,2023-04-28T11:43:47+00:00,2023-04-28T11:43:47+00:00,0,Data Import;ready,0.06
DemocracyClub/UK-Polling-Stations,5707,Import TON-Tonbridge and Malling Borough Council for 2023-05-04,closed,polling-bot-4000,,2023-04-28T12:21:54+00:00,2023-04-28T12:48:57+00:00,2023-04-28T12:48:58+00:00,0,Data Import;ready,0.02
DemocracyClub/UK-Polling-Stations,5709,Import HER-Hertsmere Borough Council for 2023-05-04,closed,polling-bot-4000,,2023-04-28T14:50:55+00:00,2023-04-28T22:22:05+00:00,2023-04-28T22:22:05+00:00,6,Data Import;ready,0.31
DemocracyClub/UK-Polling-Stations,5712,Import FEN-Fenland District Council for 2023-05-04,closed,polling-bot-4000,,2023-04-30T19:24:18+00:00,2023-04-30T19:47:05+00:00,2023-04-30T19:47:05+00:00,0,Data Import;ready,0.02
DemocracyClub/UK-Polling-Stations,5718,Import DER-Derby City Council for 2023-05-04,closed,polling-bot-4000,,2023-05-02T21:26:36+00:00,2023-05-03T09:29:26+00:00,2023-05-03T09:29:26+00:00,0,Data Import;ready,0.5
DemocracyClub/UK-Polling-Stations,5720,Import MEL-Melton Borough Council for 2023-05-04,closed,polling-bot-4000,,2023-05-03T12:06:02+00:00,2023-05-03T12:58:42+00:00,2023-05-03T12:58:42+00:00,0,Data Import;ready,0.04
DemocracyClub/UK-Polling-Stations,5727,Import YOR-York City Council for 2023-05-04,closed,polling-bot-4000,,2023-05-04T10:51:17+00:00,2023-05-04T11:02:15+00:00,2023-05-04T11:02:15+00:00,0,Data Import;ready,0.01
DemocracyClub/UK-Polling-Stations,5752,Postcodes can have single station and multiple wards ,open,GeoWill,,2023-05-16T14:24:55+00:00,,2023-05-17T11:02:30+00:00,1,,
DemocracyClub/UK-Polling-Stations,5769,"Import BPC-Bournemouth, Christchurch & Poole Council for 2023-06-29",closed,polling-bot-4000,,2023-05-25T10:35:23+00:00,2023-05-31T10:15:11+00:00,2023-05-31T10:15:11+00:00,0,Data Import;ready,5.99
DemocracyClub/UK-Polling-Stations,5773,Import CAB-Cambridge City Council for 2023-07-04,closed,polling-bot-4000,,2023-05-31T09:12:16+00:00,2023-05-31T10:15:12+00:00,2023-05-31T10:15:12+00:00,0,Data Import;ready,0.04
DemocracyClub/UK-Polling-Stations,5775,Import STT-Stockton-on-Tees Borough Council for 2023-06-22,closed,polling-bot-4000,,2023-05-31T13:44:58+00:00,2023-05-31T14:25:38+00:00,2023-05-31T14:25:38+00:00,0,Data Import;ready,0.03
DemocracyClub/UK-Polling-Stations,5777,Import CAB-Cambridge City Council for 2023-07-04,closed,polling-bot-4000,,2023-05-31T13:59:36+00:00,2023-05-31T14:17:25+00:00,2023-05-31T14:17:25+00:00,0,Data Import;ready,0.01
DemocracyClub/UK-Polling-Stations,5796,Import NWM-London Borough of Newham for 2023-07-13,closed,polling-bot-4000,,2023-06-16T09:52:22+00:00,2023-06-16T11:46:58+00:00,2023-06-16T11:46:58+00:00,0,Data Import;ready,0.08
DemocracyClub/UK-Polling-Stations,5798,Import WLA-West Lancashire Borough Council for 2023-06-22,closed,polling-bot-4000,,2023-06-19T11:35:44+00:00,2023-06-20T12:09:29+00:00,2023-06-20T12:09:29+00:00,0,Data Import;ready,1.02
DemocracyClub/UK-Polling-Stations,5808,Import HRY-London Borough of Haringey for 2023-06-29,closed,polling-bot-4000,,2023-06-22T13:23:01+00:00,2023-06-22T13:28:15+00:00,2023-06-22T13:28:16+00:00,0,Data Import;ready,0.0
DemocracyClub/UK-Polling-Stations,5810,Import SSO-Somerset Council (formerly South Somerset) for 2023-06-29,closed,polling-bot-4000,,2023-06-26T08:47:17+00:00,2023-07-25T07:55:22+00:00,2023-07-25T07:55:23+00:00,0,Data Import;ready,28.96
DemocracyClub/UK-Polling-Stations,5816,Import RDG-Reading Borough Council for 2023-08-03,closed,polling-bot-4000,,2023-07-03T08:24:53+00:00,2023-07-25T08:10:52+00:00,2023-07-25T08:10:52+00:00,0,Data Import;ready,21.99
DemocracyClub/UK-Polling-Stations,5820,Import HAV-London Borough of Havering for 2023-08-10,closed,polling-bot-4000,,2023-07-17T08:13:23+00:00,2023-07-20T13:15:11+00:00,2023-07-20T13:15:12+00:00,0,Data Import;ready,3.21
DemocracyClub/UK-Polling-Stations,5823,TEST Import RDG-Reading Borough Council for 2023-08-03,closed,polling-bot-4000,,2023-07-20T15:28:24+00:00,2023-07-24T16:41:57+00:00,2023-07-24T16:41:57+00:00,2,Data Import;ready,4.05
DemocracyClub/UK-Polling-Stations,5853,Import MAN-Manchester City Council for 2023-09-07,closed,polling-bot-4000,,2023-08-17T09:05:32+00:00,2023-08-23T15:34:29+00:00,2023-08-23T15:34:30+00:00,2,Data Import;ready,6.27
DemocracyClub/UK-Polling-Stations,5855,TEST Import MAN-Manchester City Council for 2023-09-07,closed,polling-bot-4000,,2023-08-18T12:58:51+00:00,2023-08-22T11:47:57+00:00,2023-08-22T11:47:57+00:00,7,Data Import;ready,3.95
DemocracyClub/UK-Polling-Stations,5863,TEST Import HLD-Highland Council for 2023-09-28,closed,polling-bot-4000,,2023-08-22T14:33:16+00:00,2023-08-22T14:34:21+00:00,2023-08-22T14:34:22+00:00,2,Data Import;ready,0.0
DemocracyClub/UK-Polling-Stations,5865,TEST Import HLD-Highland Council for 2023-09-28,closed,polling-bot-4000,,2023-08-22T14:36:22+00:00,2023-11-07T11:08:51+00:00,2023-11-07T11:08:51+00:00,0,Data Import;ready,76.86
DemocracyClub/UK-Polling-Stations,5868,Import HLD-Highland Council for 2023-09-28,closed,polling-bot-4000,,2023-08-23T15:05:33+00:00,2023-08-23T20:45:16+00:00,2023-08-23T20:45:16+00:00,10,Data Import;ready,0.24
DemocracyClub/UK-Polling-Stations,5894,Import COL-Colchester Borough Council for 2023-09-21,closed,polling-bot-4000,,2023-09-13T15:58:41+00:00,2023-09-14T12:54:19+00:00,2023-09-14T12:54:19+00:00,1,Data Import;ready,0.87
DemocracyClub/UK-Polling-Stations,5896,Import TAW-Tamworth Borough Council for 2023-10-05,closed,polling-bot-4000,,2023-09-13T16:03:04+00:00,2023-10-06T11:25:15+00:00,2023-10-06T11:25:15+00:00,1,Data Import;ready,22.81
DemocracyClub/UK-Polling-Stations,5898,Import HRY-London Borough of Haringey for 2023-10-04,closed,polling-bot-4000,,2023-09-13T16:37:25+00:00,2023-09-14T13:14:32+00:00,2023-09-14T13:14:32+00:00,0,Data Import;ready,0.86
DemocracyClub/UK-Polling-Stations,5904,Import SLK-South Lanarkshire Council for 2023-10-05,closed,polling-bot-4000,,2023-09-14T14:44:19+00:00,2023-11-07T11:08:52+00:00,2023-11-07T11:08:52+00:00,0,Data Import;ready,53.85
DemocracyClub/UK-Polling-Stations,5910,Import BDF-Bedford Borough Council for 2023-10-19,closed,polling-bot-4000,,2023-09-18T13:25:51+00:00,2023-09-18T13:29:44+00:00,2023-09-18T13:29:45+00:00,0,Data Import;ready,0.0
DemocracyClub/UK-Polling-Stations,5913,Import CBF-Central Bedfordshire Council for 2023-10-19,closed,polling-bot-4000,,2023-09-18T14:14:30+00:00,2023-09-18T14:18:14+00:00,2023-09-18T14:18:14+00:00,0,Data Import;ready,0.0
DemocracyClub/UK-Polling-Stations,5915,Democracy Counts expots are UTF16 encoded,closed,symroe,,2023-09-18T14:19:32+00:00,2024-02-27T17:53:30+00:00,2024-02-27T17:53:30+00:00,0,Data Import;problematic data 😱,162.15
DemocracyClub/UK-Polling-Stations,5916,Import BDF-Bedford Borough Council for 2023-10-19,closed,polling-bot-4000,,2023-09-18T15:39:24+00:00,2023-11-07T11:08:52+00:00,2023-11-07T11:08:52+00:00,2,Data Import;ready,49.81
DemocracyClub/UK-Polling-Stations,5917,Import BDF-Bedford Borough Council for 2023-10-19,closed,polling-bot-4000,,2023-09-18T15:39:25+00:00,2023-09-18T15:39:42+00:00,2023-09-18T15:39:42+00:00,0,Data Import;ready,0.0
DemocracyClub/UK-Polling-Stations,5919,Import CBF-Central Bedfordshire Council for 2023-10-19,closed,polling-bot-4000,,2023-09-18T15:40:20+00:00,2023-09-18T15:40:36+00:00,2023-09-18T15:40:36+00:00,0,Data Import;ready,0.0
DemocracyClub/UK-Polling-Stations,5921,Example page has missing Welsh translations,open,pmk01,,2023-09-19T14:32:54+00:00,,2023-09-19T14:33:26+00:00,0,,
DemocracyClub/UK-Polling-Stations,5933,Import LBH-London Borough of Lambeth for 2023-10-05,closed,polling-bot-4000,,2023-09-29T09:50:40+00:00,2023-10-02T11:01:21+00:00,2023-10-02T11:01:21+00:00,0,Data Import;ready,3.05
DemocracyClub/UK-Polling-Stations,5939,Import TAW-Tamworth Borough Council for 2023-10-19,closed,polling-bot-4000,,2023-10-06T14:01:49+00:00,2023-10-06T14:05:24+00:00,2023-10-06T14:05:24+00:00,0,Data Import;ready,0.0
DemocracyClub/UK-Polling-Stations,5944,Import HCK-London Borough of Hackney for 2023-11-09,closed,polling-bot-4000,,2023-10-12T09:41:14+00:00,2023-10-25T14:17:11+00:00,2023-10-25T14:17:11+00:00,0,Data Import;ready,13.19
DemocracyClub/UK-Polling-Stations,5960,Import CAB-Cambridge City Council for 2023-11-23,closed,polling-bot-4000,,2023-10-25T12:50:07+00:00,2023-10-25T13:40:17+00:00,2023-10-25T13:40:17+00:00,0,Data Import;ready,0.03
DemocracyClub/UK-Polling-Stations,5963,Import NWM-London Borough of Newham for 2023-11-23,closed,polling-bot-4000,,2023-10-26T15:14:03+00:00,2023-10-31T15:08:07+00:00,2023-10-31T15:08:07+00:00,1,Data Import;ready,5.0
DemocracyClub/UK-Polling-Stations,5980,Recall Petitions,open,GeoWill,,2023-11-07T11:24:30+00:00,,2023-11-07T11:24:30+00:00,0,,
DemocracyClub/UK-Polling-Stations,6013,Import NKE-North Kesteven District Council for 2023-12-14,closed,polling-bot-4000,,2023-11-29T10:46:51+00:00,2023-12-06T09:25:41+00:00,2023-12-06T09:25:41+00:00,0,Data Import;ready,6.94
DemocracyClub/UK-Polling-Stations,6027,Import BNH-Brighton and Hove Council for 2024-01-11,closed,polling-bot-4000,,2023-12-08T17:22:56+00:00,2023-12-21T15:24:27+00:00,2023-12-21T15:24:27+00:00,0,Data Import;ready,12.92
DemocracyClub/UK-Polling-Stations,6037,Import NUN-Nuneaton and Bedworth Borough Council for 2024-05-02,closed,polling-bot-4000,,2023-12-20T10:58:50+00:00,2024-02-12T14:44:31+00:00,2024-03-01T15:54:11+00:00,10,Data Import;ready,54.16
DemocracyClub/UK-Polling-Stations,6061,Import CHE-Cheshire East Council for 2024-02-08,closed,polling-bot-4000,,2024-01-17T11:16:04+00:00,2024-02-01T09:00:10+00:00,2024-02-01T09:00:10+00:00,1,Data Import;ready,14.91
DemocracyClub/UK-Polling-Stations,6069,Import SGC-South Gloucestershire Council for 2024-02-15,closed,polling-bot-4000,,2024-01-23T15:13:34+00:00,2024-02-01T08:55:26+00:00,2024-02-01T08:55:26+00:00,1,Data Import;ready,8.74
DemocracyClub/UK-Polling-Stations,6071,Import NNT-North Northamptonshire Council for 2024-02-15,closed,polling-bot-4000,,2024-01-25T10:59:19+00:00,2024-01-30T16:42:23+00:00,2024-01-30T16:42:23+00:00,0,Data Import;ready,5.24
DemocracyClub/UK-Polling-Stations,6078,TEST Import NNT-North Northamptonshire Council for 2024-02-15,closed,polling-bot-4000,,2024-01-29T15:53:18+00:00,2024-01-30T11:08:29+00:00,2024-01-30T11:08:29+00:00,0,Data Import;ready,0.8
DemocracyClub/UK-Polling-Stations,6080,TEST Import NNT-North Northamptonshire Council for 2024-05-02,closed,polling-bot-4000,,2024-01-29T15:56:54+00:00,2024-01-30T11:08:29+00:00,2024-03-01T15:55:31+00:00,0,Data Import;ready,0.8
DemocracyClub/UK-Polling-Stations,6096,Import NNT-North Northamptonshire Council for 2024-02-15,closed,polling-bot-4000,,2024-01-30T16:44:27+00:00,2024-02-01T09:03:17+00:00,2024-02-01T09:03:17+00:00,0,Data Import;ready,1.68
DemocracyClub/UK-Polling-Stations,6101,Import BAB-Babergh District Council for 2024-05-02,closed,polling-bot-4000,,2024-02-01T13:55:09+00:00,2024-03-01T11:07:30+00:00,2024-03-01T15:54:12+00:00,4,Data Import;ready,28.88
DemocracyClub/UK-Polling-Stations,6103,Import MSU-Mid Suffolk District Council for 2024-05-02,closed,polling-bot-4000,,2024-02-01T13:55:51+00:00,2024-02-29T17:25:02+00:00,2024-03-01T15:54:12+00:00,4,Data Import;ready,28.15
DemocracyClub/UK-Polling-Stations,6105,Import GRA-Gravesham Borough Council for 2024-05-02,closed,polling-bot-4000,,2024-02-01T15:10:06+00:00,2024-02-27T18:09:03+00:00,2024-03-01T15:55:55+00:00,1,Data Import;ready,26.12
DemocracyClub/UK-Polling-Stations,6115,Import TAW-Tamworth Borough Council for 2024-05-02,closed,polling-bot-4000,,2024-02-06T16:47:20+00:00,2024-02-21T11:07:51+00:00,2024-03-01T15:54:13+00:00,0,Data Import;ready,14.76
DemocracyClub/UK-Polling-Stations,6117,Import NWA-North Warwickshire Borough Council for 2024-05-02,closed,polling-bot-4000,,2024-02-06T16:52:04+00:00,2024-02-29T08:40:53+00:00,2024-03-01T15:54:14+00:00,2,Data Import;ready,22.66
DemocracyClub/UK-Polling-Stations,6118,Import NWA-NWA for 2024-05-02,closed,polling-bot-4000,,2024-02-06T22:10:09+00:00,2024-02-22T15:16:29+00:00,2024-03-01T15:54:14+00:00,2,Data Import;ready,15.71
DemocracyClub/UK-Polling-Stations,6122,Import KIR-KIR for 2024-05-02,closed,polling-bot-4000,,2024-02-07T16:49:44+00:00,2024-02-21T13:57:27+00:00,2024-03-01T15:54:15+00:00,0,Data Import;ready,13.88
DemocracyClub/UK-Polling-Stations,6128,Import BAI-BAI for 2024-05-02,closed,polling-bot-4000,,2024-02-09T08:21:28+00:00,2024-02-22T15:27:14+00:00,2024-03-01T15:54:15+00:00,0,Data Import;ready,13.3
DemocracyClub/UK-Polling-Stations,6131,Import LEW-LEW for 2024-03-07,closed,polling-bot-4000,,2024-02-09T14:08:09+00:00,2024-02-16T12:41:33+00:00,2024-06-05T07:26:29+00:00,0,Data Import;ready,6.94
DemocracyClub/UK-Polling-Stations,6133,Import SAL-SAL for 2024-05-02,closed,polling-bot-4000,,2024-02-09T15:56:34+00:00,2024-02-22T14:39:39+00:00,2024-03-01T15:54:16+00:00,0,Data Import;ready,12.95
DemocracyClub/UK-Polling-Stations,6136,Import RCH-RCH for 2024-02-29,closed,polling-bot-4000,,2024-02-12T10:11:15+00:00,2024-02-16T18:37:12+00:00,2024-02-16T18:37:12+00:00,0,Data Import;ready,4.35
DemocracyClub/UK-Polling-Stations,6139,Import ASH-ASH for 2024-05-02,closed,polling-bot-4000,,2024-02-12T11:35:20+00:00,2024-02-22T14:46:59+00:00,2024-03-01T15:54:16+00:00,0,Data Import;ready,10.13
DemocracyClub/UK-Polling-Stations,6141,Import MAL-MAL for 2024-05-02,closed,polling-bot-4000,,2024-02-12T13:12:45+00:00,2024-02-22T15:19:51+00:00,2024-03-01T15:54:17+00:00,0,Data Import;ready,10.09
DemocracyClub/UK-Polling-Stations,6146,Import HAO-HAO for 2024-05-02,closed,polling-bot-4000,,2024-02-13T10:54:25+00:00,2024-02-22T16:35:16+00:00,2024-03-01T15:54:17+00:00,0,Data Import;ready,9.24
DemocracyClub/UK-Polling-Stations,6148,Import NWM-NWM for 2024-05-02,closed,polling-bot-4000,,2024-02-13T12:40:50+00:00,2024-03-01T11:00:16+00:00,2024-03-01T15:54:17+00:00,1,Data Import;ready,16.93
DemocracyClub/UK-Polling-Stations,6150,Import WYC-WYC for 2024-05-02,closed,polling-bot-4000,,2024-02-13T14:02:01+00:00,2024-02-28T15:31:18+00:00,2024-03-01T15:54:18+00:00,0,Data Import;ready,15.06
DemocracyClub/UK-Polling-Stations,6153,Import NEW-NEW for 2024-05-02,closed,polling-bot-4000,,2024-02-14T09:26:31+00:00,2024-02-28T18:11:32+00:00,2024-03-01T15:54:18+00:00,0,Data Import;ready,14.36
DemocracyClub/UK-Polling-Stations,6155,Import RUS-RUS for 2024-05-02,closed,polling-bot-4000,,2024-02-14T11:48:49+00:00,2024-02-22T16:06:47+00:00,2024-03-01T15:54:19+00:00,0,Data Import;ready,8.18
DemocracyClub/UK-Polling-Stations,6159,Import GOS-GOS for 2024-05-02,closed,polling-bot-4000,,2024-02-14T15:34:55+00:00,2024-02-27T10:35:38+00:00,2024-03-01T15:53:46+00:00,2,Data Import;ready,12.79
DemocracyClub/UK-Polling-Stations,6158,Import GOS-GOS for 2024-05-02,closed,polling-bot-4000,,2024-02-14T15:34:55+00:00,2024-02-28T10:28:37+00:00,2024-03-01T15:55:56+00:00,1,Data Import;ready,13.79
DemocracyClub/UK-Polling-Stations,6161,Import BUR-BUR for 2024-05-02,closed,polling-bot-4000,,2024-02-14T16:35:40+00:00,2024-03-06T07:44:42+00:00,2024-03-06T07:44:42+00:00,0,Data Import;ready,20.63
DemocracyClub/UK-Polling-Stations,6164,Import TUN-TUN for 2024-05-02,closed,polling-bot-4000,,2024-02-15T10:02:13+00:00,2024-02-28T15:41:32+00:00,2024-03-01T15:53:46+00:00,0,Data Import;ready,13.24
DemocracyClub/UK-Polling-Stations,6166,Import NDE-NDE for 2024-05-02,closed,polling-bot-4000,,2024-02-15T10:14:50+00:00,2024-02-28T15:45:02+00:00,2024-03-01T15:53:47+00:00,0,Data Import;ready,13.23
DemocracyClub/UK-Polling-Stations,6168,Import BRD-BRD for 2024-05-02,closed,polling-bot-4000,,2024-02-15T11:39:19+00:00,2024-02-27T17:34:43+00:00,2024-03-01T15:53:47+00:00,1,Data Import;ready,12.25
DemocracyClub/UK-Polling-Stations,6170,Import LIV-LIV for 2024-05-02,closed,polling-bot-4000,,2024-02-15T11:44:53+00:00,2024-02-22T16:13:57+00:00,2024-03-01T15:53:48+00:00,0,Data Import;ready,7.19
DemocracyClub/UK-Polling-Stations,6172,Import HAR-HAR for 2024-05-02,closed,polling-bot-4000,,2024-02-15T13:48:16+00:00,2024-02-28T16:46:31+00:00,2024-03-01T15:53:48+00:00,0,Data Import;ready,13.12
DemocracyClub/UK-Polling-Stations,6174,Import NET-NET for 2024-05-02,closed,polling-bot-4000,,2024-02-15T14:54:50+00:00,2024-02-27T18:00:58+00:00,2024-03-01T15:53:48+00:00,0,Data Import;ready,12.13
DemocracyClub/UK-Polling-Stations,6178,Import RDG-RDG for 2024-05-02,closed,polling-bot-4000,,2024-02-16T09:14:29+00:00,2024-02-24T11:36:58+00:00,2024-03-01T15:53:49+00:00,0,Data Import;ready,8.1
DemocracyClub/UK-Polling-Stations,6180,Import EAT-EAT for 2024-05-02,closed,polling-bot-4000,,2024-02-16T09:56:48+00:00,2024-02-24T13:06:04+00:00,2024-03-01T15:53:49+00:00,0,Data Import;ready,8.13
DemocracyClub/UK-Polling-Stations,6183,Import CLD-CLD for 2024-05-02,closed,polling-bot-4000,,2024-02-16T15:26:39+00:00,2024-02-27T10:42:48+00:00,2024-03-01T15:53:50+00:00,0,Data Import;ready,10.8
DemocracyClub/UK-Polling-Stations,6187,Import ISL-ISL for 2024-05-02,closed,polling-bot-4000,,2024-02-16T17:32:21+00:00,2024-02-24T13:09:22+00:00,2024-03-01T15:53:50+00:00,0,Data Import;ready,7.82
DemocracyClub/UK-Polling-Stations,6190,Import TRF-TRF for 2024-05-02,closed,polling-bot-4000,,2024-02-19T09:16:32+00:00,2024-02-28T16:17:05+00:00,2024-03-01T15:53:51+00:00,1,Data Import;ready;On hold ⛔,9.29
DemocracyClub/UK-Polling-Stations,6192,Example postcode works...but also doesn't,closed,pmk01,,2024-02-19T10:01:11+00:00,2024-02-21T11:19:27+00:00,2024-02-21T11:19:27+00:00,2,,2.05
DemocracyClub/UK-Polling-Stations,6193,Import BNH-BNH for 2024-05-02,closed,polling-bot-4000,,2024-02-19T10:33:33+00:00,2024-02-24T14:13:12+00:00,2024-03-01T15:53:51+00:00,0,Data Import;ready,5.15
DemocracyClub/UK-Polling-Stations,6196,Import PEN-PEN for 2024-05-02,closed,polling-bot-4000,,2024-02-19T13:04:56+00:00,2024-02-27T17:42:41+00:00,2024-03-01T15:53:51+00:00,0,Data Import;ready,8.19
DemocracyClub/UK-Polling-Stations,6198,Import BNS-BNS for 2024-05-02,closed,polling-bot-4000,,2024-02-19T13:35:55+00:00,2024-03-01T11:00:46+00:00,2024-03-01T15:53:52+00:00,1,Data Import;ready,10.89
DemocracyClub/UK-Polling-Stations,6200,Import WRL-WRL for 2024-05-02,closed,polling-bot-4000,,2024-02-19T13:48:26+00:00,2024-02-28T16:17:43+00:00,2024-03-01T15:53:52+00:00,0,Data Import;ready,9.1
DemocracyClub/UK-Polling-Stations,6202,Import HNS-HNS for 2024-05-02,closed,polling-bot-4000,,2024-02-19T13:51:19+00:00,2024-02-28T16:37:36+00:00,2024-03-01T15:53:53+00:00,1,Data Import;ready,9.12
DemocracyClub/UK-Polling-Stations,6207,Import EPP-EPP for 2024-05-02,closed,polling-bot-4000,,2024-02-20T15:34:25+00:00,2024-02-24T13:14:28+00:00,2024-03-01T15:53:53+00:00,0,Data Import;ready,3.9
DemocracyClub/UK-Polling-Stations,6209,Import HAT-HAT for 2024-05-02,closed,polling-bot-4000,,2024-02-20T16:02:19+00:00,2024-02-24T13:18:11+00:00,2024-03-01T15:53:54+00:00,0,Data Import;ready,3.89
DemocracyClub/UK-Polling-Stations,6211,Import ERE-ERE for 2024-05-02,closed,polling-bot-4000,,2024-02-20T16:23:19+00:00,2024-02-24T13:22:07+00:00,2024-03-01T15:53:54+00:00,0,Data Import;ready,3.87
DemocracyClub/UK-Polling-Stations,6213,Import GRY-GRY for 2024-05-02,closed,polling-bot-4000,,2024-02-20T16:34:24+00:00,2024-02-24T17:01:57+00:00,2024-03-01T15:53:54+00:00,0,Data Import;ready,4.02
DemocracyClub/UK-Polling-Stations,6215,Import RDB-RDB for 2024-05-02,closed,polling-bot-4000,,2024-02-20T16:54:14+00:00,2024-02-24T17:14:34+00:00,2024-03-01T15:53:55+00:00,0,Data Import;ready,4.01
DemocracyClub/UK-Polling-Stations,6217,Import ELM-ELM for 2024-05-02,closed,polling-bot-4000,,2024-02-20T17:29:48+00:00,2024-02-27T10:02:26+00:00,2024-03-01T15:53:20+00:00,0,Data Import;ready,6.69
DemocracyClub/UK-Polling-Stations,6220,Import EAS-EAS for 2024-05-02,closed,polling-bot-4000,,2024-02-21T12:54:47+00:00,2024-02-28T16:20:53+00:00,2024-03-01T15:53:20+00:00,0,Data Import;ready,7.14
DemocracyClub/UK-Polling-Stations,6222,Import TOF-TOF for 2024-05-02,closed,polling-bot-4000,,2024-02-21T14:29:38+00:00,2024-03-08T14:30:30+00:00,2024-03-08T14:30:31+00:00,0,Data Import;ready,16.0
DemocracyClub/UK-Polling-Stations,6224,Import UTT-UTT for 2024-05-02,closed,polling-bot-4000,,2024-02-21T15:14:50+00:00,2024-02-29T09:50:47+00:00,2024-03-01T15:53:21+00:00,0,Data Import;ready,7.77
DemocracyClub/UK-Polling-Stations,6228,Import CMN-CMN for 2024-05-02,closed,polling-bot-4000,,2024-02-22T09:44:49+00:00,2024-02-28T16:25:18+00:00,2024-03-01T15:53:22+00:00,0,Data Import;ready,6.28
DemocracyClub/UK-Polling-Stations,6230,Import EST-EST for 2024-05-02,closed,polling-bot-4000,,2024-02-22T10:25:47+00:00,2024-03-01T11:01:26+00:00,2024-03-01T15:53:22+00:00,0,Data Import;ready,8.02
DemocracyClub/UK-Polling-Stations,6231,Import EST-EST for 2024-05-02,closed,polling-bot-4000,,2024-02-22T10:25:48+00:00,2024-03-07T10:41:30+00:00,2024-03-07T10:41:30+00:00,3,Data Import;ready,14.01
DemocracyClub/UK-Polling-Stations,6233,Import RUN-RUN for 2024-05-02,closed,polling-bot-4000,,2024-02-22T10:50:48+00:00,2024-02-27T17:25:29+00:00,2024-03-01T15:53:23+00:00,0,Data Import;ready,5.27
DemocracyClub/UK-Polling-Stations,6235,Import SPE-SPE for 2024-05-02,closed,polling-bot-4000,,2024-02-22T11:36:26+00:00,2024-03-07T15:55:31+00:00,2024-03-07T15:55:31+00:00,0,Data Import;ready,14.18
DemocracyClub/UK-Polling-Stations,6237,Import GRA-GRA for 2024-05-02,closed,polling-bot-4000,,2024-02-22T11:43:45+00:00,2024-02-28T15:23:48+00:00,2024-03-01T15:53:24+00:00,0,Data Import;ready,6.15
DemocracyClub/UK-Polling-Stations,6238,Import CWY-CWY for 2024-05-02,closed,polling-bot-4000,,2024-02-22T11:52:22+00:00,2024-02-28T16:28:58+00:00,2024-03-01T15:53:25+00:00,0,Data Import;ready,6.19
DemocracyClub/UK-Polling-Stations,6240,Import SEG-SEG for 2024-05-02,closed,polling-bot-4000,,2024-02-22T12:07:26+00:00,2024-02-29T07:57:21+00:00,2024-03-01T15:53:25+00:00,0,Data Import;ready,6.83
DemocracyClub/UK-Polling-Stations,6242,Import DEB-DEB for 2024-05-02,closed,polling-bot-4000,,2024-02-22T12:08:35+00:00,2024-02-29T08:01:15+00:00,2024-03-01T15:53:25+00:00,0,Data Import;ready,6.83
DemocracyClub/UK-Polling-Stations,6244,Import HMF-HMF for 2024-05-02,closed,polling-bot-4000,,2024-02-22T12:17:21+00:00,2024-02-29T08:05:52+00:00,2024-03-01T15:53:26+00:00,0,Data Import;ready,6.83
DemocracyClub/UK-Polling-Stations,6246,Import ROT-ROT for 2024-05-02,closed,polling-bot-4000,,2024-02-22T12:18:10+00:00,2024-03-08T13:13:37+00:00,2024-03-08T13:13:37+00:00,0,Data Import;ready,15.04
DemocracyClub/UK-Polling-Stations,6248,Import STE-STE for 2024-05-02,closed,polling-bot-4000,,2024-02-22T12:39:39+00:00,2024-03-01T16:07:28+00:00,2024-03-01T16:07:28+00:00,0,Data Import;ready,8.14
DemocracyClub/UK-Polling-Stations,6250,Import CHA-CHA for 2024-05-02,closed,polling-bot-4000,,2024-02-22T12:53:21+00:00,2024-02-29T08:11:42+00:00,2024-03-01T15:53:28+00:00,0,Data Import;ready,6.8
DemocracyClub/UK-Polling-Stations,6252,Import HAV-HAV for 2024-05-02,closed,polling-bot-4000,,2024-02-22T13:41:56+00:00,2024-03-01T15:50:06+00:00,2024-03-01T15:53:28+00:00,0,Data Import;ready,8.09
DemocracyClub/UK-Polling-Stations,6254,Import SWT-SWT for 2024-05-02,closed,polling-bot-4000,,2024-02-22T14:46:56+00:00,2024-03-01T14:15:01+00:00,2024-03-01T15:53:29+00:00,0,Data Import;ready,7.98
DemocracyClub/UK-Polling-Stations,6256,Import WAT-WAT for 2024-05-02,closed,polling-bot-4000,,2024-02-22T15:03:52+00:00,2024-02-29T08:12:44+00:00,2024-03-01T15:53:29+00:00,0,Data Import;ready,6.71
DemocracyClub/UK-Polling-Stations,6258,Import POW-POW for 2024-05-02,closed,polling-bot-4000,,2024-02-22T15:04:08+00:00,2024-02-29T08:20:12+00:00,2024-03-01T15:53:30+00:00,0,Data Import;ready,6.72
DemocracyClub/UK-Polling-Stations,6260,Import LAC-LAC for 2024-05-02,closed,polling-bot-4000,,2024-02-22T15:05:49+00:00,2024-02-29T08:23:50+00:00,2024-03-01T15:53:30+00:00,0,Data Import;ready,6.72
DemocracyClub/UK-Polling-Stations,6262,Import WRX-WRX for 2024-05-02,closed,polling-bot-4000,,2024-02-22T15:49:38+00:00,2024-03-01T11:02:11+00:00,2024-03-01T15:53:30+00:00,0,Data Import;ready,7.8
DemocracyClub/UK-Polling-Stations,6264,Import SST-SST for 2024-05-02,closed,polling-bot-4000,,2024-02-22T16:04:50+00:00,2024-02-29T08:24:36+00:00,2024-03-01T15:53:31+00:00,0,Data Import;ready,6.68
DemocracyClub/UK-Polling-Stations,6266,Import TOR-TOR for 2024-05-02,closed,polling-bot-4000,,2024-02-22T16:57:24+00:00,2024-02-29T09:48:59+00:00,2024-03-01T15:53:31+00:00,0,Data Import;ready,6.7
DemocracyClub/UK-Polling-Stations,6268,Import MEL-MEL for 2024-05-02,closed,polling-bot-4000,,2024-02-23T09:33:57+00:00,2024-03-01T15:49:20+00:00,2024-03-01T15:52:41+00:00,0,Data Import;ready,7.26
DemocracyClub/UK-Polling-Stations,6270,Import FOE-FOE for 2024-05-02,closed,polling-bot-4000,,2024-02-23T11:10:43+00:00,2024-03-01T12:40:55+00:00,2024-03-01T15:52:42+00:00,0,Data Import;ready,7.06
DemocracyClub/UK-Polling-Stations,6272,Import OAD-OAD for 2024-05-02,closed,polling-bot-4000,,2024-02-23T12:05:17+00:00,2024-03-01T11:07:59+00:00,2024-03-01T15:52:42+00:00,0,Data Import;ready,6.96
DemocracyClub/UK-Polling-Stations,6274,Import POR-POR for 2024-05-02,closed,polling-bot-4000,,2024-02-23T14:58:39+00:00,2024-03-06T07:45:38+00:00,2024-03-06T07:45:39+00:00,0,Data Import;ready,11.7
DemocracyClub/UK-Polling-Stations,6278,Import WOI-WOI for 2024-05-02,closed,polling-bot-4000,,2024-02-25T13:25:35+00:00,2024-03-01T11:08:27+00:00,2024-03-01T15:52:43+00:00,0,Data Import;ready,4.9
DemocracyClub/UK-Polling-Stations,6280,Import SHA-SHA for 2024-05-02,closed,polling-bot-4000,,2024-02-26T10:23:56+00:00,2024-03-01T11:11:02+00:00,2024-03-01T15:52:43+00:00,0,Data Import;ready,4.03
DemocracyClub/UK-Polling-Stations,6282,Import CHT-CHT for 2024-05-02,closed,polling-bot-4000,,2024-02-26T10:51:06+00:00,2024-03-21T10:33:49+00:00,2024-03-21T10:33:49+00:00,1,Data Import;ready;On hold ⛔,23.99
DemocracyClub/UK-Polling-Stations,6284,Import WLI-WLI for 2024-05-02,closed,polling-bot-4000,,2024-02-26T10:57:05+00:00,2024-02-29T08:30:43+00:00,2024-03-01T15:52:45+00:00,0,Data Import;ready,2.9
DemocracyClub/UK-Polling-Stations,6286,Import WLA-WLA for 2024-05-02,closed,polling-bot-4000,,2024-02-26T12:36:21+00:00,2024-02-29T08:31:27+00:00,2024-03-01T15:52:45+00:00,0,Data Import;ready,2.83
DemocracyClub/UK-Polling-Stations,6288,Import MDE-MDE for 2024-05-02,closed,polling-bot-4000,,2024-02-26T12:46:48+00:00,2024-02-29T09:48:20+00:00,2024-03-01T15:52:45+00:00,0,Data Import;ready,2.88
DemocracyClub/UK-Polling-Stations,6290,Import SHO-SHO for 2024-05-02,closed,polling-bot-4000,,2024-02-26T14:35:26+00:00,2024-02-29T09:51:22+00:00,2024-03-01T15:52:46+00:00,0,Data Import;ready,2.8
DemocracyClub/UK-Polling-Stations,6292,Import TEI-TEI for 2024-05-02,closed,polling-bot-4000,,2024-02-26T14:54:45+00:00,2024-03-01T15:49:41+00:00,2024-03-01T15:52:46+00:00,0,Data Import;ready,4.04
DemocracyClub/UK-Polling-Stations,6294,Import DST-DST for 2024-05-02,closed,polling-bot-4000,,2024-02-26T14:58:48+00:00,2024-03-06T07:46:40+00:00,2024-03-06T07:46:41+00:00,0,Data Import;ready,8.7
DemocracyClub/UK-Polling-Stations,6296,Import CHO-CHO for 2024-05-02,closed,polling-bot-4000,,2024-02-26T15:26:08+00:00,2024-03-06T07:47:13+00:00,2024-03-06T07:47:14+00:00,0,Data Import;ready,8.68
DemocracyClub/UK-Polling-Stations,6298,Import ARU-ARU for 2024-05-02,closed,polling-bot-4000,,2024-02-26T15:49:10+00:00,2024-03-15T10:38:09+00:00,2024-03-15T10:38:09+00:00,0,Data Import;ready,17.78
DemocracyClub/UK-Polling-Stations,6301,Import SHN-SHN for 2024-05-02,closed,polling-bot-4000,,2024-02-26T16:12:29+00:00,2024-03-06T07:47:36+00:00,2024-03-06T07:47:37+00:00,0,Data Import;ready,8.65
DemocracyClub/UK-Polling-Stations,6303,Import TOB-TOB for 2024-05-02,closed,polling-bot-4000,,2024-02-26T17:17:29+00:00,2024-03-01T14:15:18+00:00,2024-03-01T15:52:49+00:00,0,Data Import;ready,3.87
DemocracyClub/UK-Polling-Stations,6306,Import WIN-WIN for 2024-05-02,closed,polling-bot-4000,,2024-02-27T09:18:47+00:00,2024-03-06T07:48:12+00:00,2024-03-06T07:48:12+00:00,0,Data Import;ready,7.94
DemocracyClub/UK-Polling-Stations,6308,Import SKP-SKP for 2024-05-02,closed,polling-bot-4000,,2024-02-27T09:23:33+00:00,2024-03-06T08:05:50+00:00,2024-03-06T08:05:51+00:00,0,Data Import;ready,7.95
DemocracyClub/UK-Polling-Stations,6310,Import STA-STA for 2024-05-02,closed,polling-bot-4000,,2024-02-27T09:37:32+00:00,2024-03-07T15:57:43+00:00,2024-03-07T15:57:43+00:00,0,Data Import;ready,9.26
DemocracyClub/UK-Polling-Stations,6312,Import BOT-BOT for 2024-05-02,closed,polling-bot-4000,,2024-02-27T09:42:03+00:00,2024-03-06T08:06:30+00:00,2024-03-06T08:06:31+00:00,0,Data Import;ready,7.93
DemocracyClub/UK-Polling-Stations,6315,Import BOS-BOS for 2024-05-02,closed,polling-bot-4000,,2024-02-27T09:50:23+00:00,2024-03-06T08:11:41+00:00,2024-03-06T08:11:42+00:00,0,Data Import;ready,7.93
DemocracyClub/UK-Polling-Stations,6317,Import MEN-Somerset Council (formerly Mendip) for 2024-05-02,closed,polling-bot-4000,,2024-02-27T10:25:22+00:00,2024-03-06T08:13:26+00:00,2024-03-06T08:13:26+00:00,0,Data Import;ready,7.91
DemocracyClub/UK-Polling-Stations,6319,Import NHE-North Hertfordshire District Council for 2024-05-02,closed,polling-bot-4000,,2024-02-27T10:52:05+00:00,2024-03-07T15:59:40+00:00,2024-03-07T15:59:40+00:00,0,Data Import;ready,9.21
DemocracyClub/UK-Polling-Stations,6322,Import BDF-Bedford Borough Council for 2024-05-02,closed,polling-bot-4000,,2024-02-27T11:59:48+00:00,2024-03-15T11:00:27+00:00,2024-03-15T11:00:28+00:00,2,Data Import;ready,16.96
DemocracyClub/UK-Polling-Stations,6321,Import BDF-Bedford Borough Council for 2024-05-02,closed,polling-bot-4000,,2024-02-27T11:59:48+00:00,2024-03-21T10:34:49+00:00,2024-03-21T10:34:49+00:00,1,Data Import;ready,22.94
DemocracyClub/UK-Polling-Stations,6324,Import SWA-City & County of Swansea for 2024-05-02,closed,polling-bot-4000,,2024-02-27T15:05:18+00:00,2024-03-06T08:16:04+00:00,2024-03-06T08:16:05+00:00,0,Data Import;ready,7.72
DemocracyClub/UK-Polling-Stations,6326,Import DER-Derby City Council for 2024-05-02,closed,polling-bot-4000,,2024-02-27T15:38:24+00:00,2024-03-06T08:18:30+00:00,2024-03-06T08:18:30+00:00,0,Data Import;ready,7.69
DemocracyClub/UK-Polling-Stations,6330,Import STV-Stevenage Borough Council for 2024-05-02,closed,polling-bot-4000,,2024-02-27T18:19:36+00:00,2024-03-06T10:55:08+00:00,2024-03-06T10:55:09+00:00,1,Data Import;ready,7.69
DemocracyClub/UK-Polling-Stations,6332,Import WNM-Royal Borough of Windsor and Maidenhead for 2024-05-02,closed,polling-bot-4000,,2024-02-27T18:20:25+00:00,2024-03-06T08:27:59+00:00,2024-03-06T08:28:00+00:00,0,Data Import;ready,7.59
DemocracyClub/UK-Polling-Stations,6334,Import LUT-Luton Borough Council for 2024-05-02,closed,polling-bot-4000,,2024-02-27T18:23:52+00:00,2024-03-06T08:32:13+00:00,2024-03-06T08:32:14+00:00,0,Data Import;ready,7.59
DemocracyClub/UK-Polling-Stations,6337,Import RUT-Rutland County Council for 2024-05-02,closed,polling-bot-4000,,2024-02-28T09:23:27+00:00,2024-03-06T08:36:31+00:00,2024-03-06T08:36:31+00:00,0,Data Import;ready,6.97
DemocracyClub/UK-Polling-Stations,6340,Import GRT-Guildford Borough Council for 2024-05-02,closed,polling-bot-4000,,2024-02-28T11:16:23+00:00,2024-03-06T13:20:27+00:00,2024-03-06T13:20:27+00:00,0,Data Import;ready,7.09
DemocracyClub/UK-Polling-Stations,6342,Import CRF-City of Cardiff Council for 2024-05-02,closed,polling-bot-4000,,2024-02-28T12:42:15+00:00,2024-03-07T16:02:31+00:00,2024-03-07T16:02:31+00:00,0,Data Import;ready,8.14
DemocracyClub/UK-Polling-Stations,6344,Import HEF-Herefordshire Council for 2024-05-02,closed,polling-bot-4000,,2024-02-28T13:30:01+00:00,2024-03-06T10:55:43+00:00,2024-03-06T10:55:44+00:00,0,Data Import;ready,6.89
DemocracyClub/UK-Polling-Stations,6346,Import BNS-Barnsley Metropolitan Borough Council for 2024-05-02,closed,polling-bot-4000,,2024-02-28T14:43:43+00:00,2024-03-01T11:00:45+00:00,2024-03-01T15:52:22+00:00,0,Data Import;ready,1.85
DemocracyClub/UK-Polling-Stations,6347,Import BRX-Broxbourne Borough Council for 2024-05-02,closed,polling-bot-4000,,2024-02-28T15:22:33+00:00,2024-03-21T10:34:56+00:00,2024-03-21T10:34:57+00:00,1,Data Import;ready,21.8
DemocracyClub/UK-Polling-Stations,6348,Import BRX-Broxbourne Borough Council for 2024-05-02,closed,polling-bot-4000,,2024-02-28T15:22:34+00:00,2024-03-06T11:10:55+00:00,2024-03-06T11:10:55+00:00,2,Data Import;ready,6.83
DemocracyClub/UK-Polling-Stations,6350,Import BDG-London Borough of Barking and Dagenham for 2024-05-02,closed,polling-bot-4000,,2024-02-28T16:36:21+00:00,2024-03-06T11:24:22+00:00,2024-03-06T11:24:23+00:00,0,Data Import;ready,6.78
DemocracyClub/UK-Polling-Stations,6354,Import BAE-Bassetlaw District Council for 2024-05-02,closed,polling-bot-4000,,2024-02-28T19:57:53+00:00,2024-03-07T16:04:16+00:00,2024-03-07T16:04:16+00:00,0,Data Import;ready,7.84
DemocracyClub/UK-Polling-Stations,6356,Import MAV-Malvern Hills District Council for 2024-05-02,closed,polling-bot-4000,,2024-02-29T08:22:59+00:00,2024-03-06T11:15:35+00:00,2024-03-06T11:15:36+00:00,0,Data Import;ready,6.12
DemocracyClub/UK-Polling-Stations,6358,Import MOL-Mole Valley District Council for 2024-05-02,closed,polling-bot-4000,,2024-02-29T08:45:31+00:00,2024-03-15T11:07:01+00:00,2024-03-15T11:07:01+00:00,0,Data Import;ready,15.1
DemocracyClub/UK-Polling-Stations,6360,exclude `import_fake_*.py` when getting council import path,open,GeoWill,,2024-02-29T10:16:08+00:00,,2025-10-02T14:08:19+00:00,2,recommended for beginners,
DemocracyClub/UK-Polling-Stations,6361,Import SHE-Folkestone & Hythe District Council for 2024-05-02,closed,polling-bot-4000,,2024-02-29T10:38:52+00:00,2024-03-08T13:09:15+00:00,2024-03-08T13:09:15+00:00,0,Data Import;ready,8.1
DemocracyClub/UK-Polling-Stations,6364,Import KTT-Royal Borough of Kingston Upon Thames for 2024-05-02,closed,polling-bot-4000,,2024-02-29T13:56:22+00:00,2024-03-06T11:16:24+00:00,2024-03-06T11:16:24+00:00,0,Data Import;ready,5.89
DemocracyClub/UK-Polling-Stations,6365,Import KTT-Royal Borough of Kingston Upon Thames for 2024-05-02,closed,polling-bot-4000,,2024-02-29T13:56:23+00:00,2024-03-06T11:16:24+00:00,2024-03-06T11:16:25+00:00,4,Data Import;ready,5.89
DemocracyClub/UK-Polling-Stations,6367,Import SSO-Somerset Council (formerly South Somerset) for 2024-05-02,closed,polling-bot-4000,,2024-02-29T14:45:09+00:00,2024-03-15T11:13:12+00:00,2024-03-15T11:13:13+00:00,0,Data Import;ready,14.85
DemocracyClub/UK-Polling-Stations,6370,Import MON-Monmouthshire County Council for 2024-05-02,closed,polling-bot-4000,,2024-02-29T19:06:08+00:00,2024-03-06T11:16:55+00:00,2024-03-06T11:16:56+00:00,0,Data Import;ready,5.67
DemocracyClub/UK-Polling-Stations,6373,Import NKE-North Kesteven District Council for 2024-03-21,closed,polling-bot-4000,,2024-03-01T10:05:38+00:00,2024-03-01T11:10:54+00:00,2024-03-01T11:10:54+00:00,0,Data Import;ready,0.05
DemocracyClub/UK-Polling-Stations,6375,Import TFW-Telford and Wrekin Council for 2024-05-02,closed,polling-bot-4000,,2024-03-01T11:51:57+00:00,2024-03-08T13:11:24+00:00,2024-03-08T13:11:25+00:00,0,Data Import;ready,7.06
DemocracyClub/UK-Polling-Stations,6377,Import COL-Colchester Borough Council for 2024-05-02,closed,polling-bot-4000,,2024-03-01T11:58:10+00:00,2024-03-15T11:15:46+00:00,2024-03-15T11:15:47+00:00,0,Data Import;ready,13.97
DemocracyClub/UK-Polling-Stations,6379,Import AMB-Amber Valley Borough Council for 2024-05-02,closed,polling-bot-4000,,2024-03-01T13:01:14+00:00,2024-03-06T11:18:40+00:00,2024-03-06T11:18:40+00:00,0,Data Import;ready,4.93
DemocracyClub/UK-Polling-Stations,6381,Import VAL-Vale of White Horse District Council for 2024-05-02,closed,polling-bot-4000,,2024-03-01T17:07:49+00:00,2024-03-06T11:22:05+00:00,2024-03-06T11:22:06+00:00,0,Data Import;ready,4.76
DemocracyClub/UK-Polling-Stations,6382,Import SOX-South Oxfordshire District Council for 2024-05-02,closed,polling-bot-4000,,2024-03-01T17:07:52+00:00,2024-03-06T11:23:27+00:00,2024-03-06T11:23:27+00:00,0,Data Import;ready,4.76
DemocracyClub/UK-Polling-Stations,6385,Import HER-Hertsmere Borough Council for 2024-05-02,closed,polling-bot-4000,,2024-03-01T17:12:27+00:00,2024-03-06T11:25:59+00:00,2024-03-06T11:25:59+00:00,0,Data Import;ready,4.76
DemocracyClub/UK-Polling-Stations,6387,Import LND-City of London Corporation for 2024-05-02,closed,polling-bot-4000,,2024-03-02T12:50:43+00:00,2024-03-06T11:26:30+00:00,2024-03-06T11:26:30+00:00,0,Data Import;ready,3.94
DemocracyClub/UK-Polling-Stations,6388,Import LND-City of London Corporation for 2024-05-02,closed,polling-bot-4000,,2024-03-02T12:50:45+00:00,2024-03-21T10:35:06+00:00,2024-03-21T10:35:07+00:00,3,Data Import;ready,18.91
DemocracyClub/UK-Polling-Stations,6390,Import HLD-Highland Council for 2024-04-11,closed,polling-bot-4000,,2024-03-03T10:44:05+00:00,2024-03-06T11:26:53+00:00,2024-03-06T11:26:53+00:00,0,Data Import;ready,3.03
DemocracyClub/UK-Polling-Stations,6392,Import SKE-South Kesteven District Council for 2024-05-02,closed,polling-bot-4000,,2024-03-03T16:44:48+00:00,2024-03-07T17:06:47+00:00,2024-03-07T17:06:47+00:00,0,Data Import;ready,4.02
DemocracyClub/UK-Polling-Stations,6394,Import MIK-Milton Keynes Council for 2024-05-02,closed,polling-bot-4000,,2024-03-04T09:27:57+00:00,2024-03-06T11:27:17+00:00,2024-03-06T11:27:17+00:00,0,Data Import;ready,2.08
DemocracyClub/UK-Polling-Stations,6396,Import OLD-Oldham Metropolitan Borough Council for 2024-05-02,closed,polling-bot-4000,,2024-03-04T11:11:38+00:00,2024-03-06T11:27:59+00:00,2024-03-06T11:27:59+00:00,0,Data Import;ready,2.01
DemocracyClub/UK-Polling-Stations,6398,Import CHS-Chesterfield Borough Council for 2024-05-02,closed,polling-bot-4000,,2024-03-04T13:24:35+00:00,2024-03-06T11:28:35+00:00,2024-03-06T11:28:36+00:00,0,Data Import;ready,1.92
DemocracyClub/UK-Polling-Stations,6400,Import HCK-London Borough of Hackney for 2024-05-02,closed,polling-bot-4000,,2024-03-04T14:38:00+00:00,2024-03-18T08:39:23+00:00,2024-03-18T08:39:24+00:00,0,Data Import;ready,13.75
DemocracyClub/UK-Polling-Stations,6402,Import KWL-Knowsley Metropolitan Borough Council for 2024-05-02,closed,polling-bot-4000,,2024-03-04T15:31:35+00:00,2024-03-08T13:11:14+00:00,2024-03-08T13:11:15+00:00,0,Data Import;ready,3.9
DemocracyClub/UK-Polling-Stations,6404,Import NKE-North Kesteven District Council for 2024-05-02,closed,polling-bot-4000,,2024-03-04T16:20:16+00:00,2024-04-12T13:30:37+00:00,2024-04-12T13:30:37+00:00,1,Data Import;ready,38.88
DemocracyClub/UK-Polling-Stations,6406,Import WYR-Wyre Borough Council for 2024-05-02,closed,polling-bot-4000,,2024-03-04T17:01:33+00:00,2024-03-06T11:29:04+00:00,2024-03-06T11:29:05+00:00,0,Data Import;ready,1.77
DemocracyClub/UK-Polling-Stations,6411,Import PRE-Preston City Council for 2024-05-02,closed,polling-bot-4000,,2024-03-05T09:40:12+00:00,2024-03-22T07:50:48+00:00,2024-03-22T07:50:48+00:00,0,Data Import;ready,16.92
DemocracyClub/UK-Polling-Stations,6413,Import REI-Reigate and Banstead Borough Council for 2024-05-02,closed,polling-bot-4000,,2024-03-05T11:26:57+00:00,2024-03-07T16:07:39+00:00,2024-03-07T16:07:40+00:00,0,Data Import;ready,2.19
DemocracyClub/UK-Polling-Stations,6416,Import CHI-Chichester District Council for 2024-05-02,closed,polling-bot-4000,,2024-03-05T12:46:08+00:00,2024-03-06T13:21:53+00:00,2024-03-06T13:21:54+00:00,0,Data Import;ready,1.02
DemocracyClub/UK-Polling-Stations,6418,Import HAR-Harlow District Council for 2024-05-02,closed,polling-bot-4000,,2024-03-05T12:56:02+00:00,2024-03-07T17:04:40+00:00,2024-03-07T17:04:40+00:00,0,Data Import;ready,2.17
DemocracyClub/UK-Polling-Stations,6420,Import TWH-London Borough of Tower Hamlets for 2024-05-02,closed,polling-bot-4000,,2024-03-05T12:59:05+00:00,2024-03-18T09:30:30+00:00,2024-03-18T09:30:30+00:00,0,Data Import;ready,12.86
DemocracyClub/UK-Polling-Stations,6422,Import CAN-Cannock Chase District Council for 2024-05-02,closed,polling-bot-4000,,2024-03-05T13:32:49+00:00,2024-03-07T16:15:17+00:00,2024-03-07T16:15:17+00:00,0,Data Import;ready,2.11
DemocracyClub/UK-Polling-Stations,6424,Import SHR-Shropshire Council for 2024-05-02,closed,polling-bot-4000,,2024-03-05T14:00:47+00:00,2024-03-07T16:16:08+00:00,2024-03-07T16:16:08+00:00,0,Data Import;ready,2.09
DemocracyClub/UK-Polling-Stations,6426,Import AGY-Isle of Anglesey County Council for 2024-05-02,closed,polling-bot-4000,,2024-03-05T14:12:08+00:00,2024-03-07T16:25:46+00:00,2024-03-07T16:25:46+00:00,0,Data Import;ready,2.09
DemocracyClub/UK-Polling-Stations,6428,Import HUN-Huntingdonshire District Council for 2024-05-02,closed,polling-bot-4000,,2024-03-05T14:29:08+00:00,2024-03-07T20:30:39+00:00,2024-03-07T20:30:40+00:00,0,Data Import;ready,2.25
DemocracyClub/UK-Polling-Stations,6430,Import CBF-Central Bedfordshire Council for 2024-05-02,closed,polling-bot-4000,,2024-03-05T14:33:26+00:00,2024-03-07T16:27:12+00:00,2024-03-07T16:27:13+00:00,0,Data Import;ready,2.08
DemocracyClub/UK-Polling-Stations,6432,Import WAE-Waverley Borough Council for 2024-05-02,closed,polling-bot-4000,,2024-03-05T14:50:30+00:00,2024-03-07T16:28:59+00:00,2024-03-07T16:29:00+00:00,0,Data Import;ready,2.07
DemocracyClub/UK-Polling-Stations,6434,Import BUC-Buckinghamshire Council for 2024-05-02,closed,polling-bot-4000,,2024-03-05T14:52:57+00:00,2024-03-18T08:40:51+00:00,2024-03-18T08:40:51+00:00,0,Data Import;ready,12.74
DemocracyClub/UK-Polling-Stations,6436,Import BAN-Basingstoke and Deane Borough Council for 2024-05-02,closed,polling-bot-4000,,2024-03-05T15:02:08+00:00,2024-03-07T16:31:05+00:00,2024-03-07T16:31:05+00:00,0,Data Import;ready,2.06
DemocracyClub/UK-Polling-Stations,6438,Import TES-Test Valley Borough Council for 2024-05-02,closed,polling-bot-4000,,2024-03-05T16:27:03+00:00,2024-03-14T12:21:36+00:00,2024-03-14T12:21:36+00:00,0,Data Import;ready,8.83
DemocracyClub/UK-Polling-Stations,6441,Import BEN-London Borough of Brent for 2024-05-02,closed,polling-bot-4000,,2024-03-06T09:36:05+00:00,2024-03-08T13:14:05+00:00,2024-03-08T13:14:05+00:00,3,Data Import;ready,2.15
DemocracyClub/UK-Polling-Stations,6443,Import SWD-Swindon Borough Council for 2024-05-02,closed,polling-bot-4000,,2024-03-06T09:43:59+00:00,2024-03-07T16:33:04+00:00,2024-03-07T16:33:04+00:00,0,Data Import;ready,1.28
DemocracyClub/UK-Polling-Stations,6445,Import CHL-Chelmsford City Council for 2024-05-02,closed,polling-bot-4000,,2024-03-06T09:57:59+00:00,2024-03-12T11:46:54+00:00,2024-03-12T11:46:54+00:00,0,Data Import;ready,6.08
DemocracyClub/UK-Polling-Stations,6447,Import NBL-Northumberland County Council for 2024-05-02,closed,polling-bot-4000,,2024-03-06T11:19:36+00:00,2024-03-12T07:24:47+00:00,2024-03-12T07:24:48+00:00,0,Data Import;ready,5.84
DemocracyClub/UK-Polling-Stations,6449,Import WOX-West Oxfordshire District Council for 2024-05-02,closed,polling-bot-4000,,2024-03-06T11:23:43+00:00,2024-03-07T16:34:06+00:00,2024-03-07T16:34:06+00:00,0,Data Import;ready,1.22
DemocracyClub/UK-Polling-Stations,6451,Import LIC-City of Lincoln Council for 2024-05-02,closed,polling-bot-4000,,2024-03-06T13:48:05+00:00,2024-03-08T13:10:06+00:00,2024-03-08T13:10:06+00:00,0,Data Import;ready,1.97
DemocracyClub/UK-Polling-Stations,6453,Import CAT-Canterbury City Council for 2024-05-02,closed,polling-bot-4000,,2024-03-06T14:09:08+00:00,2024-03-08T20:36:57+00:00,2024-03-08T20:36:58+00:00,0,Data Import;ready,2.27
DemocracyClub/UK-Polling-Stations,6455,Import FYL-Fylde Borough Council for 2024-05-02,closed,polling-bot-4000,,2024-03-06T16:28:37+00:00,2024-03-12T07:26:01+00:00,2024-03-12T07:26:02+00:00,1,Data Import;ready,5.62
DemocracyClub/UK-Polling-Stations,6457,Import COT-Cotswold District Council for 2024-05-02,closed,polling-bot-4000,,2024-03-06T16:49:28+00:00,2024-03-08T20:37:57+00:00,2024-03-08T20:37:57+00:00,0,Data Import;ready,2.16
DemocracyClub/UK-Polling-Stations,6459,Import LBH-London Borough of Lambeth for 2024-05-02,closed,polling-bot-4000,,2024-03-06T18:00:14+00:00,2024-03-12T07:28:43+00:00,2024-03-12T07:28:43+00:00,0,Data Import;ready,5.56
DemocracyClub/UK-Polling-Stations,6462,"Import BPC-Bournemouth, Christchurch & Poole Council for 2024-05-02",closed,polling-bot-4000,,2024-03-06T20:22:26+00:00,2024-03-08T13:11:04+00:00,2024-03-08T13:11:04+00:00,0,Data Import;ready,1.7
DemocracyClub/UK-Polling-Stations,6464,Import HPL-Hartlepool Borough Council for 2024-05-02,closed,polling-bot-4000,,2024-03-07T09:41:12+00:00,2024-03-18T08:35:42+00:00,2024-03-18T08:35:42+00:00,0,Data Import;ready,10.95
DemocracyClub/UK-Polling-Stations,6466,Import MAN-Manchester City Council for 2024-05-02,closed,polling-bot-4000,,2024-03-07T09:50:08+00:00,2024-03-18T09:08:41+00:00,2024-03-18T09:08:42+00:00,0,Data Import;ready,10.97
DemocracyClub/UK-Polling-Stations,6468,Import MDB-Middlesbrough Borough Council for 2024-05-02,closed,polling-bot-4000,,2024-03-07T10:38:52+00:00,2024-03-15T11:18:20+00:00,2024-03-15T11:18:20+00:00,3,Data Import;ready,8.03
DemocracyClub/UK-Polling-Stations,6469,Import WOK-Wokingham Borough Council for 2024-05-02,closed,polling-bot-4000,,2024-03-07T10:51:15+00:00,2024-03-15T12:15:30+00:00,2024-03-15T12:15:31+00:00,3,Data Import;ready,8.06
DemocracyClub/UK-Polling-Stations,6471,Import WFT-London Borough of Waltham Forest for 2024-05-02,closed,polling-bot-4000,,2024-03-07T11:20:26+00:00,2024-03-15T11:22:09+00:00,2024-03-15T11:22:10+00:00,6,Data Import;ready,8.0
DemocracyClub/UK-Polling-Stations,6472,Import BBD-Blackburn with Darwen Borough Council for 2024-05-02,closed,polling-bot-4000,,2024-03-07T11:31:01+00:00,2024-04-05T17:06:18+00:00,2024-04-05T17:06:18+00:00,3,Data Import;ready,29.23
DemocracyClub/UK-Polling-Stations,6473,Import ASF-Ashford Borough Council for 2024-05-02,closed,polling-bot-4000,,2024-03-07T11:32:32+00:00,2024-03-12T07:35:01+00:00,2024-03-12T07:35:01+00:00,3,Data Import;ready,4.84
DemocracyClub/UK-Polling-Stations,6474,Import TOF-Torfaen County Borough Council for 2024-05-02,closed,polling-bot-4000,,2024-03-07T11:42:05+00:00,2024-03-21T10:37:48+00:00,2024-03-21T10:37:48+00:00,5,Data Import;ready,13.96
DemocracyClub/UK-Polling-Stations,6475,Our address sorting is bad,open,pmk01,,2024-03-07T11:43:57+00:00,,2024-03-20T10:41:17+00:00,3,,
DemocracyClub/UK-Polling-Stations,6477,Import GAT-Gateshead Metropolitan Borough Council for 2024-05-02,closed,polling-bot-4000,,2024-03-07T13:36:57+00:00,2024-03-12T07:30:32+00:00,2024-03-12T07:30:33+00:00,0,Data Import;ready,4.75
DemocracyClub/UK-Polling-Stations,6480,Import KEC-Royal Borough of Kensington and Chelsea for 2024-05-02,closed,polling-bot-4000,,2024-03-07T14:44:44+00:00,2024-03-12T07:32:08+00:00,2024-03-12T07:32:09+00:00,0,Data Import;ready,4.7
DemocracyClub/UK-Polling-Stations,6482,Import WOC-Worcester City Council for 2024-05-02,closed,polling-bot-4000,,2024-03-07T14:51:55+00:00,2024-03-12T07:33:52+00:00,2024-03-12T07:33:53+00:00,0,Data Import;ready,4.7
DemocracyClub/UK-Polling-Stations,6485,Import MRT-London Borough of Merton for 2024-05-02,closed,polling-bot-4000,,2024-03-07T15:22:16+00:00,2024-03-12T07:34:31+00:00,2024-03-12T07:34:31+00:00,0,Data Import;ready,4.68
DemocracyClub/UK-Polling-Stations,6491,Import EHA-East Hampshire District Council for 2024-05-02,closed,polling-bot-4000,,2024-03-07T15:46:10+00:00,2024-03-12T12:26:00+00:00,2024-03-12T12:26:01+00:00,0,Data Import;ready,4.86
DemocracyClub/UK-Polling-Stations,6493,Import RDG-Reading Borough Council for 2024-05-02,closed,polling-bot-4000,,2024-03-07T15:53:33+00:00,2024-03-08T20:35:56+00:00,2024-03-08T20:35:56+00:00,0,Data Import;ready,1.2
DemocracyClub/UK-Polling-Stations,6495,Import MAI-Maidstone Borough Council for 2024-05-02,closed,polling-bot-4000,,2024-03-07T16:44:14+00:00,2024-03-12T07:36:14+00:00,2024-03-12T07:36:15+00:00,0,Data Import;ready,4.62
DemocracyClub/UK-Polling-Stations,6497,Import STN-London Borough of Sutton for 2024-05-02,closed,polling-bot-4000,,2024-03-07T17:53:01+00:00,2024-03-12T07:35:42+00:00,2024-03-12T07:35:42+00:00,0,Data Import;ready,4.57
DemocracyClub/UK-Polling-Stations,6501,Import WAW-Warwick District Council for 2024-05-02,closed,polling-bot-4000,,2024-03-08T08:46:42+00:00,2024-03-12T07:36:53+00:00,2024-03-12T07:36:54+00:00,0,Data Import;ready,3.95
DemocracyClub/UK-Polling-Stations,6503,Import DAC-Dacorum Borough Council for 2024-05-02,closed,polling-bot-4000,,2024-03-08T09:14:42+00:00,2024-03-15T11:20:47+00:00,2024-03-15T11:20:47+00:00,0,Data Import;ready,7.09
DemocracyClub/UK-Polling-Stations,6506,Import RED-Redditch Borough Council for 2024-05-02,closed,polling-bot-4000,,2024-03-08T10:46:53+00:00,2024-03-12T07:39:11+00:00,2024-03-12T07:39:11+00:00,0,Data Import;ready,3.87
DemocracyClub/UK-Polling-Stations,6508,Import NWP-Newport City Council for 2024-05-02,closed,polling-bot-4000,,2024-03-08T12:48:26+00:00,2024-03-18T10:55:08+00:00,2024-03-18T10:55:08+00:00,0,Data Import;ready,9.92
DemocracyClub/UK-Polling-Stations,6511,Import SCA-South Cambridgeshire District Council for 2024-05-02,closed,polling-bot-4000,,2024-03-08T13:42:15+00:00,2024-03-12T12:26:32+00:00,2024-03-12T12:26:33+00:00,0,Data Import;ready,3.95
DemocracyClub/UK-Polling-Stations,6513,Import DAR-Dartford Borough Council for 2024-05-02,closed,polling-bot-4000,,2024-03-08T15:19:47+00:00,2024-03-12T11:44:40+00:00,2024-03-12T11:44:41+00:00,0,Data Import;ready,3.85
DemocracyClub/UK-Polling-Stations,6515,Import IOW-Isle of Wight Council for 2024-05-02,closed,polling-bot-4000,,2024-03-08T15:57:13+00:00,2024-03-12T11:47:28+00:00,2024-03-12T11:47:28+00:00,0,Data Import;ready,3.83
DemocracyClub/UK-Polling-Stations,6517,Import SHN-St Helens Metropolitan Borough Council for 2024-05-02,closed,polling-bot-4000,,2024-03-08T16:27:28+00:00,2024-03-12T11:34:16+00:00,2024-03-12T11:34:17+00:00,0,Data Import;ready,3.8
DemocracyClub/UK-Polling-Stations,6522,Import NTY-North Tyneside Council for 2024-05-02,closed,polling-bot-4000,,2024-03-11T10:31:43+00:00,2024-03-15T11:24:27+00:00,2024-03-15T11:24:27+00:00,0,Data Import;ready,4.04
DemocracyClub/UK-Polling-Stations,6524,Import RCT-Rhondda Cynon Taf County Borough Council for 2024-05-02,closed,polling-bot-4000,,2024-03-11T10:56:31+00:00,2024-03-21T10:38:50+00:00,2024-03-21T10:38:50+00:00,0,Data Import;ready,9.99
DemocracyClub/UK-Polling-Stations,6526,Import ESK-East Suffolk Council for 2024-05-02,closed,polling-bot-4000,,2024-03-11T11:06:33+00:00,2024-03-12T12:25:14+00:00,2024-03-12T12:25:15+00:00,0,Data Import;ready,1.05
DemocracyClub/UK-Polling-Stations,6527,Import ESK-East Suffolk Council for 2024-05-02,closed,polling-bot-4000,,2024-03-11T11:06:34+00:00,2024-04-04T10:44:14+00:00,2024-04-04T10:44:14+00:00,4,Data Import;ready,23.98
DemocracyClub/UK-Polling-Stations,6529,Import SDE-South Derbyshire District Council for 2024-05-02,closed,polling-bot-4000,,2024-03-11T11:14:23+00:00,2024-03-18T09:32:47+00:00,2024-03-18T09:32:48+00:00,0,Data Import;ready,6.93
DemocracyClub/UK-Polling-Stations,6531,Import ADU-Adur District Council for 2024-05-02,closed,polling-bot-4000,,2024-03-11T13:14:40+00:00,2024-03-12T12:28:20+00:00,2024-03-12T12:28:21+00:00,0,Data Import;ready,0.97
DemocracyClub/UK-Polling-Stations,6533,Import WOT-Worthing Borough Council for 2024-05-02,closed,polling-bot-4000,,2024-03-11T13:15:51+00:00,2024-03-12T17:12:55+00:00,2024-03-12T17:12:56+00:00,0,Data Import;ready,1.16
DemocracyClub/UK-Polling-Stations,6535,Import BUN-Burnley Borough Council for 2024-05-02,closed,polling-bot-4000,,2024-03-11T14:58:35+00:00,2024-03-18T08:51:37+00:00,2024-03-18T08:51:37+00:00,0,Data Import;ready,6.75
DemocracyClub/UK-Polling-Stations,6537,Import HAS-Hastings Borough Council for 2024-05-02,closed,polling-bot-4000,,2024-03-11T15:13:47+00:00,2024-03-12T17:04:19+00:00,2024-03-12T17:04:20+00:00,0,Data Import;ready,1.08
DemocracyClub/UK-Polling-Stations,6540,Import STO-Stroud District Council for 2024-05-02,closed,polling-bot-4000,,2024-03-11T16:42:00+00:00,2024-04-05T17:12:46+00:00,2024-04-05T17:12:46+00:00,0,Data Import;ready,25.02
DemocracyClub/UK-Polling-Stations,6542,Import SHF-Sheffield City Council for 2024-05-02,closed,polling-bot-4000,,2024-03-11T17:21:30+00:00,2024-03-15T11:30:09+00:00,2024-03-15T11:30:09+00:00,0,Data Import;ready,3.76
DemocracyClub/UK-Polling-Stations,6545,Import HAA-Havant Borough Council for 2024-05-02,closed,polling-bot-4000,,2024-03-11T21:19:49+00:00,2024-03-18T09:40:08+00:00,2024-03-18T09:40:09+00:00,2,Data Import;ready,6.51
DemocracyClub/UK-Polling-Stations,6547,Import ANS-Angus Council for 2024-04-25,closed,polling-bot-4000,,2024-03-12T07:20:28+00:00,2024-03-12T11:47:48+00:00,2024-03-12T11:47:48+00:00,0,Data Import;ready,0.19
DemocracyClub/UK-Polling-Stations,6551,Import HOR-Horsham District Council for 2024-05-02,closed,polling-bot-4000,,2024-03-12T10:25:55+00:00,2024-04-12T13:23:00+00:00,2024-04-12T13:23:01+00:00,10,Data Import;ready,31.12
DemocracyClub/UK-Polling-Stations,6553,Import MAS-Mansfield District Council for 2024-05-02,closed,polling-bot-4000,,2024-03-12T10:43:03+00:00,2024-03-15T11:34:28+00:00,2024-03-15T11:34:28+00:00,0,Data Import;ready,3.04
DemocracyClub/UK-Polling-Stations,6555,Import ELI-East Lindsey District Council for 2024-05-02,closed,polling-bot-4000,,2024-03-12T10:45:16+00:00,2024-03-22T07:39:25+00:00,2024-03-22T07:39:26+00:00,1,Data Import;ready,9.87
DemocracyClub/UK-Polling-Stations,6557,Import WRT-Warrington Borough Council for 2024-05-02,closed,polling-bot-4000,,2024-03-12T10:53:26+00:00,2024-03-15T11:36:32+00:00,2024-03-15T11:36:33+00:00,0,Data Import;ready,3.03
DemocracyClub/UK-Polling-Stations,6559,Import WSK-West Suffolk Council for 2024-05-02,closed,polling-bot-4000,,2024-03-12T11:27:35+00:00,2024-04-12T13:17:47+00:00,2024-04-12T13:17:48+00:00,0,Data Import;ready,31.08
DemocracyClub/UK-Polling-Stations,6561,Import NEL-North East Lincolnshire Council for 2024-05-02,closed,polling-bot-4000,,2024-03-12T11:47:44+00:00,2024-03-15T11:40:18+00:00,2024-03-15T11:40:18+00:00,0,Data Import;ready,2.99
DemocracyClub/UK-Polling-Stations,6563,Import WIL-Wiltshire Council for 2024-05-02,closed,polling-bot-4000,,2024-03-12T12:43:56+00:00,2024-03-18T08:55:56+00:00,2024-03-18T08:55:57+00:00,0,Data Import;ready,5.84
DemocracyClub/UK-Polling-Stations,6565,Import WIL-Wiltshire Council for 2024-03-14,closed,polling-bot-4000,,2024-03-12T12:46:53+00:00,2024-04-23T10:09:02+00:00,2024-04-23T10:09:02+00:00,1,Data Import;ready,41.89
DemocracyClub/UK-Polling-Stations,6567,Import NOW-Norwich City Council for 2024-05-02,closed,polling-bot-4000,,2024-03-12T14:15:42+00:00,2024-03-18T10:56:59+00:00,2024-03-18T10:56:59+00:00,2,Data Import;ready,5.86
DemocracyClub/UK-Polling-Stations,6569,Import STY-South Tyneside Metropolitan Borough Council for 2024-05-02,closed,polling-bot-4000,,2024-03-12T17:14:34+00:00,2024-03-15T11:44:51+00:00,2024-03-15T11:44:52+00:00,0,Data Import;ready,2.77
DemocracyClub/UK-Polling-Stations,6572,Import KIN-King's Lynn & West Norfolk for 2024-05-02,closed,polling-bot-4000,,2024-03-13T08:58:20+00:00,2024-03-19T07:06:37+00:00,2024-03-19T07:06:37+00:00,0,Data Import;ready,5.92
DemocracyClub/UK-Polling-Stations,6574,Import HRW-London Borough of Harrow for 2024-05-02,closed,polling-bot-4000,,2024-03-13T09:35:46+00:00,2024-03-15T11:51:05+00:00,2024-03-15T11:51:06+00:00,0,Data Import;ready,2.09
DemocracyClub/UK-Polling-Stations,6576,Import RIB-Ribble Valley Borough Council for 2024-05-02,closed,polling-bot-4000,,2024-03-13T10:03:36+00:00,2024-03-18T09:16:09+00:00,2024-03-18T09:16:09+00:00,0,Data Import;ready,4.97
DemocracyClub/UK-Polling-Stations,6579,Import WLL-Walsall Metropolitan Borough Council for 2024-05-02,closed,polling-bot-4000,,2024-03-13T13:08:35+00:00,2024-03-15T12:09:41+00:00,2024-03-15T12:09:41+00:00,0,Data Import;ready,1.96
DemocracyClub/UK-Polling-Stations,6581,Import DUD-Dudley Metropolitan Borough Council for 2024-05-02,closed,polling-bot-4000,,2024-03-13T13:48:30+00:00,2024-03-19T07:09:51+00:00,2024-03-19T07:09:51+00:00,0,Data Import;ready,5.72
DemocracyClub/UK-Polling-Stations,6583,Import EHA-East Hampshire District Council for 2024-05-02,closed,polling-bot-4000,,2024-03-13T17:38:50+00:00,2024-03-15T12:17:57+00:00,2024-03-15T12:17:58+00:00,0,Data Import;ready,1.78
DemocracyClub/UK-Polling-Stations,6586,Import WND-London Borough of Wandsworth for 2024-05-02,closed,polling-bot-4000,,2024-03-14T08:29:36+00:00,2024-03-15T12:19:41+00:00,2024-03-15T12:19:41+00:00,0,Data Import;ready,1.16
DemocracyClub/UK-Polling-Stations,6588,Import FLN-Flintshire County Council for 2024-05-02,closed,polling-bot-4000,,2024-03-14T09:23:55+00:00,2024-03-21T09:33:11+00:00,2024-03-21T09:33:11+00:00,0,Data Import;ready,7.01
DemocracyClub/UK-Polling-Stations,6590,Import WKF-Wakefield Metropolitan District Council for 2024-05-02,closed,polling-bot-4000,,2024-03-14T09:49:58+00:00,2024-03-15T12:20:58+00:00,2024-03-15T12:20:58+00:00,3,Data Import;ready,1.1
DemocracyClub/UK-Polling-Stations,6592,Import GED-Gedling Borough Council for 2024-05-02,closed,polling-bot-4000,,2024-03-14T10:09:30+00:00,2024-03-15T12:21:51+00:00,2024-03-15T12:21:51+00:00,0,Data Import;ready,1.09
DemocracyClub/UK-Polling-Stations,6594,Import RUH-Rushmoor Borough Council for 2024-05-02,closed,polling-bot-4000,,2024-03-14T10:26:01+00:00,2024-03-15T12:23:03+00:00,2024-03-15T12:23:03+00:00,0,Data Import;ready,1.08
DemocracyClub/UK-Polling-Stations,6597,Import HAL-Halton Borough Council for 2024-05-02,closed,polling-bot-4000,,2024-03-14T12:58:17+00:00,2024-03-19T07:34:01+00:00,2024-03-19T07:34:01+00:00,0,Data Import;ready,4.77
DemocracyClub/UK-Polling-Stations,6599,Import WNT-West Northamptonshire Council for 2024-05-02,closed,polling-bot-4000,,2024-03-14T13:11:54+00:00,2024-03-19T07:04:16+00:00,2024-03-19T07:04:16+00:00,0,Data Import;ready,4.74
DemocracyClub/UK-Polling-Stations,6601,Import WEA-Wealden District Council for 2024-05-02,closed,polling-bot-4000,,2024-03-14T15:02:33+00:00,2024-03-18T09:33:18+00:00,2024-03-18T09:33:19+00:00,0,Data Import;ready,3.77
DemocracyClub/UK-Polling-Stations,6603,Import BGW-Blaenau Gwent County Borough Council for 2024-05-02,closed,polling-bot-4000,,2024-03-14T15:06:55+00:00,2024-03-21T11:10:09+00:00,2024-03-21T11:10:09+00:00,1,Data Import;ready,6.84
DemocracyClub/UK-Polling-Stations,6605,Import CHT-Cheltenham Borough Council for 2024-05-02,closed,polling-bot-4000,,2024-03-14T16:17:52+00:00,2024-03-18T09:11:06+00:00,2024-03-18T09:11:07+00:00,2,Data Import;ready,3.7
DemocracyClub/UK-Polling-Stations,6606,Import NEC-Newcastle Under Lyme Borough Council for 2024-05-02,closed,polling-bot-4000,,2024-03-14T17:42:38+00:00,2024-03-18T09:12:25+00:00,2024-03-18T09:12:25+00:00,0,Data Import;ready,3.65
DemocracyClub/UK-Polling-Stations,6608,Import HRY-London Borough of Haringey for 2024-05-02,closed,polling-bot-4000,,2024-03-14T18:47:20+00:00,2024-03-19T07:02:49+00:00,2024-03-19T07:02:50+00:00,2,Data Import;ready,4.51
DemocracyClub/UK-Polling-Stations,6610,Import FAR-Fareham Borough Council for 2024-05-02,closed,polling-bot-4000,,2024-03-15T10:22:43+00:00,2024-03-18T09:17:40+00:00,2024-03-18T09:17:41+00:00,0,Data Import;ready,2.95
DemocracyClub/UK-Polling-Stations,6612,Import ISL-London Borough of Islington for 2024-05-02,closed,polling-bot-4000,,2024-03-15T12:45:04+00:00,2024-03-21T09:33:53+00:00,2024-03-21T09:33:54+00:00,0,Data Import;ready,5.87
DemocracyClub/UK-Polling-Stations,6615,Import NYE-North Yorkshire Council for 2024-05-02,closed,polling-bot-4000,,2024-03-15T16:16:45+00:00,2024-04-23T10:08:59+00:00,2024-04-23T10:08:59+00:00,0,Data Import;ready,38.74
DemocracyClub/UK-Polling-Stations,6617,Import BAS-Bath & North East Somerset Council for 2024-05-02,closed,polling-bot-4000,,2024-03-15T16:30:31+00:00,2024-03-18T09:21:56+00:00,2024-03-18T09:21:56+00:00,0,Data Import;ready,2.7
DemocracyClub/UK-Polling-Stations,6623,Import CHE-Cheshire East Council for 2024-05-02,closed,polling-bot-4000,,2024-03-17T11:51:34+00:00,2024-03-19T07:14:05+00:00,2024-03-19T07:14:06+00:00,0,Data Import;ready,1.81
DemocracyClub/UK-Polling-Stations,6625,Import DUR-Durham County Council for 2024-05-02,closed,polling-bot-4000,,2024-03-18T10:28:34+00:00,2024-03-18T16:12:16+00:00,2024-03-18T16:12:16+00:00,0,Data Import;ready,0.24
DemocracyClub/UK-Polling-Stations,6627,Import CHR-Cherwell District Council for 2024-05-02,closed,polling-bot-4000,,2024-03-18T10:37:35+00:00,2024-03-19T07:35:51+00:00,2024-03-19T07:35:51+00:00,0,Data Import;ready,0.87
DemocracyClub/UK-Polling-Stations,6629,Uploader - add file size to relevant page,open,pmk01,,2024-03-18T10:56:15+00:00,,2025-10-02T13:59:33+00:00,0,file uploads 📂,
DemocracyClub/UK-Polling-Stations,6630,Import BRM-Bromsgrove District Council for 2024-05-02,closed,polling-bot-4000,,2024-03-18T11:26:42+00:00,2024-03-22T07:53:32+00:00,2024-03-22T07:53:32+00:00,0,Data Import;ready,3.85
DemocracyClub/UK-Polling-Stations,6632,Import MON-Monmouthshire County Council for 2024-05-02,closed,polling-bot-4000,,2024-03-18T11:47:43+00:00,2024-04-12T13:18:40+00:00,2024-04-12T13:18:41+00:00,0,Data Import;ready,25.06
DemocracyClub/UK-Polling-Stations,6634,Import SOS-Southend-on-Sea City Council for 2024-05-02,closed,polling-bot-4000,,2024-03-18T12:14:10+00:00,2024-03-19T07:27:32+00:00,2024-03-19T07:27:32+00:00,0,Data Import;ready,0.8
DemocracyClub/UK-Polling-Stations,6636,Import CRY-London Borough of Croydon for 2024-05-02,closed,polling-bot-4000,,2024-03-18T13:09:10+00:00,2024-03-21T09:22:35+00:00,2024-03-21T09:22:35+00:00,0,Data Import;ready,2.84
DemocracyClub/UK-Polling-Stations,6638,Import BRY-London Borough of Bromley for 2024-05-02,closed,polling-bot-4000,,2024-03-18T13:35:22+00:00,2024-03-21T09:33:38+00:00,2024-03-21T09:33:38+00:00,0,Data Import;ready,2.83
DemocracyClub/UK-Polling-Stations,6641,Import LUT-Luton Borough Council for 2024-05-02,closed,polling-bot-4000,,2024-03-18T14:05:09+00:00,2024-03-21T09:24:49+00:00,2024-03-21T09:24:50+00:00,0,Data Import;ready,2.81
DemocracyClub/UK-Polling-Stations,6643,Import SFT-Sefton Metropolitan Borough Council for 2024-05-02,closed,polling-bot-4000,,2024-03-18T14:22:21+00:00,2024-03-22T07:36:38+00:00,2024-03-22T07:36:39+00:00,0,Data Import;ready,3.72
DemocracyClub/UK-Polling-Stations,6645,Import BOL-Bolton Metropolitan Borough Council for 2024-05-02,closed,polling-bot-4000,,2024-03-18T14:49:01+00:00,2024-03-22T16:20:34+00:00,2024-03-22T16:20:34+00:00,0,Data Import;ready,4.06
DemocracyClub/UK-Polling-Stations,6647,Import SLF-Salford City Council for 2024-05-02,closed,polling-bot-4000,,2024-03-18T14:49:38+00:00,2024-03-21T09:27:03+00:00,2024-03-21T09:27:03+00:00,0,Data Import;ready,2.78
DemocracyClub/UK-Polling-Stations,6650,Import KHL-Hull City Council for 2024-05-02,closed,polling-bot-4000,,2024-03-18T15:03:43+00:00,2024-03-21T09:28:17+00:00,2024-03-21T09:28:17+00:00,0,Data Import;ready,2.77
DemocracyClub/UK-Polling-Stations,6652,Import BLA-Blaby District Council for 2024-05-02,closed,polling-bot-4000,,2024-03-18T15:10:19+00:00,2024-03-22T07:56:22+00:00,2024-03-22T07:56:22+00:00,0,Data Import;ready,3.7
DemocracyClub/UK-Polling-Stations,6654,Import GLO-Gloucester City Council for 2024-05-02,closed,polling-bot-4000,,2024-03-18T15:13:33+00:00,2024-03-21T09:32:31+00:00,2024-03-21T09:32:32+00:00,0,Data Import;ready,2.76
DemocracyClub/UK-Polling-Stations,6656,Import CAB-Cambridge City Council for 2024-05-02,closed,polling-bot-4000,,2024-03-18T15:24:43+00:00,2024-03-22T16:33:58+00:00,2024-03-22T16:33:58+00:00,0,Data Import;ready,4.05
DemocracyClub/UK-Polling-Stations,6659,Import THR-Thurrock Council for 2024-05-02,closed,polling-bot-4000,,2024-03-18T15:42:03+00:00,2024-03-21T09:28:56+00:00,2024-03-21T09:28:57+00:00,0,Data Import;ready,2.74
DemocracyClub/UK-Polling-Stations,6661,Import ROS-Rossendale Borough Council for 2024-05-02,closed,polling-bot-4000,,2024-03-18T15:47:02+00:00,2024-03-22T07:57:26+00:00,2024-03-22T07:57:27+00:00,0,Data Import;ready,3.67
DemocracyClub/UK-Polling-Stations,6664,Import STR-Stratford on Avon District Council for 2024-05-02,closed,polling-bot-4000,,2024-03-18T15:53:14+00:00,2024-04-09T15:44:05+00:00,2024-04-09T15:44:06+00:00,0,Data Import;ready,21.99
DemocracyClub/UK-Polling-Stations,6666,Import ROH-Rother District Council for 2024-05-02,closed,polling-bot-4000,,2024-03-18T16:00:05+00:00,2024-03-22T08:01:57+00:00,2024-03-22T08:01:58+00:00,0,Data Import;ready,3.67
DemocracyClub/UK-Polling-Stations,6669,Import EHE-East Hertfordshire District Council for 2024-05-02,closed,polling-bot-4000,,2024-03-18T16:14:45+00:00,2024-03-22T08:23:00+00:00,2024-03-22T08:23:00+00:00,0,Data Import;ready,3.67
DemocracyClub/UK-Polling-Stations,6673,Import NWL-North West Leicestershire District Council for 2024-05-02,closed,polling-bot-4000,,2024-03-18T16:40:11+00:00,2024-03-22T16:34:46+00:00,2024-03-22T16:34:46+00:00,0,Data Import;ready,4.0
DemocracyClub/UK-Polling-Stations,6675,Import NTL-Neath Port Talbot County Borough Council for 2024-05-02,closed,polling-bot-4000,,2024-03-18T17:05:11+00:00,2024-03-22T16:36:19+00:00,2024-03-22T16:36:19+00:00,0,Data Import;ready,3.98
DemocracyClub/UK-Polling-Stations,6677,Import BIR-Birmingham City Council for 2024-05-02,closed,polling-bot-4000,,2024-03-18T17:13:06+00:00,2024-03-22T16:35:51+00:00,2024-03-22T16:35:52+00:00,0,Data Import;ready,3.97
DemocracyClub/UK-Polling-Stations,6680,Import SAW-Sandwell Metropolitan Borough Council for 2024-05-02,closed,polling-bot-4000,,2024-03-19T09:01:55+00:00,2024-04-09T15:52:06+00:00,2024-04-09T15:52:06+00:00,0,Data Import;ready,21.28
DemocracyClub/UK-Polling-Stations,6682,Import RCC-Redcar and Cleveland Borough Council for 2024-05-02,closed,polling-bot-4000,,2024-03-19T09:28:05+00:00,2024-03-27T10:45:52+00:00,2024-03-27T10:45:52+00:00,2,Data Import;ready,8.05
DemocracyClub/UK-Polling-Stations,6684,Import SWK-London Borough of Southwark for 2024-05-02,closed,polling-bot-4000,,2024-03-19T09:41:28+00:00,2024-03-26T06:51:50+00:00,2024-03-26T06:51:50+00:00,0,Data Import;ready,6.88
DemocracyClub/UK-Polling-Stations,6686,Import EAL-London Borough of Ealing for 2024-05-02,closed,polling-bot-4000,,2024-03-19T10:22:38+00:00,2024-03-27T12:41:42+00:00,2024-03-27T12:41:42+00:00,0,Data Import;ready,8.1
DemocracyClub/UK-Polling-Stations,6688,Import WIL-Wiltshire Council for 2024-05-02,closed,polling-bot-4000,,2024-03-19T11:16:38+00:00,2024-03-26T06:53:54+00:00,2024-03-26T06:53:55+00:00,0,Data Import;ready,6.82
DemocracyClub/UK-Polling-Stations,6690,Import WBK-West Berkshire Council for 2024-05-02,closed,polling-bot-4000,,2024-03-19T11:26:07+00:00,2024-03-26T06:57:28+00:00,2024-03-26T06:57:28+00:00,0,Data Import;ready,6.81
DemocracyClub/UK-Polling-Stations,6693,Import FEN-Fenland District Council for 2024-05-02,closed,polling-bot-4000,,2024-03-19T11:49:53+00:00,2024-03-26T07:09:08+00:00,2024-03-26T07:09:09+00:00,0,Data Import;ready,6.81
DemocracyClub/UK-Polling-Stations,6697,Import LEW-London Borough of Lewisham for 2024-05-02,closed,polling-bot-4000,,2024-03-19T12:41:58+00:00,2024-03-26T07:17:01+00:00,2024-03-26T07:17:02+00:00,0,Data Import;ready,6.77
DemocracyClub/UK-Polling-Stations,6699,Import BRC-Bracknell Forest Borough Council for 2024-05-02,closed,polling-bot-4000,,2024-03-19T13:50:16+00:00,2024-03-26T07:26:16+00:00,2024-03-26T07:26:17+00:00,0,Data Import;ready,6.73
DemocracyClub/UK-Polling-Stations,6701,Import PLY-Plymouth City Council for 2024-05-02,closed,polling-bot-4000,,2024-03-19T14:13:18+00:00,2024-03-26T08:11:15+00:00,2024-03-26T08:11:15+00:00,0,Data Import;ready,6.75
DemocracyClub/UK-Polling-Stations,6703,Import LDS-Leeds City Council for 2024-05-02,closed,polling-bot-4000,,2024-03-19T14:34:52+00:00,2024-03-27T09:26:29+00:00,2024-03-27T09:26:29+00:00,0,Data Import;ready,7.79
DemocracyClub/UK-Polling-Stations,6705,Import WGN-Wigan Metropolitan Borough Council for 2024-05-02,closed,polling-bot-4000,,2024-03-19T15:09:36+00:00,2024-03-27T10:40:24+00:00,2024-03-27T10:40:25+00:00,2,Data Import;ready,7.81
DemocracyClub/UK-Polling-Stations,6707,Import SRI-South Ribble Borough Council for 2024-05-02,closed,polling-bot-4000,,2024-03-19T15:12:08+00:00,2024-03-27T10:20:43+00:00,2024-03-27T10:20:43+00:00,0,Data Import;ready,7.8
DemocracyClub/UK-Polling-Stations,6709,Import RUG-Rugby Borough Council for 2024-05-02,closed,polling-bot-4000,,2024-03-19T15:58:28+00:00,2024-03-27T10:29:07+00:00,2024-03-27T10:29:07+00:00,0,Data Import;ready,7.77
DemocracyClub/UK-Polling-Stations,6711,Import NED-North East Derbyshire District Council for 2024-05-02,closed,polling-bot-4000,,2024-03-19T16:44:59+00:00,2024-03-27T10:31:48+00:00,2024-03-27T10:31:48+00:00,0,Data Import;ready,7.74
DemocracyClub/UK-Polling-Stations,6713,Import HYN-Hyndburn Borough Council for 2024-05-02,closed,polling-bot-4000,,2024-03-19T16:59:55+00:00,2024-03-27T10:34:16+00:00,2024-03-27T10:34:17+00:00,0,Data Import;ready,7.73
DemocracyClub/UK-Polling-Stations,6716,Import SOL-Solihull Metropolitan Borough Council for 2024-05-02,closed,polling-bot-4000,,2024-03-19T17:43:25+00:00,2024-03-27T10:37:17+00:00,2024-03-27T10:37:17+00:00,0,Data Import;ready,7.7
DemocracyClub/UK-Polling-Stations,6718,Import BNE-London Borough of Barnet for 2024-05-02,closed,polling-bot-4000,,2024-03-19T18:08:15+00:00,2024-03-27T10:23:44+00:00,2024-03-27T10:23:44+00:00,1,Data Import;ready,7.68
DemocracyClub/UK-Polling-Stations,6721,Import COV-Coventry City Council for 2024-05-02,closed,polling-bot-4000,,2024-03-20T10:52:53+00:00,2024-03-27T10:43:14+00:00,2024-03-27T10:43:14+00:00,0,Data Import;ready,6.99
DemocracyClub/UK-Polling-Stations,6723,Import SGC-South Gloucestershire Council for 2024-05-02,closed,polling-bot-4000,,2024-03-20T11:59:14+00:00,2024-03-27T12:58:14+00:00,2024-03-27T12:58:15+00:00,0,Data Import;ready,7.04
DemocracyClub/UK-Polling-Stations,6725,Import TAW-Tamworth Borough Council for 2024-05-02,closed,polling-bot-4000,,2024-03-20T13:40:49+00:00,2024-03-27T14:42:17+00:00,2024-03-27T14:42:18+00:00,0,Data Import;ready,7.04
DemocracyClub/UK-Polling-Stations,6729,Import BAN-Basingstoke and Deane Borough Council for 2024-05-02,closed,polling-bot-4000,,2024-03-20T17:06:21+00:00,2024-03-22T08:40:34+00:00,2024-03-22T08:40:35+00:00,0,Data Import;ready,1.65
DemocracyClub/UK-Polling-Stations,6731,Import CRW-Crawley Borough Council for 2024-05-02,closed,polling-bot-4000,,2024-03-21T08:20:05+00:00,2024-03-27T12:58:34+00:00,2024-03-27T12:58:35+00:00,0,Data Import;ready,6.19
DemocracyClub/UK-Polling-Stations,6733,Import STT-Stockton-on-Tees Borough Council for 2024-05-02,closed,polling-bot-4000,,2024-03-21T08:34:40+00:00,2024-04-05T16:31:13+00:00,2024-04-05T16:31:13+00:00,0,Data Import;ready,15.33
DemocracyClub/UK-Polling-Stations,6735,Import LCE-Leicester City Council for 2024-05-02,closed,polling-bot-4000,,2024-03-21T08:36:09+00:00,2024-03-27T14:42:31+00:00,2024-03-27T14:42:31+00:00,0,Data Import;ready,6.25
DemocracyClub/UK-Polling-Stations,6739,Import NSM-North Somerset Council for 2024-05-02,closed,polling-bot-4000,,2024-03-21T10:16:40+00:00,2024-04-01T08:03:26+00:00,2024-04-01T08:03:27+00:00,0,Data Import;ready,10.91
DemocracyClub/UK-Polling-Stations,6741,Import EDE-East Devon District Council for 2024-05-02,closed,polling-bot-4000,,2024-03-21T10:21:12+00:00,2024-04-01T08:11:38+00:00,2024-04-01T08:11:39+00:00,0,Data Import;ready,10.91
DemocracyClub/UK-Polling-Stations,6743,Import BEX-London Borough of Bexley for 2024-05-02,closed,polling-bot-4000,,2024-03-21T10:27:31+00:00,2024-04-01T08:10:50+00:00,2024-04-01T08:10:50+00:00,0,Data Import;ready,10.91
DemocracyClub/UK-Polling-Stations,6745,Import MSS-Mid Sussex District Council for 2024-05-02,closed,polling-bot-4000,,2024-03-21T11:19:11+00:00,2024-04-01T08:14:02+00:00,2024-04-01T08:14:02+00:00,0,Data Import;ready,10.87
DemocracyClub/UK-Polling-Stations,6748,Import CAN-Cannock Chase District Council for 2024-05-02,closed,polling-bot-4000,,2024-03-21T13:36:30+00:00,2024-04-02T10:03:45+00:00,2024-04-02T10:03:46+00:00,1,Data Import;ready,11.85
DemocracyClub/UK-Polling-Stations,6750,Import HIG-High Peak Borough Council for 2024-05-02,closed,polling-bot-4000,,2024-03-21T13:43:58+00:00,2024-04-01T08:14:35+00:00,2024-04-01T08:14:36+00:00,0,Data Import;ready,10.77
DemocracyClub/UK-Polling-Stations,6752,Import MDW-Medway Council for 2024-05-02,closed,polling-bot-4000,,2024-03-21T14:41:09+00:00,2024-04-01T08:15:00+00:00,2024-04-01T08:15:00+00:00,0,Data Import;ready,10.73
DemocracyClub/UK-Polling-Stations,6754,Import BRW-Brentwood Borough Council for 2024-05-02,closed,polling-bot-4000,,2024-03-21T15:28:14+00:00,2024-04-01T08:15:25+00:00,2024-04-01T08:15:25+00:00,0,Data Import;ready,10.7
DemocracyClub/UK-Polling-Stations,6756,Import NWP-Newport City Council for 2024-05-02,closed,polling-bot-4000,,2024-03-21T16:27:45+00:00,2024-04-01T08:08:39+00:00,2024-04-01T08:08:39+00:00,0,Data Import;ready,10.65
DemocracyClub/UK-Polling-Stations,6758,Import SUR-Surrey Heath Borough Council for 2024-05-02,closed,polling-bot-4000,,2024-03-21T20:01:37+00:00,2024-04-01T08:16:02+00:00,2024-04-01T08:16:02+00:00,0,Data Import;ready,10.51
DemocracyClub/UK-Polling-Stations,6760,Import SND-Sunderland City Council for 2024-05-02,closed,polling-bot-4000,,2024-03-22T10:01:22+00:00,2024-04-02T12:50:41+00:00,2024-04-02T12:50:42+00:00,0,Data Import;ready,11.12
DemocracyClub/UK-Polling-Stations,6762,Import ERY-East Riding of Yorkshire Council for 2024-05-02,closed,polling-bot-4000,,2024-03-22T11:00:17+00:00,2024-04-01T08:17:00+00:00,2024-04-01T08:17:00+00:00,0,Data Import;ready,9.89
DemocracyClub/UK-Polling-Stations,6763,Import ERY-East Riding of Yorkshire Council for 2024-05-02,closed,polling-bot-4000,,2024-03-22T11:00:18+00:00,2024-04-23T10:08:54+00:00,2024-04-23T10:08:54+00:00,3,Data Import;ready,31.96
DemocracyClub/UK-Polling-Stations,6765,Import SWL-Swale Borough Council for 2024-05-02,closed,polling-bot-4000,,2024-03-22T14:00:26+00:00,2024-04-01T08:16:34+00:00,2024-04-01T08:16:34+00:00,0,Data Import;ready,9.76
DemocracyClub/UK-Polling-Stations,6767,Import CAY-Caerphilly County Borough Council for 2024-05-02,closed,polling-bot-4000,,2024-03-22T14:36:56+00:00,2024-04-17T05:59:08+00:00,2024-04-17T05:59:08+00:00,0,Data Import;ready,25.64
DemocracyClub/UK-Polling-Stations,6771,Import VGL-Vale of Glamorgan Council for 2024-05-02,closed,polling-bot-4000,,2024-03-22T16:08:58+00:00,2024-04-23T10:08:51+00:00,2024-04-23T10:08:51+00:00,3,Data Import;ready,31.75
DemocracyClub/UK-Polling-Stations,6770,Import VGL-Vale of Glamorgan Council for 2024-05-02,closed,polling-bot-4000,,2024-03-22T16:08:58+00:00,2024-04-01T09:15:37+00:00,2024-04-01T09:15:38+00:00,0,Data Import;ready,9.71
DemocracyClub/UK-Polling-Stations,6773,Import ALL-Cumberland Council (formerly Allerdale) for 2024-05-02,closed,polling-bot-4000,,2024-03-22T16:12:19+00:00,2024-04-23T10:08:48+00:00,2024-04-23T10:08:48+00:00,0,Data Import;ready,31.75
DemocracyClub/UK-Polling-Stations,6779,Import CMD-London Borough of Camden for 2024-05-02,closed,polling-bot-4000,,2024-03-25T13:12:47+00:00,2024-04-02T12:22:15+00:00,2024-04-02T12:22:16+00:00,0,Data Import;ready,7.96
DemocracyClub/UK-Polling-Stations,6781,Import BPL-Blackpool Borough Council for 2024-05-02,closed,polling-bot-4000,,2024-03-25T14:22:20+00:00,2024-04-02T12:23:35+00:00,2024-04-02T12:23:36+00:00,0,Data Import;ready,7.92
DemocracyClub/UK-Polling-Stations,6783,Import TEN-Tendring District Council for 2024-05-02,closed,polling-bot-4000,,2024-03-25T14:34:56+00:00,2024-04-12T13:19:27+00:00,2024-04-12T13:19:27+00:00,1,Data Import;ready,17.95
DemocracyClub/UK-Polling-Stations,6785,Import PEM-Pembrokeshire County Council for 2024-05-02,closed,polling-bot-4000,,2024-03-25T14:51:14+00:00,2024-04-02T12:49:55+00:00,2024-04-02T12:49:56+00:00,0,Data Import;ready,7.92
DemocracyClub/UK-Polling-Stations,6787,Import ECA-East Cambridgeshire District Council for 2024-05-02,closed,polling-bot-4000,,2024-03-25T16:59:12+00:00,2024-04-02T13:44:58+00:00,2024-04-02T13:44:59+00:00,0,Data Import;ready,7.87
DemocracyClub/UK-Polling-Stations,6789,Import DAL-Darlington Borough Council for 2024-05-02,closed,polling-bot-4000,,2024-03-25T17:20:51+00:00,2024-04-02T14:09:13+00:00,2024-04-02T14:09:13+00:00,0,Data Import;ready,7.87
DemocracyClub/UK-Polling-Stations,6793,Import CGN-Ceredigion County Council for 2024-05-02,closed,polling-bot-4000,,2024-03-26T15:55:16+00:00,2024-04-02T14:09:51+00:00,2024-04-02T14:09:51+00:00,0,Data Import;ready,6.93
DemocracyClub/UK-Polling-Stations,6795,Import EXE-Exeter City Council for 2024-05-02,closed,polling-bot-4000,,2024-03-26T16:59:12+00:00,2024-04-05T16:43:12+00:00,2024-04-05T16:43:13+00:00,1,Data Import;ready,9.99
DemocracyClub/UK-Polling-Stations,6800,Import RCH-Rochdale Metropolitan Borough Council for 2024-05-02,closed,polling-bot-4000,,2024-03-27T10:00:11+00:00,2024-04-09T16:01:57+00:00,2024-04-09T16:01:57+00:00,0,Data Import;ready,13.25
DemocracyClub/UK-Polling-Stations,6802,Import TAN-Tandridge District Council for 2024-05-02,closed,polling-bot-4000,,2024-03-27T10:39:07+00:00,2024-04-05T18:59:30+00:00,2024-04-05T18:59:30+00:00,1,Data Import;ready,9.35
DemocracyClub/UK-Polling-Stations,6805,Import MTY-Merthyr Tydfil County Borough Council for 2024-05-02,closed,polling-bot-4000,,2024-03-27T11:40:02+00:00,2024-04-09T16:09:27+00:00,2024-04-09T16:09:28+00:00,0,Data Import;ready,13.19
DemocracyClub/UK-Polling-Stations,6808,Import GRE-Royal Borough of Greenwich for 2024-05-02,closed,polling-bot-4000,,2024-03-27T13:54:00+00:00,2024-04-02T14:16:51+00:00,2024-04-02T14:16:51+00:00,0,Data Import;ready,6.02
DemocracyClub/UK-Polling-Stations,6811,Import NEA-Newark & Sherwood District Council for 2024-05-02,closed,polling-bot-4000,,2024-03-27T14:37:30+00:00,2024-04-02T14:25:29+00:00,2024-04-02T14:25:30+00:00,0,Data Import;ready,5.99
DemocracyClub/UK-Polling-Stations,6813,Import WSM-City of Westminster for 2024-05-02,closed,polling-bot-4000,,2024-03-27T14:42:26+00:00,2024-04-02T14:28:32+00:00,2024-04-02T14:28:32+00:00,0,Data Import;ready,5.99
DemocracyClub/UK-Polling-Stations,6815,Import BRO-Broadland District Council for 2024-05-02,closed,polling-bot-4000,,2024-03-27T14:47:46+00:00,2024-04-12T13:22:22+00:00,2024-04-12T13:22:22+00:00,0,Data Import;ready,15.94
DemocracyClub/UK-Polling-Stations,6816,Import BRO-Broadland District Council for 2024-05-02,closed,polling-bot-4000,,2024-03-27T14:47:47+00:00,2024-04-23T10:08:45+00:00,2024-04-23T10:08:45+00:00,4,Data Import;ready,26.81
DemocracyClub/UK-Polling-Stations,6819,Import SNO-South Norfolk District Council for 2024-05-02,closed,polling-bot-4000,,2024-03-27T14:48:39+00:00,2024-04-23T10:08:43+00:00,2024-04-23T10:08:43+00:00,4,Data Import;ready,26.81
DemocracyClub/UK-Polling-Stations,6818,Import SNO-South Norfolk District Council for 2024-05-02,closed,polling-bot-4000,,2024-03-27T14:48:39+00:00,2024-04-05T18:59:08+00:00,2024-04-05T18:59:09+00:00,0,Data Import;ready,9.17
DemocracyClub/UK-Polling-Stations,6823,Import OXO-Oxford City Council for 2024-05-02,closed,polling-bot-4000,,2024-03-28T11:08:21+00:00,2024-04-05T17:03:47+00:00,2024-04-05T17:03:47+00:00,0,Data Import;ready,8.25
DemocracyClub/UK-Polling-Stations,6826,Import ENF-London Borough of Enfield for 2024-05-02,closed,polling-bot-4000,,2024-03-28T13:33:31+00:00,2024-04-05T15:44:22+00:00,2024-04-05T15:44:23+00:00,0,Data Import;ready,8.09
DemocracyClub/UK-Polling-Stations,6828,Import BRT-Broxtowe Borough Council for 2024-05-02,closed,polling-bot-4000,,2024-03-28T15:00:43+00:00,2024-04-05T15:53:56+00:00,2024-04-05T15:53:57+00:00,0,Data Import;ready,8.04
DemocracyClub/UK-Polling-Stations,6831,Halarose Importer doesn't use UPRNs to geocode,closed,awdem,,2024-03-28T16:20:15+00:00,2024-05-22T10:36:25+00:00,2024-05-22T10:36:25+00:00,0,,54.76
DemocracyClub/UK-Polling-Stations,6832,Import BGE-Bridgend County Borough Council for 2024-05-02,closed,polling-bot-4000,,2024-03-28T16:34:30+00:00,2024-04-05T16:39:03+00:00,2024-04-05T16:39:04+00:00,0,Data Import;ready,8.0
DemocracyClub/UK-Polling-Stations,6838,Import TEW-Tewkesbury Borough Council for 2024-05-02,closed,polling-bot-4000,,2024-04-02T07:48:25+00:00,2024-04-05T16:41:24+00:00,2024-04-05T16:41:24+00:00,0,Data Import;ready,3.37
DemocracyClub/UK-Polling-Stations,6842,Import TON-Tonbridge and Malling Borough Council for 2024-05-02,closed,polling-bot-4000,,2024-04-02T14:36:14+00:00,2024-04-05T16:42:00+00:00,2024-04-05T16:42:01+00:00,0,Data Import;ready,3.09
DemocracyClub/UK-Polling-Stations,6844,Import NGM-Nottingham City Council for 2024-05-02,closed,polling-bot-4000,,2024-04-02T14:54:39+00:00,2024-04-05T18:58:48+00:00,2024-04-05T18:58:48+00:00,1,Data Import;ready,3.17
DemocracyClub/UK-Polling-Stations,6846,Import HIL-London Borough of Hillingdon for 2024-05-02,closed,polling-bot-4000,,2024-04-02T15:00:38+00:00,2024-04-05T15:47:50+00:00,2024-04-05T15:47:50+00:00,0,Data Import;ready,3.03
DemocracyClub/UK-Polling-Stations,6851,Import SLA-Westmorland and Furness Council (formerly South Lakeland) for 2024-05-02,closed,polling-bot-4000,,2024-04-03T12:11:06+00:00,2024-04-05T19:08:17+00:00,2024-04-05T19:08:17+00:00,0,Data Import;ready,2.29
DemocracyClub/UK-Polling-Stations,6853,Import BRE-Breckland Council for 2024-05-02,closed,polling-bot-4000,,2024-04-03T13:11:29+00:00,2024-04-05T16:48:52+00:00,2024-04-05T16:48:52+00:00,0,Data Import;ready,2.15
DemocracyClub/UK-Polling-Stations,6855,Import RIC-London Borough of Richmond Upon Thames for 2024-05-02,closed,polling-bot-4000,,2024-04-03T13:23:48+00:00,2024-04-05T16:46:53+00:00,2024-04-05T16:46:53+00:00,0,Data Import;ready,2.14
DemocracyClub/UK-Polling-Stations,6857,Import NYE-North Yorkshire Council for 2024-05-02,closed,polling-bot-4000,,2024-04-04T10:52:53+00:00,2024-04-05T17:24:06+00:00,2024-04-05T17:24:06+00:00,1,Data Import;ready,1.27
DemocracyClub/UK-Polling-Stations,6858,Import EDN-Westmorland and Furness Council (formerly Eden) for 2024-05-02,closed,polling-bot-4000,,2024-04-04T11:10:46+00:00,2024-04-05T19:08:37+00:00,2024-04-05T19:08:37+00:00,0,Data Import;ready,1.33
DemocracyClub/UK-Polling-Stations,6860,Import BAR-Westmorland and Furness Council (formerly Barrow) for 2024-05-02,closed,polling-bot-4000,,2024-04-04T11:11:39+00:00,2024-04-05T19:08:30+00:00,2024-04-05T19:08:30+00:00,0,Data Import;ready,1.33
DemocracyClub/UK-Polling-Stations,6862,Import CON-Cornwall Council for 2024-05-02,closed,polling-bot-4000,,2024-04-04T13:09:09+00:00,2024-04-05T18:58:25+00:00,2024-04-05T18:58:25+00:00,0,Data Import;ready,1.24
DemocracyClub/UK-Polling-Stations,6870,Import BRA-Braintree District Council for 2024-05-02,closed,polling-bot-4000,,2024-04-05T11:44:28+00:00,2024-04-09T16:08:01+00:00,2024-04-09T16:08:02+00:00,0,Data Import;ready,4.18
DemocracyClub/UK-Polling-Stations,6872,Import CHW-Cheshire West and Chester for 2024-05-02,closed,polling-bot-4000,,2024-04-08T12:57:36+00:00,2024-04-12T13:17:03+00:00,2024-04-12T13:17:03+00:00,0,Data Import;ready,4.01
DemocracyClub/UK-Polling-Stations,6875,Import HIN-Hinckley & Bosworth Borough Council for 2024-05-02,closed,polling-bot-4000,,2024-04-08T15:12:08+00:00,2024-04-09T16:10:40+00:00,2024-04-09T16:10:40+00:00,0,Data Import;ready,1.04
DemocracyClub/UK-Polling-Stations,6877,Import CAS-Castle Point Borough Council for 2024-05-02,closed,polling-bot-4000,,2024-04-08T15:52:08+00:00,2024-04-10T09:30:05+00:00,2024-04-10T09:30:05+00:00,0,Data Import;ready,1.73
DemocracyClub/UK-Polling-Stations,6879,Import TAM-Tameside Metropolitan Borough Council for 2024-05-02,closed,polling-bot-4000,,2024-04-08T16:18:00+00:00,2024-04-10T16:10:19+00:00,2024-04-10T16:10:19+00:00,0,Data Import;ready,1.99
DemocracyClub/UK-Polling-Stations,6883,Import HRY-London Borough of Haringey for 2024-05-02,closed,polling-bot-4000,,2024-04-09T11:59:22+00:00,2024-04-10T16:09:55+00:00,2024-06-05T07:26:30+00:00,0,Data Import;ready,1.17
DemocracyClub/UK-Polling-Stations,6885,Import THE-Three Rivers District Council for 2024-05-02,closed,polling-bot-4000,,2024-04-09T12:23:38+00:00,2024-04-12T13:24:18+00:00,2024-04-12T13:24:18+00:00,0,Data Import;ready,3.04
DemocracyClub/UK-Polling-Stations,6890,Import LEE-Lewes District Council for 2024-05-02,closed,polling-bot-4000,,2024-04-09T15:18:24+00:00,2024-04-12T13:15:31+00:00,2024-04-12T13:15:31+00:00,0,Data Import;ready,2.91
DemocracyClub/UK-Polling-Stations,6892,Import NLN-North Lincolnshire Council for 2024-05-02,closed,polling-bot-4000,,2024-04-09T15:45:20+00:00,2024-04-10T16:11:56+00:00,2024-04-10T16:11:56+00:00,0,Data Import;ready,1.02
DemocracyClub/UK-Polling-Stations,6894,Import NNO-North Norfolk District Council for 2024-05-02,closed,polling-bot-4000,,2024-04-09T16:03:48+00:00,2024-04-12T13:24:46+00:00,2024-04-12T13:24:47+00:00,0,Data Import;ready,2.89
DemocracyClub/UK-Polling-Stations,6896,Import STH-Southampton City Council for 2024-05-02,closed,polling-bot-4000,,2024-04-09T19:11:30+00:00,2024-04-15T13:55:23+00:00,2024-04-15T13:55:24+00:00,0,Data Import;ready,5.78
DemocracyClub/UK-Polling-Stations,6899,Import WEW-Welwyn Hatfield Borough Council for 2024-05-02,closed,polling-bot-4000,,2024-04-10T07:57:34+00:00,2024-04-15T15:57:06+00:00,2024-04-15T15:57:06+00:00,0,Data Import;ready,5.33
DemocracyClub/UK-Polling-Stations,6901,Import DEN-Denbighshire County Council for 2024-05-02,closed,polling-bot-4000,,2024-04-10T10:00:29+00:00,2024-04-15T15:56:36+00:00,2024-04-15T15:56:36+00:00,0,Data Import;ready,5.25
DemocracyClub/UK-Polling-Stations,6903,Import WYE-Wyre Forest District Council for 2024-05-02,closed,polling-bot-4000,,2024-04-10T11:56:22+00:00,2024-04-15T15:56:20+00:00,2024-04-15T15:56:20+00:00,0,Data Import;ready,5.17
DemocracyClub/UK-Polling-Stations,6907,Import STF-Staffordshire Moorlands District Council for 2024-05-02,closed,polling-bot-4000,,2024-04-10T14:59:46+00:00,2024-04-17T06:01:07+00:00,2024-04-17T06:01:07+00:00,0,Data Import;ready,6.63
DemocracyClub/UK-Polling-Stations,6909,Import ROC-Rochford District Council for 2024-05-02,closed,polling-bot-4000,,2024-04-10T15:39:54+00:00,2024-04-16T16:52:20+00:00,2024-04-16T16:52:20+00:00,0,Data Import;ready,6.05
DemocracyClub/UK-Polling-Stations,6914,Import WIL-Wiltshire Council for 2024-05-02,closed,polling-bot-4000,,2024-04-11T08:07:01+00:00,2024-04-16T16:52:49+00:00,2024-04-16T16:52:49+00:00,0,Data Import;ready,5.37
DemocracyClub/UK-Polling-Stations,6916,Import NNT-North Northamptonshire Council for 2024-05-02,closed,polling-bot-4000,,2024-04-11T09:09:47+00:00,2024-04-16T17:34:46+00:00,2024-04-16T17:34:47+00:00,0,Data Import;ready,5.35
DemocracyClub/UK-Polling-Stations,6922,Import BOT-Boston Borough Council for 2024-05-02,closed,polling-bot-4000,,2024-04-12T07:19:42+00:00,2024-04-15T15:56:02+00:00,2024-04-15T15:56:03+00:00,0,Data Import;ready,3.36
DemocracyClub/UK-Polling-Stations,6924,Import WDE-West Devon Borough Council for 2024-05-02,closed,polling-bot-4000,,2024-04-12T08:18:32+00:00,2024-04-17T07:51:24+00:00,2024-04-17T07:51:24+00:00,0,Data Import;ready,4.98
DemocracyClub/UK-Polling-Stations,6927,Import IPS-Ipswich Borough Council for 2024-05-02,closed,polling-bot-4000,,2024-04-12T09:31:56+00:00,2024-04-17T07:53:09+00:00,2024-04-17T07:53:09+00:00,0,Data Import;ready,4.93
DemocracyClub/UK-Polling-Stations,6929,Import WYC-Wychavon District Council for 2024-05-02,closed,polling-bot-4000,,2024-04-12T09:41:50+00:00,2024-04-17T07:52:49+00:00,2024-04-17T07:52:50+00:00,0,Data Import;ready,4.92
DemocracyClub/UK-Polling-Stations,6931,Import SLG-Slough Borough Council for 2024-05-02,closed,polling-bot-4000,,2024-04-12T10:24:51+00:00,2024-04-18T17:04:11+00:00,2024-04-18T17:04:12+00:00,0,Data Import;ready,6.28
DemocracyClub/UK-Polling-Stations,6933,Import PTE-Peterborough City Council for 2024-05-02,closed,polling-bot-4000,,2024-04-12T12:00:57+00:00,2024-04-18T17:05:10+00:00,2024-04-18T17:05:11+00:00,0,Data Import;ready,6.21
DemocracyClub/UK-Polling-Stations,6938,Import LIF-Lichfield District Council for 2024-05-02,closed,polling-bot-4000,,2024-04-12T14:39:43+00:00,2024-04-18T17:07:43+00:00,2024-04-18T17:07:43+00:00,0,Data Import;ready,6.1
DemocracyClub/UK-Polling-Stations,6942,Import SKP-Stockport Metropolitan Borough Council for 2024-05-02,closed,polling-bot-4000,,2024-04-16T13:31:30+00:00,2024-04-22T10:50:17+00:00,2024-04-22T10:50:17+00:00,0,Data Import;ready,5.89
DemocracyClub/UK-Polling-Stations,6949,Import IOS-Council of the Isles of Scilly for 2024-05-02,closed,polling-bot-4000,,2024-04-16T17:51:41+00:00,2024-04-18T17:05:26+00:00,2024-04-18T17:05:26+00:00,3,Data Import;ready,1.97
DemocracyClub/UK-Polling-Stations,6953,Import CBD-Cumberland Council for 2024-05-02,closed,polling-bot-4000,,2024-04-17T06:18:59+00:00,2024-04-18T17:05:55+00:00,2024-04-18T17:05:55+00:00,0,Data Import;ready,1.45
DemocracyClub/UK-Polling-Stations,6961,Import GWN-Gwynedd Council for 2024-05-02,closed,polling-bot-4000,,2024-04-19T08:50:27+00:00,2024-04-23T11:55:29+00:00,2024-04-23T11:55:29+00:00,1,Data Import;ready,4.13
DemocracyClub/UK-Polling-Stations,6963,Import NWM-London Borough of Newham for 2024-05-02,closed,polling-bot-4000,,2024-04-19T09:31:55+00:00,2024-04-19T15:27:59+00:00,2024-04-19T15:27:59+00:00,0,Data Import;ready,0.25
DemocracyClub/UK-Polling-Stations,6981,Only show user relevant content for the current point in the election timetable,closed,VirginiaDooley,,2024-04-24T11:06:22+00:00,2025-10-02T14:04:14+00:00,2025-10-02T14:04:14+00:00,0,,526.12
DemocracyClub/UK-Polling-Stations,6994,Import WIL-Wiltshire Council for 2024-05-02,closed,polling-bot-4000,,2024-04-30T07:22:09+00:00,2024-04-30T10:43:28+00:00,2024-04-30T10:43:28+00:00,0,Data Import;ready,0.14
DemocracyClub/UK-Polling-Stations,7017,Import KTT-Royal Borough of Kingston Upon Thames for 2024-05-02,closed,polling-bot-4000,,2024-05-02T09:17:31+00:00,2024-05-02T09:55:52+00:00,2024-05-02T09:55:52+00:00,0,Data Import;ready,0.03
DemocracyClub/UK-Polling-Stations,7043,Import HLD-Highland Council for 2024-06-13,closed,polling-bot-4000,,2024-05-20T09:40:26+00:00,2024-05-23T13:14:50+00:00,2024-05-23T13:14:50+00:00,2,Data Import;ready,3.15
DemocracyClub/UK-Polling-Stations,7042,Import HLD-Highland Council for 2024-06-13,closed,polling-bot-4000,,2024-05-20T09:40:26+00:00,2024-05-20T14:26:07+00:00,2024-05-20T14:26:07+00:00,0,Data Import;ready,0.2
DemocracyClub/UK-Polling-Stations,7046,Import GRE-Royal Borough of Greenwich for 2024-06-13,closed,polling-bot-4000,,2024-05-21T08:54:07+00:00,2024-05-21T10:25:00+00:00,2024-05-21T10:25:00+00:00,0,Data Import;ready,0.06
DemocracyClub/UK-Polling-Stations,7051,Import EST-East Staffordshire Borough Council for 2024-07-04,closed,polling-bot-4000,,2024-05-23T13:54:21+00:00,2024-05-23T15:12:45+00:00,2024-05-29T14:48:08+00:00,3,Data Import;ready,0.05
DemocracyClub/UK-Polling-Stations,7053,Import BUR-Bury Metropolitan Borough Council for 2024-07-04,closed,polling-bot-4000,,2024-05-23T16:32:59+00:00,2024-05-24T10:15:16+00:00,2024-05-29T14:48:08+00:00,0,Data Import;ready,0.74
DemocracyClub/UK-Polling-Stations,7055,Import BRC-Bracknell Forest Borough Council for 2024-07-04,closed,polling-bot-4000,,2024-05-23T16:45:04+00:00,2024-05-24T11:33:23+00:00,2024-05-29T14:48:08+00:00,2,Data Import;ready,0.78
DemocracyClub/UK-Polling-Stations,7058,Import BAB-Babergh District Council for 2024-07-04,closed,polling-bot-4000,,2024-05-23T18:55:46+00:00,2024-06-07T09:43:09+00:00,2024-06-07T09:43:09+00:00,4,Data Import;ready;duplicate,14.62
DemocracyClub/UK-Polling-Stations,7057,Import BAB-Babergh District Council for 2024-07-04,closed,polling-bot-4000,,2024-05-23T18:55:46+00:00,2024-05-24T12:27:33+00:00,2024-05-29T14:48:09+00:00,0,Data Import;ready,0.73
DemocracyClub/UK-Polling-Stations,7060,Import MSU-Mid Suffolk District Council for 2024-07-04,closed,polling-bot-4000,,2024-05-23T18:56:20+00:00,2024-05-24T12:50:34+00:00,2024-05-29T14:48:09+00:00,4,Data Import;ready,0.75
DemocracyClub/UK-Polling-Stations,7062,Import NUN-Nuneaton and Bedworth Borough Council for 2024-07-04,closed,polling-bot-4000,,2024-05-23T20:04:41+00:00,2024-06-03T14:38:29+00:00,2024-06-03T14:38:30+00:00,2,Data Import;ready,10.77
DemocracyClub/UK-Polling-Stations,7064,Import NWA-North Warwickshire Borough Council for 2024-07-04,closed,polling-bot-4000,,2024-05-23T20:11:26+00:00,2024-05-24T13:27:41+00:00,2024-05-29T14:48:09+00:00,0,Data Import;ready,0.72
DemocracyClub/UK-Polling-Stations,7068,Import WYR-Wyre Borough Council for 2024-07-04,closed,polling-bot-4000,,2024-05-24T10:01:28+00:00,2024-05-29T08:11:35+00:00,2024-05-29T14:48:10+00:00,2,Data Import;ready,4.92
DemocracyClub/UK-Polling-Stations,7071,Import BRC-Bracknell Forest Borough Council for 2024-07-04,closed,polling-bot-4000,,2024-05-24T13:12:15+00:00,2024-05-27T09:33:03+00:00,2024-05-29T14:48:10+00:00,1,Data Import;ready,2.85
DemocracyClub/UK-Polling-Stations,7073,Import MOL-Mole Valley District Council for 2024-07-04,closed,polling-bot-4000,,2024-05-24T13:37:19+00:00,2024-05-27T10:22:43+00:00,2024-05-29T14:48:10+00:00,0,Data Import;ready,2.86
DemocracyClub/UK-Polling-Stations,7075,Import HRY-London Borough of Haringey for 2024-07-04,closed,polling-bot-4000,,2024-05-24T15:46:38+00:00,2024-05-27T10:41:16+00:00,2024-05-29T14:48:11+00:00,0,Data Import;ready,2.79
DemocracyClub/UK-Polling-Stations,7077,Import HRY-London Borough of Haringey for 2024-07-04,closed,polling-bot-4000,,2024-05-24T15:46:45+00:00,2024-06-07T09:43:09+00:00,2024-06-07T09:43:09+00:00,10,Data Import;ready;duplicate,13.75
DemocracyClub/UK-Polling-Stations,7078,Import PEN-Pendle Borough Council for 2024-07-04,closed,polling-bot-4000,,2024-05-24T15:52:47+00:00,2024-05-27T10:56:21+00:00,2024-05-29T14:48:11+00:00,0,Data Import;ready,2.79
DemocracyClub/UK-Polling-Stations,7080,Import CHL-Chelmsford City Council for 2024-07-04,closed,polling-bot-4000,,2024-05-24T16:36:24+00:00,2024-05-28T09:10:52+00:00,2024-05-29T14:48:11+00:00,1,Data Import;ready,3.69
DemocracyClub/UK-Polling-Stations,7082,Import OAD-Oadby & Wigston Borough Council for 2024-07-04,closed,polling-bot-4000,,2024-05-24T18:21:14+00:00,2024-05-27T13:13:01+00:00,2024-05-29T14:48:12+00:00,0,Data Import;ready,2.79
DemocracyClub/UK-Polling-Stations,7085,Import ELM-Elmbridge Borough Council for 2024-07-04,closed,polling-bot-4000,,2024-05-25T08:05:21+00:00,2024-05-27T14:03:59+00:00,2024-05-29T14:48:12+00:00,3,Data Import;ready,2.25
DemocracyClub/UK-Polling-Stations,7087,Import LDS-Leeds City Council for 2024-07-04,closed,polling-bot-4000,,2024-05-26T08:16:15+00:00,2024-05-27T14:07:54+00:00,2024-05-29T14:48:12+00:00,1,Data Import;ready,1.24
DemocracyClub/UK-Polling-Stations,7089,Import CHA-Charnwood Borough Council for 2024-07-04,closed,polling-bot-4000,,2024-05-26T16:49:42+00:00,2024-05-27T14:19:19+00:00,2024-05-29T14:48:12+00:00,0,Data Import;ready,0.9
DemocracyClub/UK-Polling-Stations,7091,Import BLA-Blaby District Council for 2024-07-04,closed,polling-bot-4000,,2024-05-27T08:38:16+00:00,2024-05-27T14:34:19+00:00,2024-05-29T14:48:13+00:00,0,Data Import;ready,0.25
DemocracyClub/UK-Polling-Stations,7094,Import BAB-Babergh District Council for 2024-07-04,closed,polling-bot-4000,,2024-05-27T09:32:10+00:00,2024-05-27T09:51:04+00:00,2024-05-29T14:48:13+00:00,0,Data Import;ready,0.01
DemocracyClub/UK-Polling-Stations,7096,Import STE-Stoke on Trent City Council for 2024-07-04,closed,polling-bot-4000,,2024-05-27T10:30:04+00:00,2024-05-27T15:07:31+00:00,2024-05-29T14:47:06+00:00,0,Data Import;ready,0.19
DemocracyClub/UK-Polling-Stations,7099,Import SAL-St Albans City & District Council for 2024-07-04,closed,polling-bot-4000,,2024-05-27T14:28:29+00:00,2024-05-27T15:27:45+00:00,2024-05-29T14:47:07+00:00,0,Data Import;ready,0.04
DemocracyClub/UK-Polling-Stations,7101,Import BLA-Blaby District Council for 2024-07-04,closed,polling-bot-4000,,2024-05-27T15:02:39+00:00,2024-05-27T15:31:26+00:00,2024-05-29T14:47:07+00:00,0,Data Import;ready,0.02
DemocracyClub/UK-Polling-Stations,7104,Import DND-Dundee City Council for 2024-07-04,closed,polling-bot-4000,,2024-05-27T16:16:57+00:00,2024-05-28T09:54:11+00:00,2024-05-29T14:47:07+00:00,3,Data Import;ready,0.73
DemocracyClub/UK-Polling-Stations,7106,Import SHN-St Helens Metropolitan Borough Council for 2024-07-04,closed,polling-bot-4000,,2024-05-27T20:12:00+00:00,2024-05-28T10:12:37+00:00,2024-05-29T14:47:08+00:00,0,Data Import;ready,0.58
DemocracyClub/UK-Polling-Stations,7108,Import MDB-Middlesbrough Borough Council for 2024-07-04,closed,polling-bot-4000,,2024-05-28T08:46:48+00:00,2024-05-28T10:34:32+00:00,2024-05-29T14:47:08+00:00,0,Data Import;ready,0.07
DemocracyClub/UK-Polling-Stations,7111,Import LEW-London Borough of Lewisham for 2024-07-04,closed,polling-bot-4000,,2024-05-28T11:57:08+00:00,2024-05-28T12:56:45+00:00,2024-05-29T14:47:09+00:00,0,Data Import;ready,0.04
DemocracyClub/UK-Polling-Stations,7113,Import NBL-Northumberland County Council for 2024-07-04,closed,polling-bot-4000,,2024-05-28T11:57:50+00:00,2024-05-28T13:15:15+00:00,2024-05-29T14:47:09+00:00,0,Data Import;ready,0.05
DemocracyClub/UK-Polling-Stations,7115,Import SHO-South Holland District Council for 2024-07-04,closed,polling-bot-4000,,2024-05-28T12:01:49+00:00,2024-05-28T13:18:48+00:00,2024-05-29T14:47:09+00:00,0,Data Import;ready,0.05
DemocracyClub/UK-Polling-Stations,7117,Import HUN-Huntingdonshire District Council for 2024-07-04,closed,polling-bot-4000,,2024-05-28T12:02:27+00:00,2024-05-28T13:52:24+00:00,2024-05-29T14:47:10+00:00,1,Data Import;ready,0.08
DemocracyClub/UK-Polling-Stations,7119,Import HUN-Huntingdonshire District Council for 2024-07-04,closed,polling-bot-4000,,2024-05-28T12:02:40+00:00,2024-06-07T09:43:10+00:00,2024-06-07T09:43:10+00:00,6,Data Import;ready;duplicate,9.9
DemocracyClub/UK-Polling-Stations,7120,Import TEI-Teignbridge District Council for 2024-07-04,closed,polling-bot-4000,,2024-05-28T12:20:04+00:00,2024-05-28T14:55:00+00:00,2024-05-29T14:47:10+00:00,0,Data Import;ready,0.11
DemocracyClub/UK-Polling-Stations,7122,Import BNH-Brighton and Hove Council for 2024-07-04,closed,polling-bot-4000,,2024-05-28T13:03:20+00:00,2024-05-28T15:08:53+00:00,2024-05-29T14:47:11+00:00,0,Data Import;ready,0.09
DemocracyClub/UK-Polling-Stations,7124,Import MDE-Mid Devon District Council for 2024-07-04,closed,polling-bot-4000,,2024-05-28T13:15:13+00:00,2024-05-28T15:20:10+00:00,2024-05-29T14:47:11+00:00,0,Data Import;ready,0.09
DemocracyClub/UK-Polling-Stations,7126,Import ASH-Ashfield District Council for 2024-07-04,closed,polling-bot-4000,,2024-05-28T13:21:07+00:00,2024-05-28T15:23:32+00:00,2024-05-29T14:47:11+00:00,1,Data Import;ready,0.09
DemocracyClub/UK-Polling-Stations,7128,Import NEW-New Forest District Council for 2024-07-04,closed,polling-bot-4000,,2024-05-28T13:29:11+00:00,2024-05-28T15:39:40+00:00,2024-05-29T14:47:12+00:00,0,Data Import;ready,0.09
DemocracyClub/UK-Polling-Stations,7130,Import DAC-Dacorum Borough Council for 2024-07-04,closed,polling-bot-4000,,2024-05-28T13:30:46+00:00,2024-05-28T15:43:08+00:00,2024-05-29T14:47:12+00:00,0,Data Import;ready,0.09
DemocracyClub/UK-Polling-Stations,7132,Import HPL-Hartlepool Borough Council for 2024-07-04,closed,polling-bot-4000,,2024-05-28T13:37:58+00:00,2024-06-05T08:25:18+00:00,2024-06-05T08:25:18+00:00,0,Data Import;ready,7.78
DemocracyClub/UK-Polling-Stations,7134,Import WRL-Wirral Metropolitan Borough Council for 2024-07-04,closed,polling-bot-4000,,2024-05-28T13:48:29+00:00,2024-06-05T07:37:53+00:00,2024-06-05T07:37:53+00:00,0,Data Import;ready,7.74
DemocracyClub/UK-Polling-Stations,7136,Import CRW-Crawley Borough Council for 2024-07-04,closed,polling-bot-4000,,2024-05-28T14:07:20+00:00,2024-06-07T08:24:27+00:00,2024-06-07T08:24:27+00:00,0,Data Import;ready,9.76
DemocracyClub/UK-Polling-Stations,7139,Import HAO-Harborough District Council for 2024-07-04,closed,polling-bot-4000,,2024-05-28T14:59:41+00:00,2024-06-05T07:48:25+00:00,2024-06-05T07:48:25+00:00,1,Data Import;ready;duplicate,7.7
DemocracyClub/UK-Polling-Stations,7141,Import HAO-Harborough District Council for 2024-07-04,closed,polling-bot-4000,,2024-05-28T14:59:50+00:00,2024-06-07T09:41:31+00:00,2024-06-07T09:41:31+00:00,4,Data Import;ready,9.78
DemocracyClub/UK-Polling-Stations,7142,Import IPS-Ipswich Borough Council for 2024-07-04,closed,polling-bot-4000,,2024-05-28T15:02:11+00:00,2024-05-29T07:39:41+00:00,2024-05-29T14:47:12+00:00,0,Data Import;ready,0.69
DemocracyClub/UK-Polling-Stations,7144,Import CHI-Chichester District Council for 2024-07-04,closed,polling-bot-4000,,2024-05-28T15:04:06+00:00,2024-05-29T07:40:57+00:00,2024-05-29T14:47:13+00:00,4,Data Import;ready,0.69
DemocracyClub/UK-Polling-Stations,7146,Import ASF-Ashford Borough Council for 2024-07-04,closed,polling-bot-4000,,2024-05-28T15:12:32+00:00,2024-05-29T07:56:53+00:00,2024-05-29T14:47:13+00:00,0,Data Import;ready,0.7
DemocracyClub/UK-Polling-Stations,7148,Import GED-Gedling Borough Council for 2024-07-04,closed,polling-bot-4000,,2024-05-28T15:17:50+00:00,2024-05-29T08:01:36+00:00,2024-05-29T14:47:13+00:00,0,Data Import;ready,0.7
DemocracyClub/UK-Polling-Stations,7150,Import WLA-West Lancashire Borough Council for 2024-07-04,closed,polling-bot-4000,,2024-05-28T15:23:43+00:00,2024-05-29T08:23:13+00:00,2024-05-29T14:47:14+00:00,0,Data Import;ready,0.71
DemocracyClub/UK-Polling-Stations,7152,Import NDE-North Devon Council for 2024-07-04,closed,polling-bot-4000,,2024-05-28T15:33:13+00:00,2024-05-29T08:59:28+00:00,2024-05-29T14:47:14+00:00,0,Data Import;ready,0.73
DemocracyClub/UK-Polling-Stations,7154,Import LUT-Luton Borough Council for 2024-07-04,closed,polling-bot-4000,,2024-05-28T15:48:04+00:00,2024-05-29T10:04:42+00:00,2024-05-29T14:47:14+00:00,0,Data Import;ready,0.76
DemocracyClub/UK-Polling-Stations,7156,Import BNS-Barnsley Metropolitan Borough Council for 2024-07-04,closed,polling-bot-4000,,2024-05-28T15:54:15+00:00,2024-06-05T11:54:09+00:00,2024-06-05T11:54:09+00:00,0,Data Import;ready,7.83
DemocracyClub/UK-Polling-Stations,7157,Import BNS-Barnsley Metropolitan Borough Council for 2024-07-04,closed,polling-bot-4000,,2024-05-28T15:54:16+00:00,2024-06-07T09:43:10+00:00,2024-06-07T09:43:11+00:00,6,Data Import;ready;duplicate,9.74
DemocracyClub/UK-Polling-Stations,7159,Import NKE-North Kesteven District Council for 2024-07-04,closed,polling-bot-4000,,2024-05-28T16:09:51+00:00,2024-05-29T11:15:25+00:00,2024-05-29T14:47:15+00:00,2,Data Import;ready,0.8
DemocracyClub/UK-Polling-Stations,7161,Import EPP-Epping Forest District Council for 2024-07-04,closed,polling-bot-4000,,2024-05-28T16:32:33+00:00,2024-05-29T11:22:40+00:00,2024-05-29T14:47:15+00:00,0,Data Import;ready,0.78
DemocracyClub/UK-Polling-Stations,7163,Import LCE-Leicester City Council for 2024-07-04,closed,polling-bot-4000,,2024-05-28T17:47:28+00:00,2024-06-07T08:00:30+00:00,2024-06-07T08:00:30+00:00,0,Data Import;ready,9.59
DemocracyClub/UK-Polling-Stations,7165,Import TRF-Trafford Metropolitan Borough Council for 2024-07-04,closed,polling-bot-4000,,2024-05-28T17:53:17+00:00,2024-06-05T08:03:19+00:00,2024-06-05T08:03:19+00:00,0,Data Import;ready,7.59
DemocracyClub/UK-Polling-Stations,7167,Import WOI-Woking Borough Council for 2024-07-04,closed,polling-bot-4000,,2024-05-28T17:55:51+00:00,2024-06-05T08:16:24+00:00,2024-06-05T08:16:25+00:00,0,Data Import;ready,7.6
DemocracyClub/UK-Polling-Stations,7171,Import TES-Test Valley Borough Council for 2024-07-04,closed,polling-bot-4000,,2024-05-28T19:43:50+00:00,2024-05-30T07:11:42+00:00,2024-05-30T07:11:42+00:00,0,Data Import;ready,1.48
DemocracyClub/UK-Polling-Stations,7173,Import BAE-Bassetlaw District Council for 2024-07-04,closed,polling-bot-4000,,2024-05-28T19:50:13+00:00,2024-05-30T07:36:06+00:00,2024-05-30T07:36:06+00:00,0,Data Import;ready,1.49
DemocracyClub/UK-Polling-Stations,7175,Import SGC-South Gloucestershire Council for 2024-07-04,closed,polling-bot-4000,,2024-05-29T07:38:05+00:00,2024-05-30T07:44:10+00:00,2024-05-30T07:44:11+00:00,0,Data Import;ready,1.0
DemocracyClub/UK-Polling-Stations,7177,Import COL-Colchester City Council for 2024-07-04,closed,polling-bot-4000,,2024-05-29T07:52:06+00:00,2024-05-30T08:15:47+00:00,2024-05-30T08:15:48+00:00,2,Data Import;ready,1.02
DemocracyClub/UK-Polling-Stations,7179,Import KIN-King's Lynn & West Norfolk for 2024-07-04,closed,polling-bot-4000,,2024-05-29T07:55:25+00:00,2024-05-30T08:04:03+00:00,2024-05-30T08:04:04+00:00,0,Data Import;ready,1.01
DemocracyClub/UK-Polling-Stations,7181,Import SKE-South Kesteven District Council for 2024-07-04,closed,polling-bot-4000,,2024-05-29T07:57:16+00:00,2024-05-30T08:29:21+00:00,2024-05-30T08:29:21+00:00,0,Data Import;ready,1.02
DemocracyClub/UK-Polling-Stations,7182,Import SKE-South Kesteven District Council for 2024-07-04,closed,polling-bot-4000,,2024-05-29T07:57:18+00:00,2024-06-07T09:43:11+00:00,2024-06-07T09:43:11+00:00,0,Data Import;ready;duplicate,9.07
DemocracyClub/UK-Polling-Stations,7184,Import SKE-South Kesteven District Council for 2024-07-04,closed,polling-bot-4000,,2024-05-29T07:57:30+00:00,2024-06-07T09:43:11+00:00,2024-06-07T09:43:12+00:00,3,Data Import;ready;duplicate,9.07
DemocracyClub/UK-Polling-Stations,7185,Import RUN-Runnymede Borough Council for 2024-07-04,closed,polling-bot-4000,,2024-05-29T08:01:03+00:00,2024-05-30T08:46:12+00:00,2024-05-30T08:46:13+00:00,0,Data Import;ready,1.03
DemocracyClub/UK-Polling-Stations,7187,Import NEC-Newcastle Under Lyme Borough Council for 2024-07-04,closed,polling-bot-4000,,2024-05-29T08:09:56+00:00,2024-05-30T08:57:51+00:00,2024-05-30T08:57:52+00:00,0,Data Import;ready,1.03
DemocracyClub/UK-Polling-Stations,7189,Import ERW-East Renfrewshire Council for 2024-07-04,closed,polling-bot-4000,,2024-05-29T08:31:39+00:00,2024-05-30T09:00:21+00:00,2024-05-30T09:00:22+00:00,3,Data Import;ready,1.02
DemocracyClub/UK-Polling-Stations,7191,Import GLO-Gloucester City Council for 2024-07-04,closed,polling-bot-4000,,2024-05-29T09:21:05+00:00,2024-05-30T13:27:35+00:00,2024-05-30T13:27:35+00:00,0,Data Import;ready,1.17
DemocracyClub/UK-Polling-Stations,7193,Import BAI-Basildon Borough Council for 2024-07-04,closed,polling-bot-4000,,2024-05-29T10:06:51+00:00,2024-05-30T14:02:14+00:00,2024-05-30T14:02:15+00:00,0,Data Import;ready,1.16
DemocracyClub/UK-Polling-Stations,7195,Import CAT-Canterbury City Council for 2024-07-04,closed,polling-bot-4000,,2024-05-29T10:43:14+00:00,2024-05-30T14:30:41+00:00,2024-05-30T14:30:41+00:00,0,Data Import;ready,1.16
DemocracyClub/UK-Polling-Stations,7197,Import RUS-Rushcliffe Borough Council for 2024-07-04,closed,polling-bot-4000,,2024-05-29T10:45:29+00:00,2024-05-30T15:11:27+00:00,2024-05-30T15:11:27+00:00,0,Data Import;ready,1.18
DemocracyClub/UK-Polling-Stations,7199,Import SDE-South Derbyshire District Council for 2024-07-04,closed,polling-bot-4000,,2024-05-29T10:57:59+00:00,2024-05-30T14:57:29+00:00,2024-05-30T14:57:29+00:00,0,Data Import;ready,1.17
DemocracyClub/UK-Polling-Stations,7201,Import NHE-North Hertfordshire District Council for 2024-07-04,closed,polling-bot-4000,,2024-05-29T11:03:53+00:00,2024-05-30T15:43:11+00:00,2024-05-30T15:43:11+00:00,0,Data Import;ready,1.19
DemocracyClub/UK-Polling-Stations,7203,Import PLY-Plymouth City Council for 2024-07-04,closed,polling-bot-4000,,2024-05-29T11:32:56+00:00,2024-05-30T15:46:40+00:00,2024-05-30T15:46:41+00:00,0,Data Import;ready,1.18
DemocracyClub/UK-Polling-Stations,7205,Import PLY-Plymouth City Council for 2024-07-04,closed,polling-bot-4000,,2024-05-29T11:33:06+00:00,2024-06-07T09:43:12+00:00,2024-06-07T09:43:12+00:00,0,Data Import;ready;duplicate,8.92
DemocracyClub/UK-Polling-Stations,7206,Import PLY-Plymouth City Council for 2024-07-04,closed,polling-bot-4000,,2024-05-29T11:34:20+00:00,2024-06-07T09:43:13+00:00,2024-06-07T09:43:13+00:00,1,Data Import;ready;duplicate,8.92
DemocracyClub/UK-Polling-Stations,7207,Import BDG-London Borough of Barking and Dagenham for 2024-07-04,closed,polling-bot-4000,,2024-05-29T12:35:59+00:00,2024-06-03T14:50:22+00:00,2024-06-03T14:50:23+00:00,0,Data Import;ready,5.09
DemocracyClub/UK-Polling-Stations,7209,Import HAT-Hart District Council for 2024-07-04,closed,polling-bot-4000,,2024-05-29T12:36:04+00:00,2024-06-03T14:57:15+00:00,2024-06-03T14:57:16+00:00,0,Data Import;ready,5.1
DemocracyClub/UK-Polling-Stations,7211,Import STY-South Tyneside Metropolitan Borough Council for 2024-07-04,closed,polling-bot-4000,,2024-05-29T13:37:22+00:00,2024-06-03T15:07:11+00:00,2024-06-03T15:07:11+00:00,0,Data Import;ready,5.06
DemocracyClub/UK-Polling-Stations,7213,Import WAW-Warwick District Council for 2024-07-04,closed,polling-bot-4000,,2024-05-29T14:16:45+00:00,2024-06-03T15:11:27+00:00,2024-06-03T15:11:27+00:00,0,Data Import;ready,5.04
DemocracyClub/UK-Polling-Stations,7215,Import EHE-East Hertfordshire District Council for 2024-07-04,closed,polling-bot-4000,,2024-05-29T14:57:08+00:00,2024-06-03T15:19:54+00:00,2024-06-03T15:19:55+00:00,0,Data Import;ready,5.02
DemocracyClub/UK-Polling-Stations,7217,Import STA-Stafford Borough Council for 2024-07-04,closed,polling-bot-4000,,2024-05-29T14:57:39+00:00,2024-06-03T15:25:03+00:00,2024-06-03T15:25:03+00:00,3,Data Import;ready,5.02
DemocracyClub/UK-Polling-Stations,7219,Import HEF-Herefordshire Council for 2024-07-04,closed,polling-bot-4000,,2024-05-29T15:16:59+00:00,2024-06-03T15:38:45+00:00,2024-06-03T15:38:45+00:00,0,Data Import;ready,5.02
DemocracyClub/UK-Polling-Stations,7221,Import MAV-Malvern Hills District Council for 2024-07-04,closed,polling-bot-4000,,2024-05-29T15:50:14+00:00,2024-06-03T15:44:01+00:00,2024-06-03T15:44:02+00:00,0,Data Import;ready,5.0
DemocracyClub/UK-Polling-Stations,7223,Import SOL-Solihull Metropolitan Borough Council for 2024-07-04,closed,polling-bot-4000,,2024-05-29T16:37:50+00:00,2024-06-03T15:49:32+00:00,2024-06-03T15:49:33+00:00,2,Data Import;ready,4.97
DemocracyClub/UK-Polling-Stations,7225,Import HER-Hertsmere Borough Council for 2024-07-04,closed,polling-bot-4000,,2024-05-29T17:04:39+00:00,2024-06-03T15:32:48+00:00,2024-06-03T15:32:48+00:00,0,Data Import;ready,4.94
DemocracyClub/UK-Polling-Stations,7227,Import HNS-London Borough of Hounslow for 2024-07-04,closed,polling-bot-4000,,2024-05-29T18:11:19+00:00,2024-06-03T15:55:18+00:00,2024-06-03T15:55:19+00:00,1,Data Import;ready,4.91
DemocracyClub/UK-Polling-Stations,7229,Import DUR-Durham County Council for 2024-07-04,closed,polling-bot-4000,,2024-05-29T21:03:14+00:00,2024-06-03T16:00:18+00:00,2024-06-03T16:00:19+00:00,0,Data Import;ready,4.79
DemocracyClub/UK-Polling-Stations,7231,Import LBH-London Borough of Lambeth for 2024-07-04,closed,polling-bot-4000,,2024-05-29T21:18:04+00:00,2024-06-03T16:05:52+00:00,2024-06-03T16:05:53+00:00,0,Data Import;ready,4.78
DemocracyClub/UK-Polling-Stations,7233,Import FOE-Forest of Dean District Council for 2024-07-04,closed,polling-bot-4000,,2024-05-29T21:27:50+00:00,2024-06-03T16:12:16+00:00,2024-06-03T16:12:16+00:00,0,Data Import;ready,4.78
DemocracyClub/UK-Polling-Stations,7237,Import TUN-Tunbridge Wells Borough Council for 2024-07-04,closed,polling-bot-4000,,2024-05-30T08:04:25+00:00,2024-06-03T16:19:17+00:00,2024-06-03T16:19:17+00:00,0,Data Import;ready,4.34
DemocracyClub/UK-Polling-Stations,7239,Import WOK-Wokingham Borough Council for 2024-07-04,closed,polling-bot-4000,,2024-05-30T08:05:14+00:00,2024-06-05T09:04:34+00:00,2024-06-05T09:04:35+00:00,0,Data Import;ready,6.04
DemocracyClub/UK-Polling-Stations,7241,Import SWD-Swindon Borough Council for 2024-07-04,closed,polling-bot-4000,,2024-05-30T09:29:57+00:00,2024-06-05T09:22:30+00:00,2024-06-05T09:22:31+00:00,0,Data Import;ready,5.99
DemocracyClub/UK-Polling-Stations,7243,Import DOV-Dover District Council for 2024-07-04,closed,polling-bot-4000,,2024-05-30T09:38:22+00:00,2024-06-05T10:34:35+00:00,2024-06-05T10:34:35+00:00,0,Data Import;ready,6.04
DemocracyClub/UK-Polling-Stations,7245,Import WLL-Walsall Metropolitan Borough Council for 2024-07-04,closed,polling-bot-4000,,2024-05-30T09:49:08+00:00,2024-06-05T11:02:03+00:00,2024-06-05T11:02:04+00:00,0,Data Import;ready,6.05
DemocracyClub/UK-Polling-Stations,7247,Import RCT-Rhondda Cynon Taf County Borough Council for 2024-07-04,closed,polling-bot-4000,,2024-05-30T09:52:46+00:00,2024-06-05T13:23:37+00:00,2024-06-05T13:23:37+00:00,0,Data Import;ready,6.15
DemocracyClub/UK-Polling-Stations,7249,Import RCT-Rhondda Cynon Taf County Borough Council for 2024-07-04,closed,polling-bot-4000,,2024-05-30T09:52:53+00:00,2024-06-07T09:43:13+00:00,2024-06-07T09:43:13+00:00,5,Data Import;ready;duplicate,7.99
DemocracyClub/UK-Polling-Stations,7250,Import NWL-North West Leicestershire District Council for 2024-07-04,closed,polling-bot-4000,,2024-05-30T10:06:06+00:00,2024-06-05T13:33:25+00:00,2024-06-05T13:33:26+00:00,0,Data Import;ready,6.14
DemocracyClub/UK-Polling-Stations,7252,Import POR-Portsmouth City Council for 2024-07-04,closed,polling-bot-4000,,2024-05-30T10:07:40+00:00,2024-06-06T07:21:01+00:00,2024-06-06T07:21:01+00:00,0,Data Import;ready,6.88
DemocracyClub/UK-Polling-Stations,7253,Import BUN-Burnley Borough Council for 2024-07-04,closed,polling-bot-4000,,2024-05-30T10:07:42+00:00,2024-06-05T13:37:46+00:00,2024-06-05T13:37:47+00:00,0,Data Import;ready,6.15
DemocracyClub/UK-Polling-Stations,7258,Import CHO-Chorley Borough Council for 2024-07-04,closed,polling-bot-4000,,2024-05-30T10:20:05+00:00,2024-06-04T09:02:08+00:00,2024-06-04T09:02:08+00:00,3,Data Import;ready,4.95
DemocracyClub/UK-Polling-Stations,7257,Import CHO-Chorley Borough Council for 2024-07-04,closed,polling-bot-4000,,2024-05-30T10:20:05+00:00,2024-06-07T09:43:14+00:00,2024-06-07T09:43:14+00:00,0,Data Import;ready;duplicate,7.97
DemocracyClub/UK-Polling-Stations,7260,Import SOX-South Oxfordshire District Council for 2024-07-04,closed,polling-bot-4000,,2024-05-30T10:53:32+00:00,2024-06-10T17:09:39+00:00,2024-06-10T17:09:39+00:00,6,Data Import;ready,11.26
DemocracyClub/UK-Polling-Stations,7262,Import WOX-West Oxfordshire District Council for 2024-07-04,closed,polling-bot-4000,,2024-05-30T11:08:39+00:00,2024-06-06T15:00:31+00:00,2024-06-06T15:00:32+00:00,2,Data Import;ready,7.16
DemocracyClub/UK-Polling-Stations,7264,Import HIN-Hinckley & Bosworth Borough Council for 2024-07-04,closed,polling-bot-4000,,2024-05-30T12:04:51+00:00,2024-06-04T09:36:16+00:00,2024-06-04T09:36:17+00:00,0,Data Import;ready,4.9
DemocracyClub/UK-Polling-Stations,7266,Import GAT-Gateshead Metropolitan Borough Council for 2024-07-04,closed,polling-bot-4000,,2024-05-30T12:07:00+00:00,2024-06-04T12:01:59+00:00,2024-06-04T12:01:59+00:00,3,Data Import;ready;On hold ⛔,5.0
DemocracyClub/UK-Polling-Stations,7268,Import WSK-West Suffolk Council for 2024-07-04,closed,polling-bot-4000,,2024-05-30T13:07:15+00:00,2024-06-04T10:27:58+00:00,2024-06-04T10:27:58+00:00,0,Data Import;ready,4.89
DemocracyClub/UK-Polling-Stations,7270,Import SCA-South Cambridgeshire District Council for 2024-07-04,closed,polling-bot-4000,,2024-05-30T13:10:43+00:00,2024-06-04T10:51:18+00:00,2024-06-04T10:51:19+00:00,0,Data Import;ready,4.9
DemocracyClub/UK-Polling-Stations,7271,Import SCA-South Cambridgeshire District Council for 2024-07-04,closed,polling-bot-4000,,2024-05-30T13:10:44+00:00,2024-06-07T09:43:14+00:00,2024-06-07T09:43:14+00:00,0,Data Import;ready;duplicate,7.86
DemocracyClub/UK-Polling-Stations,7273,Import SCA-South Cambridgeshire District Council for 2024-07-04,closed,polling-bot-4000,,2024-05-30T13:10:57+00:00,2024-06-07T09:43:15+00:00,2024-06-07T09:43:15+00:00,7,Data Import;ready;duplicate,7.86
DemocracyClub/UK-Polling-Stations,7274,Import TOF-Torfaen County Borough Council for 2024-07-04,closed,polling-bot-4000,,2024-05-30T13:12:14+00:00,2024-06-05T08:37:44+00:00,2024-06-05T08:54:30+00:00,1,Data Import;ready,5.81
DemocracyClub/UK-Polling-Stations,7276,Import RDB-London Borough of Redbridge for 2024-07-04,closed,polling-bot-4000,,2024-05-30T13:28:16+00:00,2024-06-04T11:30:25+00:00,2024-06-04T11:30:25+00:00,0,Data Import;ready,4.92
DemocracyClub/UK-Polling-Stations,7278,Import BRT-Broxtowe Borough Council for 2024-07-04,closed,polling-bot-4000,,2024-05-30T13:47:18+00:00,2024-06-04T11:35:46+00:00,2024-06-04T11:35:47+00:00,0,Data Import;ready,4.91
DemocracyClub/UK-Polling-Stations,7280,Import EAS-Eastbourne Borough Council for 2024-07-04,closed,polling-bot-4000,,2024-05-30T14:12:24+00:00,2024-06-04T11:47:55+00:00,2024-06-04T11:47:56+00:00,0,Data Import;ready,4.9
DemocracyClub/UK-Polling-Stations,7282,Import SLF-Salford City Council for 2024-07-04,closed,polling-bot-4000,,2024-05-30T14:14:54+00:00,2024-06-04T11:57:27+00:00,2024-06-04T11:57:28+00:00,0,Data Import;ready,4.9
DemocracyClub/UK-Polling-Stations,7284,Import RIB-Ribble Valley Borough Council for 2024-07-04,closed,polling-bot-4000,,2024-05-30T14:23:38+00:00,2024-06-04T13:45:32+00:00,2024-06-04T13:45:32+00:00,0,Data Import;ready,4.97
DemocracyClub/UK-Polling-Stations,7286,Import MAI-Maidstone Borough Council for 2024-07-04,closed,polling-bot-4000,,2024-05-30T14:24:41+00:00,2024-06-04T14:12:13+00:00,2024-06-04T14:12:14+00:00,0,Data Import;ready,4.99
DemocracyClub/UK-Polling-Stations,7288,"Import BPC-Bournemouth, Christchurch & Poole Council for 2024-07-04",closed,polling-bot-4000,,2024-05-30T14:38:34+00:00,2024-06-04T14:32:26+00:00,2024-06-04T14:32:27+00:00,0,Data Import;ready,5.0
DemocracyClub/UK-Polling-Stations,7290,Import WBK-West Berkshire Council for 2024-07-04,closed,polling-bot-4000,,2024-05-30T14:47:47+00:00,2024-06-07T08:30:38+00:00,2024-06-07T08:30:38+00:00,2,Data Import;ready,7.74
DemocracyClub/UK-Polling-Stations,7293,Import BOT-Boston Borough Council for 2024-07-04,closed,polling-bot-4000,,2024-05-30T15:36:59+00:00,2024-06-06T07:14:27+00:00,2024-06-06T07:14:28+00:00,0,Data Import;ready,6.65
DemocracyClub/UK-Polling-Stations,7295,Import CMN-Carmarthenshire County Council for 2024-07-04,closed,polling-bot-4000,,2024-05-30T16:14:09+00:00,2024-06-06T11:05:12+00:00,2024-06-06T11:05:13+00:00,1,Data Import;ready,6.79
DemocracyClub/UK-Polling-Stations,7298,Import EAT-Eastleigh Borough Council for 2024-07-04,closed,polling-bot-4000,,2024-05-30T16:35:54+00:00,2024-06-07T09:21:14+00:00,2024-06-07T09:21:15+00:00,0,Data Import;ready,7.7
DemocracyClub/UK-Polling-Stations,7300,Import WNT-West Northamptonshire Council for 2024-07-04,closed,polling-bot-4000,,2024-05-30T18:31:29+00:00,2024-06-07T11:50:58+00:00,2024-06-07T11:50:58+00:00,0,Data Import;ready,7.72
DemocracyClub/UK-Polling-Stations,7305,Import KIR-Kirklees Metropolitan Council for 2024-07-04,closed,polling-bot-4000,,2024-05-31T07:21:22+00:00,2024-06-05T07:56:52+00:00,2024-06-05T07:56:52+00:00,0,Data Import;ready,5.02
DemocracyClub/UK-Polling-Stations,7307,Import THR-Thurrock Council for 2024-07-04,closed,polling-bot-4000,,2024-05-31T08:04:03+00:00,2024-06-05T08:07:19+00:00,2024-06-05T08:07:20+00:00,0,Data Import;ready,5.0
DemocracyClub/UK-Polling-Stations,7309,Import LND-City of London Corporation for 2024-07-04,closed,polling-bot-4000,,2024-05-31T08:20:18+00:00,2024-06-05T08:11:20+00:00,2024-06-05T08:11:21+00:00,0,Data Import;ready,4.99
DemocracyClub/UK-Polling-Stations,7310,Import LND-City of London Corporation for 2024-07-04,closed,polling-bot-4000,,2024-05-31T08:20:19+00:00,2024-06-07T09:43:15+00:00,2024-06-07T09:43:15+00:00,0,Data Import;ready;duplicate,7.06
DemocracyClub/UK-Polling-Stations,7312,Import REI-Reigate and Banstead Borough Council for 2024-07-04,closed,polling-bot-4000,,2024-05-31T09:12:37+00:00,2024-06-05T13:52:39+00:00,2024-06-05T13:52:40+00:00,2,Data Import;ready,5.19
DemocracyClub/UK-Polling-Stations,7315,Import THE-Three Rivers District Council for 2024-07-04,closed,polling-bot-4000,,2024-05-31T09:30:20+00:00,2024-06-05T09:35:00+00:00,2024-06-05T09:35:01+00:00,0,Data Import;ready,5.0
DemocracyClub/UK-Polling-Stations,7317,Make it clear that the example page is an example page,closed,pmk01,,2024-05-31T09:50:50+00:00,2025-04-29T16:01:14+00:00,2025-04-29T16:01:14+00:00,1,,333.26
DemocracyClub/UK-Polling-Stations,7318,Import LIC-City of Lincoln Council for 2024-07-04,closed,polling-bot-4000,,2024-05-31T10:05:10+00:00,2024-06-05T09:40:29+00:00,2024-06-05T09:40:30+00:00,0,Data Import;ready,4.98
DemocracyClub/UK-Polling-Stations,7320,Import NET-Newcastle City Council for 2024-07-04,closed,polling-bot-4000,,2024-05-31T10:08:45+00:00,2024-06-05T12:48:06+00:00,2024-06-05T12:48:07+00:00,0,Data Import;ready,5.11
DemocracyClub/UK-Polling-Stations,7322,Import WLV-Wolverhampton City Council for 2024-07-04,closed,polling-bot-4000,,2024-05-31T10:56:21+00:00,2024-06-05T13:09:38+00:00,2024-06-05T13:09:38+00:00,0,Data Import;ready,5.09
DemocracyClub/UK-Polling-Stations,7325,Import GOS-Gosport Borough Council for 2024-07-04,closed,polling-bot-4000,,2024-05-31T11:38:24+00:00,2024-06-07T09:43:16+00:00,2024-06-07T09:43:16+00:00,2,Data Import;ready;duplicate,6.92
DemocracyClub/UK-Polling-Stations,7324,Import GOS-Gosport Borough Council for 2024-07-04,closed,polling-bot-4000,,2024-05-31T11:38:24+00:00,2024-06-05T14:34:46+00:00,2024-06-05T14:34:47+00:00,0,Data Import;ready,5.12
DemocracyClub/UK-Polling-Stations,7327,Import BIR-Birmingham City Council for 2024-07-04,closed,polling-bot-4000,,2024-05-31T11:53:50+00:00,2024-06-10T12:54:27+00:00,2024-06-10T12:54:27+00:00,1,Data Import;ready,10.04
DemocracyClub/UK-Polling-Stations,7329,Import MAN-Manchester City Council for 2024-07-04,closed,polling-bot-4000,,2024-05-31T12:02:40+00:00,2024-06-06T07:37:40+00:00,2024-06-06T07:37:41+00:00,0,Data Import;ready,5.82
DemocracyClub/UK-Polling-Stations,7331,Import ISL-London Borough of Islington for 2024-07-04,closed,polling-bot-4000,,2024-05-31T12:32:48+00:00,2024-06-07T12:14:21+00:00,2024-06-07T12:14:21+00:00,0,Data Import;ready,6.99
DemocracyClub/UK-Polling-Stations,7333,Import VGL-Vale of Glamorgan Council for 2024-07-04,closed,polling-bot-4000,,2024-05-31T13:06:12+00:00,2024-06-06T10:38:41+00:00,2024-06-06T10:38:42+00:00,3,Data Import;ready,5.9
DemocracyClub/UK-Polling-Stations,7335,Import MSS-Mid Sussex District Council for 2024-07-04,closed,polling-bot-4000,,2024-05-31T13:22:26+00:00,2024-06-06T08:22:17+00:00,2024-06-06T08:22:17+00:00,0,Data Import;ready,5.79
DemocracyClub/UK-Polling-Stations,7337,Import BOS-Bolsover District Council for 2024-07-04,closed,polling-bot-4000,,2024-05-31T14:19:57+00:00,2024-06-06T08:36:46+00:00,2024-06-06T08:36:47+00:00,0,Data Import;ready,5.76
DemocracyClub/UK-Polling-Stations,7339,Import SST-South Staffordshire District Council for 2024-07-04,closed,polling-bot-4000,,2024-05-31T14:58:08+00:00,2024-06-06T09:26:02+00:00,2024-06-06T09:26:03+00:00,0,Data Import;ready,5.77
DemocracyClub/UK-Polling-Stations,7341,Import GRA-Gravesham Borough Council for 2024-07-04,closed,polling-bot-4000,,2024-05-31T15:02:55+00:00,2024-06-06T09:33:09+00:00,2024-06-06T09:33:09+00:00,0,Data Import;ready,5.77
DemocracyClub/UK-Polling-Stations,7343,Import ERE-Erewash Borough Council for 2024-07-04,closed,polling-bot-4000,,2024-05-31T15:32:46+00:00,2024-06-06T09:41:47+00:00,2024-06-06T09:41:47+00:00,0,Data Import;ready,5.76
DemocracyClub/UK-Polling-Stations,7345,Import WFT-London Borough of Waltham Forest for 2024-07-04,closed,polling-bot-4000,,2024-05-31T15:40:10+00:00,2024-06-06T10:14:23+00:00,2024-06-06T10:14:23+00:00,0,Data Import;ready,5.77
DemocracyClub/UK-Polling-Stations,7347,Import SUR-Surrey Heath Borough Council for 2024-07-04,closed,polling-bot-4000,,2024-05-31T16:04:00+00:00,2024-06-06T11:30:27+00:00,2024-06-06T11:30:27+00:00,0,Data Import;ready,5.81
DemocracyClub/UK-Polling-Stations,7349,Import SEV-Sevenoaks District Council for 2024-07-04,closed,polling-bot-4000,,2024-05-31T16:07:50+00:00,2024-06-06T12:03:38+00:00,2024-06-06T12:03:39+00:00,2,Data Import;ready,5.83
DemocracyClub/UK-Polling-Stations,7351,Import HAA-Havant Borough Council for 2024-07-04,closed,polling-bot-4000,,2024-05-31T21:39:50+00:00,2024-06-06T11:11:55+00:00,2024-06-06T11:11:55+00:00,0,Data Import;ready,5.56
DemocracyClub/UK-Polling-Stations,7354,Import MRT-London Borough of Merton for 2024-07-04,closed,polling-bot-4000,,2024-06-01T10:43:04+00:00,2024-06-06T11:24:33+00:00,2024-06-06T11:24:33+00:00,0,Data Import;ready,5.03
DemocracyClub/UK-Polling-Stations,7357,Import NYE-North Yorkshire Council for 2024-07-04,closed,polling-bot-4000,,2024-06-01T15:22:56+00:00,2024-06-06T11:35:41+00:00,2024-06-06T11:35:42+00:00,0,Data Import;ready,4.84
DemocracyClub/UK-Polling-Stations,7359,Import HAV-London Borough of Havering for 2024-07-04,closed,polling-bot-4000,,2024-06-01T20:00:51+00:00,2024-06-06T11:46:42+00:00,2024-06-06T11:46:43+00:00,0,Data Import;ready,4.66
DemocracyClub/UK-Polling-Stations,7361,Import SHA-South Hams District Council for 2024-07-04,closed,polling-bot-4000,,2024-06-02T16:46:58+00:00,2024-06-06T12:32:30+00:00,2024-06-06T12:32:30+00:00,0,Data Import;ready,3.82
DemocracyClub/UK-Polling-Stations,7363,Import CHA-Charnwood Borough Council for 2024-07-04,closed,polling-bot-4000,,2024-06-02T16:50:51+00:00,2024-06-06T13:15:24+00:00,2024-06-06T13:15:25+00:00,0,Data Import;ready,3.85
DemocracyClub/UK-Polling-Stations,7365,Import SHE-Folkestone & Hythe District Council for 2024-07-04,closed,polling-bot-4000,,2024-06-03T08:16:25+00:00,2024-06-06T13:38:38+00:00,2024-06-06T13:38:39+00:00,5,Data Import;ready,3.22
DemocracyClub/UK-Polling-Stations,7367,Import RUG-Rugby Borough Council for 2024-07-04,closed,polling-bot-4000,,2024-06-03T08:19:09+00:00,2024-06-06T13:04:55+00:00,2024-06-06T13:04:56+00:00,0,Data Import;ready,3.2
DemocracyClub/UK-Polling-Stations,7370,Import FEN-Fenland District Council for 2024-07-04,closed,polling-bot-4000,,2024-06-03T08:58:01+00:00,2024-06-07T09:43:16+00:00,2024-06-07T09:43:17+00:00,2,Data Import;ready;duplicate,4.03
DemocracyClub/UK-Polling-Stations,7369,Import FEN-Fenland District Council for 2024-07-04,closed,polling-bot-4000,,2024-06-03T08:58:01+00:00,2024-06-06T13:09:58+00:00,2024-06-06T13:09:59+00:00,0,Data Import;ready,3.17
DemocracyClub/UK-Polling-Stations,7372,Import HAS-Hastings Borough Council for 2024-07-04,closed,polling-bot-4000,,2024-06-03T09:19:16+00:00,2024-06-06T13:22:51+00:00,2024-06-06T13:22:52+00:00,0,Data Import;ready,3.17
DemocracyClub/UK-Polling-Stations,7374,Import SHF-Sheffield City Council for 2024-07-04,closed,polling-bot-4000,,2024-06-03T09:21:44+00:00,2024-06-06T14:03:18+00:00,2024-06-06T14:03:19+00:00,0,Data Import;ready,3.2
DemocracyClub/UK-Polling-Stations,7376,Import BAR-Westmorland and Furness Council (formerly Barrow) for 2024-07-04,closed,polling-bot-4000,,2024-06-03T09:48:31+00:00,2024-06-06T14:44:04+00:00,2024-06-06T14:44:04+00:00,1,Data Import;ready,3.21
DemocracyClub/UK-Polling-Stations,7378,Import DER-Derby City Council for 2024-07-04,closed,polling-bot-4000,,2024-06-03T09:49:02+00:00,2024-06-06T14:12:55+00:00,2024-06-06T14:12:56+00:00,0,Data Import;ready,3.18
DemocracyClub/UK-Polling-Stations,7380,Import EDN-Westmorland and Furness Council (formerly Eden) for 2024-07-04,closed,polling-bot-4000,,2024-06-03T09:50:39+00:00,2024-06-06T14:47:24+00:00,2024-06-06T14:47:25+00:00,1,Data Import;ready,3.21
DemocracyClub/UK-Polling-Stations,7382,Import STF-Staffordshire Moorlands District Council for 2024-07-04,closed,polling-bot-4000,,2024-06-03T10:07:06+00:00,2024-06-07T07:17:00+00:00,2024-06-07T07:17:01+00:00,0,Data Import;ready,3.88
DemocracyClub/UK-Polling-Stations,7384,Import HNS-London Borough of Hounslow for 2024-07-04,closed,polling-bot-4000,,2024-06-03T11:00:17+00:00,2024-06-07T07:11:24+00:00,2024-06-07T07:11:24+00:00,1,Data Import;ready,3.84
DemocracyClub/UK-Polling-Stations,7385,Import LUT-Luton Borough Council for 2024-07-04,closed,polling-bot-4000,,2024-06-03T11:03:09+00:00,2024-06-10T12:19:31+00:00,2024-06-10T12:19:32+00:00,3,Data Import;ready;On hold ⛔,7.05
DemocracyClub/UK-Polling-Stations,7387,Import WOC-Worcester City Council for 2024-07-04,closed,polling-bot-4000,,2024-06-03T11:31:04+00:00,2024-06-07T07:35:32+00:00,2024-06-07T07:35:33+00:00,0,Data Import;ready,3.84
DemocracyClub/UK-Polling-Stations,7389,Import KTT-Royal Borough of Kingston Upon Thames for 2024-07-04,closed,polling-bot-4000,,2024-06-03T11:48:14+00:00,2024-06-10T11:49:02+00:00,2024-06-10T11:49:03+00:00,10,Data Import;ready,7.0
DemocracyClub/UK-Polling-Stations,7391,Import CAB-Cambridge City Council for 2024-07-04,closed,polling-bot-4000,,2024-06-03T12:42:45+00:00,2024-06-07T15:14:49+00:00,2024-06-07T15:14:49+00:00,0,Data Import;ready,4.11
DemocracyClub/UK-Polling-Stations,7393,Import ADU-Adur District Council for 2024-07-04,closed,polling-bot-4000,,2024-06-03T13:02:30+00:00,2024-06-14T09:42:27+00:00,2024-06-14T09:42:27+00:00,0,Data Import;ready;duplicate,10.86
DemocracyClub/UK-Polling-Stations,7394,Import ADU-Adur District Council for 2024-07-04,closed,polling-bot-4000,,2024-06-03T13:02:31+00:00,2024-06-07T16:10:54+00:00,2024-06-07T16:10:54+00:00,0,Data Import;ready,4.13
DemocracyClub/UK-Polling-Stations,7396,Import WOT-Worthing Borough Council for 2024-07-04,closed,polling-bot-4000,,2024-06-03T13:03:55+00:00,2024-06-07T16:00:52+00:00,2024-06-07T16:00:53+00:00,1,Data Import;ready,4.12
DemocracyClub/UK-Polling-Stations,7398,Import STT-Stockton-on-Tees Borough Council for 2024-07-04,closed,polling-bot-4000,,2024-06-03T13:24:07+00:00,2024-06-07T16:17:35+00:00,2024-06-07T16:17:35+00:00,0,Data Import;ready,4.12
DemocracyClub/UK-Polling-Stations,7400,Import STV-Stevenage Borough Council for 2024-07-04,closed,polling-bot-4000,,2024-06-03T13:39:02+00:00,2024-06-11T13:52:40+00:00,2024-06-11T13:52:41+00:00,4,Data Import;ready,8.01
DemocracyClub/UK-Polling-Stations,7402,Import SLA-Westmorland and Furness Council (formerly South Lakeland) for 2024-07-04,closed,polling-bot-4000,,2024-06-03T13:41:47+00:00,2024-06-06T14:49:21+00:00,2024-06-06T14:49:22+00:00,0,Data Import;ready,3.05
DemocracyClub/UK-Polling-Stations,7404,Import BGW-Blaenau Gwent County Borough Council for 2024-07-04,closed,polling-bot-4000,,2024-06-03T13:59:28+00:00,2024-06-11T14:19:01+00:00,2024-06-11T14:19:01+00:00,0,Data Import;ready,8.01
DemocracyClub/UK-Polling-Stations,7406,Import CRF-City of Cardiff Council for 2024-07-04,closed,polling-bot-4000,,2024-06-03T14:42:07+00:00,2024-06-11T15:14:53+00:00,2024-06-11T15:14:54+00:00,0,Data Import;ready,8.02
DemocracyClub/UK-Polling-Stations,7409,Import WAE-Waverley Borough Council for 2024-07-04,closed,polling-bot-4000,,2024-06-03T14:50:43+00:00,2024-06-14T09:42:28+00:00,2024-06-14T09:42:28+00:00,3,Data Import;ready;duplicate,10.79
DemocracyClub/UK-Polling-Stations,7408,Import WAE-Waverley Borough Council for 2024-07-04,closed,polling-bot-4000,,2024-06-03T14:50:43+00:00,2024-06-11T15:21:51+00:00,2024-06-11T15:21:52+00:00,0,Data Import;ready,8.02
DemocracyClub/UK-Polling-Stations,7411,Import CAY-Caerphilly County Borough Council for 2024-07-04,closed,polling-bot-4000,,2024-06-03T15:02:57+00:00,2024-06-11T16:30:50+00:00,2024-06-11T16:30:50+00:00,3,Data Import;ready,8.06
DemocracyClub/UK-Polling-Stations,7413,Import GRY-Great Yarmouth Borough Council for 2024-07-04,closed,polling-bot-4000,,2024-06-03T15:20:31+00:00,2024-06-12T08:37:57+00:00,2024-06-12T08:37:57+00:00,0,Data Import;ready,8.72
DemocracyClub/UK-Polling-Stations,7415,Import WYC-Wychavon District Council for 2024-07-04,closed,polling-bot-4000,,2024-06-03T16:17:04+00:00,2024-06-12T08:46:39+00:00,2024-06-12T08:46:40+00:00,0,Data Import;ready,8.69
DemocracyClub/UK-Polling-Stations,7417,Import LIV-Liverpool City Council for 2024-07-04,closed,polling-bot-4000,,2024-06-03T16:22:56+00:00,2024-06-12T09:12:32+00:00,2024-06-12T09:12:32+00:00,0,Data Import;ready,8.7
DemocracyClub/UK-Polling-Stations,7420,Import CHL-Chelmsford City Council for 2024-07-04,closed,polling-bot-4000,,2024-06-03T16:31:24+00:00,2024-06-04T08:32:42+00:00,2024-06-05T07:26:30+00:00,3,Data Import;ready,0.67
DemocracyClub/UK-Polling-Stations,7419,Import CHL-Chelmsford City Council for 2024-07-04,closed,polling-bot-4000,,2024-06-03T16:31:24+00:00,2024-06-07T09:43:17+00:00,2024-06-07T09:43:17+00:00,0,Data Import;ready;duplicate,3.72
DemocracyClub/UK-Polling-Stations,7423,Import SRI-South Ribble Borough Council for 2024-07-04,closed,polling-bot-4000,,2024-06-03T16:55:22+00:00,2024-06-14T09:42:28+00:00,2024-06-14T09:42:29+00:00,3,Data Import;ready;duplicate,10.7
DemocracyClub/UK-Polling-Stations,7422,Import SRI-South Ribble Borough Council for 2024-07-04,closed,polling-bot-4000,,2024-06-03T16:55:22+00:00,2024-06-21T14:19:52+00:00,2024-06-21T14:19:52+00:00,0,Data Import;ready,17.89
DemocracyClub/UK-Polling-Stations,7426,Import ESK-East Suffolk Council for 2024-07-04,closed,polling-bot-4000,,2024-06-03T17:14:39+00:00,2024-06-14T09:42:29+00:00,2024-06-14T09:42:29+00:00,2,Data Import;ready;duplicate,10.69
DemocracyClub/UK-Polling-Stations,7425,Import ESK-East Suffolk Council for 2024-07-04,closed,polling-bot-4000,,2024-06-03T17:14:39+00:00,2024-06-07T10:34:33+00:00,2024-06-07T10:34:34+00:00,0,Data Import;ready,3.72
DemocracyClub/UK-Polling-Stations,7428,Import STO-Stroud District Council for 2024-07-04,closed,polling-bot-4000,,2024-06-03T17:23:02+00:00,2024-06-07T11:10:24+00:00,2024-06-07T11:10:24+00:00,0,Data Import;ready,3.74
DemocracyClub/UK-Polling-Stations,7431,Import TEW-Tewkesbury Borough Council for 2024-07-04,closed,polling-bot-4000,,2024-06-03T19:51:09+00:00,2024-06-07T11:17:17+00:00,2024-06-07T11:17:18+00:00,0,Data Import;ready,3.64
DemocracyClub/UK-Polling-Stations,7434,Import WIN-Winchester City Council for 2024-07-04,closed,polling-bot-4000,,2024-06-04T04:40:48+00:00,2024-06-07T11:28:36+00:00,2024-06-07T11:28:36+00:00,0,Data Import;ready,3.28
DemocracyClub/UK-Polling-Stations,7436,Import WRX-Wrexham County Borough Council for 2024-07-04,closed,polling-bot-4000,,2024-06-04T07:31:45+00:00,2024-06-07T11:37:23+00:00,2024-06-07T11:37:24+00:00,0,Data Import;ready,3.17
DemocracyClub/UK-Polling-Stations,7438,Import BUC-Buckinghamshire Council for 2024-07-04,closed,polling-bot-4000,,2024-06-04T07:48:17+00:00,2024-06-21T13:57:50+00:00,2024-06-21T13:57:51+00:00,2,Data Import;ready,17.26
DemocracyClub/UK-Polling-Stations,7440,Import OLD-Oldham Metropolitan Borough Council for 2024-07-04,closed,polling-bot-4000,,2024-06-04T07:55:19+00:00,2024-06-07T12:28:32+00:00,2024-06-07T12:28:32+00:00,0,Data Import;ready,3.19
DemocracyClub/UK-Polling-Stations,7442,Import TEN-Tendring District Council for 2024-07-04,closed,polling-bot-4000,,2024-06-04T08:33:51+00:00,2024-06-07T12:30:11+00:00,2024-06-07T12:30:11+00:00,0,Data Import;ready,3.16
DemocracyClub/UK-Polling-Stations,7443,Import TEN-Tendring District Council for 2024-07-04,closed,polling-bot-4000,,2024-06-04T08:33:52+00:00,2024-06-14T09:42:29+00:00,2024-06-14T09:42:30+00:00,0,Data Import;ready;duplicate,10.05
DemocracyClub/UK-Polling-Stations,7445,Import CHR-Cherwell District Council for 2024-07-04,closed,polling-bot-4000,,2024-06-04T08:57:52+00:00,2024-06-12T09:45:37+00:00,2024-06-12T09:45:38+00:00,2,Data Import;ready,8.03
DemocracyClub/UK-Polling-Stations,7447,Import FLN-Flintshire County Council for 2024-07-04,closed,polling-bot-4000,,2024-06-04T09:05:01+00:00,2024-06-10T13:45:28+00:00,2024-06-10T13:45:28+00:00,0,Data Import;ready,6.19
DemocracyClub/UK-Polling-Stations,7449,Import EHA-East Hampshire District Council for 2024-07-04,closed,polling-bot-4000,,2024-06-04T09:54:23+00:00,2024-06-11T08:34:55+00:00,2024-06-11T08:34:55+00:00,0,Data Import;ready,6.94
DemocracyClub/UK-Polling-Stations,7451,Import EHA-East Hampshire District Council for 2024-07-04,closed,polling-bot-4000,,2024-06-04T09:54:51+00:00,2024-06-14T09:42:30+00:00,2024-06-14T09:42:30+00:00,0,Data Import;ready;duplicate,9.99
DemocracyClub/UK-Polling-Stations,7452,Import HOR-Horsham District Council for 2024-07-04,closed,polling-bot-4000,,2024-06-04T10:08:38+00:00,2024-06-10T13:52:23+00:00,2024-06-10T13:52:24+00:00,0,Data Import;ready,6.16
DemocracyClub/UK-Polling-Stations,7454,Import HCK-London Borough of Hackney for 2024-07-04,closed,polling-bot-4000,,2024-06-04T10:31:34+00:00,2024-06-10T14:00:09+00:00,2024-06-10T14:00:09+00:00,0,Data Import;ready,6.14
DemocracyClub/UK-Polling-Stations,7456,Import NEA-Newark & Sherwood District Council for 2024-07-04,closed,polling-bot-4000,,2024-06-04T10:45:58+00:00,2024-06-11T08:39:54+00:00,2024-06-11T08:39:55+00:00,0,Data Import;ready,6.91
DemocracyClub/UK-Polling-Stations,7458,Import DAL-Darlington Borough Council for 2024-07-04,closed,polling-bot-4000,,2024-06-04T11:41:49+00:00,2024-06-11T08:47:44+00:00,2024-06-11T08:47:45+00:00,0,Data Import;ready,6.88
DemocracyClub/UK-Polling-Stations,7461,Import NOW-Norwich City Council for 2024-07-04,closed,polling-bot-4000,,2024-06-04T12:59:41+00:00,2024-06-12T10:19:08+00:00,2024-06-12T10:19:09+00:00,6,Data Import;ready,7.89
DemocracyClub/UK-Polling-Stations,7465,Import CHT-Cheltenham Borough Council for 2024-07-04,closed,polling-bot-4000,,2024-06-04T13:53:52+00:00,2024-06-11T09:37:48+00:00,2024-06-11T09:37:48+00:00,0,Data Import;ready,6.82
DemocracyClub/UK-Polling-Stations,7467,Import WEA-Wealden District Council for 2024-07-04,closed,polling-bot-4000,,2024-06-04T14:05:11+00:00,2024-06-12T10:49:24+00:00,2024-06-12T10:49:25+00:00,0,Data Import;ready,7.86
DemocracyClub/UK-Polling-Stations,7468,Import WEA-Wealden District Council for 2024-07-04,closed,polling-bot-4000,,2024-06-04T14:05:12+00:00,2024-06-14T09:42:30+00:00,2024-06-14T09:42:31+00:00,2,Data Import;ready;duplicate,9.82
DemocracyClub/UK-Polling-Stations,7471,Import HAL-Halton Borough Council for 2024-07-04,closed,polling-bot-4000,,2024-06-04T14:31:59+00:00,2024-06-11T08:53:26+00:00,2024-06-11T08:53:26+00:00,0,Data Import;ready,6.76
DemocracyClub/UK-Polling-Stations,7473,Import MAS-Mansfield District Council for 2024-07-04,closed,polling-bot-4000,,2024-06-04T14:33:43+00:00,2024-06-11T08:57:41+00:00,2024-06-11T08:57:42+00:00,0,Data Import;ready,6.77
DemocracyClub/UK-Polling-Stations,7475,Import NLK-North Lanarkshire Council for 2024-07-04,closed,polling-bot-4000,,2024-06-04T14:38:28+00:00,2024-06-12T13:25:49+00:00,2024-06-12T13:25:50+00:00,0,Data Import;ready;Scotland 🏴󠁧󠁢󠁳󠁣󠁴󠁿,7.95
DemocracyClub/UK-Polling-Stations,7477,Import SLK-South Lanarkshire Council for 2024-07-04,closed,polling-bot-4000,,2024-06-04T14:51:40+00:00,2024-06-12T14:23:31+00:00,2024-06-12T14:23:31+00:00,3,Data Import;ready;Scotland 🏴󠁧󠁢󠁳󠁣󠁴󠁿,7.98
DemocracyClub/UK-Polling-Stations,7479,Import STG-Stirling Council for 2024-07-04,closed,polling-bot-4000,,2024-06-04T15:54:07+00:00,2024-06-12T14:42:55+00:00,2024-06-12T14:42:56+00:00,0,Data Import;ready;Scotland 🏴󠁧󠁢󠁳󠁣󠁴󠁿,7.95
DemocracyClub/UK-Polling-Stations,7482,Import FAL-Falkirk Council for 2024-07-04,closed,polling-bot-4000,,2024-06-04T15:57:19+00:00,2024-06-12T15:13:43+00:00,2024-06-12T15:13:44+00:00,2,Data Import;ready;Scotland 🏴󠁧󠁢󠁳󠁣󠁴󠁿,7.97
DemocracyClub/UK-Polling-Stations,7481,Import FAL-Falkirk Council for 2024-07-04,closed,polling-bot-4000,,2024-06-04T15:57:19+00:00,2024-06-14T09:42:31+00:00,2024-06-14T09:42:31+00:00,0,Data Import;ready;Scotland 🏴󠁧󠁢󠁳󠁣󠁴󠁿;duplicate,9.74
DemocracyClub/UK-Polling-Stations,7485,Import CLK-Clackmannanshire Council for 2024-07-04,closed,polling-bot-4000,,2024-06-04T15:58:41+00:00,2024-06-14T09:42:31+00:00,2024-06-14T09:42:32+00:00,2,Data Import;ready;Scotland 🏴󠁧󠁢󠁳󠁣󠁴󠁿;duplicate,9.74
DemocracyClub/UK-Polling-Stations,7484,Import CLK-Clackmannanshire Council for 2024-07-04,closed,polling-bot-4000,,2024-06-04T15:58:41+00:00,2024-06-13T08:44:56+00:00,2024-06-13T08:44:57+00:00,0,Data Import;ready;Scotland 🏴󠁧󠁢󠁳󠁣󠁴󠁿,8.7
DemocracyClub/UK-Polling-Stations,7487,Import TAN-Tandridge District Council for 2024-07-04,closed,polling-bot-4000,,2024-06-04T16:04:45+00:00,2024-06-11T09:01:27+00:00,2024-06-11T09:01:28+00:00,0,Data Import;ready,6.71
DemocracyClub/UK-Polling-Stations,7489,Import ARU-Arun District Council for 2024-07-04,closed,polling-bot-4000,,2024-06-04T16:13:17+00:00,2024-06-11T09:12:25+00:00,2024-06-11T09:12:26+00:00,0,Data Import;ready,6.71
DemocracyClub/UK-Polling-Stations,7492,Import BAS-Bath & North East Somerset Council for 2024-07-04,closed,polling-bot-4000,,2024-06-05T09:22:50+00:00,2024-06-14T09:42:32+00:00,2024-06-14T09:42:32+00:00,0,Data Import;ready;duplicate,9.01
DemocracyClub/UK-Polling-Stations,7493,Import BAS-Bath & North East Somerset Council for 2024-07-04,closed,polling-bot-4000,,2024-06-05T09:22:51+00:00,2024-06-21T14:07:34+00:00,2024-06-21T14:07:35+00:00,11,Data Import;ready;On hold ⛔,16.2
DemocracyClub/UK-Polling-Stations,7495,Import EDH-City of Edinburgh Council for 2024-07-04,closed,polling-bot-4000,,2024-06-05T11:18:40+00:00,2024-06-13T11:07:36+00:00,2024-06-13T11:07:37+00:00,0,Data Import;ready;Scotland 🏴󠁧󠁢󠁳󠁣󠁴󠁿,7.99
DemocracyClub/UK-Polling-Stations,7497,Import WLN-West Lothian Council for 2024-07-04,closed,polling-bot-4000,,2024-06-05T11:19:17+00:00,2024-06-13T11:43:23+00:00,2024-06-13T11:43:23+00:00,0,Data Import;ready;Scotland 🏴󠁧󠁢󠁳󠁣󠁴󠁿,8.02
DemocracyClub/UK-Polling-Stations,7499,Import ELN-East Lothian Council for 2024-07-04,closed,polling-bot-4000,,2024-06-05T11:20:05+00:00,2024-06-13T11:56:13+00:00,2024-06-13T11:56:13+00:00,1,Data Import;ready;Scotland 🏴󠁧󠁢󠁳󠁣󠁴󠁿,8.03
DemocracyClub/UK-Polling-Stations,7501,Import RCH-Rochdale Metropolitan Borough Council for 2024-07-04,closed,polling-bot-4000,,2024-06-05T11:20:13+00:00,2024-06-11T09:17:43+00:00,2024-06-11T09:17:44+00:00,0,Data Import;ready,5.91
DemocracyClub/UK-Polling-Stations,7503,Import MLN-Midlothian Council for 2024-07-04,closed,polling-bot-4000,,2024-06-05T11:20:26+00:00,2024-06-13T12:00:49+00:00,2024-06-13T12:00:49+00:00,0,Data Import;ready;Scotland 🏴󠁧󠁢󠁳󠁣󠁴󠁿,8.03
DemocracyClub/UK-Polling-Stations,7505,Import CBD-Cumberland Council for 2024-07-04,closed,polling-bot-4000,,2024-06-05T11:45:02+00:00,2024-06-14T09:42:32+00:00,2024-06-14T09:42:33+00:00,0,Data Import;ready;duplicate,8.91
DemocracyClub/UK-Polling-Stations,7506,Import CBD-Cumberland Council for 2024-07-04,closed,polling-bot-4000,,2024-06-05T11:45:03+00:00,2024-06-13T13:10:40+00:00,2024-06-13T13:10:40+00:00,6,Data Import;ready,8.06
DemocracyClub/UK-Polling-Stations,7510,Import DEB-Derbyshire Dales District Council for 2024-07-04,closed,polling-bot-4000,,2024-06-05T13:33:03+00:00,2024-06-13T14:59:13+00:00,2024-06-13T14:59:14+00:00,0,Data Import;ready,8.06
DemocracyClub/UK-Polling-Stations,7511,Import DEB-Derbyshire Dales District Council for 2024-07-04,closed,polling-bot-4000,,2024-06-05T13:33:04+00:00,2024-06-14T09:42:33+00:00,2024-06-14T09:42:33+00:00,4,Data Import;ready;duplicate,8.84
DemocracyClub/UK-Polling-Stations,7513,Import MIK-Milton Keynes Council for 2024-07-04,closed,polling-bot-4000,,2024-06-05T13:34:45+00:00,2024-06-21T14:02:17+00:00,2024-06-21T14:02:17+00:00,0,Data Import;ready,16.02
DemocracyClub/UK-Polling-Stations,7515,Import CHS-Chesterfield Borough Council for 2024-07-04,closed,polling-bot-4000,,2024-06-05T13:34:48+00:00,2024-06-11T09:51:02+00:00,2024-06-11T09:51:03+00:00,0,Data Import;ready,5.84
DemocracyClub/UK-Polling-Stations,7518,Import MAL-Maldon District Council for 2024-07-04,closed,polling-bot-4000,,2024-06-05T14:31:29+00:00,2024-06-13T15:27:19+00:00,2024-06-13T15:27:20+00:00,3,Data Import;ready,8.04
DemocracyClub/UK-Polling-Stations,7517,Import MAL-Maldon District Council for 2024-07-04,closed,polling-bot-4000,,2024-06-05T14:31:29+00:00,2024-06-14T09:42:33+00:00,2024-06-14T09:42:34+00:00,0,Data Import;ready;duplicate,8.8
DemocracyClub/UK-Polling-Stations,7520,Import WSM-City of Westminster for 2024-07-04,closed,polling-bot-4000,,2024-06-05T14:41:40+00:00,2024-06-13T15:34:53+00:00,2024-06-13T15:34:54+00:00,0,Data Import;ready,8.04
DemocracyClub/UK-Polling-Stations,7522,Import WSM-City of Westminster for 2024-07-04,closed,polling-bot-4000,,2024-06-05T14:41:47+00:00,2024-06-14T09:42:34+00:00,2024-06-14T09:42:34+00:00,1,Data Import;ready;duplicate,8.79
DemocracyClub/UK-Polling-Stations,7523,Import WAT-Watford Borough Council for 2024-07-04,closed,polling-bot-4000,,2024-06-05T14:48:32+00:00,2024-06-11T09:25:44+00:00,2024-06-11T09:25:45+00:00,0,Data Import;ready,5.78
DemocracyClub/UK-Polling-Stations,7525,Import DAR-Dartford Borough Council for 2024-07-04,closed,polling-bot-4000,,2024-06-05T14:57:12+00:00,2024-06-11T09:29:22+00:00,2024-06-11T09:29:22+00:00,0,Data Import;ready,5.77
DemocracyClub/UK-Polling-Stations,7527,Import AMB-Amber Valley Borough Council for 2024-07-04,closed,polling-bot-4000,,2024-06-05T15:00:32+00:00,2024-06-14T12:18:40+00:00,2024-06-14T12:18:40+00:00,3,Data Import;ready,8.89
DemocracyClub/UK-Polling-Stations,7529,Import AMB-Amber Valley Borough Council for 2024-07-04,closed,polling-bot-4000,,2024-06-05T15:00:44+00:00,2024-06-14T09:42:34+00:00,2024-06-14T09:42:35+00:00,8,Data Import;ready;duplicate,8.78
DemocracyClub/UK-Polling-Stations,7530,Import SCB-Scottish Borders Council for 2024-07-04,closed,polling-bot-4000,,2024-06-05T15:12:33+00:00,2024-06-24T11:00:02+00:00,2024-06-24T11:00:02+00:00,4,Data Import;ready;Scotland 🏴󠁧󠁢󠁳󠁣󠁴󠁿,18.82
DemocracyClub/UK-Polling-Stations,7532,Import TAM-Tameside Metropolitan Borough Council for 2024-07-04,closed,polling-bot-4000,,2024-06-05T15:20:44+00:00,2024-06-11T09:53:34+00:00,2024-06-11T09:53:35+00:00,0,Data Import;ready,5.77
DemocracyClub/UK-Polling-Stations,7534,Import ROH-Rother District Council for 2024-07-04,closed,polling-bot-4000,,2024-06-05T15:44:32+00:00,2024-06-11T09:58:54+00:00,2024-06-11T09:58:55+00:00,0,Data Import;ready,5.76
DemocracyClub/UK-Polling-Stations,7536,Import MDW-Medway Council for 2024-07-04,closed,polling-bot-4000,,2024-06-05T17:33:27+00:00,2024-06-11T10:02:45+00:00,2024-06-11T10:02:46+00:00,0,Data Import;ready,5.69
DemocracyClub/UK-Polling-Stations,7538,Import WRT-Warrington Borough Council for 2024-07-04,closed,polling-bot-4000,,2024-06-05T22:13:39+00:00,2024-06-14T12:43:38+00:00,2024-06-14T12:43:39+00:00,5,Data Import;ready,8.6
DemocracyClub/UK-Polling-Stations,7540,Import BEN-London Borough of Brent for 2024-07-04,closed,polling-bot-4000,,2024-06-05T22:48:43+00:00,2024-06-11T10:08:54+00:00,2024-06-11T10:08:55+00:00,0,Data Import;ready,5.47
DemocracyClub/UK-Polling-Stations,7542,Import ERW-East Renfrewshire Council for 2024-07-04,closed,polling-bot-4000,,2024-06-06T08:13:35+00:00,2024-06-14T12:58:27+00:00,2024-06-14T12:58:28+00:00,0,Data Import;ready;Scotland 🏴󠁧󠁢󠁳󠁣󠁴󠁿,8.2
DemocracyClub/UK-Polling-Stations,7543,Import ERW-East Renfrewshire Council for 2024-07-04,closed,polling-bot-4000,,2024-06-06T08:13:37+00:00,2024-06-25T15:30:05+00:00,2024-06-25T15:30:05+00:00,2,Data Import;ready;Scotland 🏴󠁧󠁢󠁳󠁣󠁴󠁿;duplicate,19.3
DemocracyClub/UK-Polling-Stations,7545,Import NSM-North Somerset Council for 2024-07-04,closed,polling-bot-4000,,2024-06-06T08:26:05+00:00,2024-06-12T22:01:53+00:00,2024-06-12T22:01:53+00:00,0,Data Import;ready,6.57
DemocracyClub/UK-Polling-Stations,7548,Import DGY-Dumfries and Galloway Council for 2024-07-04,closed,polling-bot-4000,,2024-06-06T08:55:44+00:00,2024-06-26T12:49:16+00:00,2024-06-26T12:49:16+00:00,3,Data Import;ready;Scotland 🏴󠁧󠁢󠁳󠁣󠁴󠁿,20.16
DemocracyClub/UK-Polling-Stations,7550,Import FAR-Fareham Borough Council for 2024-07-04,closed,polling-bot-4000,,2024-06-06T08:59:28+00:00,2024-06-14T12:39:12+00:00,2024-06-14T12:39:13+00:00,1,Data Import;ready,8.15
DemocracyClub/UK-Polling-Stations,7551,Import FAR-Fareham Borough Council for 2024-07-04,closed,polling-bot-4000,,2024-06-06T08:59:29+00:00,2024-06-14T12:07:49+00:00,2024-06-14T12:07:49+00:00,0,Data Import;ready;duplicate,8.13
DemocracyClub/UK-Polling-Stations,7553,Import FAR-Fareham Borough Council for 2024-07-04,closed,polling-bot-4000,,2024-06-06T08:59:39+00:00,2024-06-14T12:07:52+00:00,2024-06-14T12:07:52+00:00,0,Data Import;ready;duplicate,8.13
DemocracyClub/UK-Polling-Stations,7554,Import DUD-Dudley Metropolitan Borough Council for 2024-07-04,closed,polling-bot-4000,,2024-06-06T09:13:44+00:00,2024-06-11T10:13:38+00:00,2024-06-11T10:13:39+00:00,0,Data Import;ready,5.04
DemocracyClub/UK-Polling-Stations,7556,Import SND-Sunderland City Council for 2024-07-04,closed,polling-bot-4000,,2024-06-06T09:15:29+00:00,2024-06-12T22:06:12+00:00,2024-06-12T22:06:12+00:00,0,Data Import;ready,6.54
DemocracyClub/UK-Polling-Stations,7558,Import AGB-Argyll and Bute Council for 2024-07-04,closed,polling-bot-4000,,2024-06-06T09:19:04+00:00,2024-06-17T11:43:30+00:00,2024-06-17T11:43:30+00:00,4,Data Import;ready;Scotland 🏴󠁧󠁢󠁳󠁣󠁴󠁿,11.1
DemocracyClub/UK-Polling-Stations,7560,Import WDU-West Dunbartonshire Council for 2024-07-04,closed,polling-bot-4000,,2024-06-06T09:20:51+00:00,2024-06-17T12:03:32+00:00,2024-06-17T12:03:33+00:00,0,Data Import;ready;Scotland 🏴󠁧󠁢󠁳󠁣󠁴󠁿,11.11
DemocracyClub/UK-Polling-Stations,7562,Import EDU-East Dunbartonshire Council for 2024-07-04,closed,polling-bot-4000,,2024-06-06T09:22:08+00:00,2024-06-17T12:16:46+00:00,2024-06-17T12:16:46+00:00,0,Data Import;ready;Scotland 🏴󠁧󠁢󠁳󠁣󠁴󠁿,11.12
DemocracyClub/UK-Polling-Stations,7564,Import NLK-North Lanarkshire Council for 2024-07-04,closed,polling-bot-4000,,2024-06-06T09:23:02+00:00,2024-06-25T15:30:30+00:00,2024-06-25T15:30:30+00:00,2,Data Import;ready;Scotland 🏴󠁧󠁢󠁳󠁣󠁴󠁿;duplicate,19.26
DemocracyClub/UK-Polling-Stations,7565,Import BRM-Bromsgrove District Council for 2024-07-04,closed,polling-bot-4000,,2024-06-06T09:34:42+00:00,2024-06-12T22:11:28+00:00,2024-06-12T22:11:29+00:00,0,Data Import;ready,6.53
DemocracyClub/UK-Polling-Stations,7567,Import RED-Redditch Borough Council for 2024-07-04,closed,polling-bot-4000,,2024-06-06T09:35:05+00:00,2024-06-12T22:15:29+00:00,2024-06-12T22:15:30+00:00,0,Data Import;ready,6.53
DemocracyClub/UK-Polling-Stations,7569,Import DGY-Dumfries and Galloway Council for 2024-06-27,closed,polling-bot-4000,,2024-06-06T09:38:45+00:00,2024-06-17T12:25:51+00:00,2024-06-17T12:25:52+00:00,1,Data Import;ready;Scotland 🏴󠁧󠁢󠁳󠁣󠁴󠁿,11.12
DemocracyClub/UK-Polling-Stations,7571,Import FYL-Fylde Borough Council for 2024-07-04,closed,polling-bot-4000,,2024-06-06T09:44:33+00:00,2024-06-12T22:18:12+00:00,2024-06-12T22:18:13+00:00,0,Data Import;ready,6.52
DemocracyClub/UK-Polling-Stations,7573,Import ELI-East Lindsey District Council for 2024-07-04,closed,polling-bot-4000,,2024-06-06T10:05:22+00:00,2024-06-12T22:23:17+00:00,2024-06-12T22:23:18+00:00,0,Data Import;ready,6.51
DemocracyClub/UK-Polling-Stations,7576,Import IOS-Council of the Isles of Scilly for 2024-07-04,closed,polling-bot-4000,,2024-06-06T10:29:12+00:00,2024-06-14T13:02:35+00:00,2024-06-14T13:02:35+00:00,0,Data Import;ready;duplicate,8.11
DemocracyClub/UK-Polling-Stations,7575,Import IOS-Council of the Isles of Scilly for 2024-07-04,closed,polling-bot-4000,,2024-06-06T10:29:12+00:00,2024-06-12T22:27:13+00:00,2024-06-12T22:27:13+00:00,0,Data Import;ready,6.5
DemocracyClub/UK-Polling-Stations,7578,Import CHE-Cheshire East Council for 2024-07-04,closed,polling-bot-4000,,2024-06-06T11:07:08+00:00,2024-06-12T22:31:45+00:00,2024-06-12T22:31:45+00:00,0,Data Import;ready,6.48
DemocracyClub/UK-Polling-Stations,7580,Import SWK-London Borough of Southwark for 2024-07-04,closed,polling-bot-4000,,2024-06-06T11:15:20+00:00,2024-06-13T07:13:50+00:00,2024-06-13T07:13:51+00:00,0,Data Import;ready,6.83
DemocracyClub/UK-Polling-Stations,7582,Import ELS-Comhairle nan Eilean Siar for 2024-07-04,closed,polling-bot-4000,,2024-06-06T12:12:16+00:00,2024-06-17T12:10:57+00:00,2024-06-17T12:10:57+00:00,0,Data Import;ready;Scotland 🏴󠁧󠁢󠁳󠁣󠁴󠁿;duplicate,11.0
DemocracyClub/UK-Polling-Stations,7583,Import ELS-Comhairle nan Eilean Siar for 2024-07-04,closed,polling-bot-4000,,2024-06-06T12:12:17+00:00,2024-06-17T12:26:39+00:00,2024-06-17T12:26:39+00:00,3,Data Import;ready;Scotland 🏴󠁧󠁢󠁳󠁣󠁴󠁿,11.01
DemocracyClub/UK-Polling-Stations,7585,Import HLD-Highland Council for 2024-07-04,closed,polling-bot-4000,,2024-06-06T12:19:06+00:00,2024-06-17T13:53:27+00:00,2024-06-17T13:53:28+00:00,1,Data Import;ready;Scotland 🏴󠁧󠁢󠁳󠁣󠁴󠁿,11.07
DemocracyClub/UK-Polling-Stations,7587,Import CBF-Central Bedfordshire Council for 2024-07-04,closed,polling-bot-4000,,2024-06-06T12:19:14+00:00,2024-06-10T12:28:44+00:00,2024-06-10T12:28:45+00:00,19,Data Import;ready,4.01
DemocracyClub/UK-Polling-Stations,7589,Import MRY-Moray Council for 2024-07-04,closed,polling-bot-4000,,2024-06-06T12:28:24+00:00,2024-06-17T14:10:49+00:00,2024-06-17T14:10:50+00:00,4,Data Import;ready;Scotland 🏴󠁧󠁢󠁳󠁣󠁴󠁿,11.07
DemocracyClub/UK-Polling-Stations,7591,Import ROT-Rotherham Metropolitan Borough Council for 2024-07-04,closed,polling-bot-4000,,2024-06-06T13:29:13+00:00,2024-06-13T07:31:41+00:00,2024-06-13T07:31:42+00:00,0,Data Import;ready,6.75
DemocracyClub/UK-Polling-Stations,7593,Import CLD-Calderdale Metropolitan Borough Council for 2024-07-04,closed,polling-bot-4000,,2024-06-06T13:50:06+00:00,2024-06-13T07:35:38+00:00,2024-06-13T07:35:38+00:00,0,Data Import;ready,6.74
DemocracyClub/UK-Polling-Stations,7595,Import WKF-Wakefield Metropolitan District Council for 2024-07-04,closed,polling-bot-4000,,2024-06-06T13:50:31+00:00,2024-06-19T10:43:09+00:00,2024-06-19T10:43:09+00:00,1,Data Import;ready,12.87
DemocracyClub/UK-Polling-Stations,7597,Import COV-Coventry City Council for 2024-07-04,closed,polling-bot-4000,,2024-06-06T14:00:14+00:00,2024-06-21T14:11:52+00:00,2024-06-21T14:11:53+00:00,0,Data Import;ready,15.01
DemocracyClub/UK-Polling-Stations,7599,Import COV-Coventry City Council for 2024-06-20,closed,polling-bot-4000,,2024-06-06T14:02:06+00:00,2024-06-18T12:32:39+00:00,2024-06-18T12:32:40+00:00,0,Data Import;ready,11.94
DemocracyClub/UK-Polling-Stations,7602,Import WIL-Wiltshire Council for 2024-07-04,closed,polling-bot-4000,,2024-06-06T16:12:25+00:00,2024-06-14T08:06:17+00:00,2024-06-14T08:06:18+00:00,0,Data Import;ready,7.66
DemocracyClub/UK-Polling-Stations,7604,Import CRY-London Borough of Croydon for 2024-07-04,closed,polling-bot-4000,,2024-06-07T08:53:33+00:00,2024-06-14T08:21:30+00:00,2024-06-14T08:21:30+00:00,0,Data Import;ready,6.98
DemocracyClub/UK-Polling-Stations,7606,Import NNO-North Norfolk District Council for 2024-07-04,closed,polling-bot-4000,,2024-06-07T10:53:28+00:00,2024-06-10T16:33:00+00:00,2024-06-10T16:33:00+00:00,0,Data Import;ready,3.24
DemocracyClub/UK-Polling-Stations,7608,Import GOS-Gosport Borough Council for 2024-07-04,closed,polling-bot-4000,,2024-06-07T12:16:50+00:00,2024-06-14T13:04:07+00:00,2024-06-14T13:04:07+00:00,0,Data Import;ready;duplicate,7.03
DemocracyClub/UK-Polling-Stations,7610,Import SHR-Shropshire Council for 2024-07-04,closed,polling-bot-4000,,2024-06-07T12:36:08+00:00,2024-06-14T08:27:42+00:00,2024-06-14T08:27:42+00:00,0,Data Import;ready,6.83
DemocracyClub/UK-Polling-Stations,7612,Import ABE-Aberdeen City Council for 2024-07-04,closed,polling-bot-4000,,2024-06-07T14:40:07+00:00,2024-06-17T14:29:26+00:00,2024-06-17T14:29:26+00:00,0,Data Import;ready;Scotland 🏴󠁧󠁢󠁳󠁣󠁴󠁿,9.99
DemocracyClub/UK-Polling-Stations,7614,Import ABD-Aberdeenshire Council for 2024-07-04,closed,polling-bot-4000,,2024-06-07T14:42:31+00:00,2024-06-17T15:05:00+00:00,2024-06-17T15:05:01+00:00,0,Data Import;ready;Scotland 🏴󠁧󠁢󠁳󠁣󠁴󠁿,10.02
DemocracyClub/UK-Polling-Stations,7616,Import MON-Monmouthshire County Council for 2024-07-04,closed,polling-bot-4000,,2024-06-07T15:12:24+00:00,2024-06-14T08:31:37+00:00,2024-06-14T08:31:37+00:00,0,Data Import;ready,6.72
DemocracyClub/UK-Polling-Stations,7618,Import STR-Stratford on Avon District Council for 2024-07-04,closed,polling-bot-4000,,2024-06-07T15:48:46+00:00,2024-06-14T09:06:17+00:00,2024-06-14T09:06:18+00:00,0,Data Import;ready,6.72
DemocracyClub/UK-Polling-Stations,7620,Import BRY-London Borough of Bromley for 2024-07-04,closed,polling-bot-4000,,2024-06-07T16:10:57+00:00,2024-06-14T09:28:25+00:00,2024-06-14T09:28:25+00:00,0,Data Import;ready,6.72
DemocracyClub/UK-Polling-Stations,7622,Import STN-London Borough of Sutton for 2024-07-04,closed,polling-bot-4000,,2024-06-07T19:22:24+00:00,2024-06-14T09:14:58+00:00,2024-06-14T09:14:59+00:00,0,Data Import;ready,6.58
DemocracyClub/UK-Polling-Stations,7624,Import MTY-Merthyr Tydfil County Borough Council for 2024-07-04,closed,polling-bot-4000,,2024-06-08T11:05:33+00:00,2024-06-15T11:20:22+00:00,2024-06-15T11:20:22+00:00,0,Data Import;ready,7.01
DemocracyClub/UK-Polling-Stations,7626,Import ERY-East Riding of Yorkshire Council for 2024-07-04,closed,polling-bot-4000,,2024-06-08T16:09:33+00:00,2024-06-14T10:35:10+00:00,2024-06-14T10:35:10+00:00,0,Data Import;ready,5.77
DemocracyClub/UK-Polling-Stations,7628,Import TOB-Torbay Council for 2024-07-04,closed,polling-bot-4000,,2024-06-08T20:12:34+00:00,2024-06-18T12:49:39+00:00,2024-06-18T12:49:39+00:00,0,Data Import;ready,9.69
DemocracyClub/UK-Polling-Stations,7630,Import STH-Southampton City Council for 2024-07-04,closed,polling-bot-4000,,2024-06-09T16:32:04+00:00,2024-06-14T11:36:49+00:00,2024-06-14T11:36:49+00:00,0,Data Import;ready,4.79
DemocracyClub/UK-Polling-Stations,7632,Import UTT-Uttlesford District Council for 2024-07-04,closed,polling-bot-4000,,2024-06-10T07:32:19+00:00,2024-06-14T13:32:23+00:00,2024-06-14T13:32:23+00:00,0,Data Import;ready,4.25
DemocracyClub/UK-Polling-Stations,7634,Import NWM-London Borough of Newham for 2024-07-04,closed,polling-bot-4000,,2024-06-10T07:52:33+00:00,2024-06-14T13:16:27+00:00,2024-06-14T13:16:28+00:00,0,Data Import;ready,4.22
DemocracyClub/UK-Polling-Stations,7639,Import BRA-Braintree District Council for 2024-07-04,closed,polling-bot-4000,,2024-06-10T09:50:43+00:00,2024-06-14T13:26:15+00:00,2024-06-14T13:26:15+00:00,0,Data Import;ready,4.15
DemocracyClub/UK-Polling-Stations,7641,Import SLG-Slough Borough Council for 2024-07-04,closed,polling-bot-4000,,2024-06-10T10:04:23+00:00,2024-06-14T14:02:53+00:00,2024-06-14T14:02:54+00:00,0,Data Import;ready,4.17
DemocracyClub/UK-Polling-Stations,7643,Import OXO-Oxford City Council for 2024-07-04,closed,polling-bot-4000,,2024-06-10T10:38:03+00:00,2024-06-14T14:07:28+00:00,2024-06-14T14:07:29+00:00,2,Data Import;ready,4.15
DemocracyClub/UK-Polling-Stations,7645,Import KEC-Royal Borough of Kensington and Chelsea for 2024-07-04,closed,polling-bot-4000,,2024-06-10T10:41:03+00:00,2024-06-14T14:14:10+00:00,2024-06-14T14:14:10+00:00,0,Data Import;ready,4.15
DemocracyClub/UK-Polling-Stations,7647,Import GWN-Gwynedd Council for 2024-07-04,closed,polling-bot-4000,,2024-06-10T11:03:37+00:00,2024-06-17T11:27:12+00:00,2024-06-17T11:27:12+00:00,0,Data Import;ready,7.02
DemocracyClub/UK-Polling-Stations,7649,Import GRE-Royal Borough of Greenwich for 2024-07-04,closed,polling-bot-4000,,2024-06-10T11:05:26+00:00,2024-06-17T11:32:11+00:00,2024-06-17T11:32:11+00:00,0,Data Import;ready,7.02
DemocracyClub/UK-Polling-Stations,7651,Import GLG-Glasgow City Council for 2024-07-04,closed,polling-bot-4000,,2024-06-10T11:22:33+00:00,2024-06-17T12:36:51+00:00,2024-06-17T12:36:52+00:00,0,Data Import;ready,7.05
DemocracyClub/UK-Polling-Stations,7653,Import WND-London Borough of Wandsworth for 2024-07-04,closed,polling-bot-4000,,2024-06-10T12:17:26+00:00,2024-06-17T12:46:03+00:00,2024-06-17T12:46:03+00:00,0,Data Import;ready,7.02
DemocracyClub/UK-Polling-Stations,7655,Import ENF-London Borough of Enfield for 2024-07-04,closed,polling-bot-4000,,2024-06-10T13:12:10+00:00,2024-06-19T13:50:47+00:00,2024-06-19T13:50:48+00:00,0,Data Import;ready,9.03
DemocracyClub/UK-Polling-Stations,7657,Import PEM-Pembrokeshire County Council for 2024-07-04,closed,polling-bot-4000,,2024-06-10T13:14:24+00:00,2024-06-17T10:15:05+00:00,2024-06-17T10:15:06+00:00,0,Data Import;ready,6.88
DemocracyClub/UK-Polling-Stations,7658,Import PEM-Pembrokeshire County Council for 2024-07-04,closed,polling-bot-4000,,2024-06-10T13:14:25+00:00,2024-06-25T15:30:32+00:00,2024-06-25T15:30:33+00:00,1,Data Import;ready;duplicate,15.09
DemocracyClub/UK-Polling-Stations,7660,Import CAN-Cannock Chase District Council for 2024-07-04,closed,polling-bot-4000,,2024-06-10T13:49:11+00:00,2024-06-19T13:59:24+00:00,2024-06-19T13:59:24+00:00,0,Data Import;ready,9.01
DemocracyClub/UK-Polling-Stations,7662,Import BNE-London Borough of Barnet for 2024-07-04,closed,polling-bot-4000,,2024-06-10T13:51:56+00:00,2024-06-17T10:36:13+00:00,2024-06-17T10:36:13+00:00,5,Data Import;ready,6.86
DemocracyClub/UK-Polling-Stations,7664,Import SWA-City & County of Swansea for 2024-07-04,closed,polling-bot-4000,,2024-06-10T13:57:17+00:00,2024-06-18T11:24:30+00:00,2024-06-18T11:24:31+00:00,4,Data Import;ready,7.89
DemocracyClub/UK-Polling-Stations,7666,Import PRE-Preston City Council for 2024-07-04,closed,polling-bot-4000,,2024-06-10T14:09:09+00:00,2024-06-17T15:12:19+00:00,2024-06-17T15:12:19+00:00,0,Data Import;ready,7.04
DemocracyClub/UK-Polling-Stations,7668,Import TFW-Telford and Wrekin Council for 2024-07-04,closed,polling-bot-4000,,2024-06-10T14:15:07+00:00,2024-06-17T15:17:40+00:00,2024-06-17T15:17:41+00:00,0,Data Import;ready,7.04
DemocracyClub/UK-Polling-Stations,7670,Import DST-Dorset Council for 2024-07-04,closed,polling-bot-4000,,2024-06-10T14:23:40+00:00,2024-06-17T15:25:16+00:00,2024-06-17T15:25:17+00:00,0,Data Import;ready,7.04
DemocracyClub/UK-Polling-Stations,7672,Import TWH-London Borough of Tower Hamlets for 2024-07-04,closed,polling-bot-4000,,2024-06-10T14:31:45+00:00,2024-06-17T08:46:37+00:00,2024-06-17T08:46:37+00:00,0,Data Import;ready,6.76
DemocracyClub/UK-Polling-Stations,7674,Import TAW-Tamworth Borough Council for 2024-07-04,closed,polling-bot-4000,,2024-06-10T14:51:58+00:00,2024-06-17T08:50:36+00:00,2024-06-17T08:50:36+00:00,0,Data Import;ready,6.75
DemocracyClub/UK-Polling-Stations,7676,Import EXE-Exeter City Council for 2024-07-04,closed,polling-bot-4000,,2024-06-10T14:56:58+00:00,2024-06-18T12:13:30+00:00,2024-06-18T12:13:30+00:00,0,Data Import;ready,7.89
DemocracyClub/UK-Polling-Stations,7678,Import KWL-Knowsley Metropolitan Borough Council for 2024-07-04,closed,polling-bot-4000,,2024-06-10T15:01:24+00:00,2024-06-18T12:19:10+00:00,2024-06-18T12:19:10+00:00,0,Data Import;ready,7.89
DemocracyClub/UK-Polling-Stations,7680,Import BRO-Broadland District Council for 2024-07-04,closed,polling-bot-4000,,2024-06-10T15:27:37+00:00,2024-06-10T16:06:22+00:00,2024-06-10T16:06:22+00:00,0,Data Import;ready,0.03
DemocracyClub/UK-Polling-Stations,7682,Import BRE-Breckland Council for 2024-07-04,closed,polling-bot-4000,,2024-06-10T15:29:11+00:00,2024-06-27T11:31:08+00:00,2024-06-27T11:31:09+00:00,2,Data Import;ready,16.83
DemocracyClub/UK-Polling-Stations,7684,Import SNO-South Norfolk District Council for 2024-07-04,closed,polling-bot-4000,,2024-06-10T15:59:29+00:00,2024-06-10T16:25:17+00:00,2024-06-10T16:25:18+00:00,0,Data Import;ready,0.02
DemocracyClub/UK-Polling-Stations,7686,Import VAL-Vale of White Horse District Council for 2024-07-04,closed,polling-bot-4000,,2024-06-10T17:05:04+00:00,2024-06-10T17:25:46+00:00,2024-06-10T17:25:46+00:00,0,Data Import;ready,0.01
DemocracyClub/UK-Polling-Stations,7690,Import SFT-Sefton Metropolitan Borough Council for 2024-07-04,closed,polling-bot-4000,,2024-06-10T19:58:06+00:00,2024-06-28T11:10:24+00:00,2024-06-28T11:10:24+00:00,3,Data Import;ready,17.63
DemocracyClub/UK-Polling-Stations,7689,Import SFT-Sefton Metropolitan Borough Council for 2024-07-04,closed,polling-bot-4000,,2024-06-10T19:58:06+00:00,2024-06-18T12:20:26+00:00,2024-06-18T12:20:26+00:00,0,Data Import;ready;duplicate,7.68
DemocracyClub/UK-Polling-Stations,7693,Import HRW-London Borough of Harrow for 2024-07-04,closed,polling-bot-4000,,2024-06-11T07:45:28+00:00,2024-06-18T13:02:27+00:00,2024-06-18T13:02:27+00:00,0,Data Import;ready,7.22
DemocracyClub/UK-Polling-Stations,7695,Import HIL-London Borough of Hillingdon for 2024-07-04,closed,polling-bot-4000,,2024-06-11T07:46:51+00:00,2024-06-18T13:18:04+00:00,2024-06-18T13:18:05+00:00,0,Data Import;ready,7.23
DemocracyClub/UK-Polling-Stations,7697,Import RUH-Rushmoor Borough Council for 2024-07-04,closed,polling-bot-4000,,2024-06-11T08:44:46+00:00,2024-06-18T13:26:52+00:00,2024-06-18T13:26:53+00:00,0,Data Import;ready,7.2
DemocracyClub/UK-Polling-Stations,7699,Import NGM-Nottingham City Council for 2024-07-04,closed,polling-bot-4000,,2024-06-11T08:51:13+00:00,2024-06-18T13:53:38+00:00,2024-06-18T13:53:38+00:00,0,Data Import;ready,7.21
DemocracyClub/UK-Polling-Stations,7701,Import WFT-London Borough of Waltham Forest for 2024-07-04,closed,polling-bot-4000,,2024-06-11T09:17:50+00:00,2024-06-21T14:04:42+00:00,2024-06-21T14:04:42+00:00,0,Data Import;ready,10.2
DemocracyClub/UK-Polling-Stations,7703,Import CWY-Conwy County Borough Council for 2024-07-04,closed,polling-bot-4000,,2024-06-11T09:50:22+00:00,2024-06-19T10:31:35+00:00,2024-06-19T10:31:35+00:00,0,Data Import;ready,8.03
DemocracyClub/UK-Polling-Stations,7705,Import PTE-Peterborough City Council for 2024-07-04,closed,polling-bot-4000,,2024-06-11T12:38:38+00:00,2024-06-19T14:03:14+00:00,2024-06-19T14:03:14+00:00,0,Data Import;ready,8.06
DemocracyClub/UK-Polling-Stations,7707,Import SOX-South Oxfordshire District Council for 2024-07-04,closed,polling-bot-4000,,2024-06-11T13:51:22+00:00,2024-06-13T08:25:00+00:00,2024-06-13T08:25:00+00:00,0,Data Import;ready,1.77
DemocracyClub/UK-Polling-Stations,7709,Import NNT-North Northamptonshire Council for 2024-07-04,closed,polling-bot-4000,,2024-06-11T13:53:51+00:00,2024-06-19T10:38:39+00:00,2024-06-19T10:38:39+00:00,0,Data Import;ready,7.86
DemocracyClub/UK-Polling-Stations,7711,Import HAR-Harlow District Council for 2024-07-04,closed,polling-bot-4000,,2024-06-11T14:09:11+00:00,2024-06-19T12:08:30+00:00,2024-06-19T12:08:30+00:00,0,Data Import;ready,7.92
DemocracyClub/UK-Polling-Stations,7713,Import HIG-High Peak Borough Council for 2024-07-04,closed,polling-bot-4000,,2024-06-11T14:57:10+00:00,2024-06-19T12:18:11+00:00,2024-06-19T12:18:12+00:00,0,Data Import;ready,7.89
DemocracyClub/UK-Polling-Stations,7715,Import NWP-Newport City Council for 2024-07-04,closed,polling-bot-4000,,2024-06-11T14:59:11+00:00,2024-06-19T13:01:32+00:00,2024-06-19T13:01:32+00:00,0,Data Import;ready,7.92
DemocracyClub/UK-Polling-Stations,7717,Import RFW-Renfrewshire Council for 2024-07-04,closed,polling-bot-4000,,2024-06-11T15:20:45+00:00,2024-06-19T08:55:06+00:00,2024-06-19T08:55:07+00:00,0,Data Import;ready;Scotland 🏴󠁧󠁢󠁳󠁣󠁴󠁿,7.73
DemocracyClub/UK-Polling-Stations,7719,Import VAL-Vale of White Horse District Council for 2024-07-04,closed,polling-bot-4000,,2024-06-11T15:32:57+00:00,2024-06-11T16:26:48+00:00,2024-06-11T16:26:48+00:00,0,Data Import;ready,0.04
DemocracyClub/UK-Polling-Stations,7721,Import LEE-Lewes District Council for 2024-07-04,closed,polling-bot-4000,,2024-06-11T15:33:41+00:00,2024-06-19T13:27:50+00:00,2024-06-19T13:27:51+00:00,0,Data Import;ready,7.91
DemocracyClub/UK-Polling-Stations,7723,Import BAN-Basingstoke and Deane Borough Council for 2024-07-04,closed,polling-bot-4000,,2024-06-11T15:47:46+00:00,2024-06-19T14:09:09+00:00,2024-06-19T14:09:09+00:00,0,Data Import;ready,7.93
DemocracyClub/UK-Polling-Stations,7725,Import LAC-Lancaster City Council for 2024-07-04,closed,polling-bot-4000,,2024-06-11T16:19:13+00:00,2024-06-19T14:19:18+00:00,2024-06-19T14:19:19+00:00,2,Data Import;ready,7.92
DemocracyClub/UK-Polling-Stations,7730,Import WAW-Warwick District Council for 2024-07-04,closed,polling-bot-4000,,2024-06-12T09:01:32+00:00,2024-06-19T15:29:30+00:00,2024-06-19T15:29:30+00:00,0,Data Import;ready,7.27
DemocracyClub/UK-Polling-Stations,7732,Import RDG-Reading Borough Council for 2024-07-04,closed,polling-bot-4000,,2024-06-12T10:03:08+00:00,2024-06-21T14:25:50+00:00,2024-06-21T14:25:50+00:00,0,Data Import;ready,9.18
DemocracyClub/UK-Polling-Stations,7734,Import HMF-London Borough of Hammersmith and Fulham for 2024-07-04,closed,polling-bot-4000,,2024-06-12T10:07:09+00:00,2024-06-21T14:29:20+00:00,2024-06-21T14:29:21+00:00,0,Data Import;ready,9.18
DemocracyClub/UK-Polling-Stations,7736,Import NED-North East Derbyshire District Council for 2024-07-04,closed,polling-bot-4000,,2024-06-12T10:55:18+00:00,2024-06-21T14:34:59+00:00,2024-06-21T14:35:00+00:00,0,Data Import;ready,9.15
DemocracyClub/UK-Polling-Stations,7738,Import POW-Powys County Council for 2024-07-04,closed,polling-bot-4000,,2024-06-12T14:13:19+00:00,2024-06-21T14:47:11+00:00,2024-06-21T14:47:11+00:00,0,Data Import;ready,9.02
DemocracyClub/UK-Polling-Stations,7740,Import BEX-London Borough of Bexley for 2024-07-04,closed,polling-bot-4000,,2024-06-12T14:15:19+00:00,2024-06-20T08:37:56+00:00,2024-06-20T08:37:57+00:00,0,Data Import;ready,7.77
DemocracyClub/UK-Polling-Stations,7742,Import YOR-York City Council for 2024-07-04,closed,polling-bot-4000,,2024-06-12T14:32:54+00:00,2024-06-20T11:10:46+00:00,2024-06-20T11:10:46+00:00,4,Data Import;ready,7.86
DemocracyClub/UK-Polling-Stations,7744,Import SAY-South Ayrshire Council for 2024-07-04,closed,polling-bot-4000,,2024-06-12T15:20:12+00:00,2024-06-19T09:33:09+00:00,2024-06-19T09:33:09+00:00,1,Data Import;ready;Scotland 🏴󠁧󠁢󠁳󠁣󠁴󠁿,6.76
DemocracyClub/UK-Polling-Stations,7746,Import NAY-North Ayrshire Council for 2024-07-04,closed,polling-bot-4000,,2024-06-12T16:11:29+00:00,2024-06-19T09:15:32+00:00,2024-06-19T09:15:32+00:00,0,Data Import;ready;Scotland 🏴󠁧󠁢󠁳󠁣󠁴󠁿,6.71
DemocracyClub/UK-Polling-Stations,7748,Import EAY-East Ayrshire Council for 2024-07-04,closed,polling-bot-4000,,2024-06-12T16:12:58+00:00,2024-06-19T09:20:36+00:00,2024-06-19T09:20:37+00:00,0,Data Import;ready;Scotland 🏴󠁧󠁢󠁳󠁣󠁴󠁿,6.71
DemocracyClub/UK-Polling-Stations,7750,Import SAW-Sandwell Metropolitan Borough Council for 2024-07-04,closed,polling-bot-4000,,2024-06-12T16:22:40+00:00,2024-06-20T11:20:35+00:00,2024-06-20T11:20:35+00:00,0,Data Import;ready,7.79
DemocracyClub/UK-Polling-Stations,7753,Import COT-Cotswold District Council for 2024-07-04,closed,polling-bot-4000,,2024-06-13T06:52:56+00:00,2024-06-20T12:05:14+00:00,2024-06-20T12:05:15+00:00,0,Data Import;ready,7.22
DemocracyClub/UK-Polling-Stations,7756,Import FIF-Fife Council for 2024-07-04,closed,polling-bot-4000,,2024-06-13T09:25:50+00:00,2024-06-20T13:56:44+00:00,2024-06-20T13:56:44+00:00,0,Data Import;ready;Scotland 🏴󠁧󠁢󠁳󠁣󠁴󠁿,7.19
DemocracyClub/UK-Polling-Stations,7757,Import FIF-Fife Council for 2024-07-04,closed,polling-bot-4000,,2024-06-13T09:25:51+00:00,2024-06-20T13:49:34+00:00,2024-06-20T13:49:34+00:00,2,Data Import;ready;Scotland 🏴󠁧󠁢󠁳󠁣󠁴󠁿;duplicate,7.18
DemocracyClub/UK-Polling-Stations,7762,Import SOS-Southend-on-Sea City Council for 2024-07-04,closed,polling-bot-4000,,2024-06-13T10:16:58+00:00,2024-06-20T15:18:24+00:00,2024-06-20T15:18:25+00:00,0,Data Import;ready,7.21
DemocracyClub/UK-Polling-Stations,7765,Import SHA-South Hams District Council for 2024-07-04,closed,polling-bot-4000,,2024-06-13T11:47:20+00:00,2024-06-14T11:01:59+00:00,2024-06-14T11:01:59+00:00,1,Data Import;ready,0.97
DemocracyClub/UK-Polling-Stations,7767,Import NEL-North East Lincolnshire Council for 2024-07-04,closed,polling-bot-4000,,2024-06-13T11:53:56+00:00,2024-06-21T08:28:09+00:00,2024-06-21T08:28:09+00:00,0,Data Import;ready,7.86
DemocracyClub/UK-Polling-Stations,7769,Import SKP-Stockport Metropolitan Borough Council for 2024-07-04,closed,polling-bot-4000,,2024-06-13T15:35:33+00:00,2024-06-21T14:41:04+00:00,2024-06-21T14:41:05+00:00,0,Data Import;ready,7.96
DemocracyClub/UK-Polling-Stations,7771,Import EDE-East Devon District Council for 2024-07-04,closed,polling-bot-4000,,2024-06-14T08:00:04+00:00,2024-06-24T13:04:38+00:00,2024-06-24T13:04:39+00:00,0,Data Import;ready;duplicate,10.21
DemocracyClub/UK-Polling-Stations,7772,Import EDE-East Devon District Council for 2024-07-04,closed,polling-bot-4000,,2024-06-14T08:00:06+00:00,2024-06-25T15:31:46+00:00,2024-06-25T15:31:47+00:00,1,Data Import;ready,11.31
DemocracyClub/UK-Polling-Stations,7775,Import CAB-Cambridge City Council for 2024-07-04,closed,polling-bot-4000,,2024-06-14T08:34:00+00:00,2024-06-18T15:23:29+00:00,2024-06-18T15:23:30+00:00,2,Data Import;ready,4.28
DemocracyClub/UK-Polling-Stations,7778,Import GRT-Guildford Borough Council for 2024-07-04,closed,polling-bot-4000,,2024-06-14T10:26:10+00:00,2024-06-25T14:09:57+00:00,2024-06-25T14:09:57+00:00,0,Data Import;ready,11.16
DemocracyClub/UK-Polling-Stations,7780,Import LIF-Lichfield District Council for 2024-07-04,closed,polling-bot-4000,,2024-06-14T13:07:45+00:00,2024-06-21T15:22:06+00:00,2024-06-21T15:22:07+00:00,0,Data Import;ready,7.09
DemocracyClub/UK-Polling-Stations,7782,Import NTY-North Tyneside Council for 2024-07-04,closed,polling-bot-4000,,2024-06-14T13:11:45+00:00,2024-06-21T15:01:58+00:00,2024-06-21T15:01:59+00:00,0,Data Import;ready,7.08
DemocracyClub/UK-Polling-Stations,7784,Import IOW-Isle of Wight Council for 2024-07-04,closed,polling-bot-4000,,2024-06-14T13:16:04+00:00,2024-06-21T15:13:43+00:00,2024-06-21T15:13:44+00:00,0,Data Import;ready,7.08
DemocracyClub/UK-Polling-Stations,7786,Import CGN-Ceredigion County Council for 2024-07-04,closed,polling-bot-4000,,2024-06-14T13:22:37+00:00,2024-06-21T15:31:12+00:00,2024-06-21T15:31:12+00:00,0,Data Import;ready,7.09
DemocracyClub/UK-Polling-Stations,7787,Import CGN-Ceredigion County Council for 2024-07-04,closed,polling-bot-4000,,2024-06-14T13:22:38+00:00,2024-06-25T15:31:47+00:00,2024-06-25T15:31:47+00:00,0,Data Import;ready,11.09
DemocracyClub/UK-Polling-Stations,7789,Import DEN-Denbighshire County Council for 2024-07-04,closed,polling-bot-4000,,2024-06-14T14:02:41+00:00,2024-06-22T06:05:28+00:00,2024-06-22T06:05:29+00:00,0,Data Import;ready,7.67
DemocracyClub/UK-Polling-Stations,7791,Import ROS-Rossendale Borough Council for 2024-07-04,closed,polling-bot-4000,,2024-06-14T14:07:34+00:00,2024-06-21T15:36:49+00:00,2024-06-21T15:36:49+00:00,0,Data Import;ready,7.06
DemocracyClub/UK-Polling-Stations,7793,Import HYN-Hyndburn Borough Council for 2024-07-04,closed,polling-bot-4000,,2024-06-14T14:12:24+00:00,2024-06-21T15:40:58+00:00,2024-06-21T15:40:59+00:00,0,Data Import;ready,7.06
DemocracyClub/UK-Polling-Stations,7795,Import TON-Tonbridge and Malling Borough Council for 2024-07-04,closed,polling-bot-4000,,2024-06-14T14:16:21+00:00,2024-06-24T12:53:32+00:00,2024-06-24T12:53:32+00:00,0,Data Import;ready,9.94
DemocracyClub/UK-Polling-Stations,7796,Import TON-Tonbridge and Malling Borough Council for 2024-07-04,closed,polling-bot-4000,,2024-06-14T14:16:23+00:00,2024-06-25T15:31:48+00:00,2024-06-25T15:31:48+00:00,1,Data Import;ready,11.05
DemocracyClub/UK-Polling-Stations,7798,Import TON-Tonbridge and Malling Borough Council for 2024-07-04,closed,polling-bot-4000,,2024-06-14T14:16:31+00:00,2024-06-25T15:31:48+00:00,2024-06-25T15:31:49+00:00,4,Data Import;ready,11.05
DemocracyClub/UK-Polling-Stations,7799,Import MEN-Somerset Council (formerly Mendip) for 2024-07-04,closed,polling-bot-4000,,2024-06-14T14:29:29+00:00,2024-06-25T07:35:26+00:00,2024-06-25T07:35:27+00:00,4,Data Import;ready,10.71
DemocracyClub/UK-Polling-Stations,7801,Import SEG-Somerset Council (formerly Sedgemoor) for 2024-07-04,closed,polling-bot-4000,,2024-06-14T14:31:16+00:00,2024-06-25T07:48:59+00:00,2024-06-25T07:48:59+00:00,1,Data Import;ready,10.72
DemocracyClub/UK-Polling-Stations,7803,Import SSO-Somerset Council (formerly South Somerset) for 2024-07-04,closed,polling-bot-4000,,2024-06-14T14:33:18+00:00,2024-06-25T08:22:14+00:00,2024-06-25T08:22:14+00:00,2,Data Import;ready,10.74
DemocracyClub/UK-Polling-Stations,7805,Import EAL-London Borough of Ealing for 2024-07-04,closed,polling-bot-4000,,2024-06-14T14:39:51+00:00,2024-06-22T05:41:35+00:00,2024-06-22T05:41:36+00:00,0,Data Import;ready,7.63
DemocracyClub/UK-Polling-Stations,7807,Import RCC-Redcar and Cleveland Borough Council for 2024-07-04,closed,polling-bot-4000,,2024-06-14T14:47:14+00:00,2024-06-22T06:09:55+00:00,2024-06-22T06:09:56+00:00,0,Data Import;ready,7.64
DemocracyClub/UK-Polling-Stations,7809,Import BRD-Bradford Council for 2024-07-04,closed,polling-bot-4000,,2024-06-14T14:58:05+00:00,2024-06-22T06:13:33+00:00,2024-06-22T06:13:33+00:00,0,Data Import;ready,7.64
DemocracyClub/UK-Polling-Stations,7811,Import ECA-East Cambridgeshire District Council for 2024-07-04,closed,polling-bot-4000,,2024-06-14T15:11:58+00:00,2024-06-22T06:17:50+00:00,2024-06-22T06:17:50+00:00,0,Data Import;ready,7.63
DemocracyClub/UK-Polling-Stations,7813,Import BDF-Bedford Borough Council for 2024-07-04,closed,polling-bot-4000,,2024-06-14T16:00:07+00:00,2024-06-24T14:45:42+00:00,2024-06-24T14:45:43+00:00,0,Data Import;ready,9.95
DemocracyClub/UK-Polling-Stations,7814,Import BDF-Bedford Borough Council for 2024-07-04,closed,polling-bot-4000,,2024-06-14T16:00:08+00:00,2024-06-24T14:36:34+00:00,2024-06-24T14:36:34+00:00,1,Data Import;ready;On hold ⛔;duplicate,9.94
DemocracyClub/UK-Polling-Stations,7816,Import BDF-Bedford Borough Council for 2024-07-04,closed,polling-bot-4000,,2024-06-14T16:00:26+00:00,2024-06-24T14:36:21+00:00,2024-06-24T14:36:22+00:00,6,Data Import;ready;duplicate,9.94
DemocracyClub/UK-Polling-Stations,7818,Import WGN-Wigan Metropolitan Borough Council for 2024-07-04,closed,polling-bot-4000,,2024-06-17T10:12:00+00:00,2024-06-24T14:13:09+00:00,2024-06-24T14:13:10+00:00,2,Data Import;ready;On hold ⛔,7.17
DemocracyClub/UK-Polling-Stations,7820,Import MEL-Melton Borough Council for 2024-07-04,closed,polling-bot-4000,,2024-06-17T10:41:26+00:00,2024-06-24T08:05:45+00:00,2024-06-24T08:05:45+00:00,0,Data Import;ready,6.89
DemocracyClub/UK-Polling-Stations,7822,Import WEW-Welwyn Hatfield Borough Council for 2024-07-04,closed,polling-bot-4000,,2024-06-17T10:45:21+00:00,2024-06-24T12:57:14+00:00,2024-06-24T12:57:14+00:00,2,Data Import;ready,7.09
DemocracyClub/UK-Polling-Stations,7824,Import WLI-West Lindsey District Council for 2024-07-04,closed,polling-bot-4000,,2024-06-17T10:46:18+00:00,2024-06-24T08:12:41+00:00,2024-06-24T08:12:41+00:00,0,Data Import;ready,6.89
DemocracyClub/UK-Polling-Stations,7826,Import RIC-London Borough of Richmond Upon Thames for 2024-07-04,closed,polling-bot-4000,,2024-06-17T11:21:03+00:00,2024-06-25T12:59:25+00:00,2024-06-25T12:59:25+00:00,5,Data Import;ready,8.07
DemocracyClub/UK-Polling-Stations,7829,Import BRX-Broxbourne Borough Council for 2024-07-04,closed,polling-bot-4000,,2024-06-17T11:51:17+00:00,2024-06-25T15:31:49+00:00,2024-06-25T15:31:49+00:00,2,Data Import;ready,8.15
DemocracyClub/UK-Polling-Stations,7828,Import BRX-Broxbourne Borough Council for 2024-07-04,closed,polling-bot-4000,,2024-06-17T11:51:17+00:00,2024-06-24T08:16:27+00:00,2024-06-24T08:16:28+00:00,0,Data Import;ready,6.85
DemocracyClub/UK-Polling-Stations,7831,Import BEN-London Borough of Brent for 2024-07-04,closed,polling-bot-4000,,2024-06-17T14:33:44+00:00,2024-06-18T15:13:41+00:00,2024-06-18T15:13:42+00:00,0,Data Import;ready,1.03
DemocracyClub/UK-Polling-Stations,7832,Import BEN-London Borough of Brent for 2024-07-04,closed,polling-bot-4000,,2024-06-17T14:33:45+00:00,2024-06-18T15:06:39+00:00,2024-06-18T15:06:39+00:00,5,Data Import;ready;duplicate,1.02
DemocracyClub/UK-Polling-Stations,7834,Import SWT-Somerset Council (formerly Somerset West & Taunton) for 2024-07-04,closed,polling-bot-4000,,2024-06-17T15:33:16+00:00,2024-06-25T08:27:16+00:00,2024-06-25T08:27:16+00:00,1,Data Import;ready,7.7
DemocracyClub/UK-Polling-Stations,7836,Import TOR-Torridge District Council for 2024-07-04,closed,polling-bot-4000,,2024-06-17T18:59:34+00:00,2024-06-24T08:22:00+00:00,2024-06-24T08:22:00+00:00,0,Data Import;ready,6.56
DemocracyClub/UK-Polling-Stations,7840,Import CHW-Cheshire West and Chester for 2024-07-04,closed,polling-bot-4000,,2024-06-18T09:00:37+00:00,2024-06-24T08:25:31+00:00,2024-06-24T08:25:31+00:00,0,Data Import;ready,5.98
DemocracyClub/UK-Polling-Stations,7842,Import AGY-Isle of Anglesey County Council for 2024-07-04,closed,polling-bot-4000,,2024-06-18T09:04:06+00:00,2024-06-24T09:07:53+00:00,2024-06-24T09:07:54+00:00,0,Data Import;ready,6.0
DemocracyClub/UK-Polling-Stations,7844,Import PKN-Perth & Kinross Council for 2024-07-04,closed,polling-bot-4000,,2024-06-18T09:08:21+00:00,2024-06-18T09:51:48+00:00,2024-06-18T09:51:48+00:00,0,Data Import;ready,0.03
DemocracyClub/UK-Polling-Stations,7846,Import ANS-Angus Council for 2024-07-04,closed,polling-bot-4000,,2024-06-18T09:08:44+00:00,2024-06-18T10:13:09+00:00,2024-06-18T10:13:09+00:00,0,Data Import;ready,0.04
DemocracyClub/UK-Polling-Stations,7848,Import BBD-Blackburn with Darwen Borough Council for 2024-07-04,closed,polling-bot-4000,,2024-06-18T09:36:27+00:00,2024-06-24T13:38:22+00:00,2024-06-24T13:38:23+00:00,1,Data Import;ready,6.17
DemocracyClub/UK-Polling-Stations,7850,Import CAS-Castle Point Borough Council for 2024-07-04,closed,polling-bot-4000,,2024-06-18T09:36:32+00:00,2024-06-24T09:14:52+00:00,2024-06-24T09:14:52+00:00,0,Data Import;ready,5.98
DemocracyClub/UK-Polling-Stations,7852,Import DNC-Doncaster Metropolitan Borough Council for 2024-07-04,closed,polling-bot-4000,,2024-06-18T09:42:13+00:00,2024-06-24T09:20:56+00:00,2024-06-24T09:20:56+00:00,0,Data Import;ready,5.99
DemocracyClub/UK-Polling-Stations,7856,Import SFT-Sefton Metropolitan Borough Council for 2024-06-20,closed,polling-bot-4000,,2024-06-18T12:27:03+00:00,2024-06-18T12:38:23+00:00,2024-06-18T12:38:23+00:00,0,Data Import;ready,0.01
DemocracyClub/UK-Polling-Stations,7858,Import CHE-Cheshire East Council for 2024-07-04,closed,polling-bot-4000,,2024-06-18T15:38:38+00:00,2024-06-20T09:40:51+00:00,2024-06-20T09:40:52+00:00,1,Data Import;ready,1.75
DemocracyClub/UK-Polling-Stations,7860,Import TOB-Torbay Council for 2024-07-04,closed,polling-bot-4000,,2024-06-18T18:19:08+00:00,2024-06-20T10:06:01+00:00,2024-06-20T10:06:01+00:00,1,Data Import;ready,1.66
DemocracyClub/UK-Polling-Stations,7862,Import EDU-East Dunbartonshire Council for 2024-07-04,closed,polling-bot-4000,,2024-06-19T08:26:42+00:00,2024-06-19T08:47:15+00:00,2024-06-19T08:47:15+00:00,0,Data Import;ready,0.01
DemocracyClub/UK-Polling-Stations,7864,Import HIL-London Borough of Hillingdon for 2024-07-04,closed,polling-bot-4000,,2024-06-19T08:41:50+00:00,2024-06-19T10:49:30+00:00,2024-06-19T10:49:30+00:00,1,Data Import;ready,0.09
DemocracyClub/UK-Polling-Stations,7866,Import SLG-Slough Borough Council for 2024-07-04,closed,polling-bot-4000,,2024-06-19T09:32:26+00:00,2024-06-19T09:41:50+00:00,2024-06-19T09:41:50+00:00,0,Data Import;ready,0.01
DemocracyClub/UK-Polling-Stations,7868,Import HRW-London Borough of Harrow for 2024-07-04,closed,polling-bot-4000,,2024-06-19T10:49:05+00:00,2024-06-19T11:03:36+00:00,2024-06-19T11:03:36+00:00,0,Data Import;ready,0.01
DemocracyClub/UK-Polling-Stations,7870,Import HAO-Harborough District Council for 2024-07-04,closed,polling-bot-4000,,2024-06-19T11:01:57+00:00,2024-06-19T11:21:21+00:00,2024-06-19T11:21:21+00:00,0,Data Import;ready,0.01
DemocracyClub/UK-Polling-Stations,7873,Import ARU-Arun District Council for 2024-07-04,closed,polling-bot-4000,,2024-06-19T12:29:09+00:00,2024-06-20T09:19:15+00:00,2024-06-20T09:19:15+00:00,6,Data Import;ready,0.87
DemocracyClub/UK-Polling-Stations,7872,Import ARU-Arun District Council for 2024-07-04,closed,polling-bot-4000,,2024-06-19T12:29:09+00:00,2024-06-20T08:57:34+00:00,2024-06-20T08:57:35+00:00,0,Data Import;ready;duplicate,0.85
DemocracyClub/UK-Polling-Stations,7875,Import RCT-Rhondda Cynon Taf County Borough Council for 2024-07-04,closed,polling-bot-4000,,2024-06-19T14:15:19+00:00,2024-06-19T15:20:06+00:00,2024-06-19T15:20:06+00:00,0,Data Import;ready,0.04
DemocracyClub/UK-Polling-Stations,7878,Import ROC-Rochford District Council for 2024-07-04,closed,polling-bot-4000,,2024-06-19T15:18:53+00:00,2024-06-24T09:34:31+00:00,2024-06-24T09:34:32+00:00,0,Data Import;ready,4.76
DemocracyClub/UK-Polling-Stations,7880,Import CMD-London Borough of Camden for 2024-07-04,closed,polling-bot-4000,,2024-06-19T15:20:46+00:00,2024-06-24T09:56:44+00:00,2024-06-24T09:56:45+00:00,0,Data Import;ready,4.77
DemocracyClub/UK-Polling-Stations,7882,Import LEE-Lewes District Council for 2024-07-04,closed,polling-bot-4000,,2024-06-19T15:26:29+00:00,2024-06-19T15:37:53+00:00,2024-06-19T15:37:53+00:00,0,Data Import;ready,0.01
DemocracyClub/UK-Polling-Stations,7884,Import NTL-Neath Port Talbot County Borough Council for 2024-07-04,closed,polling-bot-4000,,2024-06-19T19:48:56+00:00,2024-06-25T07:20:04+00:00,2024-06-25T07:20:05+00:00,6,Data Import;ready,5.48
DemocracyClub/UK-Polling-Stations,7886,Import WAW-Warwick District Council for 2024-07-04,closed,polling-bot-4000,,2024-06-20T09:43:42+00:00,2024-06-25T10:43:14+00:00,2024-06-25T10:43:15+00:00,2,Data Import;ready;On hold ⛔,5.04
DemocracyClub/UK-Polling-Stations,7890,Import CON-Cornwall Council for 2024-07-04,closed,polling-bot-4000,,2024-06-20T11:34:55+00:00,2024-06-24T10:02:16+00:00,2024-06-24T10:02:16+00:00,0,Data Import;ready,3.94
DemocracyClub/UK-Polling-Stations,7892,Import NWM-London Borough of Newham for 2024-07-04,closed,polling-bot-4000,,2024-06-20T12:52:48+00:00,2025-02-28T10:18:10+00:00,2025-02-28T10:18:10+00:00,0,Data Import;ready,252.89
DemocracyClub/UK-Polling-Stations,7894,Import ZET-Shetland Islands Council for 2024-07-04,closed,polling-bot-4000,,2024-06-20T13:57:52+00:00,2024-06-24T12:56:57+00:00,2024-06-24T12:56:58+00:00,0,Data Import;ready,3.96
DemocracyClub/UK-Polling-Stations,7896,Import ORK-Orkney Islands Council for 2024-07-04,closed,polling-bot-4000,,2024-06-20T13:58:34+00:00,2024-06-24T13:11:05+00:00,2024-06-24T13:11:06+00:00,0,Data Import;ready,3.97
DemocracyClub/UK-Polling-Stations,7898,Import WNM-Royal Borough of Windsor and Maidenhead for 2024-07-04,closed,polling-bot-4000,,2024-06-20T14:27:20+00:00,2024-06-24T13:21:48+00:00,2024-06-24T13:21:49+00:00,0,Data Import;ready,3.95
DemocracyClub/UK-Polling-Stations,7899,Import WNM-Royal Borough of Windsor and Maidenhead for 2024-07-04,closed,polling-bot-4000,,2024-06-20T14:27:21+00:00,2024-06-25T15:31:49+00:00,2024-06-25T15:31:50+00:00,0,Data Import;ready,5.04
DemocracyClub/UK-Polling-Stations,7901,Import BGE-Bridgend County Borough Council for 2024-07-04,closed,polling-bot-4000,,2024-06-20T14:29:19+00:00,2024-06-25T07:04:02+00:00,2024-06-25T07:04:03+00:00,4,Data Import;ready,4.69
DemocracyClub/UK-Polling-Stations,7903,Import CAB-Cambridge City Council for 2024-07-04,closed,polling-bot-4000,,2024-06-20T15:15:50+00:00,2024-06-24T13:24:53+00:00,2024-06-24T13:24:53+00:00,0,Data Import;ready,3.92
DemocracyClub/UK-Polling-Stations,7905,Import BOL-Bolton Metropolitan Borough Council for 2024-07-04,closed,polling-bot-4000,,2024-06-20T15:20:27+00:00,2024-06-24T13:28:41+00:00,2024-06-24T13:28:42+00:00,0,Data Import;ready,3.92
DemocracyClub/UK-Polling-Stations,7909,Import CRY-London Borough of Croydon for 2024-07-04,closed,polling-bot-4000,,2024-06-20T20:29:34+00:00,2024-06-24T13:32:43+00:00,2024-06-24T13:32:44+00:00,0,Data Import;ready,3.71
DemocracyClub/UK-Polling-Stations,7912,Import WEA-Wealden District Council for 2024-07-04,closed,polling-bot-4000,,2024-06-21T09:12:34+00:00,2024-06-21T09:27:45+00:00,2024-06-21T09:27:45+00:00,0,Data Import;ready,0.01
DemocracyClub/UK-Polling-Stations,7914,Import WDE-West Devon Borough Council for 2024-07-04,closed,polling-bot-4000,,2024-06-21T12:19:26+00:00,2024-06-24T13:42:10+00:00,2024-06-24T13:42:11+00:00,0,Data Import;ready,3.06
DemocracyClub/UK-Polling-Stations,7916,Import WDE-West Devon Borough Council for 2024-07-04,closed,polling-bot-4000,,2024-06-21T12:19:40+00:00,2024-06-24T13:42:11+00:00,2024-06-24T13:42:11+00:00,4,Data Import;ready,3.06
DemocracyClub/UK-Polling-Stations,7917,Import BPL-Blackpool Borough Council for 2024-07-04,closed,polling-bot-4000,,2024-06-21T13:35:59+00:00,2024-06-24T13:59:48+00:00,2024-06-24T13:59:49+00:00,0,Data Import;ready,3.02
DemocracyClub/UK-Polling-Stations,7921,Import NLN-North Lincolnshire Council for 2024-07-04,closed,polling-bot-4000,,2024-06-21T15:32:28+00:00,2024-06-25T08:33:25+00:00,2024-06-25T08:33:25+00:00,0,Data Import;ready,3.71
DemocracyClub/UK-Polling-Stations,7922,Import NLN-North Lincolnshire Council for 2024-07-04,closed,polling-bot-4000,,2024-06-21T15:32:30+00:00,2024-06-25T15:31:50+00:00,2024-06-25T15:31:50+00:00,0,Data Import;ready,4.0
DemocracyClub/UK-Polling-Stations,7924,Import NLN-North Lincolnshire Council for 2024-07-04,closed,polling-bot-4000,,2024-06-21T15:32:45+00:00,2024-06-25T08:33:25+00:00,2024-06-25T08:33:25+00:00,5,Data Import;ready,3.71
DemocracyClub/UK-Polling-Stations,7926,Import CHT-Cheltenham Borough Council for 2024-07-04,closed,polling-bot-4000,,2024-06-22T16:50:39+00:00,2024-06-24T17:04:04+00:00,2024-06-24T17:04:04+00:00,1,Data Import;ready,2.01
DemocracyClub/UK-Polling-Stations,7928,Import BDF-Bedford Borough Council for 2024-07-04,closed,polling-bot-4000,,2024-06-23T07:29:59+00:00,2024-06-25T15:31:50+00:00,2024-06-25T15:31:51+00:00,0,Data Import;ready,2.33
DemocracyClub/UK-Polling-Stations,7929,Import BAS-Bath & North East Somerset Council for 2024-07-04,closed,polling-bot-4000,,2024-06-24T09:12:46+00:00,2024-06-25T09:47:30+00:00,2024-06-25T09:47:31+00:00,1,Data Import;ready,1.02
DemocracyClub/UK-Polling-Stations,7931,Import WYE-Wyre Forest District Council for 2024-07-04,closed,polling-bot-4000,,2024-06-24T09:18:56+00:00,2024-06-24T13:46:27+00:00,2024-06-24T13:46:28+00:00,0,Data Import;ready,0.19
DemocracyClub/UK-Polling-Stations,7933,Import EPP-Epping Forest District Council for 2024-07-04,closed,polling-bot-4000,,2024-06-24T09:31:25+00:00,2024-06-26T13:10:17+00:00,2024-06-26T13:10:17+00:00,4,Data Import;ready,2.15
DemocracyClub/UK-Polling-Stations,7935,Import WRL-Wirral Metropolitan Borough Council for 2024-07-04,closed,polling-bot-4000,,2024-06-24T09:58:44+00:00,2024-06-24T14:21:01+00:00,2024-06-24T14:21:01+00:00,1,Data Import;ready,0.18
DemocracyClub/UK-Polling-Stations,7937,Import KHL-Hull City Council for 2024-07-04,closed,polling-bot-4000,,2024-06-24T10:06:56+00:00,2024-06-24T13:49:59+00:00,2024-06-24T13:49:59+00:00,0,Data Import;ready,0.15
DemocracyClub/UK-Polling-Stations,7939,Import SGC-South Gloucestershire Council for 2024-07-04,closed,polling-bot-4000,,2024-06-24T10:44:40+00:00,2024-06-24T14:09:15+00:00,2024-06-24T14:09:15+00:00,0,Data Import;ready,0.14
DemocracyClub/UK-Polling-Stations,7941,Import SGC-South Gloucestershire Council for 2024-07-04,closed,polling-bot-4000,,2024-06-24T10:44:47+00:00,2024-06-24T14:17:59+00:00,2024-06-24T14:17:59+00:00,1,Data Import;ready;duplicate,0.15
DemocracyClub/UK-Polling-Stations,7942,Import LIF-Lichfield District Council for 2024-07-04,closed,polling-bot-4000,,2024-06-24T13:07:08+00:00,2024-06-24T13:17:51+00:00,2024-06-24T13:17:51+00:00,0,Data Import;ready,0.01
DemocracyClub/UK-Polling-Stations,7944,Import ROS-Rossendale Borough Council for 2024-07-04,closed,polling-bot-4000,,2024-06-24T13:40:06+00:00,2024-06-24T13:55:31+00:00,2024-06-24T13:55:31+00:00,0,Data Import;ready,0.01
DemocracyClub/UK-Polling-Stations,7946,Import CHW-Cheshire West and Chester for 2024-07-04,closed,polling-bot-4000,,2024-06-24T15:31:28+00:00,2024-06-25T09:34:54+00:00,2024-06-25T09:34:54+00:00,0,Data Import;ready,0.75
DemocracyClub/UK-Polling-Stations,7949,Import SWL-Swale Borough Council for 2024-07-04,closed,polling-bot-4000,,2024-06-25T08:00:08+00:00,2024-06-25T09:31:53+00:00,2024-06-25T09:31:53+00:00,0,Data Import;ready,0.06
DemocracyClub/UK-Polling-Stations,7951,"Don't put '&','(',')' etc in branch names",closed,GeoWill,,2024-06-25T08:30:48+00:00,2025-10-02T13:34:14+00:00,2025-10-02T13:34:14+00:00,1,,464.21
DemocracyClub/UK-Polling-Stations,7952,Add no data filter to /councils/uploads,open,GeoWill,,2024-06-25T08:31:31+00:00,,2024-06-25T08:31:43+00:00,0,file uploads 📂,
DemocracyClub/UK-Polling-Stations,7953,Import GLG-Glasgow City Council for 2024-07-04,closed,polling-bot-4000,,2024-06-25T09:10:20+00:00,2024-06-25T09:48:39+00:00,2024-06-25T09:48:39+00:00,0,Data Import;ready,0.03
DemocracyClub/UK-Polling-Stations,7955,Import HER-Hertsmere Borough Council for 2024-07-04,closed,polling-bot-4000,,2024-06-25T09:31:04+00:00,2024-06-25T09:55:33+00:00,2024-06-25T09:55:33+00:00,0,Data Import;ready,0.02
DemocracyClub/UK-Polling-Stations,7957,Import NSM-North Somerset Council for 2024-07-04,closed,polling-bot-4000,,2024-06-25T09:54:36+00:00,2024-06-25T10:13:16+00:00,2024-06-25T10:13:16+00:00,0,Data Import;ready,0.01
DemocracyClub/UK-Polling-Stations,7960,Import RIB-Ribble Valley Borough Council for 2024-07-04,closed,polling-bot-4000,,2024-06-25T11:25:12+00:00,2024-06-25T11:36:19+00:00,2024-06-25T11:36:19+00:00,0,Data Import;ready,0.01
DemocracyClub/UK-Polling-Stations,7962,Import GWN-Gwynedd Council for 2024-07-04,closed,polling-bot-4000,,2024-06-25T11:51:32+00:00,2024-06-25T12:27:26+00:00,2024-06-25T12:27:27+00:00,0,Data Import;ready,0.02
DemocracyClub/UK-Polling-Stations,7965,Import ERY-East Riding of Yorkshire Council for 2024-07-04,closed,polling-bot-4000,,2024-06-25T13:39:19+00:00,2024-06-25T13:44:29+00:00,2024-06-25T13:44:29+00:00,0,Data Import;ready,0.0
DemocracyClub/UK-Polling-Stations,7967,Import EST-East Staffordshire Borough Council for 2024-07-04,closed,polling-bot-4000,,2024-06-25T14:10:18+00:00,2024-06-25T14:21:00+00:00,2024-06-25T14:21:00+00:00,0,Data Import;ready,0.01
DemocracyClub/UK-Polling-Stations,7969,Import STH-Southampton City Council for 2024-07-04,closed,polling-bot-4000,,2024-06-25T14:25:05+00:00,2024-06-25T14:32:08+00:00,2024-06-25T14:32:08+00:00,0,Data Import;ready,0.0
DemocracyClub/UK-Polling-Stations,7975,Import CRY-London Borough of Croydon for 2024-07-04,closed,polling-bot-4000,,2024-06-25T20:19:23+00:00,2024-06-26T08:22:19+00:00,2024-06-26T08:22:19+00:00,0,Data Import;ready,0.5
DemocracyClub/UK-Polling-Stations,7977,Import NNT-North Northamptonshire Council for 2024-07-04,closed,polling-bot-4000,,2024-06-26T05:17:03+00:00,2024-06-26T08:28:45+00:00,2024-06-26T08:28:45+00:00,0,Data Import;ready,0.13
DemocracyClub/UK-Polling-Stations,7979,Import GRT-Guildford Borough Council for 2024-07-04,closed,polling-bot-4000,,2024-06-26T08:14:06+00:00,2024-06-26T08:31:06+00:00,2024-06-26T08:31:06+00:00,0,Data Import;ready,0.01
DemocracyClub/UK-Polling-Stations,7981,Tell people why we need their address,open,pmk01,,2024-06-26T08:16:47+00:00,,2024-06-26T11:04:18+00:00,2,,
DemocracyClub/UK-Polling-Stations,7982,Import WIL-Wiltshire Council for 2024-07-04,closed,polling-bot-4000,,2024-06-26T08:22:19+00:00,2024-06-26T11:00:56+00:00,2024-06-26T11:00:56+00:00,1,Data Import;ready,0.11
DemocracyClub/UK-Polling-Stations,7985,Import RUG-Rugby Borough Council for 2024-07-04,closed,polling-bot-4000,,2024-06-26T10:34:01+00:00,2024-06-26T10:35:45+00:00,2024-06-26T10:35:45+00:00,0,Data Import;ready,0.0
DemocracyClub/UK-Polling-Stations,7992,Import BIR-Birmingham City Council for 2024-07-04,closed,polling-bot-4000,,2024-06-27T07:30:24+00:00,2024-06-27T10:57:05+00:00,2024-06-27T10:57:05+00:00,0,Data Import;ready,0.14
DemocracyClub/UK-Polling-Stations,7997,Import CON-Cornwall Council for 2024-07-04,closed,polling-bot-4000,,2024-06-27T10:29:15+00:00,2024-06-27T12:02:20+00:00,2024-06-27T12:02:20+00:00,0,Data Import;ready,0.06
DemocracyClub/UK-Polling-Stations,7999,Import IVC-Inverclyde Council for 2024-07-04,closed,polling-bot-4000,,2024-06-27T11:36:01+00:00,2024-06-27T11:45:06+00:00,2024-06-27T11:45:06+00:00,6,Data Import;ready,0.01
DemocracyClub/UK-Polling-Stations,8001,Allow staff to force upload of files that don't pass checks,open,GeoWill,,2024-06-27T11:37:42+00:00,,2024-06-27T11:37:51+00:00,0,file uploads 📂,
DemocracyClub/UK-Polling-Stations,8002,Import BRW-Brentwood Borough Council for 2024-07-04,closed,polling-bot-4000,,2024-06-27T12:18:33+00:00,2024-06-27T12:46:09+00:00,2024-06-27T12:46:10+00:00,0,Data Import;ready,0.02
DemocracyClub/UK-Polling-Stations,8004,Import RUT-Rutland County Council for 2024-07-04,closed,polling-bot-4000,,2024-06-27T12:23:05+00:00,2024-06-27T12:50:18+00:00,2024-06-27T12:50:19+00:00,0,Data Import;ready,0.02
DemocracyClub/UK-Polling-Stations,8007,Import PRE-Preston City Council for 2024-07-04,closed,polling-bot-4000,,2024-06-27T13:35:35+00:00,2024-06-27T13:43:00+00:00,2024-06-27T13:43:00+00:00,0,Data Import;ready,0.01
DemocracyClub/UK-Polling-Stations,8012,Import EPS-Epsom and Ewell Borough Council for 2024-07-04,closed,polling-bot-4000,,2024-06-28T09:38:06+00:00,2025-02-28T10:18:15+00:00,2025-02-28T10:18:15+00:00,0,Data Import;ready,245.03
DemocracyClub/UK-Polling-Stations,8014,Import SFT-Sefton Metropolitan Borough Council for 2024-07-04,closed,polling-bot-4000,,2024-06-28T11:11:27+00:00,2024-06-28T11:17:10+00:00,2024-06-28T11:17:10+00:00,0,Data Import;ready,0.0
DemocracyClub/UK-Polling-Stations,8017,Import SPE-Spelthorne Borough Council for 2024-07-04,closed,polling-bot-4000,,2024-06-29T09:37:49+00:00,2024-07-01T08:43:45+00:00,2024-07-01T08:43:45+00:00,0,Data Import;ready,1.96
DemocracyClub/UK-Polling-Stations,8022,Import SCB-Scottish Borders Council for 2024-07-04,closed,polling-bot-4000,,2024-07-01T11:23:16+00:00,2024-07-01T11:31:50+00:00,2024-07-01T11:31:50+00:00,0,Data Import;ready,0.01
DemocracyClub/UK-Polling-Stations,8030,Import SFT-Sefton Metropolitan Borough Council for 2024-07-04,closed,polling-bot-4000,,2024-07-02T10:09:30+00:00,2024-07-02T10:19:03+00:00,2024-07-02T10:19:03+00:00,0,Data Import;ready,0.01
DemocracyClub/UK-Polling-Stations,8032,Import WSM-City of Westminster for 2024-07-04,closed,polling-bot-4000,,2024-07-02T10:24:18+00:00,2024-07-02T11:00:09+00:00,2024-07-02T11:00:09+00:00,2,Data Import;ready,0.02
DemocracyClub/UK-Polling-Stations,8035,Exeter council object returns the wrong import script path,open,awdem,,2024-07-02T12:47:55+00:00,,2025-10-02T14:08:34+00:00,0,recommended for beginners,
DemocracyClub/UK-Polling-Stations,8037,Import PRE-Preston City Council for 2024-07-04,closed,polling-bot-4000,,2024-07-02T20:06:21+00:00,2024-07-03T20:18:08+00:00,2024-07-03T20:18:08+00:00,1,Data Import;ready,1.01
DemocracyClub/UK-Polling-Stations,8066,Import NWM-London Borough of Newham for 2024-07-18,closed,polling-bot-4000,,2024-07-09T08:08:48+00:00,2024-07-11T10:42:10+00:00,2024-07-11T10:42:10+00:00,1,Data Import;ready,2.11
DemocracyClub/UK-Polling-Stations,8080,Import MAN-Manchester City Council for 2024-09-05,closed,polling-bot-4000,,2024-08-05T08:58:45+00:00,2024-08-05T16:37:45+00:00,2024-08-05T16:37:45+00:00,0,Data Import;ready,0.32
DemocracyClub/UK-Polling-Stations,8083,Import ISL-London Borough of Islington for 2024-08-15,closed,polling-bot-4000,,2024-08-12T10:26:47+00:00,2024-08-12T10:31:37+00:00,2024-08-12T10:31:37+00:00,0,Data Import;ready,0.0
DemocracyClub/UK-Polling-Stations,8089,Import CAB-Cambridge City Council for 2024-09-12,closed,polling-bot-4000,,2024-08-19T13:53:36+00:00,2024-08-19T14:36:59+00:00,2024-08-19T14:36:59+00:00,0,Data Import;ready,0.03
DemocracyClub/UK-Polling-Stations,8094,Import HLD-Highland Council for 2024-09-26,closed,polling-bot-4000,,2024-08-29T12:52:45+00:00,2024-08-29T14:52:24+00:00,2024-08-29T14:52:24+00:00,3,Data Import;ready,0.08
DemocracyClub/UK-Polling-Stations,8100,Import HEF-Herefordshire Council for 2024-09-26,closed,polling-bot-4000,,2024-09-10T14:58:40+00:00,2024-09-11T19:08:00+00:00,2024-09-11T19:08:00+00:00,0,Data Import;ready,1.17
DemocracyClub/UK-Polling-Stations,8102,Import GRE-Royal Borough of Greenwich for 2024-10-17,closed,polling-bot-4000,,2024-09-18T08:48:08+00:00,2024-09-18T13:47:37+00:00,2024-09-18T13:47:37+00:00,0,Data Import;ready,0.21
DemocracyClub/UK-Polling-Stations,8104,TEST Import ABE-Aberdeen City Council for 2024-09-19,closed,polling-bot-4000,,2024-09-19T12:44:51+00:00,2024-09-19T12:46:50+00:00,2024-09-19T12:46:51+00:00,2,Data Import;ready,0.0
DemocracyClub/UK-Polling-Stations,8105,TEST Import ABE-Aberdeen City Council for 2024-09-19,closed,polling-bot-4000,,2024-09-19T12:47:40+00:00,2024-09-19T12:54:49+00:00,2024-09-19T12:54:49+00:00,0,Data Import;ready,0.0
DemocracyClub/UK-Polling-Stations,8106,"Import BPC-Bournemouth, Christchurch & Poole Council for 2024-10-24",closed,polling-bot-4000,,2024-09-23T10:24:15+00:00,2024-09-25T07:56:38+00:00,2024-09-25T07:56:38+00:00,0,Data Import;ready,1.9
DemocracyClub/UK-Polling-Stations,8110,Import GRE-Royal Borough of Greenwich for 2024-11-14,closed,polling-bot-4000,,2024-10-10T14:30:44+00:00,2024-10-11T16:04:57+00:00,2024-10-11T16:04:57+00:00,3,Data Import;ready,1.07
DemocracyClub/UK-Polling-Stations,8117,Import HEF-Herefordshire Council for 2024-11-07,closed,polling-bot-4000,,2024-10-11T13:07:19+00:00,2024-10-11T13:25:43+00:00,2024-10-11T13:25:43+00:00,0,Data Import;ready,0.01
DemocracyClub/UK-Polling-Stations,8121,Import HLD-Highland Council for 2024-11-21,closed,polling-bot-4000,,2024-10-14T08:51:55+00:00,2024-10-16T10:00:13+00:00,2024-10-16T10:00:13+00:00,1,Data Import;ready,2.05
DemocracyClub/UK-Polling-Stations,8120,Import HLD-Highland Council for 2024-11-21,closed,polling-bot-4000,,2024-10-14T08:51:55+00:00,2024-10-16T09:46:18+00:00,2024-10-16T09:46:19+00:00,1,Data Import;ready,2.04
DemocracyClub/UK-Polling-Stations,8126,Import RCH-Rochdale Metropolitan Borough Council for 2024-10-31,closed,polling-bot-4000,,2024-10-22T09:15:47+00:00,2024-10-22T15:24:47+00:00,2024-10-22T15:24:47+00:00,0,Data Import;ready,0.26
DemocracyClub/UK-Polling-Stations,8134,Import GOS-Gosport Borough Council for 2024-11-21,closed,polling-bot-4000,,2024-10-24T12:54:04+00:00,2024-10-24T15:07:03+00:00,2024-10-24T15:07:03+00:00,3,Data Import;ready,0.09
DemocracyClub/UK-Polling-Stations,8133,Import GOS-Gosport Borough Council for 2024-11-21,closed,polling-bot-4000,,2024-10-24T12:54:04+00:00,2024-10-24T15:06:39+00:00,2024-10-24T15:06:40+00:00,0,Data Import;ready,0.09
DemocracyClub/UK-Polling-Stations,8140,Import ISL-London Borough of Islington for 2024-11-28,closed,polling-bot-4000,,2024-10-30T14:47:41+00:00,2024-11-05T09:57:25+00:00,2024-11-05T09:57:26+00:00,0,Data Import;ready,5.8
DemocracyClub/UK-Polling-Stations,8144,Import CRF-City of Cardiff Council for 2024-12-05,closed,polling-bot-4000,,2024-11-04T11:49:44+00:00,2024-11-05T09:29:38+00:00,2024-11-05T09:29:38+00:00,0,Data Import;ready,0.9
DemocracyClub/UK-Polling-Stations,8151,Use `match` when doing copies to db ,open,GeoWill,,2024-11-11T15:51:29+00:00,,2024-11-11T15:51:29+00:00,0,,
DemocracyClub/UK-Polling-Stations,8157,Import DAR-Dartford Borough Council for 2024-11-21,closed,polling-bot-4000,,2024-11-18T16:18:31+00:00,2024-11-18T17:12:56+00:00,2024-11-18T17:12:57+00:00,0,Data Import;ready,0.04
DemocracyClub/UK-Polling-Stations,8159,Import SHN-St Helens Metropolitan Borough Council for 2024-12-12,closed,polling-bot-4000,,2024-11-19T11:02:44+00:00,2024-11-19T12:16:47+00:00,2024-11-19T12:16:47+00:00,0,Data Import;ready,0.05
DemocracyClub/UK-Polling-Stations,8163,Import GRE-Royal Borough of Greenwich for 2024-12-19,closed,polling-bot-4000,,2024-11-20T14:11:00+00:00,2024-11-20T16:13:04+00:00,2024-11-20T16:13:04+00:00,0,Data Import;ready,0.08
DemocracyClub/UK-Polling-Stations,8165,Import CHL-Chelmsford City Council for 2024-12-12,closed,polling-bot-4000,,2024-11-20T15:03:51+00:00,2024-11-21T11:01:50+00:00,2024-11-21T11:01:50+00:00,0,Data Import;ready,0.83
DemocracyClub/UK-Polling-Stations,8207,Import BNE-London Borough of Barnet for 2025-02-13,closed,polling-bot-4000,,2025-01-16T10:13:46+00:00,2025-01-16T11:27:49+00:00,2025-01-16T11:27:49+00:00,2,Data Import;ready,0.05
DemocracyClub/UK-Polling-Stations,8206,Import BNE-London Borough of Barnet for 2025-02-13,closed,polling-bot-4000,,2025-01-16T10:13:46+00:00,2025-01-16T11:28:40+00:00,2025-01-16T11:28:41+00:00,1,Data Import;ready;duplicate,0.05
DemocracyClub/UK-Polling-Stations,8218,Import BEN-London Borough of Brent for 2025-02-18,closed,polling-bot-4000,,2025-01-27T15:00:48+00:00,2025-01-28T09:28:31+00:00,2025-01-28T09:28:31+00:00,2,Data Import;ready,0.77
DemocracyClub/UK-Polling-Stations,8217,Import BEN-London Borough of Brent for 2025-02-18,closed,polling-bot-4000,,2025-01-27T15:00:48+00:00,2025-01-28T09:09:53+00:00,2025-01-28T09:09:54+00:00,1,Data Import;ready;duplicate,0.76
DemocracyClub/UK-Polling-Stations,8226,Import NBL-Northumberland County Council for 2025-05-01,closed,polling-bot-4000,,2025-02-06T14:16:03+00:00,2025-02-17T11:45:17+00:00,2025-02-17T11:45:17+00:00,0,Data Import;ready,10.9
DemocracyClub/UK-Polling-Stations,8231,Import BNE-London Borough of Barnet for 2025-03-06,closed,polling-bot-4000,,2025-02-10T12:43:07+00:00,2025-02-11T10:52:02+00:00,2025-02-11T10:52:02+00:00,3,Data Import;ready,0.92
DemocracyClub/UK-Polling-Stations,8234,Import COL-Colchester City Council for 2025-02-20,closed,polling-bot-4000,,2025-02-11T10:40:36+00:00,2025-02-11T10:59:58+00:00,2025-02-11T10:59:58+00:00,0,Data Import;ready,0.01
DemocracyClub/UK-Polling-Stations,8239,Import BUC-Buckinghamshire Council for 2025-05-01,closed,polling-bot-4000,,2025-02-13T17:42:04+00:00,2025-02-17T12:51:14+00:00,2025-02-17T12:51:14+00:00,0,Data Import;ready,3.8
DemocracyClub/UK-Polling-Stations,8246,Import LND-City of London Corporation for 2025-03-20,closed,polling-bot-4000,,2025-02-19T15:18:37+00:00,2025-02-24T10:27:32+00:00,2025-02-24T10:27:32+00:00,2,Data Import;ready;duplicate,4.8
DemocracyClub/UK-Polling-Stations,8245,Import LND-City of London Corporation for 2025-03-20,closed,polling-bot-4000,,2025-02-19T15:18:37+00:00,2025-02-20T15:46:53+00:00,2025-02-20T15:46:53+00:00,0,Data Import;ready,1.02
DemocracyClub/UK-Polling-Stations,8250,Import CAT-Canterbury City Council for 2025-03-06,closed,polling-bot-4000,,2025-02-21T11:01:45+00:00,2025-02-24T10:21:25+00:00,2025-02-24T10:21:25+00:00,0,Data Import;ready,2.97
DemocracyClub/UK-Polling-Stations,8254,Import NKE-North Kesteven District Council for 2025-03-20,closed,polling-bot-4000,,2025-02-25T13:31:56+00:00,2025-02-25T16:07:58+00:00,2025-02-25T16:07:58+00:00,0,Data Import;ready,0.11
DemocracyClub/UK-Polling-Stations,8256,Import FYL-Fylde Borough Council for 2025-05-01,closed,polling-bot-4000,,2025-02-25T14:08:48+00:00,2025-02-28T10:26:54+00:00,2025-02-28T10:26:54+00:00,0,Data Import;ready,2.85
DemocracyClub/UK-Polling-Stations,8258,Import PEN-Pendle Borough Council for 2025-05-01,closed,polling-bot-4000,,2025-02-25T14:26:31+00:00,2025-02-28T10:41:59+00:00,2025-02-28T10:41:59+00:00,0,Data Import;ready,2.84
DemocracyClub/UK-Polling-Stations,8260,Import WAT-Watford Borough Council for 2025-05-01,closed,polling-bot-4000,,2025-02-25T15:00:19+00:00,2025-02-28T10:50:58+00:00,2025-02-28T10:50:58+00:00,0,Data Import;ready,2.83
DemocracyClub/UK-Polling-Stations,8262,Import NWA-North Warwickshire Borough Council for 2025-05-01,closed,polling-bot-4000,,2025-02-25T15:07:25+00:00,2025-02-28T11:06:34+00:00,2025-02-28T11:06:34+00:00,0,Data Import;ready,2.83
DemocracyClub/UK-Polling-Stations,8265,Import ASF-Ashford Borough Council for 2025-05-01,closed,polling-bot-4000,,2025-02-25T16:21:28+00:00,2025-02-28T11:23:46+00:00,2025-02-28T11:23:46+00:00,0,Data Import;ready,2.79
DemocracyClub/UK-Polling-Stations,8268,Import SAL-St Albans City & District Council for 2025-05-01,closed,polling-bot-4000,,2025-02-26T08:45:28+00:00,2025-02-28T11:48:26+00:00,2025-02-28T11:48:26+00:00,0,Data Import;ready,2.13
DemocracyClub/UK-Polling-Stations,8270,Import BOS-Bolsover District Council for 2025-05-01,closed,polling-bot-4000,,2025-02-26T09:47:19+00:00,2025-02-28T12:06:49+00:00,2025-02-28T12:06:49+00:00,0,Data Import;ready,2.1
DemocracyClub/UK-Polling-Stations,8272,Import NKE-North Kesteven District Council for 2025-05-01,closed,polling-bot-4000,,2025-02-26T13:40:02+00:00,2025-03-24T10:49:27+00:00,2025-03-24T10:49:27+00:00,1,Data Import;ready,25.88
DemocracyClub/UK-Polling-Stations,8274,Import GRA-Gravesham Borough Council for 2025-05-01,closed,polling-bot-4000,,2025-02-26T16:13:03+00:00,2025-02-28T12:26:16+00:00,2025-02-28T12:26:16+00:00,0,Data Import;ready,1.84
DemocracyClub/UK-Polling-Stations,8276,Import BAE-Bassetlaw District Council for 2025-05-01,closed,polling-bot-4000,,2025-02-26T16:23:12+00:00,2025-03-03T16:18:41+00:00,2025-03-03T16:18:41+00:00,0,Data Import;ready,5.0
DemocracyClub/UK-Polling-Stations,8278,Import LIC-City of Lincoln Council for 2025-05-01,closed,polling-bot-4000,,2025-02-26T16:59:20+00:00,2025-02-28T13:22:53+00:00,2025-02-28T13:22:53+00:00,0,Data Import;ready,1.85
DemocracyClub/UK-Polling-Stations,8282,Import TAW-Tamworth Borough Council for 2025-05-01,closed,polling-bot-4000,,2025-02-27T10:33:08+00:00,2025-02-28T13:03:03+00:00,2025-02-28T13:03:03+00:00,0,Data Import;ready,1.1
DemocracyClub/UK-Polling-Stations,8284,Import CHA-Charnwood Borough Council for 2025-05-01,closed,polling-bot-4000,,2025-02-27T11:03:21+00:00,2025-02-28T13:44:03+00:00,2025-02-28T13:44:03+00:00,0,Data Import;ready,1.11
DemocracyClub/UK-Polling-Stations,8286,Import TEI-Teignbridge District Council for 2025-05-01,closed,polling-bot-4000,,2025-02-27T11:27:09+00:00,2025-02-28T13:57:04+00:00,2025-02-28T13:57:04+00:00,0,Data Import;ready,1.1
DemocracyClub/UK-Polling-Stations,8288,Import BUN-Burnley Borough Council for 2025-05-01,closed,polling-bot-4000,,2025-02-27T11:43:23+00:00,2025-02-28T14:03:38+00:00,2025-02-28T14:03:38+00:00,0,Data Import;ready,1.1
DemocracyClub/UK-Polling-Stations,8290,Import SHA-South Hams District Council for 2025-05-01,closed,polling-bot-4000,,2025-02-27T14:47:05+00:00,2025-02-28T14:12:19+00:00,2025-02-28T14:12:19+00:00,0,Data Import;ready,0.98
DemocracyClub/UK-Polling-Stations,8292,Import SHO-South Holland District Council for 2025-05-01,closed,polling-bot-4000,,2025-02-27T14:52:28+00:00,2025-03-03T15:23:19+00:00,2025-03-03T15:23:19+00:00,0,Data Import;ready,4.02
DemocracyClub/UK-Polling-Stations,8294,Import CHO-Chorley Borough Council for 2025-05-01,closed,polling-bot-4000,,2025-02-28T08:34:38+00:00,2025-03-05T09:32:19+00:00,2025-03-05T09:32:19+00:00,0,Data Import;ready,5.04
DemocracyClub/UK-Polling-Stations,8296,Import WAW-Warwick District Council for 2025-05-01,closed,polling-bot-4000,,2025-02-28T09:37:23+00:00,2025-03-06T14:53:08+00:00,2025-03-06T14:53:08+00:00,0,Data Import;ready,6.22
DemocracyClub/UK-Polling-Stations,8298,Import SKE-South Kesteven District Council for 2025-05-01,closed,polling-bot-4000,,2025-02-28T11:55:48+00:00,2025-03-06T15:27:20+00:00,2025-03-06T15:27:20+00:00,0,Data Import;ready,6.15
DemocracyClub/UK-Polling-Stations,8300,Import MDE-Mid Devon District Council for 2025-05-01,closed,polling-bot-4000,,2025-02-28T12:05:47+00:00,2025-03-06T15:09:35+00:00,2025-03-06T15:09:35+00:00,0,Data Import;ready,6.13
DemocracyClub/UK-Polling-Stations,8303,Import STV-Stevenage Borough Council for 2025-05-01,closed,polling-bot-4000,,2025-02-28T12:20:56+00:00,2025-03-12T09:12:03+00:00,2025-03-12T09:12:03+00:00,2,Data Import;ready,11.87
DemocracyClub/UK-Polling-Stations,8302,Import STV-Stevenage Borough Council for 2025-05-01,closed,polling-bot-4000,,2025-02-28T12:20:56+00:00,2025-03-10T09:25:00+00:00,2025-03-10T09:25:00+00:00,0,Data Import;ready,9.88
DemocracyClub/UK-Polling-Stations,8305,Import CHT-Cheltenham Borough Council for 2025-05-01,closed,polling-bot-4000,,2025-02-28T13:02:24+00:00,2025-03-11T15:14:22+00:00,2025-03-11T15:14:22+00:00,0,Data Import;ready,11.09
DemocracyClub/UK-Polling-Stations,8307,Import NUN-Nuneaton and Bedworth Borough Council for 2025-05-01,closed,polling-bot-4000,,2025-02-28T13:08:55+00:00,2025-03-10T17:21:01+00:00,2025-03-10T17:21:01+00:00,0,Data Import;ready,10.18
DemocracyClub/UK-Polling-Stations,8309,Import NHE-North Hertfordshire District Council for 2025-05-01,closed,polling-bot-4000,,2025-02-28T15:19:56+00:00,2025-03-12T09:44:36+00:00,2025-03-12T09:44:36+00:00,0,Data Import;ready,11.77
DemocracyClub/UK-Polling-Stations,8311,Import NDE-North Devon Council for 2025-05-01,closed,polling-bot-4000,,2025-03-03T09:21:29+00:00,2025-03-12T10:25:30+00:00,2025-03-12T10:25:31+00:00,0,Data Import;ready,9.04
DemocracyClub/UK-Polling-Stations,8313,Import MAV-Malvern Hills District Council for 2025-05-01,closed,polling-bot-4000,,2025-03-03T10:26:20+00:00,2025-03-12T15:18:59+00:00,2025-03-12T15:18:59+00:00,2,Data Import;ready,9.2
DemocracyClub/UK-Polling-Stations,8315,Import BOT-Boston Borough Council for 2025-05-01,closed,polling-bot-4000,,2025-03-03T10:27:27+00:00,2025-03-12T15:34:10+00:00,2025-03-12T15:34:11+00:00,0,Data Import;ready,9.21
DemocracyClub/UK-Polling-Stations,8317,Import STA-Stafford Borough Council for 2025-05-01,closed,polling-bot-4000,,2025-03-03T11:42:37+00:00,2025-03-13T15:27:08+00:00,2025-03-13T15:27:08+00:00,0,Data Import;ready,10.16
DemocracyClub/UK-Polling-Stations,8319,Import HIN-Hinckley & Bosworth Borough Council for 2025-05-01,closed,polling-bot-4000,,2025-03-03T12:56:44+00:00,2025-03-13T15:55:32+00:00,2025-03-13T15:55:32+00:00,0,Data Import;ready,10.12
DemocracyClub/UK-Polling-Stations,8321,Import SOX-South Oxfordshire District Council for 2025-05-01,closed,polling-bot-4000,,2025-03-03T13:37:57+00:00,2025-03-04T16:24:29+00:00,2025-03-04T16:24:29+00:00,1,Data Import;ready,1.12
DemocracyClub/UK-Polling-Stations,8323,Import VAL-Vale of White Horse District Council for 2025-05-01,closed,polling-bot-4000,,2025-03-03T13:59:16+00:00,2025-03-04T16:46:26+00:00,2025-03-04T16:46:26+00:00,1,Data Import;ready,1.12
DemocracyClub/UK-Polling-Stations,8325,Import ROS-Rossendale Borough Council for 2025-05-01,closed,polling-bot-4000,,2025-03-03T14:45:11+00:00,2025-03-13T16:15:10+00:00,2025-03-13T16:15:10+00:00,2,Data Import;ready,10.06
DemocracyClub/UK-Polling-Stations,8327,Import NEL-North East Lincolnshire Council for 2025-05-01,closed,polling-bot-4000,,2025-03-03T14:56:46+00:00,2025-03-14T08:53:42+00:00,2025-03-14T08:53:42+00:00,0,Data Import;ready,10.75
DemocracyClub/UK-Polling-Stations,8329,Import CHR-Cherwell District Council for 2025-05-01,closed,polling-bot-4000,,2025-03-03T15:43:04+00:00,2025-03-14T09:04:48+00:00,2025-03-14T09:04:48+00:00,0,Data Import;ready,10.72
DemocracyClub/UK-Polling-Stations,8332,Import DEB-Derbyshire Dales District Council for 2025-05-01,closed,polling-bot-4000,,2025-03-03T17:09:25+00:00,2025-03-14T09:44:56+00:00,2025-03-14T09:44:56+00:00,0,Data Import;ready,10.69
DemocracyClub/UK-Polling-Stations,8333,Import DEB-Derbyshire Dales District Council for 2025-05-01,closed,polling-bot-4000,,2025-03-03T17:09:27+00:00,2025-03-14T09:02:48+00:00,2025-03-14T09:02:48+00:00,2,Data Import;ready;duplicate,10.66
DemocracyClub/UK-Polling-Stations,8336,Import BUC-Buckinghamshire Council for 2025-05-01,closed,polling-bot-4000,,2025-03-04T12:02:46+00:00,2025-03-04T12:31:46+00:00,2025-03-04T12:31:46+00:00,0,Data Import;ready,0.02
DemocracyClub/UK-Polling-Stations,8339,Import IOS-Council of the Isles of Scilly for 2025-05-01,closed,polling-bot-4000,,2025-03-04T13:19:13+00:00,2025-03-14T09:41:28+00:00,2025-03-14T09:41:28+00:00,2,Data Import;ready;duplicate,9.85
DemocracyClub/UK-Polling-Stations,8338,Import IOS-Council of the Isles of Scilly for 2025-05-01,closed,polling-bot-4000,,2025-03-04T13:19:13+00:00,2025-03-14T09:52:55+00:00,2025-03-14T09:52:55+00:00,0,Data Import;ready,9.86
DemocracyClub/UK-Polling-Stations,8341,Import BRT-Broxtowe Borough Council for 2025-05-01,closed,polling-bot-4000,,2025-03-04T15:02:36+00:00,2025-03-14T10:01:25+00:00,2025-03-14T10:01:25+00:00,0,Data Import;ready,9.79
DemocracyClub/UK-Polling-Stations,8343,Import WIL-Wiltshire Council for 2025-05-01,closed,polling-bot-4000,,2025-03-04T16:21:58+00:00,2025-03-14T10:16:53+00:00,2025-03-14T10:16:53+00:00,0,Data Import;ready,9.75
DemocracyClub/UK-Polling-Stations,8348,Import PRE-Preston City Council for 2025-05-01,closed,polling-bot-4000,,2025-03-05T11:23:31+00:00,2025-03-14T10:43:10+00:00,2025-03-14T10:43:10+00:00,0,Data Import;ready,8.97
DemocracyClub/UK-Polling-Stations,8350,Import RUS-Rushcliffe Borough Council for 2025-05-01,closed,polling-bot-4000,,2025-03-05T11:39:30+00:00,2025-03-14T11:13:16+00:00,2025-03-14T11:13:16+00:00,0,Data Import;ready,8.98
DemocracyClub/UK-Polling-Stations,8352,Import SHE-Folkestone & Hythe District Council for 2025-05-01,closed,polling-bot-4000,,2025-03-05T11:59:13+00:00,2025-03-14T11:00:23+00:00,2025-03-14T11:00:23+00:00,1,Data Import;ready;duplicate,8.96
DemocracyClub/UK-Polling-Stations,8353,Import SHE-Folkestone & Hythe District Council for 2025-05-01,closed,polling-bot-4000,,2025-03-05T11:59:13+00:00,2025-03-14T11:22:10+00:00,2025-03-14T11:22:10+00:00,0,Data Import;ready,8.97
DemocracyClub/UK-Polling-Stations,8355,Import BRM-Bromsgrove District Council for 2025-05-01,closed,polling-bot-4000,,2025-03-05T12:03:26+00:00,2025-03-14T11:43:57+00:00,2025-03-14T11:43:57+00:00,0,Data Import;ready,8.99
DemocracyClub/UK-Polling-Stations,8357,Import RED-Redditch Borough Council for 2025-05-01,closed,polling-bot-4000,,2025-03-05T12:04:14+00:00,2025-03-14T11:58:30+00:00,2025-03-14T11:58:30+00:00,0,Data Import;ready,9.0
DemocracyClub/UK-Polling-Stations,8359,Import AMB-Amber Valley Borough Council for 2025-05-01,closed,polling-bot-4000,,2025-03-05T12:10:38+00:00,2025-03-14T13:56:28+00:00,2025-03-14T13:56:28+00:00,0,Data Import;ready,9.07
DemocracyClub/UK-Polling-Stations,8360,Import AMB-Amber Valley Borough Council for 2025-05-01,closed,polling-bot-4000,,2025-03-05T12:10:39+00:00,2025-03-14T11:28:13+00:00,2025-03-14T11:28:13+00:00,1,Data Import;ready;duplicate,8.97
DemocracyClub/UK-Polling-Stations,8362,Import HYN-Hyndburn Borough Council for 2025-05-01,closed,polling-bot-4000,,2025-03-05T12:41:38+00:00,2025-03-14T14:21:50+00:00,2025-03-14T14:21:50+00:00,0,Data Import;ready,9.07
DemocracyClub/UK-Polling-Stations,8364,Import ECA-East Cambridgeshire District Council for 2025-05-01,closed,polling-bot-4000,,2025-03-05T14:07:50+00:00,2025-03-31T08:20:00+00:00,2025-03-31T08:20:00+00:00,2,Data Import;ready,25.76
DemocracyClub/UK-Polling-Stations,8368,Import WYC-Wychavon District Council for 2025-05-01,closed,polling-bot-4000,,2025-03-05T16:29:06+00:00,2025-03-14T15:36:20+00:00,2025-03-14T15:36:20+00:00,0,Data Import;ready,8.96
DemocracyClub/UK-Polling-Stations,8372,Import CAN-Cannock Chase District Council for 2025-05-01,closed,polling-bot-4000,,2025-03-06T09:47:01+00:00,2025-03-14T15:42:55+00:00,2025-03-14T15:42:55+00:00,0,Data Import;ready,8.25
DemocracyClub/UK-Polling-Stations,8374,Import THE-Three Rivers District Council for 2025-05-01,closed,polling-bot-4000,,2025-03-06T09:55:26+00:00,2025-03-14T15:50:59+00:00,2025-03-14T15:50:59+00:00,0,Data Import;ready,8.25
DemocracyClub/UK-Polling-Stations,8376,Import MAI-Maidstone Borough Council for 2025-05-01,closed,polling-bot-4000,,2025-03-06T10:47:09+00:00,2025-03-14T16:03:53+00:00,2025-03-14T16:03:53+00:00,1,Data Import;ready,8.22
DemocracyClub/UK-Polling-Stations,8378,Import ERE-Erewash Borough Council for 2025-05-01,closed,polling-bot-4000,,2025-03-06T13:02:19+00:00,2025-03-20T09:18:21+00:00,2025-03-20T09:18:21+00:00,0,Data Import;ready,13.84
DemocracyClub/UK-Polling-Stations,8380,Import BAS-Bath & North East Somerset Council for 2025-05-01,closed,polling-bot-4000,,2025-03-06T16:39:53+00:00,2025-03-19T08:28:26+00:00,2025-03-19T08:28:26+00:00,0,Data Import;ready,12.66
DemocracyClub/UK-Polling-Stations,8383,Import BST-Bristol City Council for 2025-05-01,closed,polling-bot-4000,,2025-03-07T11:57:27+00:00,2025-03-17T09:28:16+00:00,2025-03-17T09:28:16+00:00,0,Data Import;ready,9.9
DemocracyClub/UK-Polling-Stations,8386,Import DUR-Durham County Council for 2025-05-01,closed,polling-bot-4000,,2025-03-09T22:02:06+00:00,2025-03-17T15:40:23+00:00,2025-03-17T15:40:23+00:00,0,Data Import;ready,7.73
DemocracyClub/UK-Polling-Stations,8389,Import MAS-Mansfield District Council for 2025-05-01,closed,polling-bot-4000,,2025-03-10T10:23:43+00:00,2025-03-17T16:12:04+00:00,2025-03-17T16:12:04+00:00,0,Data Import;ready,7.24
DemocracyClub/UK-Polling-Stations,8391,Import GED-Gedling Borough Council for 2025-05-01,closed,polling-bot-4000,,2025-03-10T10:49:39+00:00,2025-03-17T16:24:18+00:00,2025-03-17T16:24:18+00:00,0,Data Import;ready,7.23
DemocracyClub/UK-Polling-Stations,8393,Import COT-Cotswold District Council for 2025-05-01,closed,polling-bot-4000,,2025-03-10T12:04:55+00:00,2025-03-18T15:28:01+00:00,2025-03-18T15:28:01+00:00,0,Data Import;ready,8.14
DemocracyClub/UK-Polling-Stations,8395,Import ERY-East Riding of Yorkshire Council for 2025-05-01,closed,polling-bot-4000,,2025-03-10T12:35:51+00:00,2025-03-18T15:43:36+00:00,2025-03-18T15:43:36+00:00,0,Data Import;ready,8.13
DemocracyClub/UK-Polling-Stations,8397,Import BLA-Blaby District Council for 2025-05-01,closed,polling-bot-4000,,2025-03-10T16:09:26+00:00,2025-03-18T15:55:56+00:00,2025-03-18T15:55:56+00:00,0,Data Import;ready,7.99
DemocracyClub/UK-Polling-Stations,8400,Import HUN-Huntingdonshire District Council for 2025-05-01,closed,polling-bot-4000,,2025-03-10T17:31:44+00:00,2025-03-18T16:12:21+00:00,2025-03-18T16:12:21+00:00,0,Data Import;ready,7.94
DemocracyClub/UK-Polling-Stations,8402,Import NTY-North Tyneside Council for 2025-05-01,closed,polling-bot-4000,,2025-03-10T17:32:28+00:00,2025-03-18T16:25:19+00:00,2025-03-18T16:25:19+00:00,0,Data Import;ready,7.95
DemocracyClub/UK-Polling-Stations,8404,Import ASH-Ashfield District Council for 2025-05-01,closed,polling-bot-4000,,2025-03-11T10:24:17+00:00,2025-03-18T16:18:08+00:00,2025-03-18T16:18:08+00:00,0,Data Import;ready,7.25
DemocracyClub/UK-Polling-Stations,8406,Import NEC-Newcastle Under Lyme Borough Council for 2025-05-01,closed,polling-bot-4000,,2025-03-11T11:45:24+00:00,2025-03-18T16:35:34+00:00,2025-03-18T16:35:34+00:00,0,Data Import;ready,7.2
DemocracyClub/UK-Polling-Stations,8408,Import BRX-Broxbourne Borough Council for 2025-05-01,closed,polling-bot-4000,,2025-03-11T12:28:30+00:00,2025-03-18T16:03:28+00:00,2025-03-18T16:03:28+00:00,2,Data Import;ready;On hold ⛔,7.15
DemocracyClub/UK-Polling-Stations,8410,Import SWL-Swale Borough Council for 2025-05-01,closed,polling-bot-4000,,2025-03-11T12:31:24+00:00,2025-03-18T16:40:23+00:00,2025-03-18T16:40:23+00:00,0,Data Import;ready,7.17
DemocracyClub/UK-Polling-Stations,8412,Import WYR-Wyre Borough Council for 2025-05-01,closed,polling-bot-4000,,2025-03-11T12:33:55+00:00,2025-03-18T16:43:49+00:00,2025-03-18T16:43:49+00:00,0,Data Import;ready,7.17
DemocracyClub/UK-Polling-Stations,8414,Import LIF-Lichfield District Council for 2025-05-01,closed,polling-bot-4000,,2025-03-11T14:11:56+00:00,2025-03-18T16:48:38+00:00,2025-03-18T16:48:38+00:00,0,Data Import;ready,7.11
DemocracyClub/UK-Polling-Stations,8417,Import FEN-Fenland District Council for 2025-05-01,closed,polling-bot-4000,,2025-03-11T14:58:20+00:00,2025-03-18T16:15:37+00:00,2025-03-18T16:15:37+00:00,2,Data Import;ready;duplicate,7.05
DemocracyClub/UK-Polling-Stations,8416,Import FEN-Fenland District Council for 2025-05-01,closed,polling-bot-4000,,2025-03-11T14:58:20+00:00,2025-03-18T21:42:08+00:00,2025-03-18T21:42:08+00:00,0,Data Import;ready,7.28
DemocracyClub/UK-Polling-Stations,8419,Import NLN-North Lincolnshire Council for 2025-05-01,closed,polling-bot-4000,,2025-03-11T17:08:46+00:00,2025-03-25T09:26:03+00:00,2025-03-25T09:26:03+00:00,0,Data Import;ready,13.68
DemocracyClub/UK-Polling-Stations,8421,Import HRY-London Borough of Haringey for 2025-04-10,closed,polling-bot-4000,,2025-03-12T10:31:56+00:00,2025-03-12T15:06:29+00:00,2025-03-12T15:06:29+00:00,0,Data Import;ready,0.19
DemocracyClub/UK-Polling-Stations,8423,Import CHS-Chesterfield Borough Council for 2025-05-01,closed,polling-bot-4000,,2025-03-12T13:25:07+00:00,2025-03-19T14:06:05+00:00,2025-03-19T14:06:05+00:00,0,Data Import;ready,7.03
DemocracyClub/UK-Polling-Stations,8425,Import EHE-East Hertfordshire District Council for 2025-05-01,closed,polling-bot-4000,,2025-03-12T15:16:57+00:00,2025-03-27T13:25:01+00:00,2025-03-27T13:25:01+00:00,1,Data Import;ready,14.92
DemocracyClub/UK-Polling-Stations,8427,Import DOV-Dover District Council for 2025-05-01,closed,polling-bot-4000,,2025-03-12T15:56:19+00:00,2025-03-20T09:09:52+00:00,2025-03-20T09:09:52+00:00,0,Data Import;ready,7.72
DemocracyClub/UK-Polling-Stations,8429,Import HER-Hertsmere Borough Council for 2025-05-01,closed,polling-bot-4000,,2025-03-12T17:08:10+00:00,2025-03-20T10:41:56+00:00,2025-03-20T10:41:56+00:00,0,Data Import;ready,7.73
DemocracyClub/UK-Polling-Stations,8431,Import NED-North East Derbyshire District Council for 2025-05-01,closed,polling-bot-4000,,2025-03-12T17:16:26+00:00,2025-03-20T10:52:34+00:00,2025-03-20T10:52:34+00:00,0,Data Import;ready,7.73
DemocracyClub/UK-Polling-Stations,8434,Import TON-Tonbridge and Malling Borough Council for 2025-05-01,closed,polling-bot-4000,,2025-03-13T12:57:38+00:00,2025-03-20T15:03:00+00:00,2025-03-20T15:03:00+00:00,0,Data Import;ready,7.09
DemocracyClub/UK-Polling-Stations,8436,Import CAT-Canterbury City Council for 2025-05-01,closed,polling-bot-4000,,2025-03-13T14:43:33+00:00,2025-03-20T16:10:45+00:00,2025-03-20T16:10:45+00:00,0,Data Import;ready,7.06
DemocracyClub/UK-Polling-Stations,8440,Import SCA-South Cambridgeshire District Council for 2025-05-01,closed,polling-bot-4000,,2025-03-14T09:31:48+00:00,2025-03-20T15:53:58+00:00,2025-03-20T15:53:58+00:00,0,Data Import;ready,6.27
DemocracyClub/UK-Polling-Stations,8442,Import WOC-Worcester City Council for 2025-05-01,closed,polling-bot-4000,,2025-03-14T11:42:21+00:00,2025-03-25T09:40:32+00:00,2025-03-25T09:40:32+00:00,0,Data Import;ready,10.92
DemocracyClub/UK-Polling-Stations,8444,Import RUG-Rugby Borough Council for 2025-05-01,closed,polling-bot-4000,,2025-03-14T16:20:22+00:00,2025-03-24T12:31:43+00:00,2025-03-24T12:31:43+00:00,0,Data Import;ready,9.84
DemocracyClub/UK-Polling-Stations,8446,Import CAB-Cambridge City Council for 2025-05-01,closed,polling-bot-4000,,2025-03-14T17:10:32+00:00,2025-03-24T11:44:35+00:00,2025-03-24T11:44:35+00:00,1,Data Import;ready,9.77
DemocracyClub/UK-Polling-Stations,8448,Import SEV-Sevenoaks District Council for 2025-05-01,closed,polling-bot-4000,,2025-03-17T09:28:14+00:00,2025-03-24T12:25:40+00:00,2025-03-24T12:25:40+00:00,0,Data Import;ready,7.12
DemocracyClub/UK-Polling-Stations,8450,Import SHR-Shropshire Council for 2025-05-01,closed,polling-bot-4000,,2025-03-17T10:15:41+00:00,2025-03-24T12:18:11+00:00,2025-03-24T12:18:11+00:00,0,Data Import;ready,7.09
DemocracyClub/UK-Polling-Stations,8452,Import SRI-South Ribble Borough Council for 2025-05-01,closed,polling-bot-4000,,2025-03-17T10:24:00+00:00,2025-03-24T12:09:18+00:00,2025-03-24T12:09:18+00:00,0,Data Import;ready,7.07
DemocracyClub/UK-Polling-Stations,8454,Import SDE-South Derbyshire District Council for 2025-05-01,closed,polling-bot-4000,,2025-03-17T11:27:40+00:00,2025-03-25T09:46:46+00:00,2025-03-25T09:46:46+00:00,0,Data Import;ready,7.93
DemocracyClub/UK-Polling-Stations,8457,Import EDE-East Devon District Council for 2025-05-01,closed,polling-bot-4000,,2025-03-17T14:58:42+00:00,2025-03-24T12:13:50+00:00,2025-03-24T12:13:50+00:00,0,Data Import;ready,6.89
DemocracyClub/UK-Polling-Stations,8459,Import NEA-Newark & Sherwood District Council for 2025-05-01,closed,polling-bot-4000,,2025-03-17T15:39:46+00:00,2025-03-26T08:55:23+00:00,2025-03-26T08:55:23+00:00,0,Data Import;ready,8.72
DemocracyClub/UK-Polling-Stations,8461,Import TUN-Tunbridge Wells Borough Council for 2025-05-01,closed,polling-bot-4000,,2025-03-17T16:00:17+00:00,2025-03-25T09:50:43+00:00,2025-03-25T09:50:43+00:00,0,Data Import;ready,7.74
DemocracyClub/UK-Polling-Stations,8464,Import FOE-Forest of Dean District Council for 2025-05-01,closed,polling-bot-4000,,2025-03-18T10:21:27+00:00,2025-03-24T12:06:21+00:00,2025-03-24T12:06:21+00:00,0,Data Import;ready,6.07
DemocracyClub/UK-Polling-Stations,8466,Import WOX-West Oxfordshire District Council for 2025-05-01,closed,polling-bot-4000,,2025-03-18T14:40:40+00:00,2025-03-24T12:01:30+00:00,2025-03-24T12:01:30+00:00,0,Data Import;ready,5.89
DemocracyClub/UK-Polling-Stations,8470,Import STO-Stroud District Council for 2025-05-01,closed,polling-bot-4000,,2025-03-18T20:23:48+00:00,2025-03-24T11:56:13+00:00,2025-03-24T11:56:13+00:00,0,Data Import;ready,5.65
DemocracyClub/UK-Polling-Stations,8473,Import NBL-Northumberland County Council for 2025-05-01,closed,polling-bot-4000,,2025-03-19T15:46:08+00:00,2025-03-20T10:25:01+00:00,2025-03-20T10:25:01+00:00,0,Data Import;ready,0.78
DemocracyClub/UK-Polling-Stations,8475,Import WDE-West Devon Borough Council for 2025-05-01,closed,polling-bot-4000,,2025-03-19T17:07:11+00:00,2025-03-24T11:49:14+00:00,2025-03-24T11:49:14+00:00,0,Data Import;ready,4.78
DemocracyClub/UK-Polling-Stations,8480,Import SHN-St Helens Metropolitan Borough Council for 2025-04-03,closed,polling-bot-4000,,2025-03-20T09:55:26+00:00,2025-03-25T10:03:06+00:00,2025-03-25T10:03:07+00:00,0,Data Import;ready,5.01
DemocracyClub/UK-Polling-Stations,8482,Import LAC-Lancaster City Council for 2025-05-01,closed,polling-bot-4000,,2025-03-20T10:13:30+00:00,2025-03-24T11:37:48+00:00,2025-03-24T11:37:48+00:00,0,Data Import;ready,4.06
DemocracyClub/UK-Polling-Stations,8484,Import EST-East Staffordshire Borough Council for 2025-05-01,closed,polling-bot-4000,,2025-03-20T14:09:16+00:00,2025-03-27T13:34:41+00:00,2025-03-27T13:34:41+00:00,1,Data Import;ready;duplicate,6.98
DemocracyClub/UK-Polling-Stations,8485,Import EST-East Staffordshire Borough Council for 2025-05-01,closed,polling-bot-4000,,2025-03-20T14:09:17+00:00,2025-03-27T14:44:44+00:00,2025-03-27T14:44:44+00:00,2,Data Import;ready,7.02
DemocracyClub/UK-Polling-Stations,8490,Import SST-South Staffordshire District Council for 2025-05-01,closed,polling-bot-4000,,2025-03-24T11:05:04+00:00,2025-03-31T09:06:41+00:00,2025-03-31T09:06:41+00:00,0,Data Import;ready,6.92
DemocracyClub/UK-Polling-Stations,8492,Import MEL-Melton Borough Council for 2025-05-01,closed,polling-bot-4000,,2025-03-24T11:08:20+00:00,2025-03-31T09:14:41+00:00,2025-03-31T09:14:41+00:00,0,Data Import;ready,6.92
DemocracyClub/UK-Polling-Stations,8494,Import NWL-North West Leicestershire District Council for 2025-05-01,closed,polling-bot-4000,,2025-03-24T11:11:55+00:00,2025-03-31T09:21:21+00:00,2025-03-31T09:21:21+00:00,0,Data Import;ready,6.92
DemocracyClub/UK-Polling-Stations,8496,Import WEW-Welwyn Hatfield Borough Council for 2025-05-01,closed,polling-bot-4000,,2025-03-24T11:28:55+00:00,2025-03-31T09:27:58+00:00,2025-03-31T09:27:58+00:00,0,Data Import;ready,6.92
DemocracyClub/UK-Polling-Stations,8498,Import NNT-North Northamptonshire Council for 2025-05-01,closed,polling-bot-4000,,2025-03-24T12:01:43+00:00,2025-04-01T08:13:35+00:00,2025-04-01T08:13:35+00:00,1,Data Import;ready;duplicate,7.84
DemocracyClub/UK-Polling-Stations,8500,Import OAD-Oadby & Wigston Borough Council for 2025-05-01,closed,polling-bot-4000,,2025-03-24T13:11:00+00:00,2025-03-31T09:36:38+00:00,2025-03-31T09:36:38+00:00,0,Data Import;ready,6.85
DemocracyClub/UK-Polling-Stations,8502,Import WNT-West Northamptonshire Council for 2025-05-01,closed,polling-bot-4000,,2025-03-24T13:37:38+00:00,2025-04-01T07:53:40+00:00,2025-04-01T07:53:40+00:00,0,Data Import;ready,7.76
DemocracyClub/UK-Polling-Stations,8504,Import SGC-South Gloucestershire Council for 2025-05-01,closed,polling-bot-4000,,2025-03-24T13:48:49+00:00,2025-04-01T08:06:41+00:00,2025-04-01T08:06:42+00:00,0,Data Import;ready,7.76
DemocracyClub/UK-Polling-Stations,8506,Import HAO-Harborough District Council for 2025-05-01,closed,polling-bot-4000,,2025-03-24T13:48:55+00:00,2025-04-01T08:13:02+00:00,2025-04-01T08:13:02+00:00,0,Data Import;ready,7.77
DemocracyClub/UK-Polling-Stations,8508,Import CHL-Chelmsford City Council for 2025-05-01,closed,polling-bot-4000,,2025-03-24T15:58:44+00:00,2025-04-01T07:58:27+00:00,2025-04-01T07:58:27+00:00,0,Data Import;ready,7.67
DemocracyClub/UK-Polling-Stations,8510,Import TOR-Torridge District Council for 2025-05-01,closed,polling-bot-4000,,2025-03-24T16:40:20+00:00,2025-03-27T14:13:37+00:00,2025-03-27T14:13:38+00:00,0,Data Import;ready,2.9
DemocracyClub/UK-Polling-Stations,8512,Import TOR-Torridge District Council for 2025-04-17,closed,polling-bot-4000,,2025-03-24T16:42:44+00:00,2025-03-27T13:51:19+00:00,2025-03-27T13:51:20+00:00,1,Data Import;ready,2.88
DemocracyClub/UK-Polling-Stations,8513,Import TOR-Torridge District Council for 2025-04-17,closed,polling-bot-4000,,2025-03-24T16:42:45+00:00,2025-03-25T09:41:41+00:00,2025-03-25T09:41:42+00:00,2,Data Import;ready;duplicate,0.71
DemocracyClub/UK-Polling-Stations,8515,Import BRX-Broxbourne Borough Council for 2025-05-01,closed,polling-bot-4000,,2025-03-24T16:55:08+00:00,2025-03-25T10:16:21+00:00,2025-03-25T10:16:21+00:00,0,Data Import;ready,0.72
DemocracyClub/UK-Polling-Stations,8517,Import STR-Stratford on Avon District Council for 2025-05-01,closed,polling-bot-4000,,2025-03-25T09:56:44+00:00,2025-03-31T09:45:37+00:00,2025-03-31T09:45:37+00:00,0,Data Import;ready,5.99
DemocracyClub/UK-Polling-Stations,8519,Import HIG-High Peak Borough Council for 2025-05-01,closed,polling-bot-4000,,2025-03-25T10:11:08+00:00,2025-03-31T09:51:47+00:00,2025-03-31T09:51:47+00:00,0,Data Import;ready,5.99
DemocracyClub/UK-Polling-Stations,8521,Import ELI-East Lindsey District Council for 2025-05-01,closed,polling-bot-4000,,2025-03-25T10:24:00+00:00,2025-04-01T14:16:24+00:00,2025-04-01T14:16:24+00:00,0,Data Import;ready,7.16
DemocracyClub/UK-Polling-Stations,8523,Import OXO-Oxford City Council for 2025-05-01,closed,polling-bot-4000,,2025-03-25T12:23:41+00:00,2025-04-01T15:00:39+00:00,2025-04-01T15:00:39+00:00,0,Data Import;ready,7.11
DemocracyClub/UK-Polling-Stations,8525,Import RCH-Rochdale Metropolitan Borough Council for 2025-05-01,closed,polling-bot-4000,,2025-03-25T12:38:07+00:00,2025-04-02T10:49:07+00:00,2025-04-02T10:49:07+00:00,0,Data Import;ready,7.92
DemocracyClub/UK-Polling-Stations,8527,Import HAT-Hart District Council for 2025-05-01,closed,polling-bot-4000,,2025-03-25T14:49:13+00:00,2025-04-02T11:13:05+00:00,2025-04-02T11:13:05+00:00,1,Data Import;ready,7.85
DemocracyClub/UK-Polling-Stations,8529,Import GLO-Gloucester City Council for 2025-05-01,closed,polling-bot-4000,,2025-03-25T16:38:10+00:00,2025-04-02T11:18:54+00:00,2025-04-02T11:18:54+00:00,0,Data Import;ready,7.78
DemocracyClub/UK-Polling-Stations,8532,Import STN-London Borough of Sutton for 2025-04-10,closed,polling-bot-4000,,2025-03-25T16:57:35+00:00,2025-03-27T14:45:14+00:00,2025-03-27T14:45:14+00:00,2,Data Import;ready;duplicate,1.91
DemocracyClub/UK-Polling-Stations,8531,Import STN-London Borough of Sutton for 2025-04-10,closed,polling-bot-4000,,2025-03-25T16:57:35+00:00,2025-03-27T14:53:05+00:00,2025-03-27T14:53:05+00:00,0,Data Import;ready,1.91
DemocracyClub/UK-Polling-Stations,8534,Import REI-Reigate and Banstead Borough Council for 2025-05-01,closed,polling-bot-4000,,2025-03-26T10:26:20+00:00,2025-04-02T11:53:45+00:00,2025-04-02T11:53:45+00:00,0,Data Import;ready,7.06
DemocracyClub/UK-Polling-Stations,8536,Import DAR-Dartford Borough Council for 2025-05-01,closed,polling-bot-4000,,2025-03-26T12:58:44+00:00,2025-04-02T11:58:41+00:00,2025-04-02T11:58:41+00:00,0,Data Import;ready,6.96
DemocracyClub/UK-Polling-Stations,8538,Import THR-Thurrock Council for 2025-05-01,closed,polling-bot-4000,,2025-03-26T14:00:27+00:00,2025-04-02T12:20:19+00:00,2025-04-02T12:20:20+00:00,0,Data Import;ready,6.93
DemocracyClub/UK-Polling-Stations,8540,Import LBH-London Borough of Lambeth for 2025-05-01,closed,polling-bot-4000,,2025-03-26T14:07:44+00:00,2025-04-02T12:27:25+00:00,2025-04-02T12:27:25+00:00,0,Data Import;ready,6.93
DemocracyClub/UK-Polling-Stations,8542,Import CHI-Chichester District Council for 2025-05-01,closed,polling-bot-4000,,2025-03-26T14:28:54+00:00,2025-04-02T12:33:28+00:00,2025-04-02T12:33:28+00:00,0,Data Import;ready,6.92
DemocracyClub/UK-Polling-Stations,8544,Import CON-Cornwall Council for 2025-05-01,closed,polling-bot-4000,,2025-03-26T14:41:31+00:00,2025-03-31T13:11:37+00:00,2025-03-31T13:11:37+00:00,0,Data Import;ready,4.94
DemocracyClub/UK-Polling-Stations,8548,Import WLA-West Lancashire Borough Council for 2025-05-01,closed,polling-bot-4000,,2025-03-27T10:21:29+00:00,2025-04-02T13:20:24+00:00,2025-04-02T13:20:24+00:00,0,Data Import;ready,6.12
DemocracyClub/UK-Polling-Stations,8550,Import EAS-Eastbourne Borough Council for 2025-05-01,closed,polling-bot-4000,,2025-03-27T11:08:20+00:00,2025-04-02T13:34:00+00:00,2025-04-02T13:34:00+00:00,0,Data Import;ready,6.1
DemocracyClub/UK-Polling-Stations,8552,Import KHL-Hull City Council for 2025-05-01,closed,polling-bot-4000,,2025-03-27T11:43:40+00:00,2025-04-02T14:08:25+00:00,2025-04-02T14:08:25+00:00,0,Data Import;ready,6.1
DemocracyClub/UK-Polling-Stations,8555,Import WLI-West Lindsey District Council for 2025-05-01,closed,polling-bot-4000,,2025-03-27T15:46:00+00:00,2025-04-02T15:04:22+00:00,2025-04-02T15:04:22+00:00,0,Data Import;ready,5.97
DemocracyClub/UK-Polling-Stations,8557,Import WIN-Winchester City Council for 2025-05-01,closed,polling-bot-4000,,2025-03-31T08:13:55+00:00,2025-04-08T08:27:29+00:00,2025-04-08T08:27:29+00:00,0,Data Import;ready,8.01
DemocracyClub/UK-Polling-Stations,8561,Import PTE-Peterborough City Council for 2025-05-01,closed,polling-bot-4000,,2025-03-31T15:54:04+00:00,2025-04-02T15:38:44+00:00,2025-04-02T15:38:44+00:00,0,Data Import;ready,1.99
DemocracyClub/UK-Polling-Stations,8564,Import SAL-St Albans City & District Council for 2025-05-01,closed,polling-bot-4000,,2025-04-01T09:09:05+00:00,2025-04-01T15:00:31+00:00,2025-04-01T15:00:32+00:00,1,Data Import;ready,0.24
DemocracyClub/UK-Polling-Stations,8566,Import DAC-Dacorum Borough Council for 2025-05-01,closed,polling-bot-4000,,2025-04-02T07:40:01+00:00,2025-04-02T15:55:49+00:00,2025-04-02T15:55:49+00:00,0,Data Import;ready,0.34
DemocracyClub/UK-Polling-Stations,8568,Import HAR-Harlow District Council for 2025-05-01,closed,polling-bot-4000,,2025-04-02T11:50:05+00:00,2025-04-08T08:37:28+00:00,2025-04-08T08:37:28+00:00,0,Data Import;ready,5.87
DemocracyClub/UK-Polling-Stations,8570,Import BNH-Brighton and Hove Council for 2025-05-01,closed,polling-bot-4000,,2025-04-02T15:19:49+00:00,2025-04-08T08:44:52+00:00,2025-04-08T08:44:52+00:00,0,Data Import;ready,5.73
DemocracyClub/UK-Polling-Stations,8573,Import NYE-North Yorkshire Council for 2025-05-01,closed,polling-bot-4000,,2025-04-03T13:07:39+00:00,2025-04-30T14:04:27+00:00,2025-04-30T14:04:28+00:00,1,Data Import;ready,27.04
DemocracyClub/UK-Polling-Stations,8575,Import HIG-High Peak Borough Council for 2025-05-01,closed,polling-bot-4000,,2025-04-03T14:03:06+00:00,2025-04-30T14:08:34+00:00,2025-04-30T14:08:34+00:00,1,Data Import;ready,27.0
DemocracyClub/UK-Polling-Stations,8577,Import WYE-Wyre Forest District Council for 2025-05-01,closed,polling-bot-4000,,2025-04-07T10:04:49+00:00,2025-04-10T08:08:00+00:00,2025-04-10T08:08:00+00:00,0,Data Import;ready,2.92
DemocracyClub/UK-Polling-Stations,8579,Import DNC-City of Doncaster Council for 2025-05-01,closed,polling-bot-4000,,2025-04-07T12:03:27+00:00,2025-04-10T08:31:21+00:00,2025-04-10T08:31:21+00:00,0,Data Import;ready,2.85
DemocracyClub/UK-Polling-Stations,8581,Import STF-Staffordshire Moorlands District Council for 2025-05-01,closed,polling-bot-4000,,2025-04-08T09:03:33+00:00,2025-04-15T08:10:21+00:00,2025-04-15T08:10:21+00:00,0,Data Import;ready,6.96
DemocracyClub/UK-Polling-Stations,8583,Import EXE-Exeter City Council for 2025-05-01,closed,polling-bot-4000,,2025-04-08T10:14:10+00:00,2025-04-16T08:25:24+00:00,2025-04-16T08:25:24+00:00,1,Data Import;ready,7.92
DemocracyClub/UK-Polling-Stations,8585,Import HAL-Halton Borough Council for 2025-05-01,closed,polling-bot-4000,,2025-04-08T13:50:25+00:00,2025-04-14T13:48:42+00:00,2025-04-14T13:48:42+00:00,0,Data Import;ready,6.0
DemocracyClub/UK-Polling-Stations,8587,Import TEW-Tewkesbury Borough Council for 2025-05-01,closed,polling-bot-4000,,2025-04-08T16:38:08+00:00,2025-04-14T09:58:24+00:00,2025-04-14T09:58:24+00:00,0,Data Import;ready,5.72
DemocracyClub/UK-Polling-Stations,8590,Import IOW-Isle of Wight Council for 2025-05-01,closed,polling-bot-4000,,2025-04-09T08:59:07+00:00,2025-04-14T11:35:08+00:00,2025-04-14T11:35:08+00:00,0,Data Import;ready,5.11
DemocracyClub/UK-Polling-Stations,8592,Import CHW-Cheshire West and Chester for 2025-05-01,closed,polling-bot-4000,,2025-04-09T09:19:11+00:00,2025-04-14T13:40:50+00:00,2025-04-14T13:40:50+00:00,0,Data Import;ready,5.18
DemocracyClub/UK-Polling-Stations,8595,Import RIB-Ribble Valley Borough Council for 2025-05-01,closed,polling-bot-4000,,2025-04-09T13:19:50+00:00,2025-04-15T08:24:49+00:00,2025-04-15T08:24:49+00:00,0,Data Import;ready,5.8
DemocracyClub/UK-Polling-Stations,8600,Import MAI-Maidstone Borough Council for 2025-05-01,closed,polling-bot-4000,,2025-04-14T15:33:47+00:00,2025-04-15T11:19:19+00:00,2025-04-15T11:19:19+00:00,0,Data Import;ready,0.82
DemocracyClub/UK-Polling-Stations,8609,Import NUN-Nuneaton and Bedworth Borough Council for 2025-05-01,closed,polling-bot-4000,,2025-04-22T13:14:38+00:00,2025-04-22T13:35:24+00:00,2025-04-22T13:35:25+00:00,0,Data Import;ready,0.01
DemocracyClub/UK-Polling-Stations,8613,Import BNE-London Borough of Barnet for 2025-05-15,closed,polling-bot-4000,,2025-04-24T09:25:39+00:00,2025-04-24T09:35:07+00:00,2025-04-24T09:35:07+00:00,0,Data Import;ready,0.01
DemocracyClub/UK-Polling-Stations,8614,Import BNE-London Borough of Barnet for 2025-05-15,closed,polling-bot-4000,,2025-04-24T09:25:41+00:00,2025-04-30T14:00:12+00:00,2025-04-30T14:00:12+00:00,1,Data Import;ready,6.19
DemocracyClub/UK-Polling-Stations,8618,Import STN-London Borough of Sutton for 2025-05-22,closed,polling-bot-4000,,2025-04-28T08:58:36+00:00,2025-04-28T09:20:08+00:00,2025-04-28T09:20:08+00:00,2,Data Import;ready,0.01
DemocracyClub/UK-Polling-Stations,8617,Import STN-London Borough of Sutton for 2025-05-22,closed,polling-bot-4000,,2025-04-28T08:58:36+00:00,2025-04-30T14:00:26+00:00,2025-04-30T14:00:26+00:00,0,Data Import;ready,2.21
DemocracyClub/UK-Polling-Stations,8621,Import NNT-North Northamptonshire Council for 2025-05-01,closed,polling-bot-4000,,2025-04-29T08:05:01+00:00,2025-04-29T10:29:25+00:00,2025-04-29T10:29:25+00:00,0,Data Import;ready,0.1
DemocracyClub/UK-Polling-Stations,8631,Import MAS-Mansfield District Council for 2025-06-12,closed,polling-bot-4000,,2025-05-12T15:42:52+00:00,2025-05-13T07:56:04+00:00,2025-05-13T07:56:04+00:00,0,Data Import;ready,0.68
DemocracyClub/UK-Polling-Stations,8633,Import HLD-Highland Council for 2025-06-19,closed,polling-bot-4000,,2025-05-16T12:13:57+00:00,2025-05-19T08:12:41+00:00,2025-05-19T08:12:41+00:00,0,Data Import;ready,2.83
DemocracyClub/UK-Polling-Stations,8634,Import HLD-Highland Council for 2025-06-19,closed,polling-bot-4000,,2025-05-16T12:13:58+00:00,2025-10-02T14:09:09+00:00,2025-10-02T14:09:09+00:00,2,Data Import;ready,139.08
DemocracyClub/UK-Polling-Stations,8636,Import LEE-Lewes District Council for 2025-05-29,closed,polling-bot-4000,,2025-05-19T10:04:38+00:00,2025-05-19T12:53:16+00:00,2025-05-19T12:53:16+00:00,0,Data Import;ready,0.12
DemocracyClub/UK-Polling-Stations,8638,Import SLK-South Lanarkshire Council for 2025-06-05,closed,polling-bot-4000,,2025-05-20T08:21:40+00:00,2025-05-20T09:43:53+00:00,2025-05-20T09:43:53+00:00,0,Data Import;ready,0.06
DemocracyClub/UK-Polling-Stations,8643,Import GRE-Royal Borough of Greenwich for 2025-06-26,closed,polling-bot-4000,,2025-05-28T14:20:56+00:00,2025-05-29T13:38:13+00:00,2025-05-29T13:38:13+00:00,0,Data Import;ready,0.97
DemocracyClub/UK-Polling-Stations,8654,Import PLY-Plymouth City Council for 2025-07-17,closed,polling-bot-4000,,2025-06-17T09:10:53+00:00,2025-06-17T10:27:25+00:00,2025-06-17T10:27:25+00:00,0,Data Import;ready,0.05
DemocracyClub/UK-Polling-Stations,8656,Import DST-Dorset Council for 2025-07-24,closed,polling-bot-4000,,2025-06-19T11:44:41+00:00,2025-06-19T13:28:29+00:00,2025-06-19T13:28:29+00:00,1,Data Import;ready,0.07
DemocracyClub/UK-Polling-Stations,8658,Import SST-South Staffordshire District Council for 2025-06-26,closed,polling-bot-4000,,2025-06-19T19:52:37+00:00,2025-06-23T15:29:52+00:00,2025-06-23T15:29:52+00:00,0,Data Import;ready,3.82
DemocracyClub/UK-Polling-Stations,8660,Import TEW-Tewkesbury Borough Council for 2025-07-10,closed,polling-bot-4000,,2025-06-20T09:37:54+00:00,2025-06-23T15:35:21+00:00,2025-06-23T15:35:21+00:00,0,Data Import;ready,3.25
DemocracyClub/UK-Polling-Stations,8662,Import CRF-City of Cardiff Council for 2025-07-24,closed,polling-bot-4000,,2025-06-23T12:43:40+00:00,2025-06-23T15:41:34+00:00,2025-06-23T15:41:34+00:00,0,Data Import;ready,0.12
DemocracyClub/UK-Polling-Stations,8664,Import RCT-Rhondda Cynon Taf County Borough Council for 2025-07-17,closed,polling-bot-4000,,2025-06-23T12:45:30+00:00,2025-06-23T15:48:17+00:00,2025-06-23T15:48:18+00:00,0,Data Import;ready,0.13
DemocracyClub/UK-Polling-Stations,8675,Import CRF-City of Cardiff Council for 2025-08-14,closed,polling-bot-4000,,2025-07-15T16:03:17+00:00,2025-07-28T07:47:07+00:00,2025-07-28T07:47:07+00:00,1,Data Import;ready,12.66
DemocracyClub/UK-Polling-Stations,8680,Import CRF-City of Cardiff Council for 2025-08-14,closed,polling-bot-4000,,2025-07-28T08:30:58+00:00,2025-07-28T08:59:29+00:00,2025-07-28T08:59:29+00:00,0,Data Import;ready,0.02
DemocracyClub/UK-Polling-Stations,8686,"Import BPC-Bournemouth, Christchurch & Poole Council for 2025-09-11",closed,polling-bot-4000,,2025-08-05T15:16:47+00:00,2025-08-06T08:11:26+00:00,2025-08-06T08:11:27+00:00,0,Data Import;ready,0.7
DemocracyClub/UK-Polling-Stations,8689,Import WLL-Walsall Metropolitan Borough Council for 2025-09-11,closed,polling-bot-4000,,2025-08-07T14:55:16+00:00,2025-08-08T08:28:07+00:00,2025-08-08T08:28:07+00:00,0,Data Import;ready,0.73
DemocracyClub/UK-Polling-Stations,8691,Import NWM-London Borough of Newham for 2025-09-18,closed,polling-bot-4000,,2025-08-13T14:03:07+00:00,2025-08-14T14:31:13+00:00,2025-08-14T14:31:13+00:00,0,Data Import;ready,1.02
DemocracyClub/UK-Polling-Stations,8693,Import CRF-City of Cardiff Council for 2025-09-18,closed,polling-bot-4000,,2025-08-14T09:53:59+00:00,2025-08-15T10:02:44+00:00,2025-08-15T10:02:44+00:00,0,Data Import;ready,1.01
DemocracyClub/UK-Polling-Stations,8695,Import HLD-Highland Council for 2025-09-25,closed,polling-bot-4000,,2025-08-15T16:03:21+00:00,2025-08-19T08:29:38+00:00,2025-08-19T08:29:38+00:00,0,Data Import;ready,3.68
DemocracyClub/UK-Polling-Stations,8703,Import MAN-Manchester City Council for 2025-09-25,closed,polling-bot-4000,,2025-08-29T12:17:38+00:00,2025-09-01T12:46:15+00:00,2025-09-01T12:46:15+00:00,0,Data Import;ready,3.02
DemocracyClub/UK-Polling-Stations,8711,Import COL-Colchester City Council for 2025-10-23,closed,polling-bot-4000,,2025-09-15T10:51:48+00:00,2025-09-16T07:39:57+00:00,2025-09-16T07:39:57+00:00,0,Data Import;ready,0.87
DemocracyClub/UK-Polling-Stations,8713,Import WIL-Wiltshire Council for 2025-10-09,closed,polling-bot-4000,,2025-09-18T13:22:59+00:00,2025-09-22T08:39:54+00:00,2025-09-22T08:39:54+00:00,1,Data Import;ready,3.8
DemocracyClub/UK-Polling-Stations,8715,Import CAY-Caerphilly County Borough Council for 2025-10-23,closed,polling-bot-4000,,2025-09-22T16:23:24+00:00,2025-09-23T10:47:38+00:00,2025-09-23T10:47:38+00:00,0,Data Import;ready,0.77
DemocracyClub/UK-Polling-Stations,8718,Import REI-Reigate and Banstead Borough Council for 2025-10-16,closed,polling-bot-4000,,2025-09-26T14:31:13+00:00,2025-09-29T11:10:45+00:00,2025-09-29T11:10:45+00:00,0,Data Import;ready,2.86
DemocracyClub/UK-Polling-Stations,8721,Uploader: make it clear that we don't cover town/parish/community councils.,open,pmk01,,2025-09-30T09:59:15+00:00,,2025-10-01T11:34:28+00:00,0,file uploads 📂,
DemocracyClub/UK-Polling-Stations,8722,How do we cover more by-elections?,closed,pmk01,,2025-09-30T13:37:31+00:00,2025-10-02T14:11:07+00:00,2025-10-02T14:11:07+00:00,0,file uploads 📂,2.02
DemocracyClub/UK-Polling-Stations,8729,Import BNE-London Borough of Barnet for 2025-10-30,closed,polling-bot-4000,,2025-10-13T09:16:03+00:00,2025-11-14T09:51:15+00:00,2025-11-14T09:51:41+00:00,3,Data Import;ready,32.02
DemocracyClub/UK-Polling-Stations,8728,Import BNE-London Borough of Barnet for 2025-10-30,closed,polling-bot-4000,,2025-10-13T09:16:03+00:00,2025-10-13T13:29:32+00:00,2025-10-13T13:29:32+00:00,0,Data Import;ready,0.18
DemocracyClub/UK-Polling-Stations,8731,Import VAL-Vale of White Horse District Council for 2025-11-13,closed,polling-bot-4000,,2025-10-20T10:24:23+00:00,2025-10-20T10:57:24+00:00,2025-10-20T10:57:24+00:00,0,Data Import;ready,0.02
DemocracyClub/UK-Polling-Stations,8733,Import CAT-Canterbury City Council for 2025-11-13,closed,polling-bot-4000,,2025-10-22T12:29:11+00:00,2025-10-23T13:09:28+00:00,2025-10-23T13:09:28+00:00,0,Data Import;ready,1.03
DemocracyClub/UK-Polling-Stations,8735,Import HLD-Highland Council for 2025-12-11,closed,polling-bot-4000,,2025-11-04T10:27:08+00:00,2025-11-05T09:55:31+00:00,2025-11-05T09:55:31+00:00,0,Data Import;ready,0.98
DemocracyClub/UK-Polling-Stations,8736,Import HLD-Highland Council for 2025-12-11,closed,polling-bot-4000,,2025-11-04T10:27:10+00:00,2025-11-14T09:50:11+00:00,2025-11-14T09:50:11+00:00,3,Data Import;ready,9.97
DemocracyClub/UK-Polling-Stations,8744,Import WOK-Wokingham Borough Council for 2026-05-07,closed,polling-bot-4000,,2025-11-14T16:03:06+00:00,2026-02-10T12:23:26+00:00,2026-02-10T12:23:26+00:00,1,Data Import;ready,87.85
DemocracyClub/UK-Polling-Stations,8747,Import SKE-South Kesteven District Council for 2025-12-11,closed,polling-bot-4000,,2025-11-19T16:20:32+00:00,2025-11-20T09:22:50+00:00,2025-11-20T09:22:50+00:00,0,Data Import;ready,0.71
DemocracyClub/UK-Polling-Stations,8750,TEST Import CRF-City of Cardiff Council for 2026-05-07,closed,polling-bot-4000,,2025-11-21T11:00:08+00:00,2025-11-21T11:02:13+00:00,2025-11-21T11:02:13+00:00,1,Data Import;ready,0.0
DemocracyClub/UK-Polling-Stations,8752,TEST Import CGN-Ceredigion County Council for 2026-05-07,closed,polling-bot-4000,,2025-11-21T13:13:05+00:00,2025-11-21T13:22:09+00:00,2025-11-21T13:22:09+00:00,1,Data Import;ready,0.01
DemocracyClub/UK-Polling-Stations,8753,TEST Import CGN-Ceredigion County Council for 2026-05-07,closed,polling-bot-4000,,2025-11-21T13:13:08+00:00,2025-11-21T13:22:16+00:00,2025-11-21T13:22:16+00:00,3,Data Import;ready,0.01
DemocracyClub/UK-Polling-Stations,8760,Import HER-Hertsmere Borough Council for 2026-05-07,closed,polling-bot-4000,,2025-12-11T14:43:51+00:00,2025-12-15T11:02:34+00:00,2025-12-15T11:02:34+00:00,1,Data Import;ready,3.85
DemocracyClub/UK-Polling-Stations,8765,Import WLL-Walsall Metropolitan Borough Council for 2026-05-07,closed,polling-bot-4000,,2026-01-05T13:29:57+00:00,2026-01-05T15:35:51+00:00,2026-01-05T15:35:51+00:00,1,Data Import;ready,0.09
DemocracyClub/UK-Polling-Stations,8768,TEST Import WOK-Wokingham Borough Council for 2026-05-07,closed,polling-bot-4000,,2026-01-07T09:59:31+00:00,2026-01-08T09:13:53+00:00,2026-01-08T09:13:53+00:00,0,Data Import;ready,0.97
DemocracyClub/UK-Polling-Stations,8771,Import WLV-Wolverhampton City Council for 2026-05-07,closed,polling-bot-4000,,2026-01-20T16:51:28+00:00,2026-02-10T12:38:54+00:00,2026-02-10T12:38:54+00:00,1,Data Import;ready,20.82
DemocracyClub/UK-Polling-Stations,8774,TEST Import ABE-Aberdeen City Council for 2026-05-07,closed,polling-bot-4000,,2026-01-27T16:52:45+00:00,2026-01-27T19:58:47+00:00,2026-01-27T19:58:47+00:00,0,Data Import;ready,0.13
DemocracyClub/UK-Polling-Stations,8776,Import CGN-Ceredigion County Council for 2026-05-07,closed,polling-bot-4000,,2026-01-28T11:47:11+00:00,2026-02-04T15:15:16+00:00,2026-02-04T15:15:16+00:00,1,Data Import;ready,7.14
DemocracyClub/UK-Polling-Stations,8778,Import KIR-Kirklees Metropolitan Council for 2026-05-07,closed,polling-bot-4000,,2026-01-28T13:18:51+00:00,2026-02-10T13:22:37+00:00,2026-02-10T13:22:37+00:00,0,Data Import;ready,13.0
DemocracyClub/UK-Polling-Stations,8781,Import MAN-Manchester City Council for 2026-02-26,closed,polling-bot-4000,,2026-02-04T14:13:02+00:00,2026-02-05T14:22:20+00:00,2026-02-05T14:22:20+00:00,0,Data Import;ready,1.01
DemocracyClub/UK-Polling-Stations,8784,Import CRF-City of Cardiff Council for 2026-05-07,closed,polling-bot-4000,,2026-02-05T10:37:05+00:00,2026-02-10T08:30:07+00:00,2026-02-10T08:30:07+00:00,0,Data Import;ready,4.91
DemocracyClub/UK-Polling-Stations,8786,Import RUN-Runnymede Borough Council for 2026-05-07,closed,polling-bot-4000,,2026-02-05T11:27:36+00:00,2026-02-10T14:14:37+00:00,2026-02-10T14:14:37+00:00,0,Data Import;ready,5.12
DemocracyClub/UK-Polling-Stations,8788,Import WLA-West Lancashire Borough Council for 2026-05-07,closed,polling-bot-4000,,2026-02-05T11:37:39+00:00,2026-02-10T14:22:31+00:00,2026-02-10T14:22:32+00:00,2,Data Import;ready,5.11
DemocracyClub/UK-Polling-Stations,8790,Import SAL-St Albans City & District Council for 2026-05-07,closed,polling-bot-4000,,2026-02-05T11:48:56+00:00,2026-02-10T14:47:45+00:00,2026-02-10T14:47:45+00:00,0,Data Import;ready,5.12
DemocracyClub/UK-Polling-Stations,8792,Import NWP-Newport City Council for 2026-05-07,closed,polling-bot-4000,,2026-02-05T11:50:59+00:00,2026-02-10T09:09:19+00:00,2026-02-10T09:09:19+00:00,0,Data Import;ready,4.89
DemocracyClub/UK-Polling-Stations,8794,Import TWH-London Borough of Tower Hamlets for 2026-05-07,closed,polling-bot-4000,,2026-02-05T12:26:53+00:00,2026-02-10T15:09:27+00:00,2026-02-10T15:09:27+00:00,0,Data Import;ready,5.11
DemocracyClub/UK-Polling-Stations,8796,Import CRY-London Borough of Croydon for 2026-05-07,closed,polling-bot-4000,,2026-02-05T13:31:28+00:00,2026-02-10T15:36:08+00:00,2026-02-10T15:36:08+00:00,0,Data Import;ready,5.09
DemocracyClub/UK-Polling-Stations,8798,Import HAA-Havant Borough Council for 2026-05-07,closed,polling-bot-4000,,2026-02-05T14:04:37+00:00,2026-02-11T09:00:11+00:00,2026-02-11T09:00:11+00:00,0,Data Import;ready,5.79
DemocracyClub/UK-Polling-Stations,8800,Import CGN-Ceredigion County Council for 2026-05-07,closed,polling-bot-4000,,2026-02-05T14:21:54+00:00,2026-02-09T11:50:33+00:00,2026-02-09T11:50:33+00:00,0,Data Import;ready,3.89
DemocracyClub/UK-Polling-Stations,8801,Import CGN-Ceredigion County Council for 2026-05-07,closed,polling-bot-4000,,2026-02-05T14:21:55+00:00,2026-02-10T15:41:14+00:00,2026-02-10T15:41:14+00:00,3,Data Import;ready;duplicate,5.06
DemocracyClub/UK-Polling-Stations,8804,Import EAT-Eastleigh Borough Council for 2026-05-07,closed,polling-bot-4000,,2026-02-05T14:50:51+00:00,2026-02-11T09:20:32+00:00,2026-02-11T09:20:32+00:00,0,Data Import;ready,5.77
DemocracyClub/UK-Polling-Stations,8806,Import WOI-Woking Borough Council for 2026-05-07,closed,polling-bot-4000,,2026-02-05T16:37:39+00:00,2026-02-11T10:12:36+00:00,2026-02-11T10:12:36+00:00,0,Data Import;ready,5.73
DemocracyClub/UK-Polling-Stations,8808,Import GAT-Gateshead Metropolitan Borough Council for 2026-05-07,closed,polling-bot-4000,,2026-02-06T07:56:37+00:00,2026-02-11T10:59:35+00:00,2026-02-11T10:59:35+00:00,0,Data Import;ready,5.13
DemocracyClub/UK-Polling-Stations,8810,Import ISL-London Borough of Islington for 2026-05-07,closed,polling-bot-4000,,2026-02-06T10:31:18+00:00,2026-02-11T11:07:09+00:00,2026-02-11T11:07:09+00:00,0,Data Import;ready,5.02
DemocracyClub/UK-Polling-Stations,8812,Import WAE-Waverley Borough Council for 2026-05-07,closed,polling-bot-4000,,2026-02-06T11:32:03+00:00,2026-02-11T11:32:37+00:00,2026-02-11T11:32:37+00:00,0,Data Import;ready,5.0
DemocracyClub/UK-Polling-Stations,8814,Import ERW-East Renfrewshire Council for 2026-05-07,closed,polling-bot-4000,,2026-02-06T14:50:10+00:00,2026-02-10T13:56:40+00:00,2026-02-10T13:56:40+00:00,0,Data Import;ready,3.96
DemocracyClub/UK-Polling-Stations,8815,Import ERW-East Renfrewshire Council for 2026-05-07,closed,polling-bot-4000,,2026-02-06T14:50:11+00:00,2026-02-10T13:14:07+00:00,2026-02-10T13:14:07+00:00,3,Data Import;ready;duplicate,3.93
DemocracyClub/UK-Polling-Stations,8817,Import RDB-London Borough of Redbridge for 2026-05-07,closed,polling-bot-4000,,2026-02-09T10:20:04+00:00,2026-02-11T12:50:30+00:00,2026-02-11T12:50:30+00:00,2,Data Import;ready,2.1
DemocracyClub/UK-Polling-Stations,8819,Import TAM-Tameside Metropolitan Borough Council for 2026-02-26,closed,polling-bot-4000,,2026-02-09T10:52:33+00:00,2026-02-10T09:17:19+00:00,2026-02-10T09:17:19+00:00,0,Data Import;ready,0.93
DemocracyClub/UK-Polling-Stations,8821,Import HAV-London Borough of Havering for 2026-05-07,closed,polling-bot-4000,,2026-02-09T12:13:57+00:00,2026-02-11T13:27:44+00:00,2026-02-11T13:27:44+00:00,0,Data Import;ready,2.05
DemocracyClub/UK-Polling-Stations,8823,Import EPP-Epping Forest District Council for 2026-05-07,closed,polling-bot-4000,,2026-02-09T13:52:14+00:00,2026-02-11T13:46:13+00:00,2026-02-11T13:46:13+00:00,0,Data Import;ready,2.0
DemocracyClub/UK-Polling-Stations,8825,Import VGL-Vale of Glamorgan Council for 2026-05-07,closed,polling-bot-4000,,2026-02-10T08:20:51+00:00,2026-02-10T15:45:58+00:00,2026-02-10T15:45:58+00:00,5,Data Import;ready,0.31
DemocracyClub/UK-Polling-Stations,8827,Import SWD-Swindon Borough Council for 2026-05-07,closed,polling-bot-4000,,2026-02-10T09:40:34+00:00,2026-02-11T13:53:45+00:00,2026-02-11T13:53:45+00:00,0,Data Import;ready,1.18
DemocracyClub/UK-Polling-Stations,8829,Import TUN-Tunbridge Wells Borough Council for 2026-05-07,closed,polling-bot-4000,,2026-02-10T13:29:06+00:00,2026-02-11T14:17:30+00:00,2026-02-11T14:17:30+00:00,0,Data Import;ready,1.03
DemocracyClub/UK-Polling-Stations,8831,Import STN-London Borough of Sutton for 2026-05-07,closed,polling-bot-4000,,2026-02-10T16:14:04+00:00,2026-02-11T14:04:00+00:00,2026-02-11T14:04:01+00:00,3,Data Import;ready;duplicate,0.91
DemocracyClub/UK-Polling-Stations,8832,Import STN-London Borough of Sutton for 2026-05-07,closed,polling-bot-4000,,2026-02-10T16:14:04+00:00,2026-02-11T14:40:24+00:00,2026-02-11T14:40:24+00:00,0,Data Import;ready,0.93
DemocracyClub/UK-Polling-Stations,8835,Import MOL-Mole Valley District Council for 2026-05-07,closed,polling-bot-4000,,2026-02-11T14:42:44+00:00,2026-02-11T15:42:30+00:00,2026-02-11T15:42:30+00:00,0,Data Import;ready,0.04
DemocracyClub/UK-Polling-Stations,8839,Import HRY-London Borough of Haringey for 2026-05-07,closed,polling-bot-4000,,2026-02-13T11:57:01+00:00,2026-02-26T09:24:22+00:00,2026-02-26T09:24:22+00:00,0,Data Import;ready,12.89
DemocracyClub/UK-Polling-Stations,8841,Import GOS-Gosport Borough Council for 2026-05-07,closed,polling-bot-4000,,2026-02-13T14:04:00+00:00,2026-03-04T08:37:39+00:00,2026-03-04T08:37:39+00:00,0,Data Import;ready,18.77
DemocracyClub/UK-Polling-Stations,8842,Import GOS-Gosport Borough Council for 2026-05-07,open,polling-bot-4000,,2026-02-13T14:04:01+00:00,,2026-03-03T20:21:52+00:00,6,Data Import;ready;duplicate,
DemocracyClub/UK-Polling-Stations,8844,Import NET-Newcastle City Council for 2026-05-07,closed,polling-bot-4000,,2026-02-16T09:54:09+00:00,2026-02-23T15:55:44+00:00,2026-02-23T15:55:44+00:00,0,Data Import;ready,7.25
DemocracyClub/UK-Polling-Stations,8846,Import WAT-Watford Borough Council for 2026-05-07,closed,polling-bot-4000,,2026-02-16T14:24:45+00:00,2026-02-26T11:37:13+00:00,2026-02-26T11:37:13+00:00,0,Data Import;ready,9.88
DemocracyClub/UK-Polling-Stations,8848,Import CAB-Cambridge City Council for 2026-05-07,closed,polling-bot-4000,,2026-02-16T14:26:13+00:00,2026-03-04T08:50:19+00:00,2026-03-04T08:50:19+00:00,0,Data Import;ready,15.77
DemocracyClub/UK-Polling-Stations,8850,Import PEM-Pembrokeshire County Council for 2026-05-07,closed,polling-bot-4000,,2026-02-16T14:34:48+00:00,2026-02-17T14:57:42+00:00,2026-02-17T14:57:42+00:00,1,Data Import;ready,1.02
DemocracyClub/UK-Polling-Stations,8853,Import PEN-Pendle Borough Council for 2026-05-07,closed,polling-bot-4000,,2026-02-16T16:37:19+00:00,2026-02-23T15:42:54+00:00,2026-02-23T15:42:54+00:00,0,Data Import;ready,6.96
DemocracyClub/UK-Polling-Stations,8855,Import HLD-Highland Council for 2026-05-07,closed,polling-bot-4000,,2026-02-16T17:20:37+00:00,2026-02-26T10:49:58+00:00,2026-02-26T10:49:58+00:00,0,Data Import;ready,9.73
DemocracyClub/UK-Polling-Stations,8857,Import NKE-North Kesteven District Council for 2026-03-12,closed,polling-bot-4000,,2026-02-17T11:10:20+00:00,2026-02-23T16:04:32+00:00,2026-02-23T16:04:32+00:00,0,Data Import;ready,6.2
DemocracyClub/UK-Polling-Stations,8860,Import GWN-Gwynedd Council for 2026-05-07,closed,polling-bot-4000,,2026-02-17T11:38:56+00:00,2026-02-18T09:47:48+00:00,2026-02-18T09:47:48+00:00,0,Data Import;ready,0.92
DemocracyClub/UK-Polling-Stations,8863,Import MSU-Mid Suffolk District Council for 2026-05-07,open,polling-bot-4000,,2026-02-17T12:44:07+00:00,,2026-03-03T19:48:54+00:00,2,Data Import;ready,
DemocracyClub/UK-Polling-Stations,8862,Import MSU-Mid Suffolk District Council for 2026-05-07,open,polling-bot-4000,,2026-02-17T12:44:07+00:00,,2026-03-03T20:22:01+00:00,0,Data Import;ready;duplicate,
DemocracyClub/UK-Polling-Stations,8865,Import BAB-Babergh District Council for 2026-05-07,open,polling-bot-4000,,2026-02-17T12:44:21+00:00,,2026-03-03T20:21:32+00:00,0,Data Import;ready,
DemocracyClub/UK-Polling-Stations,8866,Import BAB-Babergh District Council for 2026-05-07,open,polling-bot-4000,,2026-02-17T12:44:23+00:00,,2026-03-03T20:21:44+00:00,2,Data Import;ready;duplicate,
DemocracyClub/UK-Polling-Stations,8869,Import WOX-West Oxfordshire District Council for 2026-05-07,open,polling-bot-4000,,2026-02-17T15:37:08+00:00,,2026-03-03T20:27:49+00:00,0,Data Import;ready,
DemocracyClub/UK-Polling-Stations,8872,Import CMN-Carmarthenshire County Council for 2026-05-07,closed,polling-bot-4000,,2026-02-17T17:11:30+00:00,2026-02-18T13:52:59+00:00,2026-02-18T13:52:59+00:00,0,Data Import;ready,0.86
DemocracyClub/UK-Polling-Stations,8874,Import BRX-Broxbourne Borough Council for 2026-05-07,closed,polling-bot-4000,,2026-02-17T17:40:18+00:00,2026-02-27T09:20:25+00:00,2026-02-27T09:20:25+00:00,0,Data Import;ready,9.65
DemocracyClub/UK-Polling-Stations,8876,Import SHN-St Helens Metropolitan Borough Council for 2026-05-07,closed,polling-bot-4000,,2026-02-18T09:56:18+00:00,2026-02-26T11:26:00+00:00,2026-02-26T11:26:00+00:00,0,Data Import;ready,8.06
DemocracyClub/UK-Polling-Stations,8878,Import SCA-South Cambridgeshire District Council for 2026-05-07,closed,polling-bot-4000,,2026-02-18T11:01:05+00:00,2026-02-27T09:28:59+00:00,2026-02-27T09:29:00+00:00,0,Data Import;ready,8.94
DemocracyClub/UK-Polling-Stations,8880,Import FIF-Fife Council for 2026-05-07,closed,polling-bot-4000,,2026-02-18T15:07:30+00:00,2026-02-27T09:44:19+00:00,2026-02-27T09:44:19+00:00,0,Data Import;ready,8.78
DemocracyClub/UK-Polling-Stations,8882,Import SWA-City & County of Swansea for 2026-05-07,closed,polling-bot-4000,,2026-02-18T16:38:00+00:00,2026-02-19T12:07:36+00:00,2026-02-19T12:07:36+00:00,2,Data Import;ready,0.81
DemocracyClub/UK-Polling-Stations,8884,Import BEN-London Borough of Brent for 2026-05-07,closed,polling-bot-4000,,2026-02-18T21:56:36+00:00,2026-02-27T10:02:35+00:00,2026-02-27T10:02:35+00:00,0,Data Import;ready,8.5
DemocracyClub/UK-Polling-Stations,8887,Import RFW-Renfrewshire Council for 2026-05-07,open,polling-bot-4000,,2026-02-19T12:45:19+00:00,,2026-02-26T22:27:28+00:00,0,Data Import;ready,
DemocracyClub/UK-Polling-Stations,8892,Import POW-Powys County Council for 2026-05-07,closed,polling-bot-4000,,2026-02-19T14:54:33+00:00,2026-02-20T08:34:50+00:00,2026-02-20T08:34:50+00:00,3,Data Import;ready;duplicate,0.74
DemocracyClub/UK-Polling-Stations,8891,Import POW-Powys County Council for 2026-05-07,closed,polling-bot-4000,,2026-02-19T14:54:33+00:00,2026-02-19T16:58:13+00:00,2026-02-19T16:58:13+00:00,0,Data Import;ready,0.09
DemocracyClub/UK-Polling-Stations,8895,Import CWY-Conwy County Borough Council for 2026-05-07,closed,polling-bot-4000,,2026-02-20T10:35:15+00:00,2026-02-23T11:30:15+00:00,2026-02-23T11:30:15+00:00,1,Data Import;ready,3.04
DemocracyClub/UK-Polling-Stations,8898,Import STV-Stevenage Borough Council for 2026-05-07,open,polling-bot-4000,,2026-02-20T14:19:33+00:00,,2026-02-20T14:23:08+00:00,2,Data Import;ready,
DemocracyClub/UK-Polling-Stations,8897,Import STV-Stevenage Borough Council for 2026-05-07,open,polling-bot-4000,,2026-02-20T14:19:33+00:00,,2026-02-20T14:19:33+00:00,0,Data Import;ready,
DemocracyClub/UK-Polling-Stations,8900,Import MTY-Merthyr Tydfil County Borough Council for 2026-05-07,closed,polling-bot-4000,,2026-02-20T15:14:52+00:00,2026-02-23T10:32:16+00:00,2026-02-23T10:32:16+00:00,0,Data Import;ready,2.8
DemocracyClub/UK-Polling-Stations,8902,Import BGE-Bridgend County Borough Council for 2026-05-07,closed,polling-bot-4000,,2026-02-20T15:35:48+00:00,2026-02-23T11:45:28+00:00,2026-02-23T11:45:28+00:00,0,Data Import;ready,2.84
DemocracyClub/UK-Polling-Stations,8903,Import BGE-Bridgend County Borough Council for 2026-05-07,closed,polling-bot-4000,,2026-02-20T15:35:49+00:00,2026-02-23T11:32:11+00:00,2026-02-23T11:32:11+00:00,3,Data Import;ready;duplicate,2.83
DemocracyClub/UK-Polling-Stations,8905,Import NTL-Neath Port Talbot County Borough Council for 2026-05-07,closed,polling-bot-4000,,2026-02-20T15:54:16+00:00,2026-02-23T12:45:14+00:00,2026-02-23T12:45:14+00:00,1,Data Import;ready,2.87
DemocracyClub/UK-Polling-Stations,8906,Import NTL-Neath Port Talbot County Borough Council for 2026-05-07,closed,polling-bot-4000,,2026-02-20T15:54:17+00:00,2026-02-23T11:46:15+00:00,2026-02-23T11:46:15+00:00,2,Data Import;ready;duplicate,2.83
DemocracyClub/UK-Polling-Stations,8908,Import RCT-Rhondda Cynon Taf County Borough Council for 2026-05-07,closed,polling-bot-4000,,2026-02-20T16:27:50+00:00,2026-02-23T15:30:34+00:00,2026-02-23T15:30:34+00:00,1,Data Import;ready,2.96
DemocracyClub/UK-Polling-Stations,8910,Import RCT-Rhondda Cynon Taf County Borough Council for 2026-05-07,closed,polling-bot-4000,,2026-02-20T16:27:52+00:00,2026-02-23T12:35:22+00:00,2026-02-23T12:35:22+00:00,2,Data Import;ready;duplicate,2.84
DemocracyClub/UK-Polling-Stations,8911,Import CHL-Chelmsford City Council for 2026-05-07,open,polling-bot-4000,,2026-02-23T09:23:39+00:00,,2026-02-23T09:23:39+00:00,0,Data Import;ready,
DemocracyClub/UK-Polling-Stations,8913,Import CHL-Chelmsford City Council for 2026-03-05,open,polling-bot-4000,,2026-02-23T10:07:33+00:00,,2026-02-23T10:07:33+00:00,0,Data Import;ready,
DemocracyClub/UK-Polling-Stations,8915,Import DND-Dundee City Council for 2026-05-07,open,polling-bot-4000,,2026-02-23T10:35:21+00:00,,2026-02-23T10:35:21+00:00,0,Data Import;ready,
DemocracyClub/UK-Polling-Stations,8917,Import GWN-Gwynedd Council for 2026-05-07,closed,polling-bot-4000,,2026-02-23T10:52:18+00:00,2026-02-23T12:30:50+00:00,2026-02-23T12:30:50+00:00,1,Data Import;ready,0.07
DemocracyClub/UK-Polling-Stations,8919,Import HAT-Hart District Council for 2026-05-07,open,polling-bot-4000,,2026-02-23T15:34:22+00:00,,2026-02-23T15:34:22+00:00,0,Data Import;ready,
DemocracyClub/UK-Polling-Stations,8921,Import BAN-Basingstoke and Deane Borough Council for 2026-05-07,open,polling-bot-4000,,2026-02-23T16:00:54+00:00,,2026-02-23T16:00:54+00:00,0,Data Import;ready,
DemocracyClub/UK-Polling-Stations,8923,Import BAI-Basildon Borough Council for 2026-05-07,open,polling-bot-4000,,2026-02-24T11:22:57+00:00,,2026-02-24T11:22:57+00:00,0,Data Import;ready,
DemocracyClub/UK-Polling-Stations,8925,Import POR-Portsmouth City Council for 2026-05-07,open,polling-bot-4000,,2026-02-24T12:37:05+00:00,,2026-02-24T12:37:05+00:00,0,Data Import;ready,
DemocracyClub/UK-Polling-Stations,8927,Import GRT-Guildford Borough Council for 2026-05-07,open,polling-bot-4000,,2026-02-24T12:43:55+00:00,,2026-02-24T12:43:55+00:00,0,Data Import;ready,
DemocracyClub/UK-Polling-Stations,8929,Import MON-Monmouthshire County Council for 2026-05-07,closed,polling-bot-4000,,2026-02-25T13:17:20+00:00,2026-02-26T11:11:13+00:00,2026-02-26T11:11:13+00:00,3,Data Import;ready,0.91
DemocracyClub/UK-Polling-Stations,8931,Import TOF-Torfaen County Borough Council for 2026-05-07,closed,polling-bot-4000,,2026-02-25T14:25:36+00:00,2026-02-26T11:18:14+00:00,2026-02-26T11:18:14+00:00,0,Data Import;ready,0.87
DemocracyClub/UK-Polling-Stations,8934,Import IPS-Ipswich Borough Council for 2026-05-07,open,polling-bot-4000,,2026-02-26T10:31:50+00:00,,2026-02-26T10:31:50+00:00,0,Data Import;ready,
DemocracyClub/UK-Polling-Stations,8936,Import CRW-Crawley Borough Council for 2026-05-07,open,polling-bot-4000,,2026-02-26T11:11:10+00:00,,2026-02-26T11:11:10+00:00,0,Data Import;ready,
DemocracyClub/UK-Polling-Stations,8938,Import PKN-Perth & Kinross Council for 2026-05-07,open,polling-bot-4000,,2026-02-26T11:26:21+00:00,,2026-02-26T11:26:21+00:00,0,Data Import;ready,
DemocracyClub/UK-Polling-Stations,8940,Import ANS-Angus Council for 2026-05-07,open,polling-bot-4000,,2026-02-26T11:28:43+00:00,,2026-02-26T11:28:43+00:00,0,Data Import;ready,
DemocracyClub/UK-Polling-Stations,8942,Import SPE-Spelthorne Borough Council for 2026-05-07,open,polling-bot-4000,,2026-02-26T11:34:47+00:00,,2026-02-26T11:34:47+00:00,0,Data Import;ready,
DemocracyClub/UK-Polling-Stations,8945,Import CHT-Cheltenham Borough Council for 2026-05-07,open,polling-bot-4000,,2026-02-26T12:04:17+00:00,,2026-02-26T12:04:17+00:00,0,Data Import;ready,
DemocracyClub/UK-Polling-Stations,8947,Import DEN-Denbighshire County Council for 2026-05-07,closed,polling-bot-4000,,2026-02-26T14:09:31+00:00,2026-02-27T09:52:26+00:00,2026-02-27T09:52:26+00:00,0,Data Import;ready,0.82
DemocracyClub/UK-Polling-Stations,8950,Import TAW-Tamworth Borough Council for 2026-03-05,open,polling-bot-4000,,2026-02-26T15:42:20+00:00,,2026-02-26T15:42:20+00:00,0,Data Import;ready,
DemocracyClub/UK-Polling-Stations,8952,Import CHR-Cherwell District Council for 2026-05-07,open,polling-bot-4000,,2026-02-26T15:45:16+00:00,,2026-02-26T15:45:16+00:00,0,Data Import;ready,
DemocracyClub/UK-Polling-Stations,8954,Import TAW-Tamworth Borough Council for 2026-05-07,open,polling-bot-4000,,2026-02-26T15:46:14+00:00,,2026-02-26T15:46:14+00:00,0,Data Import;ready,
DemocracyClub/UK-Polling-Stations,8956,Import LIC-City of Lincoln Council for 2026-05-07,open,polling-bot-4000,,2026-02-27T10:26:00+00:00,,2026-02-27T10:26:00+00:00,0,Data Import;ready,
DemocracyClub/UK-Polling-Stations,8959,Import FLN-Flintshire County Council for 2026-05-07,closed,polling-bot-4000,,2026-02-27T11:02:21+00:00,2026-03-03T09:32:06+00:00,2026-03-03T09:32:06+00:00,0,Data Import;ready,3.94
DemocracyClub/UK-Polling-Stations,8961,Import ELS-Comhairle nan Eilean Siar for 2026-05-07,open,polling-bot-4000,,2026-03-01T07:46:52+00:00,,2026-03-01T07:46:52+00:00,0,Data Import;ready,
DemocracyClub/UK-Polling-Stations,8963,Import UTT-Uttlesford District Council for 2026-05-07,open,polling-bot-4000,,2026-03-02T16:27:21+00:00,,2026-03-02T16:27:21+00:00,0,Data Import;ready,
DemocracyClub/UK-Polling-Stations,8965,Import BRW-Brentwood Borough Council for 2026-05-07,open,polling-bot-4000,,2026-03-03T10:42:34+00:00,,2026-03-03T10:42:34+00:00,0,Data Import;ready,
DemocracyClub/UK-Polling-Stations,8967,Import WRX-Wrexham County Borough Council for 2026-05-07,open,polling-bot-4000,,2026-03-03T13:54:51+00:00,,2026-03-03T13:54:51+00:00,0,Data Import;ready,
DemocracyClub/UK-Polling-Stations,8969,Import CHI-Chichester District Council for 2026-05-07,open,polling-bot-4000,,2026-03-03T14:03:10+00:00,,2026-03-03T14:03:10+00:00,0,Data Import;ready,
DemocracyClub/WhoCanIVoteFor,1,Deal with NODATA areas,closed,symroe,symroe,2016-03-23T15:25:38+00:00,2016-06-06T14:59:02+00:00,2016-06-06T14:59:02+00:00,0,,74.98
DemocracyClub/WhoCanIVoteFor,2,Store list of organisations that have elections,closed,symroe,symroe,2016-03-24T09:29:01+00:00,2016-04-21T09:32:37+00:00,2016-04-21T09:32:42+00:00,1,,28.0
DemocracyClub/WhoCanIVoteFor,3,Store datetime and source for every result,closed,symroe,symroe,2016-03-24T09:30:50+00:00,2016-04-21T09:32:29+00:00,2016-04-21T09:32:32+00:00,1,,28.0
DemocracyClub/WhoCanIVoteFor,4,Store approximate count start times.,closed,symroe,symroe,2016-03-24T09:37:32+00:00,2016-04-21T09:32:20+00:00,2016-04-21T09:32:23+00:00,1,,28.0
DemocracyClub/WhoCanIVoteFor,5,Skeleton view structure,closed,symroe,symroe,2016-03-24T09:50:24+00:00,2016-04-21T09:32:11+00:00,2016-04-21T09:32:15+00:00,1,,27.99
DemocracyClub/WhoCanIVoteFor,7,Create Results app and initial models,closed,symroe,symroe,2016-03-24T09:55:04+00:00,2016-04-21T09:31:53+00:00,2016-04-21T09:31:59+00:00,1,,27.98
DemocracyClub/WhoCanIVoteFor,8,Views for conflicting results,closed,symroe,symroe,2016-03-24T09:55:41+00:00,2016-06-06T14:59:10+00:00,2016-06-06T14:59:10+00:00,0,,74.21
DemocracyClub/WhoCanIVoteFor,9,LGiU user group,closed,symroe,symroe,2016-03-24T09:58:35+00:00,2016-04-21T09:31:24+00:00,2016-04-21T09:31:27+00:00,1,,27.98
DemocracyClub/WhoCanIVoteFor,10,Ability to mark results as 'final' or 'confirmed',closed,symroe,symroe,2016-03-24T10:00:04+00:00,2016-04-21T09:31:16+00:00,2016-04-21T09:31:20+00:00,1,,27.98
DemocracyClub/WhoCanIVoteFor,11,Ensure that councils can link to a nice page with results for their council,closed,symroe,symroe,2016-04-04T09:07:46+00:00,2016-04-21T09:31:03+00:00,2016-04-21T09:31:07+00:00,1,,17.02
DemocracyClub/WhoCanIVoteFor,12,I would like cursor to be in the postcode box when I first go to the website,closed,davidmiller,symroe,2016-04-05T20:39:54+00:00,2016-05-01T16:27:10+00:00,2016-05-01T16:27:13+00:00,0,enhancement,25.82
DemocracyClub/WhoCanIVoteFor,13,Sometimes elections are in the future,closed,davidmiller,symroe,2016-04-05T20:50:34+00:00,2016-04-08T15:40:44+00:00,2016-04-08T15:40:48+00:00,0,enhancement,2.78
DemocracyClub/WhoCanIVoteFor,14,Missing migration for `elections.voter_age` and `elections.voter_citizenship`,closed,andylolz,andylolz,2016-04-06T21:46:48+00:00,2016-05-05T15:32:05+00:00,2016-05-05T15:32:05+00:00,1,,28.74
DemocracyClub/WhoCanIVoteFor,17,Display elections in a predefined order,closed,andylolz,andylolz,2016-04-06T23:33:28+00:00,2016-05-05T16:31:35+00:00,2016-05-05T16:31:35+00:00,1,,28.71
DemocracyClub/WhoCanIVoteFor,22,No next action at bottom of constituency page,closed,tfgg,pmk01,2016-04-11T09:45:54+00:00,2020-12-22T14:23:10+00:00,2020-12-22T14:23:10+00:00,6,,1716.19
DemocracyClub/WhoCanIVoteFor,23,It’s not totally obvious what the “Get email alerts for future elections” signup does,closed,andylolz,andylolz,2016-04-11T10:02:30+00:00,2016-05-05T15:19:57+00:00,2016-05-05T15:20:08+00:00,3,,24.22
DemocracyClub/WhoCanIVoteFor,24,Show party emblems on constituency and person pages,open,andylolz,,2016-04-11T10:03:15+00:00,,2021-04-26T08:52:51+00:00,8,,
DemocracyClub/WhoCanIVoteFor,25,Confusion about historic standing,closed,alexdutton,symroe,2016-04-12T14:01:56+00:00,2017-03-06T15:53:06+00:00,2017-03-06T15:53:10+00:00,4,,328.08
DemocracyClub/WhoCanIVoteFor,26,Election names/headings are unclear,closed,tfgg,symroe,2016-04-15T08:46:56+00:00,2019-03-21T19:04:45+00:00,2019-03-21T19:04:45+00:00,3,,1070.43
DemocracyClub/WhoCanIVoteFor,28,Change the font+colour for stories from Mentions,closed,JoeMitchell,symroe,2016-04-20T14:30:07+00:00,2016-06-06T14:59:36+00:00,2016-06-06T14:59:36+00:00,0,,47.02
DemocracyClub/WhoCanIVoteFor,29,Questions from Porism,closed,MikeThacker1,symroe,2016-04-22T14:23:02+00:00,2016-06-06T14:59:56+00:00,2016-06-06T14:59:56+00:00,6,,45.03
DemocracyClub/WhoCanIVoteFor,30,"For PCC elections, pull in links / data from choosemypcc.org.uk",closed,andylolz,symroe,2016-04-25T12:54:15+00:00,2016-05-03T21:35:24+00:00,2016-05-03T21:35:24+00:00,1,,8.36
DemocracyClub/WhoCanIVoteFor,39,Odd stuff happening with list candidates in London,closed,JoeMitchell,andylolz,2016-05-01T10:24:15+00:00,2016-05-03T15:54:41+00:00,2016-05-03T15:54:41+00:00,2,,2.23
DemocracyClub/WhoCanIVoteFor,46,Add social sharing buttons to WCIVF,closed,JoeMitchell,symroe,2016-05-01T18:16:00+00:00,2016-06-06T15:00:03+00:00,2016-06-06T15:00:03+00:00,2,,35.86
DemocracyClub/WhoCanIVoteFor,50,Add polyfill to support `<details>` in browsers other than chrome,closed,andylolz,symroe,2016-05-03T16:25:17+00:00,2016-05-05T12:23:13+00:00,2016-05-05T12:23:17+00:00,1,,1.83
DemocracyClub/WhoCanIVoteFor,54,Facebook profile should be linked to if no campaign page specified,closed,gwire,annapowellsmith,2016-05-04T10:24:09+00:00,2017-05-31T19:27:44+00:00,2017-05-31T19:27:44+00:00,1,,392.38
DemocracyClub/WhoCanIVoteFor,57,Problems opening external links? ,closed,JoeMitchell,andylolz,2016-05-05T10:57:45+00:00,2016-05-05T12:48:11+00:00,2016-05-05T12:48:11+00:00,1,,0.08
DemocracyClub/WhoCanIVoteFor,58,Single election display less intuitive than multiple elections version,closed,jf1,symroe,2016-05-05T11:59:36+00:00,2016-05-05T13:01:19+00:00,2016-05-06T01:10:42+00:00,1,,0.04
DemocracyClub/WhoCanIVoteFor,61,Postcodes aren't always automatically formatted,closed,jf1,symroe,2016-05-05T13:16:54+00:00,2016-06-06T14:56:44+00:00,2016-06-06T14:56:47+00:00,0,,32.07
DemocracyClub/WhoCanIVoteFor,66,"""Your next election is ().""",closed,chris48s,symroe,2016-09-29T06:45:33+00:00,2016-10-06T17:45:41+00:00,2016-10-06T17:45:41+00:00,0,,7.46
DemocracyClub/WhoCanIVoteFor,67,Switch to OSM tile layer,closed,chris48s,symroe,2016-09-29T06:46:03+00:00,2016-10-06T17:46:59+00:00,2016-10-06T17:46:59+00:00,0,,7.46
DemocracyClub/WhoCanIVoteFor,71,Add a license,open,BenJam,,2017-01-05T15:50:10+00:00,,2017-07-07T08:30:14+00:00,10,,
DemocracyClub/WhoCanIVoteFor,73,Update to account for wheredoivote api changes,closed,chris48s,symroe,2017-02-10T19:52:30+00:00,2017-05-19T08:15:23+00:00,2017-05-19T08:15:24+00:00,1,,97.52
DemocracyClub/WhoCanIVoteFor,75,Mention the possibility of other smaller elections.,closed,JoeMitchell,symroe,2017-02-16T17:12:37+00:00,2019-05-09T12:09:31+00:00,2019-05-09T12:09:31+00:00,1,,811.79
DemocracyClub/WhoCanIVoteFor,76,Change 'Elections' box on candidate pages,closed,JoeMitchell,annapowellsmith,2017-03-07T14:55:57+00:00,2017-05-30T13:12:11+00:00,2017-05-30T13:12:11+00:00,1,,83.93
DemocracyClub/WhoCanIVoteFor,77,City of London: no wards? ,closed,JoeMitchell,symroe,2017-03-07T17:20:15+00:00,2017-03-08T10:45:51+00:00,2017-03-08T10:45:51+00:00,1,,0.73
DemocracyClub/WhoCanIVoteFor,78,Reorder information on candidate pages,closed,JoeMitchell,annapowellsmith,2017-03-10T13:46:03+00:00,2017-05-25T15:17:06+00:00,2017-05-25T15:17:06+00:00,2,,76.06
DemocracyClub/WhoCanIVoteFor,79,Improve OG image,closed,symroe,annapowellsmith,2017-03-15T08:00:41+00:00,2017-05-29T11:16:35+00:00,2017-05-29T11:16:35+00:00,3,,75.14
DemocracyClub/WhoCanIVoteFor,80,A way to get back to full list of candidates from a single candidate page,closed,symroe,annapowellsmith,2017-03-15T08:01:13+00:00,2017-05-31T19:26:41+00:00,2017-05-31T19:26:41+00:00,6,,77.48
DemocracyClub/WhoCanIVoteFor,81,Improve email sign up form ,closed,symroe,pmk01,2017-03-15T08:01:27+00:00,2020-12-22T10:52:42+00:00,2020-12-22T10:52:42+00:00,2,,1378.12
DemocracyClub/WhoCanIVoteFor,82,Add directions to polling stations on postcode pages,closed,symroe,annapowellsmith,2017-03-15T08:02:05+00:00,2017-05-31T12:55:03+00:00,2017-05-31T12:55:03+00:00,1,,77.2
DemocracyClub/WhoCanIVoteFor,83,Link to official documents from YNR on post pages,closed,symroe,symroe,2017-03-15T08:02:59+00:00,2021-02-10T16:57:17+00:00,2021-02-10T16:57:17+00:00,3,check_if_still_valid,1428.37
DemocracyClub/WhoCanIVoteFor,84,"""Print booklet or poster"" option",open,JoeMitchell,,2017-03-22T16:21:36+00:00,,2019-08-06T15:19:12+00:00,1,,
DemocracyClub/WhoCanIVoteFor,85,Decide how to display candidate bios / statements.,closed,JoeMitchell,symroe,2017-03-22T16:49:50+00:00,2017-04-29T17:43:26+00:00,2017-04-29T17:43:26+00:00,2,,38.04
DemocracyClub/WhoCanIVoteFor,86,Add hustings information. ,closed,JoeMitchell,symroe,2017-03-22T16:53:31+00:00,2017-05-16T13:06:56+00:00,2017-05-16T13:06:56+00:00,0,,54.84
DemocracyClub/WhoCanIVoteFor,87,Do something that makes people think they're not alone,open,JoeMitchell,,2017-03-22T17:05:56+00:00,,2025-04-20T23:15:15+00:00,3,,
DemocracyClub/WhoCanIVoteFor,88,images on person pages are broken,closed,mhl,symroe,2017-03-30T09:47:30+00:00,2017-04-29T12:46:04+00:00,2017-04-29T12:46:04+00:00,1,,30.12
DemocracyClub/WhoCanIVoteFor,92,Sort out asset fingerprinting,closed,chris48s,chris48s,2017-04-27T20:32:49+00:00,2017-04-29T12:32:48+00:00,2017-04-29T12:32:48+00:00,6,,1.67
DemocracyClub/WhoCanIVoteFor,93,Reverse the order of candidacies on the party page ,closed,davidmiller,symroe,2017-04-28T09:22:06+00:00,2017-04-29T12:37:33+00:00,2017-04-29T12:37:33+00:00,0,,1.14
DemocracyClub/WhoCanIVoteFor,94,Consider not listing elections in the first card if n elections == 1,closed,davidmiller,symroe,2017-04-28T09:26:41+00:00,2017-04-29T12:45:12+00:00,2017-04-29T12:45:12+00:00,0,,1.14
DemocracyClub/WhoCanIVoteFor,96,Fetch map tiles over HTTPS,closed,chris48s,symroe,2017-04-28T18:24:28+00:00,2017-04-29T11:31:16+00:00,2017-04-29T11:31:16+00:00,0,,0.71
DemocracyClub/WhoCanIVoteFor,97,Dodgy CSS on mobile,closed,chris48s,symroe,2017-04-29T16:15:08+00:00,2017-04-29T17:07:22+00:00,2017-04-29T17:07:22+00:00,0,,0.04
DemocracyClub/WhoCanIVoteFor,98,Schedule Feedback notifications,closed,chris48s,symroe,2017-04-29T17:21:24+00:00,2017-05-16T13:06:42+00:00,2017-05-16T13:06:42+00:00,0,help wanted,16.82
DemocracyClub/WhoCanIVoteFor,99,"On  , registered voters in {{postcode}} will be able to vote in 0 elections",closed,chris48s,chris48s,2017-04-30T15:15:23+00:00,2017-05-07T19:28:13+00:00,2017-05-07T19:28:13+00:00,0,,7.18
DemocracyClub/WhoCanIVoteFor,101,Add useful og:description,closed,symroe,annapowellsmith,2017-05-01T12:01:20+00:00,2017-05-25T17:53:41+00:00,2017-05-25T17:53:41+00:00,3,,24.24
DemocracyClub/WhoCanIVoteFor,104,"Don't show ""Add more at our candidate crowd-sourcing site"" on locked posts",closed,tfgg,symroe,2017-05-03T13:49:38+00:00,2019-03-21T17:26:22+00:00,2019-03-21T17:26:22+00:00,1,,687.15
DemocracyClub/WhoCanIVoteFor,105,Double General Election via 'All Elections' route 🐛,closed,JoeMitchell,symroe,2017-05-08T12:00:12+00:00,2017-05-16T13:06:26+00:00,2017-05-16T13:06:26+00:00,2,,8.05
DemocracyClub/WhoCanIVoteFor,107,Add donate link to the feedback form,closed,JoeMitchell,symroe,2017-05-11T12:05:03+00:00,2017-05-31T18:49:08+00:00,2017-05-31T18:49:12+00:00,2,,20.28
DemocracyClub/WhoCanIVoteFor,108,Incoherent text on constituency and post page(s),closed,jf1,annapowellsmith,2017-05-12T17:53:28+00:00,2017-06-05T10:26:38+00:00,2017-06-05T10:26:38+00:00,2,,23.69
DemocracyClub/WhoCanIVoteFor,109,/elections page isn't sorted,closed,jf1,symroe,2017-05-12T18:05:12+00:00,2017-05-19T08:15:46+00:00,2017-05-19T08:15:46+00:00,0,,6.59
DemocracyClub/WhoCanIVoteFor,111,"Entering candidate birth date as 1962-03 gives  ""Server Error (500)""",closed,EdwardBetts,EdwardBetts,2017-05-13T16:39:15+00:00,2017-05-14T06:55:10+00:00,2017-05-14T06:55:24+00:00,3,,0.59
DemocracyClub/WhoCanIVoteFor,113,Add favourite biscuit to candidate page,closed,symroe,annapowellsmith,2017-05-16T13:05:40+00:00,2017-06-02T15:03:52+00:00,2017-06-02T15:03:56+00:00,0,,17.08
DemocracyClub/WhoCanIVoteFor,114,Implement Opensearch spec so I can search WCIVF from my address bar,closed,davidmiller,symroe,2017-05-17T14:35:45+00:00,2017-05-18T15:48:28+00:00,2017-05-18T15:48:28+00:00,0,,1.05
DemocracyClub/WhoCanIVoteFor,120,Make entire 'candidate card' on postcode page the link,closed,JoeMitchell,annapowellsmith,2017-05-18T16:39:51+00:00,2017-05-25T13:01:02+00:00,2017-05-25T13:01:02+00:00,1,,6.85
DemocracyClub/WhoCanIVoteFor,121,Change candidate email to ask candidates to fill in the blanks themselves!,closed,andylolz,VirginiaDooley,2017-05-18T16:56:03+00:00,2023-07-19T18:15:33+00:00,2023-07-19T18:15:33+00:00,1,ready,2253.06
DemocracyClub/WhoCanIVoteFor,122,Improve hustings display,open,symroe,,2017-05-19T08:14:31+00:00,,2021-03-23T12:18:47+00:00,5,enhancement,
DemocracyClub/WhoCanIVoteFor,123,[If they send us data in time] Add educational background to candidates,closed,symroe,symroe,2017-05-19T08:18:27+00:00,2017-06-05T18:38:56+00:00,2017-06-05T18:39:00+00:00,2,,17.43
DemocracyClub/WhoCanIVoteFor,124,Add company associations to candidate profile,closed,symroe,symroe,2017-05-19T08:26:32+00:00,2017-05-23T17:16:23+00:00,2017-05-23T17:16:23+00:00,1,,4.37
DemocracyClub/WhoCanIVoteFor,125,Add CVs to candidate profile,closed,symroe,symroe,2017-05-19T08:31:09+00:00,2017-05-23T15:45:52+00:00,2017-05-23T15:45:56+00:00,0,,4.3
DemocracyClub/WhoCanIVoteFor,126,Log API lookups,open,symroe,,2017-05-19T08:41:18+00:00,,2021-02-08T12:59:00+00:00,4,ready,
DemocracyClub/WhoCanIVoteFor,128,'About' page has a broken link to Privacy policy,closed,robzor,pmk01,2017-05-19T14:55:36+00:00,2020-12-22T10:56:30+00:00,2020-12-22T10:56:30+00:00,2,,1312.83
DemocracyClub/WhoCanIVoteFor,132,Odd text on Independents,closed,JoeMitchell,symroe,2017-05-19T17:54:56+00:00,2017-05-23T17:18:05+00:00,2017-05-23T17:18:05+00:00,0,,3.97
DemocracyClub/WhoCanIVoteFor,134,Make it easier for people to share links to election pages from postcode search results,open,JoeMitchell,,2017-05-20T16:02:23+00:00,,2024-03-11T11:47:50+00:00,8,,
DemocracyClub/WhoCanIVoteFor,135,Name and email address missing on HTML version of email generator,closed,gerv,symroe,2017-05-20T17:03:42+00:00,2017-05-23T10:18:19+00:00,2017-05-23T10:18:19+00:00,0,,2.72
DemocracyClub/WhoCanIVoteFor,137,"""Elections"" card is missing 2015 info",closed,JoeMitchell,annapowellsmith,2017-05-22T08:23:46+00:00,2017-06-07T08:44:07+00:00,2017-06-07T08:44:11+00:00,2,,16.01
DemocracyClub/WhoCanIVoteFor,139,Header image is poorly positioned on mobile,closed,chris48s,symroe,2017-05-22T16:07:16+00:00,2017-05-23T16:19:32+00:00,2017-05-23T16:19:33+00:00,1,,1.01
DemocracyClub/WhoCanIVoteFor,142,"Add ""ask canddiate for their CV"" button if CV is missing",closed,symroe,annapowellsmith,2017-05-22T20:54:47+00:00,2017-05-31T16:34:45+00:00,2017-05-31T16:34:49+00:00,3,,8.82
DemocracyClub/WhoCanIVoteFor,147,Post page is showing parties and candidates,closed,BobHarper1,symroe,2017-05-23T09:24:55+00:00,2017-05-29T18:15:40+00:00,2017-05-29T18:15:44+00:00,5,,6.37
DemocracyClub/WhoCanIVoteFor,149,Add a friendly page intro on candidate pages,closed,annapowellsmith,symroe,2017-05-23T14:50:08+00:00,2017-05-24T16:17:20+00:00,2017-05-24T16:17:23+00:00,4,,1.06
DemocracyClub/WhoCanIVoteFor,150,Add links to party manifestos in useful places,closed,symroe,symroe,2017-05-23T17:20:34+00:00,2017-05-30T18:25:28+00:00,2017-05-30T18:25:32+00:00,0,,7.05
DemocracyClub/WhoCanIVoteFor,152,Fix companies house import,closed,chris48s,symroe,2017-05-24T09:46:05+00:00,2017-05-25T07:14:07+00:00,2017-05-25T07:14:11+00:00,0,,0.89
DemocracyClub/WhoCanIVoteFor,153,Make SEO landing pages,open,annapowellsmith,,2017-05-24T09:49:31+00:00,,2018-11-05T08:56:51+00:00,2,,
DemocracyClub/WhoCanIVoteFor,154,Allow customisation of companies house data,closed,chris48s,chris48s,2017-05-24T09:50:47+00:00,2017-05-28T14:17:32+00:00,2017-05-28T14:17:32+00:00,1,,4.19
DemocracyClub/WhoCanIVoteFor,155,Fix page titles on post pages,closed,annapowellsmith,annapowellsmith,2017-05-24T10:02:08+00:00,2017-05-24T13:22:20+00:00,2017-05-24T13:22:23+00:00,0,,0.14
DemocracyClub/WhoCanIVoteFor,156,Use past tense if appropriate on post pages,closed,annapowellsmith,annapowellsmith,2017-05-24T10:32:59+00:00,2017-05-24T13:19:56+00:00,2017-05-24T13:19:59+00:00,0,,0.12
DemocracyClub/WhoCanIVoteFor,157,"All elections should have ""election"" in the name",closed,annapowellsmith,symroe,2017-05-24T10:57:59+00:00,2019-03-21T19:53:40+00:00,2019-03-21T19:53:48+00:00,2,,666.37
DemocracyClub/WhoCanIVoteFor,158,Tweak responsive styling,closed,annapowellsmith,annapowellsmith,2017-05-24T11:28:43+00:00,2017-05-25T15:18:15+00:00,2017-05-25T15:18:15+00:00,1,,1.16
DemocracyClub/WhoCanIVoteFor,159,Ensure text consistently set for meta and OG description tags,closed,annapowellsmith,annapowellsmith,2017-05-24T12:42:36+00:00,2017-05-25T17:52:42+00:00,2017-05-25T17:52:45+00:00,0,,1.22
DemocracyClub/WhoCanIVoteFor,161,Add election leaflets,closed,annapowellsmith,chris48s,2017-05-24T15:50:07+00:00,2017-05-25T08:22:46+00:00,2017-05-25T08:22:49+00:00,1,,0.69
DemocracyClub/WhoCanIVoteFor,165,Leaflets should account for person merges,open,chris48s,,2017-05-25T08:29:01+00:00,,2017-05-25T08:29:01+00:00,0,,
DemocracyClub/WhoCanIVoteFor,166,Improve cards on postcode pages,closed,annapowellsmith,annapowellsmith,2017-05-25T10:18:28+00:00,2017-05-31T12:14:36+00:00,2017-05-31T12:14:40+00:00,1,,6.08
DemocracyClub/WhoCanIVoteFor,167,Improve SEO for constituency pages,closed,annapowellsmith,annapowellsmith,2017-05-25T10:19:33+00:00,2017-05-31T12:59:27+00:00,2017-05-31T12:59:27+00:00,4,,6.11
DemocracyClub/WhoCanIVoteFor,168,Duplication of parties,open,annapowellsmith,,2017-05-25T10:54:36+00:00,,2017-05-27T11:15:35+00:00,3,,
DemocracyClub/WhoCanIVoteFor,169,Work better for contributors who don't have a WhereDIV API key,open,chris48s,,2017-05-25T11:38:30+00:00,,2017-05-25T11:38:30+00:00,0,,
DemocracyClub/WhoCanIVoteFor,170,"Use text in site header, not image",closed,annapowellsmith,VirginiaDooley,2017-05-25T13:02:24+00:00,2021-11-24T13:42:20+00:00,2021-11-24T13:42:21+00:00,1,,1644.03
DemocracyClub/WhoCanIVoteFor,171,Make site title consistent,closed,annapowellsmith,annapowellsmith,2017-05-25T16:36:05+00:00,2017-05-25T16:36:29+00:00,2017-05-25T16:36:33+00:00,0,,0.0
DemocracyClub/WhoCanIVoteFor,172,"Ask partners if they will link to us, for SEO",closed,annapowellsmith,pmk01,2017-05-25T17:57:29+00:00,2020-12-22T11:03:10+00:00,2020-12-22T11:03:11+00:00,2,,1306.71
DemocracyClub/WhoCanIVoteFor,173,Amend Host directive in robots.txt,closed,annapowellsmith,annapowellsmith,2017-05-26T10:05:35+00:00,2017-05-26T10:06:56+00:00,2017-05-26T10:07:00+00:00,0,,0.0
DemocracyClub/WhoCanIVoteFor,174,put all the feedback js in the same place,open,chris48s,,2017-05-26T10:15:29+00:00,,2017-05-26T10:15:29+00:00,0,,
DemocracyClub/WhoCanIVoteFor,175,The last card on a page runs in to the footer.,closed,symroe,symroe,2017-05-26T11:23:23+00:00,2017-05-29T10:15:43+00:00,2017-05-29T10:15:43+00:00,1,,2.95
DemocracyClub/WhoCanIVoteFor,176,Malformed og:image url in meta tag on candidate page,closed,mrwilson,annapowellsmith,2017-05-26T13:43:56+00:00,2017-05-28T11:26:39+00:00,2017-05-28T11:26:39+00:00,0,,1.9
DemocracyClub/WhoCanIVoteFor,177,Use upstream proxy to cache pages,closed,annapowellsmith,symroe,2017-05-28T11:15:35+00:00,2021-04-14T08:05:02+00:00,2021-04-14T08:05:02+00:00,3,,1416.87
DemocracyClub/WhoCanIVoteFor,178,Sitemap linking to wrong URL,closed,annapowellsmith,symroe,2017-05-28T11:17:35+00:00,2017-05-29T10:03:26+00:00,2017-05-29T10:03:47+00:00,2,,0.95
DemocracyClub/WhoCanIVoteFor,179,font-size on body not rendering in production CSS,closed,annapowellsmith,symroe,2017-05-29T11:41:39+00:00,2021-01-27T15:52:55+00:00,2021-01-27T15:52:55+00:00,11,,1339.17
DemocracyClub/WhoCanIVoteFor,181,"""Back to [website]"" feature",closed,symroe,symroe,2017-05-30T08:49:44+00:00,2021-01-27T15:53:26+00:00,2021-01-27T15:53:26+00:00,1,,1338.29
DemocracyClub/WhoCanIVoteFor,182,Add donate + other CTAs on feedback 'thanks' page,closed,symroe,symroe,2017-05-30T08:54:39+00:00,2017-05-31T18:49:40+00:00,2017-05-31T18:49:40+00:00,1,,1.41
DemocracyClub/WhoCanIVoteFor,183,2015 constituency pages should link to 2017 constituency pages,closed,annapowellsmith,symroe,2017-05-30T08:56:13+00:00,2021-02-22T16:38:04+00:00,2021-02-22T16:38:04+00:00,2,enhancement,1364.32
DemocracyClub/WhoCanIVoteFor,184,Show election results after June 8th,closed,annapowellsmith,symroe,2017-05-30T09:56:38+00:00,2021-04-14T08:04:42+00:00,2021-04-14T08:04:42+00:00,0,in progress,1414.92
DemocracyClub/WhoCanIVoteFor,185,"Add opening times on ""where do i vote"" card ",closed,annapowellsmith,annapowellsmith,2017-05-30T10:37:50+00:00,2017-05-31T10:59:42+00:00,2017-05-31T10:59:46+00:00,1,,1.02
DemocracyClub/WhoCanIVoteFor,186,Include Facebook personal profiles on candidate pages,closed,annapowellsmith,annapowellsmith,2017-05-30T11:39:48+00:00,2017-05-31T14:12:16+00:00,2017-05-31T14:12:20+00:00,2,,1.11
DemocracyClub/WhoCanIVoteFor,187,Make postcode and constituency page text friendlier,closed,annapowellsmith,annapowellsmith,2017-05-30T13:10:15+00:00,2017-05-31T12:04:13+00:00,2017-05-31T12:04:16+00:00,0,,0.95
DemocracyClub/WhoCanIVoteFor,188,Add a card with candidates' past candidacies,closed,JoeMitchell,annapowellsmith,2017-05-30T13:33:52+00:00,2017-06-02T13:52:55+00:00,2017-06-02T13:52:59+00:00,0,,3.01
DemocracyClub/WhoCanIVoteFor,190,Add candidate's party homepage ,closed,annapowellsmith,pmk01,2017-05-31T08:25:59+00:00,2020-12-22T11:04:16+00:00,2020-12-22T11:04:16+00:00,2,ready,1301.11
DemocracyClub/WhoCanIVoteFor,191,Signal that this is a crowdsourced volunteer site,closed,annapowellsmith,annapowellsmith,2017-05-31T09:18:46+00:00,2017-05-31T16:34:45+00:00,2017-05-31T16:34:49+00:00,0,,0.3
DemocracyClub/WhoCanIVoteFor,192,Add TWFY voting records on sitting MPs' pages,closed,annapowellsmith,annapowellsmith,2017-05-31T09:56:18+00:00,2017-06-02T15:36:28+00:00,2017-06-02T15:36:31+00:00,0,,2.24
DemocracyClub/WhoCanIVoteFor,193,Add links to WCIVF from TWFY,closed,annapowellsmith,annapowellsmith,2017-05-31T10:03:35+00:00,2017-06-04T10:16:39+00:00,2017-06-04T10:16:39+00:00,6,,4.01
DemocracyClub/WhoCanIVoteFor,194,Write up blog post on new candidates,closed,annapowellsmith,annapowellsmith,2017-05-31T12:58:17+00:00,2017-06-06T14:45:01+00:00,2017-06-06T14:45:01+00:00,0,,6.07
DemocracyClub/WhoCanIVoteFor,196,Ensure manifestos are shown for all relevant parties,closed,annapowellsmith,pmk01,2017-05-31T14:16:16+00:00,2020-12-22T14:24:23+00:00,2020-12-22T14:24:23+00:00,0,in progress,1301.01
DemocracyClub/WhoCanIVoteFor,197,Add hustings on candidate pages,closed,annapowellsmith,annapowellsmith,2017-05-31T16:37:52+00:00,2017-06-02T08:58:25+00:00,2017-06-02T08:58:25+00:00,3,,1.68
DemocracyClub/WhoCanIVoteFor,198,"Use ""show more"" links on long statements",closed,annapowellsmith,pmk01,2017-05-31T19:19:20+00:00,2022-08-03T09:22:21+00:00,2022-08-03T09:22:21+00:00,0,,1889.59
DemocracyClub/WhoCanIVoteFor,199,Long [party] names break icons a bit,closed,symroe,annapowellsmith,2017-05-31T22:39:22+00:00,2017-06-02T18:33:11+00:00,2017-06-02T18:33:11+00:00,3,,1.83
DemocracyClub/WhoCanIVoteFor,200,Icons and text overlap if candidate name is long,closed,chris48s,pmk01,2017-06-01T20:19:11+00:00,2022-08-02T10:37:32+00:00,2022-08-02T10:37:32+00:00,10,,1887.6
DemocracyClub/WhoCanIVoteFor,201,Add manifesto thumbnails,closed,annapowellsmith,pmk01,2017-06-02T09:21:18+00:00,2024-08-21T09:20:23+00:00,2024-08-21T09:20:23+00:00,0,,2637.0
DemocracyClub/WhoCanIVoteFor,202,Show statements first if available,closed,annapowellsmith,pmk01,2017-06-02T09:21:50+00:00,2022-08-03T09:34:18+00:00,2022-08-03T09:34:18+00:00,0,ready,1888.01
DemocracyClub/WhoCanIVoteFor,203,Add friendlier 400 and 500 pages,closed,annapowellsmith,chris48s,2017-06-02T14:03:45+00:00,2018-04-17T07:48:43+00:00,2018-04-17T07:48:43+00:00,1,,318.74
DemocracyClub/WhoCanIVoteFor,204,Election update email signup is broken,closed,annapowellsmith,annapowellsmith,2017-06-02T14:04:27+00:00,2017-06-02T14:12:33+00:00,2017-06-02T14:12:37+00:00,3,,0.01
DemocracyClub/WhoCanIVoteFor,205,Election alerts signup form does not fail gracefully,closed,chris48s,annapowellsmith,2017-06-02T14:06:46+00:00,2017-06-02T18:38:55+00:00,2017-06-02T18:38:55+00:00,0,,0.19
DemocracyClub/WhoCanIVoteFor,206,Social buttons,open,annapowellsmith,,2017-06-02T14:48:59+00:00,,2017-12-01T15:58:31+00:00,3,help wanted,
DemocracyClub/WhoCanIVoteFor,207,Show polling stations for ambiguous postcodes,closed,annapowellsmith,symroe,2017-06-03T10:19:04+00:00,2017-06-07T09:51:26+00:00,2017-06-07T09:51:30+00:00,1,,3.98
DemocracyClub/WhoCanIVoteFor,208,Leaflets since May not showing?,closed,JoeMitchell,annapowellsmith,2017-06-05T08:53:14+00:00,2017-06-05T10:00:39+00:00,2017-06-05T10:01:26+00:00,1,,0.05
DemocracyClub/WhoCanIVoteFor,211,Combine cards into higher-level sections,closed,annapowellsmith,pmk01,2017-06-05T16:45:11+00:00,2022-08-03T09:24:57+00:00,2022-08-03T09:24:57+00:00,5,,1884.69
DemocracyClub/WhoCanIVoteFor,212,"Candidate DOBs should be DateField, displayed as year",open,annapowellsmith,,2017-06-05T16:49:18+00:00,,2017-06-05T16:49:18+00:00,0,,
DemocracyClub/WhoCanIVoteFor,213,invalid postcode error is a bit ugly,closed,chris48s,chris48s,2017-06-06T16:07:36+00:00,2018-04-17T07:48:39+00:00,2018-04-17T07:48:39+00:00,5,,314.65
DemocracyClub/WhoCanIVoteFor,215,Add results of last election for GE candidates,closed,annapowellsmith,pmk01,2017-06-07T06:09:26+00:00,2022-08-03T09:17:13+00:00,2022-08-03T09:17:13+00:00,2,,1883.13
DemocracyClub/WhoCanIVoteFor,222,"""The 2017 General Election was held on yesterday.""",closed,hugovk,michaeljcollinsuk,2017-06-09T07:31:42+00:00,2021-02-08T12:36:23+00:00,2021-02-08T12:36:23+00:00,1,check_if_still_valid,1340.21
DemocracyClub/WhoCanIVoteFor,223,Set cache control headers,open,symroe,,2017-07-12T11:18:01+00:00,,2017-07-12T11:18:53+00:00,0,,
DemocracyClub/WhoCanIVoteFor,224,Ability to clear postcode lookup cache per division & election,open,symroe,,2017-07-12T20:21:46+00:00,,2017-07-12T20:21:46+00:00,0,,
DemocracyClub/WhoCanIVoteFor,227,Revert to layout from before GE2017,closed,JoeMitchell,symroe,2017-09-01T10:30:08+00:00,2017-09-26T16:44:06+00:00,2017-09-26T16:44:06+00:00,0,,25.26
DemocracyClub/WhoCanIVoteFor,229,Switch to future tense,closed,chris48s,symroe,2017-09-15T09:20:40+00:00,2017-09-26T16:44:38+00:00,2017-09-26T16:44:38+00:00,0,,11.31
DemocracyClub/WhoCanIVoteFor,232,'Previous elections' text going a bit awry,closed,JoeMitchell,pmk01,2017-09-27T16:39:03+00:00,2020-12-11T11:23:35+00:00,2020-12-11T11:23:35+00:00,1,,1170.78
DemocracyClub/WhoCanIVoteFor,233,What should we do about elections with unlocked candidate lists?,closed,JoeMitchell,symroe,2017-09-28T13:26:00+00:00,2018-03-12T10:30:09+00:00,2018-03-12T10:30:09+00:00,8,,164.88
DemocracyClub/WhoCanIVoteFor,235,Better SEO for by-elections,open,chris48s,,2017-11-03T11:27:10+00:00,,2021-02-17T10:07:05+00:00,7,enhancement,
DemocracyClub/WhoCanIVoteFor,236,Hackney mayor labelled as 'City Mayor',closed,JoeMitchell,symroe,2017-11-13T11:44:08+00:00,2019-03-21T21:47:28+00:00,2019-03-21T21:47:29+00:00,2,,493.42
DemocracyClub/WhoCanIVoteFor,238,Fix feedback form,closed,chris48s,symroe,2017-11-29T14:33:38+00:00,2018-04-23T19:44:04+00:00,2018-04-23T19:44:04+00:00,0,bug,145.22
DemocracyClub/WhoCanIVoteFor,240,mixed content warnings,closed,chris48s,symroe,2017-12-04T11:38:05+00:00,2021-01-06T09:01:01+00:00,2021-01-06T09:01:01+00:00,1,,1128.89
DemocracyClub/WhoCanIVoteFor,241,Upgrade to Django 1.11,closed,chris48s,symroe,2018-01-04T16:54:45+00:00,2018-01-09T10:13:51+00:00,2018-01-09T10:13:51+00:00,0,,4.72
DemocracyClub/WhoCanIVoteFor,242,Remove CV block for non-parliamentry elections,closed,chris48s,chris48s,2018-01-07T12:50:08+00:00,2018-04-17T07:48:33+00:00,2018-04-17T07:48:33+00:00,1,,99.79
DemocracyClub/WhoCanIVoteFor,246,Change the background colour to grey (from white),closed,JoeMitchell,chris48s,2018-02-08T13:36:45+00:00,2018-02-08T13:40:13+00:00,2018-02-08T14:05:08+00:00,2,,0.0
DemocracyClub/WhoCanIVoteFor,247,"Review 'all elections', 'all parties' content",closed,chris48s,VirginiaDooley,2018-02-09T16:47:43+00:00,2021-02-02T09:22:31+00:00,2021-02-02T09:22:31+00:00,4,,1088.69
DemocracyClub/WhoCanIVoteFor,249,Add YNR CTA on Who pages ,closed,symroe,symroe,2018-02-19T14:44:41+00:00,2018-03-04T12:57:28+00:00,2018-03-04T12:57:28+00:00,3,,12.93
DemocracyClub/WhoCanIVoteFor,253,Explain why we don't know of any candidates before SOPNs are out,closed,chris48s,symroe,2018-03-27T09:15:59+00:00,2021-01-06T09:03:34+00:00,2021-01-06T09:03:34+00:00,4,,1015.99
DemocracyClub/WhoCanIVoteFor,255,Present info on voter id trials,closed,chris48s,chris48s,2018-03-29T11:28:53+00:00,2018-04-03T13:04:14+00:00,2018-04-03T13:04:14+00:00,1,,5.07
DemocracyClub/WhoCanIVoteFor,256,Revise text for template email to candidates,closed,chris48s,symroe,2018-04-02T13:25:32+00:00,2021-03-24T11:04:39+00:00,2021-03-24T11:04:39+00:00,2,,1086.9
DemocracyClub/WhoCanIVoteFor,257,Show info on voter ID trials,closed,symroe,chris48s,2018-04-03T13:02:40+00:00,2018-04-17T07:47:55+00:00,2018-04-17T07:47:58+00:00,3,enhancement,13.78
DemocracyClub/WhoCanIVoteFor,258,Don't track users with do not track preferences ,closed,symroe,symroe,2018-04-14T08:18:26+00:00,2018-04-17T05:55:38+00:00,2018-04-17T05:55:38+00:00,0,,2.9
DemocracyClub/WhoCanIVoteFor,259,Upgrade DC base theme,closed,chris48s,symroe,2018-04-15T20:22:49+00:00,2018-04-17T05:55:38+00:00,2018-04-17T05:55:38+00:00,0,,1.4
DemocracyClub/WhoCanIVoteFor,261,Check home page status code in StatusCheckView,open,symroe,,2018-04-17T11:55:17+00:00,,2018-04-17T11:55:17+00:00,0,,
DemocracyClub/WhoCanIVoteFor,264,Use Wikipedia page summary API for previews,closed,symroe,symroe,2018-04-19T22:07:14+00:00,2021-01-27T16:12:19+00:00,2021-01-27T16:12:19+00:00,0,,1013.75
DemocracyClub/WhoCanIVoteFor,265,Confusing wording for Mayoral Elections,closed,chris48s,symroe,2018-04-23T08:48:05+00:00,2018-04-23T12:13:55+00:00,2018-04-23T15:57:37+00:00,12,,0.14
DemocracyClub/WhoCanIVoteFor,266,Fingerprint assets,closed,chris48s,symroe,2018-04-25T08:15:22+00:00,2019-03-21T20:11:01+00:00,2019-03-21T20:11:05+00:00,0,,330.5
DemocracyClub/WhoCanIVoteFor,267,Set up Sentry/raven,closed,chris48s,symroe,2018-04-25T08:16:24+00:00,2019-03-28T21:48:40+00:00,2019-03-28T21:48:40+00:00,0,in progress,337.56
DemocracyClub/WhoCanIVoteFor,269,Make a pretty link preview for Facebook and Twitter,closed,JoeMitchell,symroe,2018-05-01T10:17:10+00:00,2018-05-01T20:08:47+00:00,2018-05-01T20:08:50+00:00,2,,0.41
DemocracyClub/WhoCanIVoteFor,271,Record API traffic in LoggedPostcode table,closed,chris48s,chris48s,2018-05-04T10:19:33+00:00,2019-03-22T09:01:08+00:00,2019-03-22T09:01:09+00:00,1,,321.95
DemocracyClub/WhoCanIVoteFor,903,Vote maps,open,jwheare,,2018-05-04T16:26:22+00:00,,2021-10-06T14:02:39+00:00,0,,
DemocracyClub/WhoCanIVoteFor,272,Better copy for parliamentary by-elections,closed,JoeMitchell,symroe,2018-06-13T14:24:25+00:00,2019-03-21T19:53:40+00:00,2019-03-21T19:53:45+00:00,0,,281.23
DemocracyClub/WhoCanIVoteFor,273,Improve error handling in import_elections,closed,chris48s,chris48s,2018-06-27T10:34:07+00:00,2018-11-05T17:26:58+00:00,2018-11-05T17:26:58+00:00,3,,131.29
DemocracyClub/WhoCanIVoteFor,274,ICS calendar validation errors on phone,open,JoeMitchell,,2018-07-16T16:17:36+00:00,,2023-11-22T19:53:08+00:00,2,help wanted,
DemocracyClub/WhoCanIVoteFor,289,Results not syncing from YNR,closed,chris48s,symroe,2018-09-14T16:21:00+00:00,2021-03-24T11:02:50+00:00,2021-03-24T11:02:50+00:00,0,,921.78
DemocracyClub/WhoCanIVoteFor,296,Party logo images dead,closed,chris48s,symroe,2018-10-11T08:26:52+00:00,2019-03-21T17:48:55+00:00,2019-03-21T17:49:04+00:00,1,,161.39
DemocracyClub/WhoCanIVoteFor,300,Ideas for improving import from YNR,open,symroe,,2018-10-23T08:28:37+00:00,,2019-11-13T19:48:38+00:00,4,,
DemocracyClub/WhoCanIVoteFor,302,Sort/group candidates in meaningful way for AMS elections with party list,closed,chris48s,symroe,2018-10-30T13:49:43+00:00,2019-04-28T19:55:10+00:00,2019-04-28T20:00:24+00:00,2,,180.25
DemocracyClub/WhoCanIVoteFor,303,Find a way to stop getting as much spam on the feedback form,closed,symroe,symroe,2018-10-31T13:48:18+00:00,2021-02-01T14:40:02+00:00,2021-02-01T14:40:02+00:00,2,,824.04
DemocracyClub/WhoCanIVoteFor,306,Serve up cancelled ballot info in API,open,chris48s,,2018-11-01T16:38:29+00:00,,2018-11-01T16:38:29+00:00,0,,
DemocracyClub/WhoCanIVoteFor,316,Show a nicer error for blank postcode query,closed,chris48s,michaeljcollinsuk,2018-12-13T15:49:45+00:00,2021-01-12T11:00:11+00:00,2021-01-12T11:00:11+00:00,0,,760.8
DemocracyClub/WhoCanIVoteFor,333,Strange display name for May 2019 mayoral elections,closed,chris48s,symroe,2019-01-31T08:35:51+00:00,2019-01-31T17:44:58+00:00,2019-01-31T17:44:58+00:00,0,,0.38
DemocracyClub/WhoCanIVoteFor,339,Logo on the party page doesn't resize proportionately,closed,magdamaciaszczyk,symroe,2019-03-06T10:32:44+00:00,2019-03-20T22:19:30+00:00,2019-03-20T22:19:34+00:00,0,,14.49
DemocracyClub/WhoCanIVoteFor,340,Add ballot lock status to candidates_for_postcode API,closed,symroe,symroe,2019-03-12T11:11:04+00:00,2019-03-20T22:19:20+00:00,2019-03-20T22:19:25+00:00,0,,8.46
DemocracyClub/WhoCanIVoteFor,341,Fix display name for Newport West by-election,closed,chris48s,symroe,2019-03-12T17:50:25+00:00,2019-03-21T19:53:40+00:00,2019-03-21T19:53:45+00:00,1,,9.09
DemocracyClub/WhoCanIVoteFor,343,Free election reminders combined,closed,magdamaciaszczyk,symroe,2019-03-19T11:39:50+00:00,2019-04-23T20:21:12+00:00,2019-04-23T20:21:12+00:00,1,,35.36
DemocracyClub/WhoCanIVoteFor,351,local.east-lothian.haddington-and-lammermuir.by.2019-05-09,closed,chris48s,symroe,2019-03-25T17:18:12+00:00,2019-03-26T09:17:01+00:00,2019-03-26T09:17:02+00:00,3,,0.67
DemocracyClub/WhoCanIVoteFor,353,Links and buttons colour,closed,magdamaciaszczyk,symroe,2019-03-28T14:25:13+00:00,2024-09-01T16:27:27+00:00,2024-09-01T16:27:27+00:00,1,,1984.08
DemocracyClub/WhoCanIVoteFor,357,Header changes,closed,magdamaciaszczyk,symroe,2019-03-29T09:26:40+00:00,2024-09-01T16:26:47+00:00,2024-09-01T16:26:47+00:00,1,,1983.29
DemocracyClub/WhoCanIVoteFor,361,"TypeError: t is null in ""Where to Vote"" panel",closed,chris48s,symroe,2019-04-04T14:04:10+00:00,2019-04-22T13:00:49+00:00,2019-04-22T13:00:49+00:00,0,,17.96
DemocracyClub/WhoCanIVoteFor,365,Consistendly hide info for uncontested elections,open,symroe,,2019-04-07T10:47:35+00:00,,2019-04-15T15:21:05+00:00,4,,
DemocracyClub/WhoCanIVoteFor,370,Local elections: 'You will have {{X}} votes' not correct,closed,BobHarper1,symroe,2019-04-11T13:37:22+00:00,2019-04-12T18:01:45+00:00,2019-04-12T18:01:50+00:00,4,,1.18
DemocracyClub/WhoCanIVoteFor,373,Breadcrumb brokenness,closed,russss,symroe,2019-04-15T13:39:32+00:00,2021-01-06T08:57:30+00:00,2021-01-06T08:57:30+00:00,3,,631.8
DemocracyClub/WhoCanIVoteFor,374,Serve images on WCIVF from a WCIVF subdomain,open,jf1,,2019-04-15T16:55:59+00:00,,2019-04-15T16:55:59+00:00,0,,
DemocracyClub/WhoCanIVoteFor,375,'How you vote' doesn't actually say how you vote,closed,JoeMitchell,symroe,2019-04-18T09:39:09+00:00,2019-04-28T18:00:47+00:00,2019-04-28T18:00:47+00:00,9,,10.35
DemocracyClub/WhoCanIVoteFor,377,Display candidates grouped by party on ballot page for party list elections,closed,chris48s,symroe,2019-04-19T17:54:01+00:00,2019-04-22T12:58:59+00:00,2019-04-22T12:58:59+00:00,0,,2.8
DemocracyClub/WhoCanIVoteFor,378,Strange behaviour for rescheduled ballot,closed,chris48s,symroe,2019-04-20T10:59:59+00:00,2019-04-23T17:52:33+00:00,2019-04-23T17:52:33+00:00,2,,3.29
DemocracyClub/WhoCanIVoteFor,384,Fix display of independent candidates for party list elections,closed,chris48s,symroe,2019-04-25T12:54:38+00:00,2019-05-09T12:12:18+00:00,2019-05-09T12:12:18+00:00,0,,13.97
DemocracyClub/WhoCanIVoteFor,387,Unicode characters sometimes display wrong,open,sjorford,,2019-04-27T13:03:12+00:00,,2020-12-01T12:30:53+00:00,1,,
DemocracyClub/WhoCanIVoteFor,394,europarl.uk-northern-ireland.2019-05-23 displays using Closed Paty List template,closed,chris48s,symroe,2019-05-05T17:53:27+00:00,2019-05-09T16:05:57+00:00,2019-05-09T16:05:57+00:00,0,,3.93
DemocracyClub/WhoCanIVoteFor,396,Make party boxes the same height,closed,JoeMitchell,VirginiaDooley,2019-05-09T09:41:13+00:00,2021-01-27T17:29:58+00:00,2021-01-27T17:29:58+00:00,1,,629.33
DemocracyClub/WhoCanIVoteFor,398,Hard to scroll on (some) mobile devices,closed,chris48s,symroe,2019-05-11T11:46:03+00:00,2019-05-14T14:48:28+00:00,2019-05-14T14:48:28+00:00,0,,3.13
DemocracyClub/WhoCanIVoteFor,403,The website exposes postcode information in URLs - is this avoidable?,closed,MatMoore,symroe,2019-05-18T12:27:40+00:00,2021-04-14T08:01:07+00:00,2021-04-14T08:01:07+00:00,0,,696.81
DemocracyClub/WhoCanIVoteFor,404,Make it clearer if a candidate is one of many standing for a party,closed,chris48s,pmk01,2019-05-18T22:02:27+00:00,2022-08-03T09:22:11+00:00,2022-08-03T09:22:11+00:00,1,,1172.47
DemocracyClub/WhoCanIVoteFor,407,'NoneType' object has no attribute 'slug',closed,chris48s,chris48s,2019-05-20T18:55:19+00:00,2019-05-22T20:37:07+00:00,2019-05-22T20:37:07+00:00,0,,2.07
DemocracyClub/WhoCanIVoteFor,429,unhelpful breadcrumb,closed,chris48s,symroe,2019-07-18T14:35:26+00:00,2019-11-28T18:41:04+00:00,2019-11-29T17:07:01+00:00,7,,133.17
DemocracyClub/WhoCanIVoteFor,433,Clean up orphan posts after import_posts,closed,symroe,VirginiaDooley,2019-07-22T09:41:54+00:00,2021-02-01T15:56:25+00:00,2021-02-01T15:56:25+00:00,1,,560.26
DemocracyClub/WhoCanIVoteFor,439,contested flag not set correctly on some uncontested elections,open,chris48s,,2019-08-07T11:08:14+00:00,,2021-04-21T14:23:21+00:00,1,,
DemocracyClub/WhoCanIVoteFor,440,Hide polling stations card in postcode view if all elections are cancelled,closed,chris48s,symroe,2019-08-07T11:08:46+00:00,2021-03-29T21:08:06+00:00,2021-03-29T21:08:06+00:00,0,,600.42
DemocracyClub/WhoCanIVoteFor,441,Change opening times on the polling stations card for City of London Alderman/Councilman elections,closed,chris48s,michaeljcollinsuk,2019-08-07T11:09:44+00:00,2021-02-08T15:15:39+00:00,2021-02-08T15:15:39+00:00,7,,551.17
DemocracyClub/WhoCanIVoteFor,456,Handle deleted elections,closed,chris48s,michaeljcollinsuk,2019-09-10T11:28:12+00:00,2021-01-26T17:21:18+00:00,2021-01-26T17:21:18+00:00,1,,504.25
DemocracyClub/WhoCanIVoteFor,499,Always set future elections as current,closed,sjorford,michaeljcollinsuk,2019-11-16T18:53:00+00:00,2021-01-15T15:44:30+00:00,2021-01-15T15:44:30+00:00,2,,425.87
DemocracyClub/WhoCanIVoteFor,506,TheyWorkForYou URLs in CSV are formatted incorrectly,closed,jacksonj04,jacksonj04,2019-11-28T14:01:54+00:00,2019-11-28T14:04:15+00:00,2019-11-28T14:04:15+00:00,1,,0.0
DemocracyClub/WhoCanIVoteFor,509,Detect postcode/election id in a more robust/elegant way,open,chris48s,,2019-11-29T17:09:09+00:00,,2019-11-29T17:09:09+00:00,0,,
DemocracyClub/WhoCanIVoteFor,521,Ensure list based elections are displayed properly on WCIVF,closed,symroe,symroe,2020-02-10T10:48:11+00:00,2021-04-21T07:22:06+00:00,2021-04-21T07:22:06+00:00,1,,435.86
DemocracyClub/WhoCanIVoteFor,529,Process N waits for ShareLock on transaction N; blocked by process,open,symroe,,2020-03-18T20:39:18+00:00,,2020-03-18T20:54:31+00:00,1,,
DemocracyClub/WhoCanIVoteFor,544,Tests for PostCodeViews,open,GeoWill,,2020-05-07T15:10:44+00:00,,2020-05-07T15:10:44+00:00,0,,
DemocracyClub/WhoCanIVoteFor,556,"Consider consuming ""registration"" council contact details ",closed,symroe,VirginiaDooley,2020-08-17T18:43:24+00:00,2021-03-29T21:06:28+00:00,2021-03-29T21:06:28+00:00,0,enhancement,224.1
DemocracyClub/WhoCanIVoteFor,564,Dependabot couldn't authenticate with https://pypi.python.org/simple/,closed,dependabot-preview[bot],dependabot-preview[bot],2020-09-25T05:25:47+00:00,2020-09-28T05:16:01+00:00,2020-09-28T05:16:01+00:00,0,,2.99
DemocracyClub/WhoCanIVoteFor,572,Use twitter:card=summary rather than summary_large_image,closed,symroe,symroe,2020-10-19T14:26:37+00:00,2021-01-27T15:55:06+00:00,2021-01-27T15:55:06+00:00,0,,100.06
DemocracyClub/WhoCanIVoteFor,585,Improve mobile ballot view,closed,symroe,symroe,2020-11-02T10:00:29+00:00,2021-05-04T10:57:56+00:00,2021-05-04T10:57:56+00:00,0,,183.04
DemocracyClub/WhoCanIVoteFor,596,The 0 candidates,closed,pmk01,VirginiaDooley,2020-11-17T10:25:21+00:00,2021-01-27T18:14:41+00:00,2021-01-27T18:14:41+00:00,1,,71.33
DemocracyClub/WhoCanIVoteFor,597,Remove email reminder card,closed,pmk01,VirginiaDooley,2020-11-18T10:02:53+00:00,2021-01-25T08:31:18+00:00,2021-01-25T08:31:18+00:00,4,,67.94
DemocracyClub/WhoCanIVoteFor,599,Candidates standing in more than one election on the same day,closed,pmk01,pmk01,2020-11-23T13:22:01+00:00,2021-09-01T09:36:18+00:00,2021-09-01T09:36:18+00:00,0,,281.84
DemocracyClub/WhoCanIVoteFor,608,Stop saying 'area',closed,pmk01,michaeljcollinsuk,2020-12-22T16:00:15+00:00,2021-02-08T10:15:47+00:00,2021-02-08T10:15:47+00:00,8,,47.76
DemocracyClub/WhoCanIVoteFor,614,Mayor of the West Yorkshire Combined Authority,closed,pmk01,pmk01,2021-01-05T11:36:56+00:00,2021-01-28T15:47:12+00:00,2021-01-28T15:47:12+00:00,5,,23.17
DemocracyClub/WhoCanIVoteFor,620,Update code to run without Redis locally,closed,michaeljcollinsuk,michaeljcollinsuk,2021-01-08T17:26:06+00:00,2021-02-11T17:28:39+00:00,2021-02-11T17:28:39+00:00,2,,34.0
DemocracyClub/WhoCanIVoteFor,621,Add Makefile with helper commands,open,michaeljcollinsuk,,2021-01-11T17:02:10+00:00,,2021-01-11T17:02:10+00:00,0,,
DemocracyClub/WhoCanIVoteFor,622,"Remove ""election reminders"" card",closed,symroe,VirginiaDooley,2021-01-12T09:51:17+00:00,2021-01-27T09:21:03+00:00,2021-01-27T09:21:49+00:00,1,,14.98
DemocracyClub/WhoCanIVoteFor,624,Blank fields on Post model,open,michaeljcollinsuk,,2021-01-18T16:56:14+00:00,,2021-01-26T16:39:27+00:00,0,,
DemocracyClub/WhoCanIVoteFor,625,Update candidates text for Mayor and PCC elections,open,michaeljcollinsuk,,2021-01-19T11:55:34+00:00,,2021-01-28T16:19:29+00:00,0,blocked,
DemocracyClub/WhoCanIVoteFor,626,Limit bio information for non-current candidates,closed,michaeljcollinsuk,VirginiaDooley,2021-01-19T12:00:50+00:00,2021-02-03T17:05:50+00:00,2021-02-03T17:05:50+00:00,2,,15.21
DemocracyClub/WhoCanIVoteFor,640,New person page designs,closed,symroe,pmk01,2021-01-27T19:07:02+00:00,2022-08-03T09:34:41+00:00,2022-08-03T09:34:41+00:00,1,,552.6
DemocracyClub/WhoCanIVoteFor,642,Fix tests that fail when running with FAIL_INVALID_TEMPLATE_VARS setting,open,michaeljcollinsuk,,2021-01-28T16:53:52+00:00,,2021-02-04T15:16:43+00:00,5,blocked,
DemocracyClub/WhoCanIVoteFor,651,Ensure #where fragment exists when we link to it,closed,symroe,VirginiaDooley,2021-02-04T11:59:25+00:00,2021-03-29T21:06:12+00:00,2021-03-29T21:06:12+00:00,1,,53.38
DemocracyClub/WhoCanIVoteFor,653,Links on postcode results page do nothing,closed,michaeljcollinsuk,michaeljcollinsuk,2021-02-08T15:21:16+00:00,2021-04-14T11:15:47+00:00,2021-04-14T11:15:47+00:00,3,,64.83
DemocracyClub/WhoCanIVoteFor,655,Handle duplicate people records,open,michaeljcollinsuk,,2021-02-09T09:12:26+00:00,,2021-02-09T09:12:26+00:00,0,,
DemocracyClub/WhoCanIVoteFor,656,Error in import_local_parties management command,closed,michaeljcollinsuk,pmk01,2021-02-09T09:23:48+00:00,2022-08-02T10:44:29+00:00,2022-08-02T10:44:29+00:00,1,,539.06
DemocracyClub/WhoCanIVoteFor,658,Should links to external sites open in a new tab?,open,pmk01,,2021-02-10T11:05:41+00:00,,2021-03-23T12:51:58+00:00,2,,
DemocracyClub/WhoCanIVoteFor,676,'show candidates' link doesn't expand candidates panel for party list elections in some browsers,closed,chris48s,VirginiaDooley,2021-02-24T18:10:18+00:00,2021-03-25T18:12:35+00:00,2021-03-25T18:12:35+00:00,1,,29.0
DemocracyClub/WhoCanIVoteFor,677,Candidate names become invisible at narrow enough window widths,closed,chris48s,VirginiaDooley,2021-02-24T18:16:28+00:00,2021-04-21T14:12:38+00:00,2021-04-21T14:12:38+00:00,1,,55.83
DemocracyClub/WhoCanIVoteFor,679,Clean up Twitter username extraction,open,michaeljcollinsuk,,2021-02-25T12:50:07+00:00,,2021-02-25T13:16:13+00:00,1,,
DemocracyClub/WhoCanIVoteFor,681,Ballot order,closed,pmk01,symroe,2021-03-01T15:14:00+00:00,2021-04-22T17:49:32+00:00,2021-04-22T17:49:32+00:00,0,,52.11
DemocracyClub/WhoCanIVoteFor,685,Improve text/messaging when an election is cancelled,open,michaeljcollinsuk,,2021-03-05T14:33:32+00:00,,2021-03-06T15:53:04+00:00,3,,
DemocracyClub/WhoCanIVoteFor,688,Don't show Latest Tweets when candidate does not have a twitter account,closed,VirginiaDooley,VirginiaDooley,2021-03-09T11:56:58+00:00,2021-03-23T13:43:02+00:00,2021-03-23T13:43:02+00:00,0,bug,14.07
DemocracyClub/WhoCanIVoteFor,690,Display referendum outcomes,open,michaeljcollinsuk,,2021-03-11T09:26:02+00:00,,2021-03-11T09:26:02+00:00,0,,
DemocracyClub/WhoCanIVoteFor,691,CVs,closed,pmk01,symroe,2021-03-16T21:42:12+00:00,2021-03-24T08:05:46+00:00,2021-03-24T08:05:46+00:00,0,,7.43
DemocracyClub/WhoCanIVoteFor,694,Import May 2021 local parties,closed,symroe,pmk01,2021-03-23T12:08:21+00:00,2022-08-02T10:39:07+00:00,2022-08-02T10:39:07+00:00,0,,496.94
DemocracyClub/WhoCanIVoteFor,695,Import parish council elections,closed,symroe,michaeljcollinsuk,2021-03-23T12:14:42+00:00,2021-03-30T08:08:53+00:00,2021-03-30T08:08:53+00:00,1,,6.83
DemocracyClub/WhoCanIVoteFor,697,Use design system breadcrumbs,open,symroe,,2021-03-23T15:05:47+00:00,,2021-03-23T15:05:47+00:00,0,,
DemocracyClub/WhoCanIVoteFor,716,Facebook handles,open,pmk01,,2021-03-29T19:22:59+00:00,,2021-03-29T19:22:59+00:00,0,,
DemocracyClub/WhoCanIVoteFor,718,AttributeError: 'builtin_function_or_method' object has no attribute 'write',closed,symroe,symroe,2021-03-30T08:27:00+00:00,2021-03-30T09:51:24+00:00,2021-03-30T09:51:25+00:00,2,,0.06
DemocracyClub/WhoCanIVoteFor,719,Enhance How you vote information for all elections,closed,VirginiaDooley,pmk01,2021-03-30T09:41:28+00:00,2022-06-06T08:39:21+00:00,2022-06-06T08:39:21+00:00,6,,432.96
DemocracyClub/WhoCanIVoteFor,722,Don't show when the SOPN will be published if the ballot is locked,closed,symroe,symroe,2021-03-31T12:56:56+00:00,2021-04-15T06:51:36+00:00,2021-04-15T06:51:36+00:00,0,,14.75
DemocracyClub/WhoCanIVoteFor,725,Raise importer errors in Sentry to reduce cron email spam,open,michaeljcollinsuk,,2021-04-06T10:20:33+00:00,,2021-04-06T10:21:15+00:00,0,,
DemocracyClub/WhoCanIVoteFor,726,Regional ballot text.,closed,pmk01,VirginiaDooley,2021-04-07T10:16:43+00:00,2021-04-14T11:12:24+00:00,2021-04-14T11:12:24+00:00,1,,7.04
DemocracyClub/WhoCanIVoteFor,729,Dead pdf link is displayed for on the manifesto card,closed,michaeljcollinsuk,symroe,2021-04-08T08:55:28+00:00,2021-04-12T11:19:41+00:00,2021-04-12T11:19:41+00:00,0,,4.1
DemocracyClub/WhoCanIVoteFor,884,Wording for contested parish elections ,closed,sjorford,pmk01,2021-04-10T10:28:59+00:00,2023-08-18T11:13:57+00:00,2023-08-18T11:13:57+00:00,0,,860.03
DemocracyClub/WhoCanIVoteFor,735,All for Unity emblem imports but does not render properly,closed,VirginiaDooley,VirginiaDooley,2021-04-12T12:17:29+00:00,2021-05-10T14:03:02+00:00,2021-05-10T14:03:02+00:00,2,,28.07
DemocracyClub/WhoCanIVoteFor,736,Make voting system required at db level ,open,VirginiaDooley,,2021-04-12T14:53:51+00:00,,2021-04-12T14:53:51+00:00,0,,
DemocracyClub/WhoCanIVoteFor,739,Registration to vote time.,open,pmk01,,2021-04-13T07:55:38+00:00,,2021-04-14T16:19:23+00:00,1,,
DemocracyClub/WhoCanIVoteFor,741,Resetting Results- 'Unset winners button',closed,KateSeary,VirginiaDooley,2021-04-14T11:59:02+00:00,2021-05-10T12:18:36+00:00,2021-05-10T12:18:37+00:00,1,,26.01
DemocracyClub/WhoCanIVoteFor,748,Number of votes,closed,pmk01,VirginiaDooley,2021-04-16T19:20:30+00:00,2021-04-19T14:41:30+00:00,2021-04-19T14:41:30+00:00,0,,2.81
DemocracyClub/WhoCanIVoteFor,749,ValueError: STV has no URL defined,closed,sentry[bot],VirginiaDooley,2021-04-19T07:57:21+00:00,2021-04-22T14:07:11+00:00,2021-04-22T14:07:11+00:00,0,,3.26
DemocracyClub/WhoCanIVoteFor,750,Parish card not always given anchor link in top card,closed,symroe,symroe,2021-04-19T08:01:03+00:00,2021-04-27T10:22:01+00:00,2021-04-27T10:22:01+00:00,2,,8.1
DemocracyClub/WhoCanIVoteFor,753,Reinstate feedback form,closed,VirginiaDooley,symroe,2021-04-19T15:18:02+00:00,2021-04-22T17:47:33+00:00,2021-04-22T17:47:33+00:00,0,,3.1
DemocracyClub/WhoCanIVoteFor,757,Catch timeout error from WCIVF to avoid page loading entirely,open,michaeljcollinsuk,,2021-04-20T14:44:08+00:00,,2021-04-21T16:39:40+00:00,4,,
DemocracyClub/WhoCanIVoteFor,759,Remove peoplecvs app,open,michaeljcollinsuk,,2021-04-21T15:29:26+00:00,,2021-04-21T15:29:26+00:00,0,,
DemocracyClub/WhoCanIVoteFor,760,Remove unused methods in Election Manager,open,VirginiaDooley,,2021-04-21T15:48:40+00:00,,2021-04-21T15:48:40+00:00,0,technical debt,
DemocracyClub/WhoCanIVoteFor,761,"""You can choose from N ballot options"" number is wrong?",closed,chris48s,VirginiaDooley,2021-04-21T16:30:30+00:00,2021-04-27T11:06:16+00:00,2021-04-27T11:06:16+00:00,5,,5.77
DemocracyClub/WhoCanIVoteFor,762,Implement ds-sidebar for Independent candidates on people lists ,open,VirginiaDooley,,2021-04-21T21:13:54+00:00,,2021-05-10T12:53:44+00:00,2,,
DemocracyClub/WhoCanIVoteFor,763,Parties or independent candidate[s],closed,VirginiaDooley,symroe,2021-04-22T08:45:43+00:00,2021-04-22T17:35:41+00:00,2021-04-22T17:35:41+00:00,0,,0.37
DemocracyClub/WhoCanIVoteFor,764,Audit unused ds-scope divs after the design system is implemented site wide,closed,VirginiaDooley,VirginiaDooley,2021-04-22T10:26:36+00:00,2021-08-10T13:44:49+00:00,2021-08-10T13:44:49+00:00,1,,110.14
DemocracyClub/WhoCanIVoteFor,766,Implement Design System ,closed,VirginiaDooley,symroe,2021-04-22T14:53:50+00:00,2021-07-08T14:28:13+00:00,2021-07-08T14:28:13+00:00,0,,76.98
DemocracyClub/WhoCanIVoteFor,767,AttributeError: 'int' object has no attribute 'get',open,sentry[bot],,2021-04-23T06:57:18+00:00,,2021-04-23T06:57:18+00:00,0,,
DemocracyClub/WhoCanIVoteFor,773,Improve UX for all Elections page,closed,VirginiaDooley,pmk01,2021-04-27T11:08:34+00:00,2024-08-21T09:12:46+00:00,2024-08-21T09:12:46+00:00,0,,1211.92
DemocracyClub/WhoCanIVoteFor,775,Candidate lists are not alphabetised beyond first letter of surname,closed,VirginiaDooley,symroe,2021-04-27T15:35:04+00:00,2021-04-28T09:24:43+00:00,2021-04-28T09:24:43+00:00,0,,0.74
DemocracyClub/WhoCanIVoteFor,777,People grid is listed horizontally rather than vertically,open,VirginiaDooley,,2021-04-27T16:25:56+00:00,,2021-04-28T12:44:44+00:00,0,,
DemocracyClub/WhoCanIVoteFor,779,Full size card width at top for Elected candidates,closed,VirginiaDooley,VirginiaDooley,2021-04-28T11:21:44+00:00,2021-05-10T12:19:09+00:00,2021-05-10T12:19:09+00:00,1,,12.04
DemocracyClub/WhoCanIVoteFor,780,Link to post in person intro,closed,VirginiaDooley,VirginiaDooley,2021-04-28T11:22:30+00:00,2021-04-28T13:28:17+00:00,2021-04-28T13:28:17+00:00,0,,0.09
DemocracyClub/WhoCanIVoteFor,781,Broken link on Party page,closed,VirginiaDooley,pmk01,2021-04-28T12:37:41+00:00,2023-08-18T11:11:39+00:00,2023-08-18T11:11:39+00:00,1,,841.94
DemocracyClub/WhoCanIVoteFor,783,Latest update has removed the nice mobile view,closed,pmk01,VirginiaDooley,2021-04-28T20:00:37+00:00,2021-05-10T13:52:18+00:00,2021-05-10T13:52:18+00:00,1,,11.74
DemocracyClub/WhoCanIVoteFor,785,Implement description list for party card on person page,closed,VirginiaDooley,VirginiaDooley,2021-04-29T09:04:48+00:00,2021-05-10T08:47:41+00:00,2021-05-10T08:47:41+00:00,1,,10.99
DemocracyClub/WhoCanIVoteFor,786,People by party lists are not alphabetised,closed,VirginiaDooley,VirginiaDooley,2021-04-29T11:10:11+00:00,2021-05-10T13:54:32+00:00,2021-05-10T13:54:33+00:00,2,,11.11
DemocracyClub/WhoCanIVoteFor,787,By-election not labelled correctly if attached to main election object,open,michaeljcollinsuk,,2021-04-30T09:51:27+00:00,,2021-04-30T09:51:27+00:00,0,,
DemocracyClub/WhoCanIVoteFor,789,Put the biscuits back,closed,pmk01,VirginiaDooley,2021-05-03T08:02:29+00:00,2021-05-10T08:44:54+00:00,2021-05-10T08:45:57+00:00,1,,7.03
DemocracyClub/WhoCanIVoteFor,794,Small error in the Additional Member System page (ams.html),closed,arcturis,symroe,2021-05-05T17:04:41+00:00,2021-05-06T14:56:27+00:00,2021-05-06T14:56:27+00:00,0,,0.91
DemocracyClub/WhoCanIVoteFor,797,Post election home page card ,closed,VirginiaDooley,symroe,2021-05-06T09:59:43+00:00,2021-05-06T20:52:34+00:00,2021-05-06T20:52:34+00:00,1,,0.45
DemocracyClub/WhoCanIVoteFor,801,Election voting times are off by an hour,closed,pshem,VirginiaDooley,2021-05-06T13:52:25+00:00,2024-06-25T09:12:43+00:00,2024-06-25T09:12:43+00:00,1,help wanted,1145.81
DemocracyClub/WhoCanIVoteFor,806,Marked as elected doesn't show on WCIVF,closed,pmk01,symroe,2021-05-09T09:50:58+00:00,2021-05-10T11:25:32+00:00,2021-05-10T11:25:32+00:00,0,,1.07
DemocracyClub/WhoCanIVoteFor,808,People by Party lists in mobile view,closed,VirginiaDooley,VirginiaDooley,2021-05-10T11:31:59+00:00,2021-05-11T15:59:00+00:00,2021-05-11T15:59:00+00:00,0,,1.19
DemocracyClub/WhoCanIVoteFor,809,Remove Status bar for awaiting elections,closed,VirginiaDooley,VirginiaDooley,2021-05-10T14:56:48+00:00,2021-05-11T15:59:11+00:00,2021-05-11T15:59:11+00:00,0,,1.04
DemocracyClub/WhoCanIVoteFor,813,Clean up scss file,closed,VirginiaDooley,VirginiaDooley,2021-05-11T09:30:33+00:00,2021-08-10T13:39:25+00:00,2021-08-10T13:39:25+00:00,1,,91.17
DemocracyClub/WhoCanIVoteFor,814,profile text if candidate has multiple candidates on different days ,open,pmk01,,2021-05-13T10:51:07+00:00,,2021-05-13T10:51:07+00:00,0,,
DemocracyClub/WhoCanIVoteFor,815,Merged candidate links are 404,closed,sjorford,symroe,2021-05-17T18:34:29+00:00,2024-05-30T17:34:29+00:00,2024-05-30T17:34:29+00:00,2,,1108.96
DemocracyClub/WhoCanIVoteFor,818,Implement --recent flag on import_votes_cast command,open,symroe,,2021-05-27T11:11:27+00:00,,2021-09-14T15:52:25+00:00,8,,
DemocracyClub/WhoCanIVoteFor,843,Breadcrumb changes,open,symroe,,2021-07-08T14:38:14+00:00,,2021-08-10T13:57:37+00:00,0,,
DemocracyClub/WhoCanIVoteFor,850,Review Emojis in ballot headers,closed,pmk01,VirginiaDooley,2021-07-28T11:05:30+00:00,2021-10-18T08:53:36+00:00,2021-10-18T08:53:36+00:00,6,size: small;priority: high,81.91
DemocracyClub/WhoCanIVoteFor,853,Results to ds,closed,VirginiaDooley,VirginiaDooley,2021-08-10T15:17:59+00:00,2023-07-17T13:13:28+00:00,2023-07-17T13:13:28+00:00,0,,705.91
DemocracyClub/WhoCanIVoteFor,854,Consider refactoring and removing jquery,open,VirginiaDooley,,2021-08-11T17:35:44+00:00,,2021-08-11T17:35:44+00:00,0,,
DemocracyClub/WhoCanIVoteFor,855,"When blue/green deployment fails in CodeDeploy, need to handle cleanup of the created instances",open,michaeljcollinsuk,,2021-08-12T15:56:26+00:00,,2021-08-12T15:56:37+00:00,0,,
DemocracyClub/WhoCanIVoteFor,860,Modify write_envfile.py script so it can be used when building lambda functions,open,michaeljcollinsuk,,2021-08-24T18:04:11+00:00,,2021-08-24T18:04:11+00:00,0,enhancement,
DemocracyClub/WhoCanIVoteFor,861,Automatic clean up of inactive db replication slots ,open,michaeljcollinsuk,,2021-08-25T15:28:39+00:00,,2021-08-25T15:28:39+00:00,0,enhancement,
DemocracyClub/WhoCanIVoteFor,862,By-elections on front page: issue with more than one ward in a single council,open,pmk01,,2021-08-26T09:09:12+00:00,,2022-03-14T09:38:19+00:00,7,,
DemocracyClub/WhoCanIVoteFor,904,Better Format for Candidate Statements,closed,VirginiaDooley,VirginiaDooley,2021-10-06T15:32:22+00:00,2021-11-03T11:14:49+00:00,2021-11-03T11:14:49+00:00,1,size: medium;priority: medium,27.82
DemocracyClub/WhoCanIVoteFor,910,Remove reliance on google sheets,open,VirginiaDooley,,2021-10-12T12:00:54+00:00,,2022-01-13T13:07:42+00:00,1,,
DemocracyClub/WhoCanIVoteFor,931,Add text when a ballot is uncontested,closed,michaeljcollinsuk,VirginiaDooley,2021-10-29T09:09:12+00:00,2022-01-24T09:17:42+00:00,2022-01-24T09:17:42+00:00,5,size: medium;priority: medium,87.01
DemocracyClub/WhoCanIVoteFor,935,Display turnout & spoilt ballot info,closed,pmk01,VirginiaDooley,2021-11-01T16:06:40+00:00,2023-09-26T08:45:17+00:00,2023-09-26T08:45:17+00:00,4,,693.69
DemocracyClub/WhoCanIVoteFor,936,Display 'profile last updated' info?,closed,pmk01,VirginiaDooley,2021-11-01T16:19:02+00:00,2024-03-21T08:46:08+00:00,2024-03-21T08:46:08+00:00,4,,870.69
DemocracyClub/WhoCanIVoteFor,942,Provide info on where a candidate ranked in previous elections,closed,pmk01,VirginiaDooley,2021-11-03T10:10:32+00:00,2023-07-10T18:26:12+00:00,2023-07-10T18:26:12+00:00,3,,614.34
DemocracyClub/WhoCanIVoteFor,943,Indie candidates for some roles still have awkward text,closed,pmk01,awdem,2021-11-03T10:13:41+00:00,2025-04-17T12:47:40+00:00,2025-04-17T12:47:40+00:00,0,,1261.11
DemocracyClub/WhoCanIVoteFor,956,Indicate when a candidate won via cointoss/drawed lots,open,michaeljcollinsuk,,2021-11-12T17:30:07+00:00,,2021-11-12T17:30:15+00:00,0,,
DemocracyClub/WhoCanIVoteFor,976,Occasional updown alerts/gunicorn workers dying,open,michaeljcollinsuk,,2021-11-29T16:08:26+00:00,,2021-11-29T16:08:33+00:00,0,,
DemocracyClub/WhoCanIVoteFor,1014,Problem with text where postcode has multiple polling days,closed,pmk01,pmk01,2022-01-12T14:19:11+00:00,2024-03-21T15:25:34+00:00,2024-03-21T15:25:34+00:00,0,priority: high,799.05
DemocracyClub/WhoCanIVoteFor,1026,Import blog links to person details,closed,VirginiaDooley,VirginiaDooley,2022-01-26T09:53:52+00:00,2022-01-27T09:25:36+00:00,2022-01-27T09:25:36+00:00,0,,0.98
DemocracyClub/WhoCanIVoteFor,1037,Candidate email and related issues,closed,pmk01,VirginiaDooley,2022-02-07T10:30:34+00:00,2023-07-19T18:15:32+00:00,2023-07-19T18:15:32+00:00,2,,527.32
DemocracyClub/WhoCanIVoteFor,1038,Past referendums on WCIVF,closed,pmk01,michaeljcollinsuk,2022-02-07T10:48:44+00:00,2022-02-07T12:17:48+00:00,2022-02-07T12:17:48+00:00,1,,0.06
DemocracyClub/WhoCanIVoteFor,1047,Display seats contested value prior to locking,open,pmk01,,2022-02-10T11:14:03+00:00,,2024-05-07T15:30:24+00:00,1,priority: high,
DemocracyClub/WhoCanIVoteFor,1071,Some election results not displaying,closed,pmk01,pmk01,2022-02-24T12:39:52+00:00,2023-08-18T11:05:32+00:00,2023-08-18T11:05:32+00:00,0,,539.93
DemocracyClub/WhoCanIVoteFor,1077,Import and present previous party affiliation from YNR,closed,symroe,VirginiaDooley,2022-03-01T09:14:11+00:00,2022-04-27T08:45:58+00:00,2022-04-27T08:45:58+00:00,1,🏴󠁧󠁢󠁷󠁬󠁳󠁿 Wales 🏴󠁧󠁢󠁷󠁬󠁳󠁿;previous-party-affiliation,56.98
DemocracyClub/WhoCanIVoteFor,1127,Candidate photo not fetched from YNR,closed,VirginiaDooley,VirginiaDooley,2022-04-03T19:12:42+00:00,2022-04-05T06:35:07+00:00,2022-04-05T06:35:20+00:00,2,,1.47
DemocracyClub/WhoCanIVoteFor,1128,Party emblems not displaying correctly in some cases,closed,VirginiaDooley,VirginiaDooley,2022-04-04T10:56:46+00:00,2022-04-04T15:45:46+00:00,2022-04-04T15:45:46+00:00,0,,0.2
DemocracyClub/WhoCanIVoteFor,1136,Fix SoPN publishing date,closed,pmk01,chris48s,2022-04-05T18:40:33+00:00,2025-02-12T15:04:09+00:00,2025-02-12T15:04:09+00:00,1,,1043.85
DemocracyClub/WhoCanIVoteFor,1143,Clarify text for Scottish uncontested,open,pmk01,,2022-04-07T15:49:54+00:00,,2022-04-08T12:46:40+00:00,1,,
DemocracyClub/WhoCanIVoteFor,1144,previous elections text change,closed,pmk01,michaeljcollinsuk,2022-04-07T17:48:10+00:00,2022-04-22T08:58:09+00:00,2022-04-22T08:58:09+00:00,0,,14.63
DemocracyClub/WhoCanIVoteFor,1147,Pre-SoPN ballot text,closed,pmk01,VirginiaDooley,2022-04-07T19:42:50+00:00,2023-09-25T12:47:43+00:00,2023-09-25T12:47:43+00:00,2,,535.71
DemocracyClub/WhoCanIVoteFor,1149,Inverclyde postal vote application deadline wrong ,closed,EleeshaTB,symroe,2022-04-08T10:47:33+00:00,2022-04-11T17:20:22+00:00,2022-04-11T17:20:22+00:00,0,,3.27
DemocracyClub/WhoCanIVoteFor,1151,"Renfrewshire, East Renfrewshire and Inverclyde text needs editing",closed,EleeshaTB,symroe,2022-04-08T13:55:30+00:00,2022-04-11T17:20:14+00:00,2022-04-11T17:20:14+00:00,0,,3.14
DemocracyClub/WhoCanIVoteFor,1166,Implement dc_logging,closed,symroe,symroe,2022-04-13T17:29:48+00:00,2024-09-05T08:17:31+00:00,2024-09-05T08:17:31+00:00,0,,875.62
DemocracyClub/WhoCanIVoteFor,1176,display seats contested on STV ballots,closed,pmk01,pmk01,2022-04-18T07:39:25+00:00,2022-08-02T10:29:16+00:00,2022-08-02T10:29:16+00:00,0,,106.12
DemocracyClub/WhoCanIVoteFor,1200,Party pages are very long and lacking in detail,closed,sjorford,pmk01,2022-04-26T15:26:36+00:00,2023-07-06T10:19:40+00:00,2023-07-06T10:19:41+00:00,4,,435.79
DemocracyClub/WhoCanIVoteFor,1206,Tell people how many seats are in their ward,closed,EleeshaTB,pmk01,2022-04-28T16:35:47+00:00,2022-05-11T08:23:09+00:00,2022-05-11T08:23:09+00:00,0,,12.66
DemocracyClub/WhoCanIVoteFor,1212,Missing ward name in uncontested elections text,closed,sjorford,VirginiaDooley,2022-05-03T16:29:54+00:00,2022-05-04T12:01:36+00:00,2022-05-04T12:01:36+00:00,0,,0.81
DemocracyClub/WhoCanIVoteFor,1217,"Typo ""is being help today"" should be ""is being held today""",closed,jasoncartwright,VirginiaDooley,2022-05-05T06:07:19+00:00,2022-05-05T06:19:19+00:00,2022-05-05T06:19:19+00:00,0,,0.01
DemocracyClub/WhoCanIVoteFor,1223,ImproperlyConfigured: Could not find the GDAL library when setting up local environment,open,Samwalton9,,2022-05-06T14:54:04+00:00,,2022-05-06T21:07:50+00:00,4,,
DemocracyClub/WhoCanIVoteFor,1232,Don't display 'deceased' on WCIVF,closed,pmk01,pmk01,2022-05-11T08:24:09+00:00,2023-05-10T08:44:52+00:00,2023-05-10T08:44:52+00:00,0,,364.01
DemocracyClub/WhoCanIVoteFor,1234,Add 'use on your website' link to footer?,open,pmk01,,2022-05-16T14:13:14+00:00,,2022-05-16T14:13:14+00:00,0,,
DemocracyClub/WhoCanIVoteFor,1240,Welsh uncontested text not fully translated,closed,pmk01,VirginiaDooley,2022-05-23T11:02:15+00:00,2022-07-07T11:23:15+00:00,2022-07-07T11:23:15+00:00,2,🏴󠁧󠁢󠁷󠁬󠁳󠁿 Wales 🏴󠁧󠁢󠁷󠁬󠁳󠁿,45.01
DemocracyClub/WhoCanIVoteFor,1245,List election image scaling problem,closed,pmk01,pmk01,2022-05-25T09:53:18+00:00,2025-09-09T13:52:58+00:00,2025-09-09T13:52:58+00:00,0,,1203.17
DemocracyClub/WhoCanIVoteFor,1246,Add 'report a problem with this page' button,closed,pmk01,VirginiaDooley,2022-05-25T09:58:03+00:00,2024-04-29T16:39:16+00:00,2024-04-29T16:39:16+00:00,3,,705.28
DemocracyClub/WhoCanIVoteFor,1255,All candidates marked elected without results listed as 'elected unopposed' ,closed,pmk01,VirginiaDooley,2022-06-13T12:39:29+00:00,2022-10-19T15:39:44+00:00,2022-10-19T15:39:44+00:00,0,,128.13
DemocracyClub/WhoCanIVoteFor,1257,Issues with candidate death text,closed,pmk01,VirginiaDooley,2022-06-14T15:58:36+00:00,2022-10-26T09:53:07+00:00,2022-10-26T09:53:08+00:00,1,,133.75
DemocracyClub/WhoCanIVoteFor,1261,Translation file errors are not caught until deployment,closed,VirginiaDooley,VirginiaDooley,2022-06-27T13:41:58+00:00,2022-08-31T10:54:31+00:00,2022-08-31T10:54:31+00:00,2,,64.88
DemocracyClub/WhoCanIVoteFor,1274,Some STV text is only in Welsh,closed,pmk01,VirginiaDooley,2022-07-20T21:23:49+00:00,2022-07-27T11:00:18+00:00,2022-07-27T11:00:18+00:00,0,,6.57
DemocracyClub/WhoCanIVoteFor,1279,'All elections' list oddities,open,pmk01,,2022-08-02T10:19:29+00:00,,2024-10-22T10:05:45+00:00,4,,
DemocracyClub/WhoCanIVoteFor,1280,'will be held': past/present tense on top-level ID,closed,pmk01,Bekabyx,2022-08-02T10:25:19+00:00,2023-05-15T10:50:30+00:00,2023-05-15T10:50:30+00:00,0,,286.02
DemocracyClub/WhoCanIVoteFor,1288,Give some details about election security,open,pmk01,,2022-08-24T13:47:33+00:00,,2022-08-24T13:47:33+00:00,0,,
DemocracyClub/WhoCanIVoteFor,1289,Explain why people have more than one vote (FPTP),open,pmk01,,2022-08-24T13:51:44+00:00,,2025-01-09T14:15:46+00:00,1,,
DemocracyClub/WhoCanIVoteFor,1297,Clarify parish/ community council text,open,pmk01,,2022-09-15T16:02:04+00:00,,2025-04-15T09:35:33+00:00,3,,
DemocracyClub/WhoCanIVoteFor,1306,Some councils have full name in election ID,open,pmk01,,2022-10-13T10:48:33+00:00,,2023-08-11T08:43:31+00:00,3,,
DemocracyClub/WhoCanIVoteFor,1332,Candidate profile text for future elections,closed,pmk01,symroe,2022-11-02T10:22:12+00:00,2022-11-28T15:08:26+00:00,2022-11-28T15:08:26+00:00,0,,26.2
DemocracyClub/WhoCanIVoteFor,1360,Rank candidates by results on ballot page.,closed,pmk01,pmk01,2022-11-21T11:24:07+00:00,2023-08-18T08:16:37+00:00,2023-08-18T08:16:37+00:00,0,,269.87
DemocracyClub/WhoCanIVoteFor,1404,Ability to hide/delete spam feedbacks in admin view,open,pmk01,,2022-12-13T10:26:56+00:00,,2023-08-31T14:21:06+00:00,0,,
DemocracyClub/WhoCanIVoteFor,1406,Fix the dummy postcode view,closed,symroe,VirginiaDooley,2022-12-13T15:24:35+00:00,2023-01-10T16:57:49+00:00,2023-01-10T16:57:49+00:00,0,,28.06
DemocracyClub/WhoCanIVoteFor,1454,Electoral Commission link in 'How to Vote' is out of date,open,pmk01,,2023-01-11T11:38:55+00:00,,2024-05-23T09:06:32+00:00,0,,
DemocracyClub/WhoCanIVoteFor,1455,More info for users about councils,open,pmk01,,2023-01-11T11:48:38+00:00,,2023-01-11T11:48:38+00:00,0,,
DemocracyClub/WhoCanIVoteFor,1472,All scheduled elections are titled by-election,closed,pmk01,pmk01,2023-01-20T10:09:51+00:00,2023-01-20T17:28:51+00:00,2023-01-20T17:28:51+00:00,2,,0.3
DemocracyClub/WhoCanIVoteFor,1473,WCIVF incorrectly counting ballots,closed,pmk01,pmk01,2023-01-20T15:04:31+00:00,2023-01-23T15:36:23+00:00,2023-01-23T15:36:23+00:00,1,,3.02
DemocracyClub/WhoCanIVoteFor,1478,Use division name in postcode result summary,open,pmk01,,2023-01-23T15:39:28+00:00,,2023-01-23T15:42:59+00:00,0,,
DemocracyClub/WhoCanIVoteFor,1505,Non-postcode-format text breaks the search field a bit,closed,pmk01,VirginiaDooley,2023-02-13T11:09:10+00:00,2023-02-16T12:46:27+00:00,2023-02-16T12:46:27+00:00,0,,3.07
DemocracyClub/WhoCanIVoteFor,1536,EU elections not displaying lists,open,pmk01,,2023-03-24T16:30:24+00:00,,2024-05-02T19:04:28+00:00,1,,
DemocracyClub/WhoCanIVoteFor,1537,Review card styling on postcode results page,closed,VirginiaDooley,VirginiaDooley,2023-03-24T17:09:57+00:00,2024-05-02T18:56:10+00:00,2024-05-02T18:56:10+00:00,2,,405.07
DemocracyClub/WhoCanIVoteFor,1540,Re-implement staging code deploy ,closed,Bekabyx,Bekabyx,2023-03-28T09:00:28+00:00,2023-04-03T09:22:06+00:00,2023-04-03T09:22:06+00:00,0,,6.02
DemocracyClub/WhoCanIVoteFor,1550,Revisit CircleCI config based on review,open,Bekabyx,,2023-04-03T09:16:58+00:00,,2023-04-03T09:16:58+00:00,0,,
DemocracyClub/WhoCanIVoteFor,1561,Link to previous elections on ballot page,open,pmk01,,2023-04-17T15:00:38+00:00,,2024-05-23T09:06:29+00:00,0,,
DemocracyClub/WhoCanIVoteFor,1578,Remove references to DC facebook,closed,pmk01,VirginiaDooley,2023-05-03T11:36:58+00:00,2023-05-04T10:49:51+00:00,2023-05-04T10:49:51+00:00,0,,0.97
DemocracyClub/WhoCanIVoteFor,1581,SoPN is hidden a day early,closed,pmk01,Bekabyx,2023-05-04T05:51:49+00:00,2023-05-15T10:57:19+00:00,2023-05-15T10:57:19+00:00,2,,11.21
DemocracyClub/WhoCanIVoteFor,1599,Remove Crowdsourcing CTA on organisation view post-sopn day,closed,pmk01,VirginiaDooley,2023-05-17T12:59:07+00:00,2023-07-10T09:22:07+00:00,2023-07-10T09:22:07+00:00,0,,53.85
DemocracyClub/WhoCanIVoteFor,1602,"""Not elected"" pre-results on STV",closed,pmk01,pmk01,2023-05-19T09:32:21+00:00,2023-10-06T13:48:04+00:00,2023-10-06T13:48:04+00:00,1,,140.18
DemocracyClub/WhoCanIVoteFor,1621,Local by-election in Democracy Club DB doesn't show up on WCIV,closed,simrun,VirginiaDooley,2023-06-10T10:36:10+00:00,2023-06-22T11:03:41+00:00,2023-06-22T20:37:29+00:00,3,,12.02
DemocracyClub/WhoCanIVoteFor,1625,wikipedia isn't updating,closed,pmk01,VirginiaDooley,2023-06-19T10:10:40+00:00,2023-09-06T11:06:34+00:00,2023-09-06T11:06:34+00:00,1,,79.04
DemocracyClub/WhoCanIVoteFor,1627,'how you vote' plural,closed,pmk01,pmk01,2023-06-21T14:10:59+00:00,2023-08-18T10:59:22+00:00,2023-08-18T10:59:22+00:00,0,,57.87
DemocracyClub/WhoCanIVoteFor,1634,Revise the 'tell us more' box,open,pmk01,,2023-06-30T17:53:41+00:00,,2023-08-18T11:01:48+00:00,1,,
DemocracyClub/WhoCanIVoteFor,1637,Add AWS IAM details to the deploy automation,open,VirginiaDooley,,2023-07-05T07:02:36+00:00,,2023-07-05T07:02:36+00:00,0,,
DemocracyClub/WhoCanIVoteFor,1638,Superfluous 'the' on joint party pages,closed,pmk01,Bekabyx,2023-07-05T11:28:49+00:00,2023-07-20T11:08:46+00:00,2023-07-20T11:08:46+00:00,4,,14.99
DemocracyClub/WhoCanIVoteFor,1663,Single column list on all ballots?,closed,pmk01,pmk01,2023-07-21T09:40:43+00:00,2023-12-12T10:57:20+00:00,2023-12-12T10:57:20+00:00,1,,144.05
DemocracyClub/WhoCanIVoteFor,1672,"File named ""-""",closed,semiprime,symroe,2023-08-03T21:19:38+00:00,2023-08-04T15:24:30+00:00,2023-08-04T15:24:30+00:00,1,,0.75
DemocracyClub/WhoCanIVoteFor,1679,Add links to candidate past election tables,closed,pmk01,VirginiaDooley,2023-08-18T11:53:09+00:00,2023-08-21T12:01:29+00:00,2023-08-21T12:01:29+00:00,0,,3.01
DemocracyClub/WhoCanIVoteFor,1689,Fix deployment fail alerts (key issue),open,VirginiaDooley,,2023-09-05T09:45:20+00:00,,2023-09-05T09:45:21+00:00,0,bug,
DemocracyClub/WhoCanIVoteFor,1694,'No election' text unexpectedly displaying on multi-ballot view,closed,pmk01,Bekabyx,2023-09-14T13:50:13+00:00,2023-09-19T09:20:00+00:00,2023-09-19T09:20:00+00:00,0,,4.81
DemocracyClub/WhoCanIVoteFor,1708,Winners in non-FPTP election don't float to the top,closed,pmk01,VirginiaDooley,2023-10-04T09:09:41+00:00,2024-03-25T09:49:59+00:00,2024-03-25T09:49:59+00:00,0,,173.03
DemocracyClub/WhoCanIVoteFor,1719,General results info is duplicated between all `PostElection` pages that share a parent election.,closed,GeoWill,VirginiaDooley,2023-10-25T10:00:03+00:00,2023-11-02T11:28:13+00:00,2023-11-02T11:28:13+00:00,2,,8.06
DemocracyClub/WhoCanIVoteFor,1740,Audit Welsh translations,open,VirginiaDooley,,2023-11-22T19:20:01+00:00,,2024-05-02T15:49:08+00:00,3,🏴󠁧󠁢󠁷󠁬󠁳󠁿 Wales 🏴󠁧󠁢󠁷󠁬󠁳󠁿,
DemocracyClub/WhoCanIVoteFor,1748,Explainers not showing on WCIVF,closed,pmk01,pmk01,2023-12-12T14:56:58+00:00,2024-01-30T09:17:51+00:00,2024-01-30T09:17:51+00:00,0,,48.76
DemocracyClub/WhoCanIVoteFor,1768,Explainers aren't updating,closed,pmk01,VirginiaDooley,2024-02-04T11:37:06+00:00,2024-05-02T18:55:10+00:00,2024-05-02T18:55:10+00:00,5,,88.3
DemocracyClub/WhoCanIVoteFor,1770,Add deselected tag to person page,closed,pmk01,VirginiaDooley,2024-02-12T21:07:17+00:00,2024-02-20T11:07:20+00:00,2024-02-20T11:07:20+00:00,0,,7.58
DemocracyClub/WhoCanIVoteFor,1775,Feedbacks have broken a bit,closed,pmk01,VirginiaDooley,2024-02-19T17:13:02+00:00,2024-05-02T14:56:38+00:00,2024-05-02T14:56:38+00:00,4,,72.91
DemocracyClub/WhoCanIVoteFor,1778,Small bug with the PPC pages,closed,pmk01,VirginiaDooley,2024-02-20T18:27:05+00:00,2024-04-24T15:55:22+00:00,2024-04-24T15:55:22+00:00,0,,63.89
DemocracyClub/WhoCanIVoteFor,1781,This statement was last updated on,closed,pmk01,VirginiaDooley,2024-02-27T12:09:06+00:00,2024-03-27T17:52:54+00:00,2024-03-27T17:52:55+00:00,1,,29.24
DemocracyClub/WhoCanIVoteFor,1787,Independent candidate cards on list elections are too big,closed,pmk01,VirginiaDooley,2024-03-08T11:03:54+00:00,2024-03-21T09:43:24+00:00,2024-03-21T09:43:24+00:00,0,,12.94
DemocracyClub/WhoCanIVoteFor,1791,'we don't have an email' message,closed,pmk01,VirginiaDooley,2024-03-18T09:42:23+00:00,2024-04-01T10:38:59+00:00,2024-04-01T10:38:59+00:00,0,,14.04
DemocracyClub/WhoCanIVoteFor,1797,Cancelled election showing up as still happening in header,open,pmk01,,2024-03-21T15:34:44+00:00,,2024-03-28T10:01:16+00:00,2,,
DemocracyClub/WhoCanIVoteFor,1798,Duplicated Wikipedia on person pages,closed,pmk01,VirginiaDooley,2024-03-21T22:11:20+00:00,2024-03-27T13:04:55+00:00,2024-03-27T13:04:55+00:00,0,,5.62
DemocracyClub/WhoCanIVoteFor,1799,Last updated date on voter statements not being set,closed,VirginiaDooley,VirginiaDooley,2024-03-26T13:07:19+00:00,2024-03-27T17:47:40+00:00,2024-03-27T17:47:40+00:00,0,,1.19
DemocracyClub/WhoCanIVoteFor,1809,Wrong aspect ratio on photos & extreme word wrap,open,edent,,2024-03-29T07:25:37+00:00,,2024-04-04T19:16:00+00:00,2,,
DemocracyClub/WhoCanIVoteFor,1810,No link to party page when candidate is standing for more than one election.,closed,pmk01,VirginiaDooley,2024-03-31T15:59:36+00:00,2024-04-04T15:20:10+00:00,2024-04-04T15:20:10+00:00,0,,3.97
DemocracyClub/WhoCanIVoteFor,1814,Clarify pre-SoPN text,closed,pmk01,VirginiaDooley,2024-04-02T09:41:06+00:00,2024-04-04T15:20:10+00:00,2024-04-04T15:20:10+00:00,0,,2.24
DemocracyClub/WhoCanIVoteFor,1819,Contextualise candidate election list,closed,pmk01,VirginiaDooley,2024-04-10T08:32:06+00:00,2024-06-26T11:49:11+00:00,2024-06-26T11:49:11+00:00,3,,77.14
DemocracyClub/WhoCanIVoteFor,1837,Clarify candidate deselection text,open,pmk01,,2024-04-26T11:40:54+00:00,,2024-05-23T09:06:07+00:00,1,,
DemocracyClub/WhoCanIVoteFor,1857,FIx mobile view for feedback form,closed,VirginiaDooley,VirginiaDooley,2024-05-03T20:13:51+00:00,2024-06-26T11:48:11+00:00,2024-06-26T11:48:12+00:00,1,,53.65
DemocracyClub/WhoCanIVoteFor,1858,Hide voter id and where to vote sections after the election has passed,closed,VirginiaDooley,VirginiaDooley,2024-05-03T20:16:24+00:00,2024-06-26T11:47:34+00:00,2024-06-26T11:47:34+00:00,0,,53.65
DemocracyClub/WhoCanIVoteFor,1889,Schema metadata appears incomplete,closed,jasoncartwright,VirginiaDooley,2024-05-23T08:18:57+00:00,2024-06-26T12:38:27+00:00,2024-06-26T12:38:28+00:00,0,,34.18
DemocracyClub/WhoCanIVoteFor,1953,Undo City of London edge case,open,VirginiaDooley,,2024-06-19T09:18:58+00:00,,2024-06-19T09:18:59+00:00,0,,
DemocracyClub/WhoCanIVoteFor,1982,Tell people why we need their address #7981,open,pmk01,,2024-06-26T08:17:28+00:00,,2024-06-26T08:17:28+00:00,0,,
DemocracyClub/WhoCanIVoteFor,1984,Fix prev party affilation ,open,VirginiaDooley,,2024-06-26T10:02:51+00:00,,2024-06-26T10:02:51+00:00,0,,
DemocracyClub/WhoCanIVoteFor,2016,'Your area' improvements/issues,closed,pmk01,symroe,2024-07-22T09:03:46+00:00,2024-07-30T08:02:58+00:00,2024-07-30T08:02:58+00:00,0,,7.96
DemocracyClub/WhoCanIVoteFor,2029,Post-election header text for candidates in more than one election on the same day,closed,pmk01,awdem,2024-08-07T08:39:57+00:00,2025-04-23T13:53:21+00:00,2025-04-23T13:53:21+00:00,0,,259.22
DemocracyClub/WhoCanIVoteFor,2036,Unopposed returns don't count,open,pmk01,,2024-08-12T13:39:49+00:00,,2024-08-20T06:28:00+00:00,1,,
DemocracyClub/WhoCanIVoteFor,2044,Normalise postcodes,open,symroe,,2024-09-05T08:25:35+00:00,,2024-09-06T10:16:54+00:00,1,enhancement,
DemocracyClub/WhoCanIVoteFor,2047,Elections created without individual ballots are a bit broken,open,pmk01,,2024-09-24T10:50:48+00:00,,2024-09-24T10:50:49+00:00,0,,
DemocracyClub/WhoCanIVoteFor,2088,DummyPerson View broken on future candidacies ,open,GeoWill,,2024-11-13T09:03:43+00:00,,2024-11-13T09:18:28+00:00,1,,
DemocracyClub/WhoCanIVoteFor,2149,tell users when SoPn will be published if no candidates,open,pmk01,,2025-01-16T10:20:22+00:00,,2025-01-23T17:29:11+00:00,6,,
DemocracyClub/WhoCanIVoteFor,2238,Make it clear than an election is in the past,closed,pmk01,awdem,2025-04-09T09:32:16+00:00,2025-04-22T13:45:06+00:00,2025-04-22T13:45:06+00:00,0,,13.18
DemocracyClub/WhoCanIVoteFor,2242,Remove request for information when edits are disabled,open,pmk01,,2025-04-14T12:25:32+00:00,,2025-04-14T12:25:32+00:00,0,,
DemocracyClub/WhoCanIVoteFor,2280,Party name on candidate card in List PR ballot,closed,pmk01,awdem,2025-09-09T13:48:39+00:00,2025-09-23T15:51:03+00:00,2025-09-23T15:51:03+00:00,0,,14.09
DemocracyClub/WhoCanIVoteFor,2281,Candidate header for list candidates is bad,closed,pmk01,awdem,2025-09-09T14:07:11+00:00,2025-09-23T15:51:03+00:00,2025-09-23T15:51:03+00:00,0,,14.07
DemocracyClub/WhoCanIVoteFor,2282,Stop the feedback form from trying to escape mobile screens,open,pmk01,,2025-09-09T14:32:48+00:00,,2025-09-09T14:33:13+00:00,0,,
DemocracyClub/WhoCanIVoteFor,2290,'Back to ballot' button?,open,pmk01,,2025-09-15T09:11:31+00:00,,2025-09-15T09:11:31+00:00,0,,
DemocracyClub/WhoCanIVoteFor,2295,Old emblem shows if party has none,open,pmk01,,2025-09-29T15:59:30+00:00,,2025-09-29T15:59:30+00:00,0,,
DemocracyClub/WhoCanIVoteFor,2319,We don't delete wikipedia bio when a Wikipdedia URL is deleted on YNR.,open,GeoWill,,2026-02-05T19:23:12+00:00,,2026-02-05T19:23:12+00:00,0,,
DemocracyClub/WhoCanIVoteFor,2321,Fix person page header when standing for more than one party,open,pmk01,,2026-02-11T14:11:17+00:00,,2026-02-11T14:11:17+00:00,0,,
DemocracyClub/WhoCanIVoteFor,2324,Missing 26 Feb 2026 Warwick Town Council by-election (All Saints & Woodloes),open,michaelsw95,,2026-02-26T12:26:15+00:00,,2026-02-26T12:28:12+00:00,0,,
